tracking_id,start_frame,middle_frame,end_frame,first_crossed,speed,start_to_mid_speed,mid_to_end_speed,acceleration,average_vertical_distances,valid
2,13,,,bottom,,,,,{},False
7,13,,,bottom,,,,,{},False
3,16,,,bottom,,,,,{},False
8,28,63,89,top,88.52,77.14,103.85,30.81,"{8: 0.0, 6: 24.649999618530273, 15: 43.4900016784668}",True
6,60,,,bottom,,,,,{},False
12,80,,,bottom,,,,,{},False
15,83,,,top,,,,,{},False
16,90,,,bottom,,,,,{},False
19,130,153,174,top,122.73,117.39,128.57,15.97,"{19: 0.0, 21: 12.149999618530273, 17: 28.25}",True
21,134,169,196,top,87.1,77.14,100.0,25.4,"{21: 0.0, 19: 12.5, 17: 36.9900016784668}",True
17,148,,,bottom,,,,,{},False
23,199,247,268,top,78.26,56.25,128.57,103.32,"{23: 0.0, 26: 2.2100000381469727, 25: 13.899999618530273, 29: 12.529999732971191, 28: 21.719999313354492}",True
25,207,,,bottom,,,,,{},False
26,211,245,271,top,90.0,79.41,103.85,28.19,"{26: 0.0, 25: 21.829999923706055, 23: 2.2799999713897705, 29: 10.90999984741211, 28: 19.18000030517578}",True
29,235,358,,bottom,,,,,{},False
28,247,,,bottom,,,,,{},False
36,272,311,342,top,77.14,69.23,87.1,17.29,"{26: 48.7400016784668, 36: 0.0, 29: 16.709999084472656, 25: 26.670000076293945, 40: 5.059999942779541, 37: 22.770000457763672, 39: 6.670000076293945}",True
38,273,,,bottom,,,,,{},False
40,293,317,336,top,125.58,112.5,142.11,46.75,"{36: 5.090000152587891, 29: 14.260000228881836, 25: 30.010000228881836, 40: 0.0, 39: 4.800000190734863}",True
37,311,,,bottom,,,,,{},False
39,332,,,bottom,,,,,{},False
48,350,373,391,top,131.71,117.39,150.0,54.35,"{48: 0.0, 29: 11.600000381469727, 49: 18.579999923706055, 47: 35.70000076293945, 50: 24.440000534057617}",True
49,359,399,428,top,78.26,67.5,93.1,26.49,"{49: 0.0, 48: 19.440000534057617, 29: 10.729999542236328, 50: 3.5299999713897705, 52: 13.699999809265137, 53: 5.21999979019165}",True
47,362,,,bottom,,,,,{},False
50,371,395,418,top,114.89,112.5,117.39,6.38,"{49: 3.3299999237060547, 48: 24.709999084472656, 50: 0.0, 29: 10.220000267028809, 52: 13.899999618530273}",True
52,390,,,bottom,,,,,{},False
53,419,631,,bottom,,,,,{},False
54,489,515,536,top,114.89,103.85,128.57,35.32,"{54: 0.0, 53: 16.969999313354492, 52: 17.780000686645508, 29: 8.369999885559082}",True
58,548,579,605,top,94.74,87.1,103.85,19.33,"{58: 0.0, 53: 14.930000305175781, 52: 14.850000381469727, 61: 22.329999923706055, 60: 10.579999923706055}",True
61,556,,,bottom,,,,,{},False
60,593,,,bottom,,,,,{},False
55,628,,,top,,,,,{},False
70,634,,,bottom,,,,,{},False
73,675,,,bottom,,,,,{},False
76,697,,,bottom,,,,,{},False
77,727,,,bottom,,,,,{},False
83,765,804,834,top,78.26,69.23,90.0,20.77,"{83: 0.0, 85: 21.549999237060547, 80: 40.90999984741211, 86: 4.159999847412109}",True
85,768,928,,bottom,,,,,{},False
80,777,,,bottom,,,,,{},False
86,779,808,830,top,105.88,93.1,122.73,40.4,"{83: 4.090000152587891, 86: 0.0, 85: 20.860000610351562}",True
104,840,866,889,top,110.2,103.85,117.39,17.67,"{104: 0.0, 85: 15.649999618530273, 105: 17.700000762939453}",True
105,853,,,bottom,,,,,{},False
109,906,,,bottom,,,,,{},False
115,922,955,981,top,91.53,81.82,103.85,25.42,"{115: 0.0, 105: 20.329999923706055, 85: 16.920000076293945, 112: 37.529998779296875, 117: 6.159999847412109}",True
112,935,,,bottom,,,,,{},False
113,936,,,bottom,,,,,{},False
117,973,,,bottom,,,,,{},False
118,985,,,bottom,,,,,{},False
120,1032,1066,1093,top,88.52,79.41,100.0,22.88,"{120: 0.0, 105: 14.270000457763672, 122: 17.1299991607666, 123: 17.360000610351562}",True
122,1049,1174,,bottom,,,,,{},False
123,1053,1419,,bottom,,,,,{},False
129,1112,1133,1150,top,142.11,128.57,158.82,53.39,"{123: 20.299999237060547, 129: 0.0, 122: 14.199999809265137, 105: 10.960000038146973, 131: 15.779999732971191, 128: 12.789999961853027, 133: 2.7899999618530273}",True
125,1119,,,bottom,,,,,{},False
131,1123,1148,1168,top,120.0,108.0,135.0,40.5,"{123: 18.729999542236328, 129: 16.139999389648438, 122: 13.739999771118164, 105: 20.90999984741211, 131: 0.0, 128: 29.940000534057617, 133: 11.149999618530273}",True
128,1140,,,bottom,,,,,{},False
133,1147,1235,1304,bottom,34.39,30.68,39.13,3.67,"{129: 1.809999942779541, 133: 0.0, 123: 11.369999885559082, 131: 10.029999732971191, 122: 17.520000457763672, 134: 17.25, 136: 15.34000015258789, 137: 15.479999542236328, 139: 30.200000762939453}",True
134,1179,1334,1445,bottom,20.3,17.42,24.32,1.87,"{133: 17.829999923706055, 123: 5.659999847412109, 134: 0.0, 122: 27.950000762939453, 136: 20.3799991607666, 137: 19.940000534057617, 139: 5.78000020980835, 140: 27.600000381469727, 141: 23.280000686645508, 142: 43.93000030517578}",True
136,1188,1213,1235,top,114.89,108.0,122.73,20.08,"{134: 20.649999618530273, 133: 15.140000343322754, 123: 16.34000015258789, 136: 0.0, 122: 9.579999923706055, 137: 11.4399995803833}",True
137,1201,1224,1242,top,131.71,117.39,150.0,54.35,"{133: 15.1899995803833, 134: 20.239999771118164, 123: 16.559999465942383, 136: 11.369999885559082, 137: 0.0, 122: 15.569999694824219}",True
139,1249,1342,,bottom,,,,,{},False
140,1322,,,bottom,,,,,{},False
141,1373,1404,1428,top,98.18,87.1,112.5,31.75,"{141: 0.0, 134: 22.059999465942383, 123: 11.0600004196167, 140: 18.43000030517578, 142: 1.909999966621399}",True
142,1426,1620,,bottom,,,,,{},False
143,1453,1478,1503,top,108.0,108.0,108.0,,"{142: 20.540000915527344, 140: 15.15999984741211, 123: 11.0600004196167, 143: 0.0, 144: 10.989999771118164, 145: 21.25, 134: 20.18000030517578}",True
144,1464,1491,1513,top,110.2,100.0,122.73,30.99,"{142: 19.520000457763672, 143: 10.930000305175781, 140: 19.219999313354492, 144: 0.0, 123: 17.15999984741211, 145: 11.970000267028809, 134: 9.600000381469727}",True
145,1471,1513,1532,top,88.52,64.29,142.11,122.87,"{142: 18.979999542236328, 145: 0.0, 144: 12.390000343322754, 143: 21.649999618530273, 140: 23.93000030517578, 134: 1.840000033378601, 147: 3.2200000286102295}",True
147,1529,,,bottom,,,,,{},False
152,1537,1565,1590,top,101.89,96.43,108.0,13.89,"{142: 14.449999809265137, 152: 0.0, 149: 31.889999389648438, 153: 18.790000915527344}",True
149,1555,,,bottom,,,,,{},False
153,1570,,,bottom,,,,,{},False
158,1597,1751,1911,bottom,17.2,17.53,16.88,-0.12,"{142: 22.719999313354492, 158: 0.0, 164: 18.59000015258789, 159: 5.420000076293945, 157: 6.590000152587891, 167: 16.280000686645508, 163: 9.789999961853027, 168: 13.829999923706055, 169: 13.609999656677246, 171: 13.010000228881836, 175: 16.579999923706055, 178: 40.099998474121094, 190: 39.09000015258789, 193: 37.970001220703125, 195: 45.11000061035156, 192: 44.869998931884766}",True
164,1626,1658,1684,top,93.1,84.38,103.85,22.47,"{158: 18.670000076293945, 142: 9.720000267028809, 164: 0.0, 159: 37.290000915527344, 157: 35.65999984741211, 167: 8.5, 163: 22.34000015258789, 168: 28.729999542236328, 169: 7.699999809265137}",True
159,1637,,,bottom,,,,,{},False
157,1640,,,bottom,,,,,{},False
167,1642,1667,1688,top,117.39,108.0,128.57,29.39,"{158: 16.280000686645508, 167: 0.0, 164: 8.199999809265137, 142: 8.100000381469727, 163: 32.130001068115234, 168: 22.920000076293945, 169: 11.199999809265137}",True
163,1658,,,bottom,,,,,{},False
168,1664,1692,1714,top,108.0,96.43,122.73,35.86,"{167: 23.239999771118164, 158: 13.59000015258789, 164: 28.780000686645508, 168: 0.0, 142: 9.800000190734863, 169: 19.799999237060547, 171: 23.559999465942383}",True
169,1668,1844,,bottom,,,,,{},False
171,1688,1719,1744,top,96.43,87.1,108.0,25.08,"{167: 47.22999954223633, 158: 12.149999618530273, 169: 15.960000038146973, 168: 23.8799991607666, 171: 0.0}",True
175,1793,1829,1857,top,84.38,75.0,96.43,22.96,"{175: 0.0, 158: 15.760000228881836, 169: 14.34000015258789}",True
178,1858,,,bottom,,,,,{},False
190,1858,,,bottom,,,,,{},False
193,1873,1945,,bottom,,,,,{},False
195,1900,,,bottom,,,,,{},False
192,1907,,,bottom,,,,,{},False
194,1920,,,bottom,,,,,{},False
199,1930,1970,2000,top,77.14,67.5,90.0,22.5,"{193: 16.59000015258789, 195: 26.8799991607666, 190: 33.11000061035156, 199: 0.0, 169: 12.350000381469727, 158: 17.59000015258789, 200: 18.8799991607666, 198: 34.95000076293945, 203: 5.519999980926514}",True
200,1947,2022,,bottom,,,,,{},False
198,1952,,,bottom,,,,,{},False
203,1994,,,bottom,,,,,{},False
211,2003,,,bottom,,,,,{},False
209,2010,,,bottom,,,,,{},False
212,2012,2204,,bottom,,,,,{},False
214,2017,,,top,,,,,{},False
208,2023,,,bottom,,,,,{},False
215,2030,,,bottom,,,,,{},False
210,2039,,,bottom,,,,,{},False
216,2067,,,bottom,,,,,{},False
219,2070,,,bottom,,,,,{},False
220,2103,,,bottom,,,,,{},False
222,2103,,,bottom,,,,,{},False
225,2152,,,bottom,,,,,{},False
231,2179,,,bottom,,,,,{},False
229,2182,,,bottom,,,,,{},False
233,2191,,,bottom,,,,,{},False
234,2195,2235,2263,top,79.41,67.5,96.43,30.99,"{234: 0.0, 212: 21.93000030517578, 233: 37.790000915527344, 231: 25.65999984741211, 232: 31.110000610351562}",True
232,2222,,,bottom,,,,,{},False
237,2275,,,bottom,,,,,{},False
239,2281,2474,2813,bottom,10.15,13.99,7.96,-0.53,"{239: 0.0, 240: 4.230000019073486, 243: 4.710000038146973, 245: 10.890000343322754, 241: 11.399999618530273, 248: 13.880000114440918, 246: 14.640000343322754, 251: 13.640000343322754, 253: 18.18000030517578, 247: 23.540000915527344, 254: 22.290000915527344, 262: 14.1899995803833, 261: 29.43000030517578, 270: 28.770000457763672, 265: 32.61000061035156, 276: 36.25, 284: 35.720001220703125, 287: 36.630001068115234, 293: 36.84000015258789, 290: 37.04999923706055, 300: 17.700000762939453, 301: 18.31999969482422, 295: 38.689998626708984, 302: 40.0, 303: 41.150001525878906, 305: 44.45000076293945}",True
240,2284,,,bottom,,,,,{},False
243,2319,,,bottom,,,,,{},False
245,2335,,,bottom,,,,,{},False
241,2352,,,bottom,,,,,{},False
248,2360,2386,2406,top,117.39,103.85,135.0,46.73,"{248: 0.0, 239: 13.569999694824219, 245: 32.88999938964844, 246: 44.90999984741211, 251: 16.420000076293945}",True
246,2365,,,bottom,,,,,{},False
251,2378,2401,2420,top,128.57,117.39,142.11,39.02,"{239: 13.329999923706055, 248: 16.43000030517578, 245: 39.470001220703125, 251: 0.0, 253: 3.809999942779541}",True
253,2414,,,bottom,,,,,{},False
247,2437,,,top,,,,,{},False
254,2447,,,bottom,,,,,{},False
260,2482,,,bottom,,,,,{},False
262,2507,2540,2566,top,91.53,81.82,103.85,25.42,"{262: 0.0, 239: 13.170000076293945, 261: 42.720001220703125, 270: 10.5600004196167, 265: 4.929999828338623}",True
261,2514,,,bottom,,,,,{},False
270,2541,,,bottom,,,,,{},False
265,2561,,,bottom,,,,,{},False
276,2619,,,bottom,,,,,{},False
284,2621,,,bottom,,,,,{},False
286,2632,,,bottom,,,,,{},False
287,2643,,,bottom,,,,,{},False
293,2667,,,bottom,,,,,{},False
290,2688,,,bottom,,,,,{},False
300,2702,2726,2744,top,128.57,112.5,150.0,62.5,"{239: 17.09000015258789, 300: 0.0, 301: 18.360000610351562, 295: 30.510000228881836, 302: 7.199999809265137, 303: 6.070000171661377}",True
301,2713,2749,2775,top,87.1,75.0,103.85,33.28,"{301: 0.0, 300: 18.6299991607666, 239: 17.25, 295: 45.470001220703125, 302: 19.84000015258789, 303: 16.649999618530273}",True
295,2718,,,bottom,,,,,{},False
302,2734,,,bottom,,,,,{},False
303,2737,3054,3325,bottom,9.18,8.52,9.96,0.16,"{303: 0.0, 300: 4.639999866485596, 301: 15.1899995803833, 239: 40.939998626708984, 302: 2.200000047683716, 305: 2.8499999046325684, 314: 7.940000057220459, 308: 6.699999809265137, 315: 16.969999313354492, 318: 6.690000057220459, 320: 33.72999954223633, 322: 14.050000190734863, 317: 17.209999084472656, 323: 10.149999618530273, 326: 9.569999694824219, 325: 22.65999984741211, 330: 19.3700008392334, 334: 13.4399995803833, 337: 13.880000114440918, 329: 25.030000686645508, 335: 27.709999084472656, 341: 15.699999809265137, 339: 29.34000015258789, 343: 28.079999923706055, 344: 16.579999923706055, 345: 16.760000228881836, 346: 16.040000915527344, 347: 19.219999313354492, 348: 17.3700008392334, 352: 41.29999923706055, 355: 21.5, 356: 43.86000061035156, 353: 44.25, 357: 13.300000190734863, 354: 44.4900016784668}",True
305,2785,,,bottom,,,,,{},False
314,2815,2875,,bottom,,,,,{},False
315,2819,2843,2864,top,120.0,112.5,128.57,22.96,"{308: 46.599998474121094, 303: 17.270000457763672, 314: 18.850000381469727, 315: 0.0, 302: 23.209999084472656, 239: 4.599999904632568}",True
308,2820,,,bottom,,,,,{},False
318,2882,2949,,bottom,,,,,{},False
320,2913,,,top,,,,,{},False
322,2938,2972,2997,top,91.53,79.41,108.0,34.31,"{303: 13.6899995803833, 322: 0.0, 318: 16.979999542236328, 317: 45.58000183105469, 323: 17.43000030517578, 326: 7.090000152587891}",True
317,2941,,,bottom,,,,,{},False
323,2950,,,bottom,,,,,{},False
326,2982,3039,,bottom,,,,,{},False
325,3002,,,bottom,,,,,{},False
330,3024,,,bottom,,,,,{},False
334,3034,3060,3083,top,110.2,103.85,117.39,17.67,"{303: 12.850000381469727, 330: 35.02000045776367, 334: 0.0, 326: 14.579999923706055, 337: 10.75, 329: 35.70000076293945, 335: 9.6899995803833}",True
337,3041,3077,3105,top,84.38,75.0,96.43,22.96,"{337: 0.0, 303: 13.100000381469727, 334: 11.210000038146973, 330: 36.25, 326: 15.630000114440918, 329: 42.779998779296875, 335: 23.56999969482422, 341: 6.090000152587891, 339: 12.119999885559082}",True
329,3047,,,bottom,,,,,{},False
335,3075,,,bottom,,,,,{},False
341,3085,3137,,bottom,,,,,{},False
339,3090,,,bottom,,,,,{},False
343,3110,3324,,bottom,,,,,{},False
344,3112,3144,3171,top,91.53,84.38,100.0,17.36,"{303: 15.430000305175781, 344: 0.0, 343: 19.65999984741211, 341: 12.670000076293945, 345: 30.020000457763672, 346: 33.88999938964844}",True
345,3149,3179,3204,top,98.18,90.0,108.0,21.6,"{303: 15.619999885559082, 344: 30.059999465942383, 345: 0.0, 343: 20.809999465942383, 341: 17.270000457763672, 346: 2.180000066757202, 347: 12.90999984741211, 348: 45.709999084472656}",True
346,3156,3182,3202,top,117.39,103.85,135.0,46.73,"{344: 33.66999816894531, 303: 15.5600004196167, 346: 0.0, 345: 2.0899999141693115, 343: 20.18000030517578, 347: 14.420000076293945}",True
347,3172,3226,,bottom,,,,,{},False
348,3202,,3250,top,112.5,,,,{},True
352,3258,,,bottom,,,,,{},False
355,3275,3304,3328,top,101.89,93.1,112.5,24.25,"{355: 0.0, 343: 12.359999656677246, 303: 22.989999771118164, 356: 22.170000076293945, 353: 35.900001525878906, 357: 10.920000076293945}",True
356,3284,,,bottom,,,,,{},False
357,3287,3318,3343,top,96.43,87.1,108.0,25.08,"{353: 45.099998474121094, 343: 11.6899995803833, 355: 11.0600004196167, 303: 21.40999984741211, 356: 23.040000915527344, 357: 0.0, 354: 44.41999816894531, 358: 9.789999961853027}",True
353,3288,,,bottom,,,,,{},False
354,3291,,,bottom,,,,,{},False
358,3332,,,bottom,,,,,{},False
367,3374,3399,3421,top,114.89,108.0,122.73,20.08,"{303: 22.670000076293945, 356: 25.75, 367: 0.0, 368: 30.06999969482422}",True
368,3393,,,bottom,,,,,{},False
373,3485,3522,3552,top,80.6,72.97,90.0,17.03,"{373: 0.0, 370: 31.489999771118164, 375: 10.5600004196167}",True
370,3511,,,bottom,,,,,{},False
375,3538,,,bottom,,,,,{},False
381,3577,,,bottom,,,,,{},False
383,3577,3603,3624,top,114.89,103.85,128.57,35.32,"{381: 47.04999923706055, 383: 0.0, 384: 18.5, 386: 16.469999313354492, 388: 42.95000076293945}",True
384,3588,,,bottom,,,,,{},False
386,3594,3803,,bottom,,,,,{},False
388,3621,3648,3669,top,112.5,100.0,128.57,40.82,"{386: 20.950000762939453, 383: 43.20000076293945, 388: 0.0, 384: 20.020000457763672}",True
393,3734,,,bottom,,,,,{},False
394,3790,,,bottom,,,,,{},False
397,3795,3823,3845,top,108.0,96.43,122.73,35.86,"{397: 0.0, 386: 20.260000228881836, 393: 20.5}",True
398,3842,,,bottom,,,,,{},False
403,3857,,,bottom,,,,,{},False
404,3861,,,bottom,,,,,{},False
405,3934,,,bottom,,,,,{},False
406,3959,4177,4398,bottom,12.3,12.39,12.22,-0.02,"{406: 0.0, 408: 18.860000610351562, 409: 19.979999542236328, 410: 17.799999237060547, 412: 16.170000076293945, 415: 17.56999969482422, 416: 17.299999237060547, 418: 14.59000015258789, 419: 12.260000228881836, 425: 28.989999771118164, 428: 18.850000381469727, 430: 25.649999618530273, 431: 17.670000076293945, 429: 41.0, 434: 44.599998474121094}",True
408,3992,4019,4041,top,110.2,100.0,122.73,30.99,"{406: 19.360000610351562, 408: 0.0, 409: 18.350000381469727, 410: 41.470001220703125}",True
409,4006,4044,4075,top,78.26,71.05,87.1,15.53,"{409: 0.0, 408: 18.90999984741211, 406: 19.8799991607666, 410: 13.710000038146973, 412: 31.049999237060547}",True
410,4034,4061,4083,top,110.2,100.0,122.73,30.99,"{409: 13.520000457763672, 408: 41.709999084472656, 406: 17.969999313354492, 410: 0.0, 412: 19.6200008392334}",True
412,4057,4080,4098,top,131.71,117.39,150.0,54.35,"{406: 16.200000762939453, 410: 19.510000228881836, 409: 30.790000915527344, 412: 0.0, 415: 30.389999389648438}",True
415,4082,4110,4130,top,112.5,96.43,135.0,57.86,"{406: 17.5, 410: 46.59000015258789, 415: 0.0, 412: 30.8799991607666, 416: 9.15999984741211}",True
416,4115,,,bottom,,,,,{},False
418,4156,4181,4202,top,117.39,108.0,128.57,29.39,"{406: 13.670000076293945, 418: 0.0, 419: 31.239999771118164}",True
419,4186,4211,4232,top,117.39,108.0,128.57,29.39,"{418: 31.389999389648438, 419: 0.0, 406: 11.880000114440918}",True
425,4244,,,bottom,,,,,{},False
427,4277,,,bottom,,,,,{},False
428,4309,4348,4377,top,79.41,69.23,93.1,24.7,"{428: 0.0, 406: 17.81999969482422, 430: 21.110000610351562, 431: 3.180000066757202, 429: 20.1200008392334}",True
430,4312,4363,,bottom,,,,,{},False
431,4316,4356,4375,top,91.53,67.5,142.11,117.8,"{428: 3.2100000381469727, 406: 16.229999542236328, 431: 0.0, 430: 18.850000381469727, 429: 21.459999084472656}",True
429,4352,,,bottom,,,,,{},False
434,4387,4570,,bottom,,,,,{},False
436,4421,,,bottom,,,,,{},False
438,4424,4465,4496,top,75.0,65.85,87.1,20.56,"{434: 17.68000030517578, 438: 0.0, 406: 2.7899999618530273, 437: 38.25, 443: 12.760000228881836, 446: 29.059999465942383}",True
437,4442,,,bottom,,,,,{},False
443,4457,4515,,bottom,,,,,{},False
446,4476,4505,4531,top,98.18,93.1,103.85,12.4,"{438: 28.829999923706055, 434: 14.789999961853027, 443: 18.790000915527344, 446: 0.0, 445: 25.65999984741211, 448: 10.970000267028809}",True
445,4502,,,bottom,,,,,{},False
448,4521,,,bottom,,,,,{},False
451,4531,,,bottom,,,,,{},False
452,4532,4746,,bottom,,,,,{},False
454,4543,,,bottom,,,,,{},False
449,4549,,,bottom,,,,,{},False
455,4549,4578,4602,top,101.89,93.1,112.5,24.25,"{434: 11.9399995803833, 452: 16.959999084472656, 455: 0.0, 453: 27.31999969482422}",True
453,4573,,,bottom,,,,,{},False
459,4612,4646,4677,top,83.08,79.41,87.1,7.44,"{459: 0.0, 434: 15.819999694824219, 452: 22.510000228881836, 461: 22.59000015258789, 467: 37.310001373291016, 463: 2.3499999046325684}",True
456,4632,,,top,,,,,{},False
461,4647,,,bottom,,,,,{},False
460,4648,,,bottom,,,,,{},False
467,4662,4699,4727,top,83.08,72.97,96.43,25.13,"{459: 37.310001373291016, 434: 15.0, 467: 0.0, 452: 10.65999984741211, 463: 39.16999816894531, 466: 29.450000762939453, 470: 18.149999618530273}",True
463,4674,,,bottom,,,,,{},False
466,4688,,,bottom,,,,,{},False
470,4704,,,bottom,,,,,{},False
471,4742,,,bottom,,,,,{},False
472,4762,,,bottom,,,,,{},False
474,4779,4954,,bottom,,,,,{},False
473,4780,,,bottom,,,,,{},False
475,4839,,,bottom,,,,,{},False
476,4854,4882,4905,top,105.88,96.43,117.39,27.34,"{474: 12.4399995803833, 476: 0.0}",True
477,4895,,,bottom,,,,,{},False
480,4926,4958,4984,top,93.1,84.38,103.85,22.47,"{480: 0.0, 474: 14.5600004196167, 479: 40.310001373291016, 482: 16.59000015258789, 486: 18.040000915527344}",True
479,4936,,,bottom,,,,,{},False
482,4939,4987,5004,bottom,83.08,56.25,158.82,181.01,"{482: 0.0, 480: 16.489999771118164, 474: 14.350000381469727, 486: 19.0, 485: 24.770000457763672, 488: 38.939998626708984}",True
486,4950,4979,5000,top,108.0,93.1,128.57,50.67,"{480: 17.93000030517578, 482: 19.0, 474: 18.030000686645508, 486: 0.0, 485: 15.59000015258789}",True
485,4983,,,bottom,,,,,{},False
488,5002,5075,,bottom,,,,,{},False
492,5023,5224,,bottom,,,,,{},False
489,5036,,,bottom,,,,,{},False
495,5037,5095,5142,bottom,51.43,46.55,57.45,6.95,"{492: 13.90999984741211, 495: 0.0, 474: 24.559999465942383, 488: 11.949999809265137, 493: 2.2699999809265137, 497: 4.170000076293945, 502: 16.920000076293945, 503: 18.639999389648438, 508: 33.880001068115234, 513: 39.09000015258789}",True
493,5044,,,bottom,,,,,{},False
497,5050,,,bottom,,,,,{},False
502,5071,,,bottom,,,,,{},False
503,5078,,,bottom,,,,,{},False
508,5114,,,bottom,,,,,{},False
513,5126,,,bottom,,,,,{},False
506,5147,,,bottom,,,,,{},False
516,5164,,,bottom,,,,,{},False
519,5168,,,bottom,,,,,{},False
514,5175,,,bottom,,,,,{},False
525,5195,,,bottom,,,,,{},False
528,5220,,,bottom,,,,,{},False
526,5251,,,bottom,,,,,{},False
529,5253,,,bottom,,,,,{},False
533,5292,5314,5335,top,125.58,122.73,128.57,8.35,"{533: 0.0, 492: 14.899999618530273, 534: 18.5, 535: 18.719999313354492, 536: 15.170000076293945}",True
534,5296,,,bottom,,,,,{},False
535,5298,5501,,bottom,,,,,{},False
536,5300,5331,5355,top,98.18,87.1,112.5,31.75,"{533: 15.539999961853027, 535: 24.200000762939453, 536: 0.0, 534: 26.020000457763672, 492: 15.430000305175781, 537: 38.689998626708984}",True
537,5347,5372,5392,top,120.0,108.0,135.0,40.5,"{536: 38.790000915527344, 492: 10.869999885559082, 537: 0.0, 535: 17.709999084472656, 534: 15.649999618530273, 540: 13.989999771118164}",True
540,5357,5388,5410,top,101.89,87.1,122.73,48.59,"{492: 4.539999961853027, 540: 0.0, 535: 18.450000762939453, 537: 14.34000015258789}",True
541,5419,,,top,,,,,{},False
542,5442,5466,5486,top,122.73,112.5,135.0,33.75,"{542: 0.0, 541: 12.279999732971191, 535: 14.319999694824219, 543: 17.40999984741211}",True
543,5453,,,bottom,,,,,{},False
545,5563,5598,5624,top,88.52,77.14,103.85,30.81,"{545: 0.0, 546: 4.900000095367432, 544: 29.6299991607666}",True
546,5571,5593,5612,top,131.71,122.73,142.11,30.6,"{546: 0.0, 545: 4.510000228881836, 544: 27.489999771118164}",True
544,5589,,,bottom,,,,,{},False
556,5664,5698,5725,top,88.52,79.41,100.0,22.88,"{556: 0.0, 558: 18.530000686645508, 554: 43.869998931884766}",True
554,5670,,,bottom,,,,,{},False
558,5670,,,bottom,,,,,{},False
559,5701,,,bottom,,,,,{},False
561,5727,,,bottom,,,,,{},False
563,5727,,,bottom,,,,,{},False
565,5789,,,bottom,,,,,{},False
570,5793,,,bottom,,,,,{},False
569,5806,,,bottom,,,,,{},False
571,5838,,,bottom,,,,,{},False
573,5861,5893,5919,top,93.1,84.38,103.85,22.47,"{573: 0.0, 571: 22.639999389648438, 575: 19.809999465942383, 576: 4.96999979019165, 578: 6.980000019073486}",True
575,5870,8126,,bottom,,,,,{},False
576,5873,5897,5915,top,128.57,112.5,150.0,62.5,"{575: 24.270000457763672, 573: 4.829999923706055, 576: 0.0, 571: 25.979999542236328, 578: 8.460000038146973}",True
578,5900,5945,,bottom,,,,,{},False
582,5926,,,bottom,,,,,{},False
583,5942,,,bottom,,,,,{},False
584,5965,,,bottom,,,,,{},False
586,5986,6021,6047,top,88.52,77.14,103.85,30.81,"{575: 22.170000076293945, 586: 0.0, 585: 36.290000915527344, 587: 9.770000457763672}",True
585,6002,,,bottom,,,,,{},False
587,6020,,,bottom,,,,,{},False
589,6055,,,bottom,,,,,{},False
591,6066,,,top,,,,,{},False
592,6083,6106,6124,top,131.71,117.39,150.0,54.35,"{575: 22.469999313354492, 592: 0.0, 590: 30.229999542236328, 593: 19.719999313354492}",True
593,6098,6127,6148,top,108.0,93.1,128.57,50.67,"{590: 46.810001373291016, 575: 19.149999618530273, 592: 20.229999542236328, 593: 0.0, 595: 44.7400016784668}",True
590,6099,,,bottom,,,,,{},False
595,6145,,,top,,,,,{},False
594,6174,,,bottom,,,,,{},False
598,6178,,,bottom,,,,,{},False
597,6191,,,bottom,,,,,{},False
596,6209,,,bottom,,,,,{},False
603,6232,6318,,bottom,,,,,{},False
604,6260,6294,6321,top,88.52,79.41,100.0,22.88,"{575: 22.56999969482422, 604: 0.0, 603: 22.940000534057617, 598: 12.470000267028809, 602: 44.59000015258789}",True
602,6263,,,bottom,,,,,{},False
610,6333,,,bottom,,,,,{},False
611,6346,6385,6414,top,79.41,69.23,93.1,24.7,"{575: 22.43000030517578, 611: 0.0, 610: 32.439998626708984, 616: 6.650000095367432}",True
616,6397,6474,,bottom,,,,,{},False
619,6450,6488,6517,top,80.6,71.05,93.1,22.81,"{575: 18.81999969482422, 619: 0.0, 616: 19.09000015258789, 623: 17.3700008392334}",True
621,6479,,,bottom,,,,,{},False
623,6494,,,bottom,,,,,{},False
631,6520,6558,6586,top,81.82,71.05,96.43,27.19,"{575: 20.06999969482422, 631: 0.0, 630: 36.439998626708984, 641: 43.29999923706055}",True
630,6539,,,bottom,,,,,{},False
641,6582,6621,6649,top,80.6,69.23,96.43,29.14,"{631: 43.790000915527344, 641: 0.0, 575: 21.40999984741211, 638: 43.189998626708984}",True
638,6589,,,bottom,,,,,{},False
647,6667,,,bottom,,,,,{},False
646,6667,,,bottom,,,,,{},False
649,6698,,,bottom,,,,,{},False
648,6706,,,bottom,,,,,{},False
650,6718,,,bottom,,,,,{},False
655,6737,6761,6781,top,122.73,112.5,135.0,33.75,"{575: 21.260000228881836, 655: 0.0, 656: 21.709999084472656, 654: 27.610000610351562}",True
656,6753,6789,6813,top,90.0,75.0,112.5,46.87,"{575: 22.010000228881836, 656: 0.0, 655: 22.139999389648438, 654: 45.720001220703125}",True
654,6757,,,bottom,,,,,{},False
657,6837,,,bottom,,,,,{},False
661,6875,,6912,top,145.95,,,,{},True
659,6896,,,bottom,,,,,{},False
662,6958,6983,7003,top,120.0,108.0,135.0,40.5,"{575: 21.690000534057617, 662: 0.0, 663: 5.21999979019165}",True
663,6960,6990,7014,top,100.0,90.0,112.5,28.12,"{575: 21.219999313354492, 663: 0.0, 662: 5.559999942779541}",True
664,7036,7070,7097,top,88.52,79.41,100.0,22.88,"{575: 17.799999237060547, 664: 0.0}",True
670,7108,7145,7171,top,85.71,72.97,103.85,35.62,"{575: 21.479999542236328, 670: 0.0, 668: 28.770000457763672, 669: 27.93000030517578}",True
668,7136,,,bottom,,,,,{},False
669,7138,,,bottom,,,,,{},False
674,7189,,,bottom,,,,,{},False
675,7191,,,bottom,,,,,{},False
679,7229,,,bottom,,,,,{},False
682,7247,,,bottom,,,,,{},False
680,7253,,,bottom,,,,,{},False
688,7267,,,bottom,,,,,{},False
692,7288,,,bottom,,,,,{},False
689,7289,,,bottom,,,,,{},False
687,7290,,,bottom,,,,,{},False
690,7308,,,bottom,,,,,{},False
695,7332,,,bottom,,,,,{},False
699,7386,,,bottom,,,,,{},False
702,7388,,,bottom,,,,,{},False
701,7413,,,bottom,,,,,{},False
704,7413,,,bottom,,,,,{},False
707,7497,,,bottom,,,,,{},False
710,7522,,,bottom,,,,,{},False
712,7571,7613,7647,top,71.05,64.29,79.41,13.35,"{575: 22.040000915527344, 712: 0.0, 713: 33.810001373291016}",True
713,7628,7661,7687,top,91.53,81.82,103.85,25.42,"{575: 22.030000686645508, 713: 0.0, 712: 33.66999816894531, 719: 20.780000686645508}",True
719,7661,,,bottom,,,,,{},False
724,7692,7771,7859,bottom,32.34,34.18,30.68,-1.19,"{575: 14.59000015258789, 724: 0.0, 723: 24.799999237060547, 726: 9.770000457763672}",True
723,7726,,,bottom,,,,,{},False
726,7781,7805,7824,top,125.58,112.5,142.11,46.75,"{575: 14.399999618530273, 726: 0.0, 724: 9.720000267028809, 725: 8.710000038146973}",True
725,7816,,,bottom,,,,,{},False
727,7868,7902,7929,top,88.52,79.41,100.0,22.88,"{575: 13.699999809265137, 727: 0.0, 728: 19.780000686645508}",True
728,7884,,,bottom,,,,,{},False
731,7939,,,bottom,,,,,{},False
729,7940,,,bottom,,,,,{},False
733,7952,7988,8014,top,87.1,75.0,103.85,33.28,"{733: 0.0, 575: 13.829999923706055, 732: 35.20000076293945, 734: 18.329999923706055, 736: 44.45000076293945}",True
732,7972,,,bottom,,,,,{},False
734,7993,,,bottom,,,,,{},False
736,8010,8050,8080,top,77.14,67.5,90.0,22.5,"{733: 44.65999984741211, 736: 0.0, 575: 13.619999885559082, 744: 10.229999542236328, 750: 3.8299999237060547}",True
744,8067,,,bottom,,,,,{},False
750,8076,,,bottom,,,,,{},False
746,8086,,,bottom,,,,,{},False
752,8136,,,bottom,,,,,{},False
758,8175,8214,8241,top,81.82,69.23,100.0,34.19,"{758: 0.0, 756: 26.649999618530273}",True
755,8182,,,bottom,,,,,{},False
756,8208,,,bottom,,,,,{},False
761,8301,,,bottom,,,,,{},False
766,8366,,,bottom,,,,,{},False
762,8371,,,bottom,,,,,{},False
767,8383,,,bottom,,,,,{},False
772,8426,8449,8470,top,122.73,117.39,128.57,15.97,"{772: 0.0, 777: 24.90999984741211, 773: 11.880000114440918, 776: 12.670000076293945}",True
777,8444,8479,8506,top,87.1,77.14,100.0,25.4,"{777: 0.0, 772: 25.3700008392334, 773: 37.5, 779: 19.049999237060547}",True
773,8459,,,bottom,,,,,{},False
776,8459,,,bottom,,,,,{},False
779,8484,,,bottom,,,,,{},False
782,8505,8539,8563,top,93.1,79.41,112.5,41.36,"{777: 48.41999816894531, 782: 0.0, 781: 23.790000915527344, 783: 9.960000038146973, 780: 21.329999923706055}",True
783,8529,,,bottom,,,,,{},False
781,8536,,,bottom,,,,,{},False
780,8539,,,bottom,,,,,{},False
786,8577,,,bottom,,,,,{},False
788,8611,,,bottom,,,,,{},False
790,8626,8654,8677,top,105.88,96.43,117.39,27.34,"{783: 24.40999984741211, 790: 0.0, 786: 16.6200008392334, 791: 35.150001525878906, 789: 31.8799991607666, 793: 28.59000015258789, 796: 17.6299991607666, 797: 7.380000114440918}",True
791,8637,,,bottom,,,,,{},False
789,8644,,,bottom,,,,,{},False
793,8654,8693,8720,top,81.82,69.23,100.0,34.19,"{793: 0.0, 790: 29.1299991607666, 783: 24.520000457763672, 786: 18.40999984741211, 796: 45.08000183105469, 797: 30.510000228881836, 801: 17.15999984741211}",True
796,8658,,,bottom,,,,,{},False
797,8663,,,bottom,,,,,{},False
801,8679,,,bottom,,,,,{},False
795,8682,,,bottom,,,,,{},False
804,8713,,,bottom,,,,,{},False
807,8722,,,bottom,,,,,{},False
821,8743,,,bottom,,,,,{},False
822,8779,,,bottom,,,,,{},False
830,8835,8872,8902,top,80.6,72.97,90.0,17.03,"{783: 24.200000762939453, 830: 0.0, 835: 18.25, 829: 26.729999542236328, 841: 26.049999237060547, 851: 43.060001373291016, 843: 4.53000020980835}",True
835,8847,,,bottom,,,,,{},False
829,8868,,,bottom,,,,,{},False
841,8872,8910,8938,top,81.82,71.05,96.43,27.19,"{830: 26.06999969482422, 835: 19.610000610351562, 841: 0.0, 783: 23.799999237060547, 851: 13.319999694824219, 843: 32.66999816894531, 852: 14.199999809265137, 846: 24.09000015258789}",True
851,8897,8926,8947,top,108.0,93.1,128.57,50.67,"{830: 43.15999984741211, 835: 17.65999984741211, 841: 12.90999984741211, 843: 47.09000015258789, 783: 22.829999923706055, 851: 0.0, 852: 24.700000762939453, 846: 37.369998931884766, 854: 22.489999771118164}",True
843,8898,,,bottom,,,,,{},False
852,8901,,,bottom,,,,,{},False
846,8909,,,bottom,,,,,{},False
854,8925,,,bottom,,,,,{},False
862,8955,,,bottom,,,,,{},False
865,8988,,,bottom,,,,,{},False
863,9008,,,bottom,,,,,{},False
871,9021,,,bottom,,,,,{},False
868,9037,,,bottom,,,,,{},False
873,9037,9074,9103,top,81.82,72.97,93.1,20.82,"{868: 46.77000045776367, 873: 0.0, 871: 41.83000183105469, 783: 24.190000534057617, 870: 37.54999923706055, 877: 12.880000114440918}",True
870,9052,,,bottom,,,,,{},False
877,9088,,,bottom,,,,,{},False
882,9120,,,bottom,,,,,{},False
890,9136,9254,,bottom,,,,,{},False
895,9223,,,bottom,,,,,{},False
896,9242,,,bottom,,,,,{},False
897,9247,,,bottom,,,,,{},False
898,9287,,,bottom,,,,,{},False
900,9336,9368,9394,top,93.1,84.38,103.85,22.47,"{900: 0.0, 783: 22.90999984741211, 904: 19.729999542236328, 906: 14.34000015258789}",True
904,9361,,,bottom,,,,,{},False
906,9375,,,bottom,,,,,{},False
909,9442,,,bottom,,,,,{},False
910,9459,,,bottom,,,,,{},False
911,9574,,,bottom,,,,,{},False
914,9631,,,bottom,,,,,{},False
918,9684,9759,,bottom,,,,,{},False
917,9692,,,bottom,,,,,{},False
921,9700,9734,9762,top,87.1,79.41,96.43,18.23,"{921: 0.0, 918: 18.5, 783: 24.610000610351562, 914: 24.260000228881836, 920: 37.290000915527344, 924: 13.390000343322754, 931: 37.31999969482422, 925: 5.25}",True
920,9714,,,bottom,,,,,{},False
924,9746,,,bottom,,,,,{},False
931,9747,9785,9810,top,85.71,71.05,108.0,44.34,"{918: 17.729999542236328, 783: 26.3799991607666, 931: 0.0, 921: 37.72999954223633, 925: 42.099998474121094}",True
925,9756,,,bottom,,,,,{},False
936,9798,,,bottom,,,,,{},False
939,9884,,,bottom,,,,,{},False
945,9887,9923,9949,top,87.1,75.0,103.85,33.28,"{945: 0.0, 939: 24.75, 947: 26.979999542236328}",True
947,9918,,,bottom,,,,,{},False
950,9939,,,bottom,,,,,{},False
951,9949,,,bottom,,,,,{},False
954,9978,,,bottom,,,,,{},False
953,9983,,,bottom,,,,,{},False
955,10072,,,bottom,,,,,{},False
957,10141,10170,10193,top,103.85,93.1,117.39,31.68,"{939: 21.1200008392334, 957: 0.0}",True
959,10229,,,bottom,,,,,{},False
962,10232,10268,10294,top,87.1,75.0,103.85,33.28,"{962: 0.0, 939: 23.450000762939453, 966: 22.440000534057617, 964: 15.489999771118164}",True
966,10269,10292,10311,top,128.57,117.39,142.11,39.02,"{962: 22.1299991607666, 939: 21.959999084472656, 966: 0.0, 964: 38.630001068115234}",True
964,10276,,,bottom,,,,,{},False
969,10317,,,bottom,,,,,{},False
973,10345,10373,10396,top,105.88,96.43,117.39,27.34,"{939: 21.299999237060547, 973: 0.0, 970: 32.83000183105469, 977: 15.319999694824219}",True
970,10361,,,bottom,,,,,{},False
977,10380,,,bottom,,,,,{},False
980,10401,10434,10459,top,93.1,81.82,108.0,31.42,"{939: 22.420000076293945, 980: 0.0}",True
983,10467,,,bottom,,,,,{},False
987,10563,,,bottom,,,,,{},False
988,10566,,,bottom,,,,,{},False
997,10616,,,bottom,,,,,{},False
996,10624,,,bottom,,,,,{},False
998,10665,10689,10710,top,120.0,112.5,128.57,22.96,"{939: 20.3700008392334, 998: 0.0, 999: 20.559999465942383}",True
999,10669,10793,,bottom,,,,,{},False
1002,10787,10817,10842,top,98.18,90.0,108.0,21.6,"{939: 20.690000534057617, 999: 12.020000457763672, 1002: 0.0}",True
1005,10842,,,bottom,,,,,{},False
1009,10875,,,bottom,,,,,{},False
1010,10909,,,bottom,,,,,{},False
1012,10960,,,bottom,,,,,{},False
1016,10976,,,bottom,,,,,{},False
1014,10977,,,bottom,,,,,{},False
1017,10980,,,bottom,,,,,{},False
1022,11013,11042,11066,top,101.89,93.1,112.5,24.25,"{939: 20.829999923706055, 1022: 0.0, 1021: 42.31999969482422}",True
1021,11017,,,bottom,,,,,{},False
1026,11104,,,bottom,,,,,{},False
1027,11123,,,bottom,,,,,{},False
1029,11221,,,bottom,,,,,{},False
1030,11270,,,bottom,,,,,{},False
1031,11319,,,bottom,,,,,{},False
1032,11349,,,bottom,,,,,{},False
1034,11411,,,bottom,,,,,{},False
1037,11466,,,bottom,,,,,{},False
1040,11491,,,bottom,,,,,{},False
1042,11522,,,bottom,,,,,{},False
1045,11565,11599,11626,top,88.52,79.41,100.0,22.88,"{939: 22.18000030517578, 1045: 0.0, 1048: 31.770000457763672}",True
1048,11588,,,bottom,,,,,{},False
1049,11622,,,bottom,,,,,{},False
1051,11661,,,bottom,,,,,{},False
1053,11677,,,bottom,,,,,{},False
1055,11784,,,bottom,,,,,{},False
1056,11812,,,bottom,,,,,{},False
1057,11839,,,bottom,,,,,{},False
1060,11866,11900,11926,top,90.0,79.41,103.85,28.19,"{939: 21.190000534057617, 1060: 0.0, 1058: 32.150001525878906}",True
1058,11887,,,bottom,,,,,{},False
1063,11946,,,bottom,,,,,{},False
1066,11964,,,bottom,,,,,{},False
1068,11965,,,bottom,,,,,{},False
1069,11994,,,bottom,,,,,{},False
1073,12019,12048,12071,top,103.85,93.1,117.39,31.68,"{1073: 0.0, 939: 21.43000030517578, 1070: 42.779998779296875, 1075: 19.34000015258789, 1077: 8.65999984741211}",True
1070,12027,,,bottom,,,,,{},False
1075,12042,12067,12088,top,117.39,108.0,128.57,29.39,"{939: 17.579999923706055, 1073: 19.34000015258789, 1075: 0.0, 1077: 28.100000381469727}",True
1074,12052,,,bottom,,,,,{},False
1077,12062,,,bottom,,,,,{},False
1078,12097,12131,12158,top,88.52,79.41,100.0,22.88,"{1078: 0.0, 939: 23.170000076293945, 1080: 20.790000915527344}",True
1080,12132,,,bottom,,,,,{},False
1085,12159,,,bottom,,,,,{},False
1092,12194,,,bottom,,,,,{},False
1097,12264,,,bottom,,,,,{},False
1099,12278,12306,12329,top,105.88,96.43,117.39,27.34,"{939: 21.790000915527344, 1099: 0.0, 1095: 41.90999984741211, 1100: 17.030000686645508}",True
1095,12284,,,bottom,,,,,{},False
1100,12312,,,bottom,,,,,{},False
1101,12344,,,bottom,,,,,{},False
1103,12345,,,bottom,,,,,{},False
1105,12378,,,bottom,,,,,{},False
1108,12396,12436,12466,top,77.14,67.5,90.0,22.5,"{939: 21.1299991607666, 1108: 0.0, 1106: 44.02000045776367}",True
1106,12402,,,bottom,,,,,{},False
1123,12560,,,bottom,,,,,{},False
1125,12590,12630,12659,top,78.26,67.5,93.1,26.49,"{939: 25.479999542236328, 1125: 0.0, 1127: 11.319999694824219}",True
1127,12644,,,bottom,,,,,{},False
1130,12674,12714,12745,top,76.06,67.5,87.1,18.96,"{1130: 0.0, 939: 23.209999084472656, 1132: 19.6299991607666, 1128: 21.200000762939453}",True
1132,12712,12738,12758,top,117.39,103.85,135.0,46.73,"{939: 24.59000015258789, 1132: 0.0, 1130: 19.15999984741211, 1128: 45.77000045776367}",True
1128,12715,,,bottom,,,,,{},False
1139,12763,12788,12809,top,117.39,108.0,128.57,29.39,"{939: 22.600000381469727, 1139: 0.0, 1137: 41.779998779296875, 1136: 32.33000183105469, 1140: 5.400000095367432}",True
1137,12767,,,bottom,,,,,{},False
1136,12778,,,bottom,,,,,{},False
1140,12803,,,bottom,,,,,{},False
1143,12841,12866,12887,top,117.39,108.0,128.57,29.39,"{939: 20.850000381469727, 1143: 0.0, 1145: 18.020000457763672, 1148: 44.41999816894531}",True
1145,12855,,,bottom,,,,,{},False
1148,12882,12922,12952,top,77.14,67.5,90.0,22.5,"{1143: 44.7599983215332, 939: 24.40999984741211, 1148: 0.0, 1145: 16.540000915527344, 1146: 42.630001068115234, 1155: 9.109999656677246, 1157: 32.84000015258789}",True
1146,12892,,,bottom,,,,,{},False
1155,12932,,,bottom,,,,,{},False
1157,12933,12969,12998,top,83.08,75.0,93.1,18.73,"{1148: 32.84000015258789, 1157: 0.0, 1155: 43.220001220703125, 939: 24.15999984741211, 1145: 24.649999618530273, 1161: 38.95000076293945}",True
1161,12987,13023,13051,top,84.38,75.0,96.43,22.96,"{1157: 39.369998931884766, 1161: 0.0, 939: 24.790000915527344, 1145: 37.099998474121094, 1160: 37.52000045776367, 1159: 37.31999969482422}",True
1160,13002,,,bottom,,,,,{},False
1159,13003,,,bottom,,,,,{},False
1169,13077,,,bottom,,,,,{},False
1179,13107,13134,13154,top,114.89,100.0,135.0,52.5,"{939: 25.34000015258789, 1179: 0.0, 1177: 35.72999954223633, 1181: 14.079999923706055, 1182: 17.989999771118164}",True
1177,13121,,,bottom,,,,,{},False
1181,13123,13148,13169,top,117.39,108.0,128.57,29.39,"{939: 23.899999618530273, 1179: 14.210000038146973, 1181: 0.0, 1182: 32.58000183105469}",True
1182,13138,,,bottom,,,,,{},False
1184,13169,,,bottom,,,,,{},False
1185,13221,13256,13283,top,87.1,77.14,100.0,25.4,"{1185: 0.0, 939: 25.260000228881836, 1188: 31.420000076293945}",True
1188,13268,13296,13320,top,103.85,96.43,112.5,20.09,"{1185: 31.639999389648438, 939: 22.920000076293945, 1188: 0.0, 1189: 7.0}",True
1189,13313,,,bottom,,,,,{},False
1187,13329,,,bottom,,,,,{},False
1200,13332,,,bottom,,,,,{},False
1206,13432,,,bottom,,,,,{},False
1205,13442,,,bottom,,,,,{},False
1212,13457,,,bottom,,,,,{},False
1208,13465,,,bottom,,,,,{},False
1210,13475,,,bottom,,,,,{},False
1214,13510,,,bottom,,,,,{},False
1215,13513,,,bottom,,,,,{},False
1217,13556,,,bottom,,,,,{},False
1220,13660,,,bottom,,,,,{},False
1222,13661,13695,13719,top,93.1,79.41,112.5,41.36,"{1222: 0.0, 1212: 27.530000686645508}",True
1219,13663,,,bottom,,,,,{},False
1228,13720,,,bottom,,,,,{},False
1224,13722,,,bottom,,,,,{},False
1230,13744,13781,13809,top,83.08,72.97,96.43,25.13,"{1230: 0.0, 1212: 24.200000762939453, 1229: 37.83000183105469, 1231: 8.770000457763672, 1235: 7.409999847412109}",True
1229,13757,,,bottom,,,,,{},False
1231,13782,13946,,bottom,,,,,{},False
1235,13803,,,bottom,,,,,{},False
1237,13836,,,bottom,,,,,{},False
1241,13853,13880,13900,top,114.89,100.0,135.0,52.5,"{1231: 22.350000381469727, 1212: 36.43000030517578, 1241: 0.0, 1243: 2.5999999046325684}",True
1243,13897,,,bottom,,,,,{},False
1247,14010,,,bottom,,,,,{},False
1249,14047,14086,14114,top,80.6,69.23,96.43,29.14,{1249: 0.0},True
1250,14146,,,bottom,,,,,{},False
1258,14159,,,bottom,,,,,{},False
1263,14178,,,bottom,,,,,{},False
1265,14197,14237,14265,top,79.41,67.5,96.43,30.99,"{1265: 0.0, 1262: 38.41999816894531}",True
1264,14206,,,bottom,,,,,{},False
1262,14212,,,bottom,,,,,{},False
1272,14258,,,bottom,,,,,{},False
1267,14270,,,bottom,,,,,{},False
1273,14276,,14343,top,80.6,,,,{},True
1280,14325,,,bottom,,,,,{},False
1281,14342,,,bottom,,,,,{},False
1289,14363,,,bottom,,,,,{},False
1285,14364,,,bottom,,,,,{},False
1292,14368,14404,14433,top,83.08,75.0,93.1,18.73,"{1272: 38.22999954223633, 1292: 0.0, 1290: 34.040000915527344, 1293: 45.560001373291016}",True
1290,14387,,,bottom,,,,,{},False
1293,14430,14469,14499,top,78.26,69.23,90.0,20.77,"{1292: 45.939998626708984, 1293: 0.0}",True
1295,14493,,,top,,,,,{},False
1297,14536,,,bottom,,,,,{},False
1300,14547,,,bottom,,,,,{},False
1302,14558,,,bottom,,,,,{},False
1301,14572,,,bottom,,,,,{},False
1304,14577,,,bottom,,,,,{},False
1303,14589,,,bottom,,,,,{},False
1306,14623,14660,14686,top,85.71,72.97,103.85,35.62,"{1306: 0.0, 1305: 36.65999984741211}",True
1305,14636,,,bottom,,,,,{},False
1312,14705,,,bottom,,,,,{},False
1309,14723,,,bottom,,,,,{},False
1316,14772,,,bottom,,,,,{},False
1317,14773,14808,14837,top,84.38,77.14,93.1,16.51,"{1317: 0.0, 1320: 25.06999969482422, 1328: 16.170000076293945}",True
1320,14805,,,bottom,,,,,{},False
1328,14817,,,bottom,,,,,{},False
1330,14843,,,bottom,,,,,{},False
1333,14879,,,bottom,,,,,{},False
1343,14948,,,bottom,,,,,{},False
1341,14953,,,bottom,,,,,{},False
1337,14956,,,bottom,,,,,{},False
1339,14963,,,bottom,,,,,{},False
1346,14989,,,bottom,,,,,{},False
1349,15000,,,bottom,,,,,{},False
1352,15020,,,bottom,,,,,{},False
1350,15022,,,bottom,,,,,{},False
1354,15106,,,bottom,,,,,{},False
1356,15118,,,bottom,,,,,{},False
1357,15140,,,top,,,,,{},False
1360,15183,15314,,bottom,,,,,{},False
1359,15188,,,bottom,,,,,{},False
1365,15230,15273,15305,top,72.0,62.79,84.38,20.24,"{1360: 15.319999694824219, 1365: 0.0, 1363: 24.049999237060547, 1369: 9.079999923706055}",True
1363,15270,,,bottom,,,,,{},False
1369,15292,,,bottom,,,,,{},False
1372,15326,15355,15378,top,103.85,93.1,117.39,31.68,"{1372: 0.0, 1360: 8.149999618530273, 1375: 17.1200008392334, 1379: 18.670000076293945, 1382: 11.15999984741211}",True
1375,15338,15381,15412,top,72.97,62.79,87.1,23.52,"{1360: 17.09000015258789, 1375: 0.0, 1372: 17.75, 1382: 15.770000457763672, 1383: 15.979999542236328}",True
1379,15361,,,bottom,,,,,{},False
1382,15366,,,bottom,,,,,{},False
1383,15391,,,bottom,,,,,{},False
1390,15470,15550,,bottom,,,,,{},False
1387,15472,,,bottom,,,,,{},False
1389,15474,,,bottom,,,,,{},False
1388,15495,,,bottom,,,,,{},False
1392,15496,,,bottom,,,,,{},False
1391,15509,,,bottom,,,,,{},False
1395,15533,,,bottom,,,,,{},False
1398,15550,,,bottom,,,,,{},False
1400,15560,,,bottom,,,,,{},False
1401,15569,15607,15634,top,83.08,71.05,100.0,32.16,"{1382: 20.110000610351562, 1401: 0.0, 1390: 9.90999984741211}",True
1404,15618,,,bottom,,,,,{},False
1406,15668,,,bottom,,,,,{},False
1408,15692,,,bottom,,,,,{},False
1410,15710,,,bottom,,,,,{},False
1413,15733,,,bottom,,,,,{},False
1418,15744,,,bottom,,,,,{},False
1422,15783,,,bottom,,,,,{},False
1420,15786,,,bottom,,,,,{},False
1425,15804,,,bottom,,,,,{},False
1427,15822,,,bottom,,,,,{},False
1432,15832,15934,,bottom,,,,,{},False
1435,15866,15905,15934,top,79.41,69.23,93.1,24.7,"{1435: 0.0, 1432: 21.889999389648438, 1434: 46.529998779296875, 1436: 20.829999923706055, 1440: 9.65999984741211}",True
1434,15870,,,bottom,,,,,{},False
1436,15907,,,bottom,,,,,{},False
1440,15922,,,bottom,,,,,{},False
1446,15939,,,bottom,,,,,{},False
1445,15957,,,bottom,,,,,{},False
1447,15957,,,bottom,,,,,{},False
1448,16004,,,bottom,,,,,{},False
1449,16042,16084,16115,top,73.97,64.29,87.1,22.08,"{1449: 0.0, 1450: 11.0}",True
1450,16101,,,bottom,,,,,{},False
1455,16140,16180,16208,top,79.41,67.5,96.43,30.99,"{1455: 0.0, 1452: 39.59000015258789}",True
1452,16154,,,bottom,,,,,{},False
1458,16227,,,bottom,,,,,{},False
1463,16282,,,bottom,,,,,{},False
1465,16284,16320,16346,top,87.1,75.0,103.85,33.28,{1465: 0.0},True
1471,16346,,,bottom,,,,,{},False
1474,16399,,,bottom,,,,,{},False
1475,16474,16599,,bottom,,,,,{},False
1476,16475,16506,16532,top,94.74,87.1,103.85,19.33,"{1476: 0.0, 1475: 20.719999313354492, 1477: 1.6100000143051147, 1478: 40.209999084472656}",True
1477,16479,16508,16529,top,108.0,93.1,128.57,50.67,"{1475: 20.639999389648438, 1477: 0.0, 1476: 1.5, 1478: 42.900001525878906}",True
1478,16481,,,bottom,,,,,{},False
1481,16615,16701,,bottom,,,,,{},False
1482,16644,16678,16704,top,90.0,79.41,103.85,28.19,"{1481: 17.81999969482422, 1482: 0.0, 1488: 24.170000076293945, 1489: 6.400000095367432}",True
1488,16680,16704,16721,top,131.71,112.5,158.82,81.75,"{1482: 23.969999313354492, 1488: 0.0, 1481: 12.680000305175781, 1489: 29.280000686645508}",True
1489,16697,,,bottom,,,,,{},False
1490,16727,,,bottom,,,,,{},False
1494,16808,,,bottom,,,,,{},False
1492,16833,,,bottom,,,,,{},False
1499,16854,,,bottom,,,,,{},False
1498,16862,,,bottom,,,,,{},False
1506,16902,16938,16966,top,84.38,75.0,96.43,22.96,"{1506: 0.0, 1503: 44.599998474121094, 1502: 37.900001525878906}",True
1503,16907,,,bottom,,,,,{},False
1502,16916,,,bottom,,,,,{},False
1511,16971,,,bottom,,,,,{},False
1515,17019,,,bottom,,,,,{},False
1517,17042,,,top,,,,,{},False
1525,17077,17114,17142,top,83.08,72.97,96.43,25.13,"{1525: 0.0, 1520: 42.560001373291016, 1523: 33.220001220703125}",True
1520,17086,,,bottom,,,,,{},False
1523,17100,,,bottom,,,,,{},False
1531,17244,17285,17314,top,77.14,65.85,93.1,28.19,{1531: 0.0},True
1529,17399,,,top,,,,,{},False
1554,17499,,,bottom,,,,,{},False
1555,17505,,,bottom,,,,,{},False
1556,17526,,,bottom,,,,,{},False
1558,17557,,,bottom,,,,,{},False
1563,17562,17603,17632,top,77.14,65.85,93.1,28.19,"{1563: 0.0, 1529: 13.350000381469727, 1559: 46.09000015258789, 1565: 17.450000762939453, 1566: 22.239999771118164, 1572: 32.119998931884766, 1568: 3.0199999809265137}",True
1559,17566,,,bottom,,,,,{},False
1565,17589,,,bottom,,,,,{},False
1566,17598,17632,17660,top,87.1,79.41,96.43,18.23,"{1563: 22.299999237060547, 1566: 0.0, 1565: 36.13999938964844, 1529: 15.489999771118164, 1572: 12.449999809265137, 1568: 25.09000015258789}",True
1572,17612,17651,17682,top,77.14,69.23,87.1,17.29,"{1563: 32.369998931884766, 1572: 0.0, 1565: 37.36000061035156, 1566: 12.819999694824219, 1529: 16.31999969482422, 1568: 36.970001220703125, 1576: 45.16999816894531}",True
1568,17629,,,bottom,,,,,{},False
1576,17679,17717,17748,top,78.26,71.05,87.1,15.53,"{1572: 30.43000030517578, 1576: 0.0, 1529: 9.869999885559082, 1565: 45.22999954223633, 1578: 5.440000057220459, 1579: 13.15999984741211, 1580: 10.399999618530273}",True
1578,17682,17711,17731,top,110.2,93.1,135.0,62.84,"{1572: 31.329999923706055, 1576: 4.760000228881836, 1578: 0.0, 1529: 14.050000190734863, 1565: 47.880001068115234, 1579: 12.569999694824219, 1580: 5.489999771118164}",True
1579,17704,17755,,bottom,,,,,{},False
1580,17726,,,bottom,,,,,{},False
1583,17765,17817,,bottom,,,,,{},False
1582,17779,,,bottom,,,,,{},False
1585,17790,17819,17843,top,101.89,93.1,112.5,24.25,"{1583: 14.970000267028809, 1585: 0.0, 1580: 26.360000610351562, 1584: 9.649999618530273}",True
1584,17833,,,bottom,,,,,{},False
1594,17951,17984,18013,top,87.1,81.82,93.1,11.67,"{1594: 0.0, 1598: 10.010000228881836}",True
1598,18001,,,bottom,,,,,{},False
1603,18035,,,bottom,,,,,{},False
1606,18043,18069,18091,top,112.5,103.85,122.73,25.75,"{1606: 0.0, 1604: 28.90999984741211, 1611: 18.850000381469727}",True
1604,18061,,,bottom,,,,,{},False
1611,18071,,,bottom,,,,,{},False
1613,18147,,,bottom,,,,,{},False
1619,18179,18220,18259,top,67.5,65.85,69.23,2.6,"{1619: 0.0, 1611: 36.86000061035156, 1617: 41.27000045776367, 1625: 6.179999828338623}",True
1617,18192,,,bottom,,,,,{},False
1618,18222,,,bottom,,,,,{},False
1625,18242,18352,,bottom,,,,,{},False
1621,18251,,,bottom,,,,,{},False
1622,18265,,,bottom,,,,,{},False
1630,18339,,,top,,,,,{},False
1631,18347,18385,18413,top,81.82,71.05,96.43,27.19,"{1631: 0.0, 1625: 15.0, 1633: 22.639999389648438, 1632: 16.149999618530273, 1636: 34.31999969482422, 1634: 9.079999923706055}",True
1633,18369,,,bottom,,,,,{},False
1632,18392,,,bottom,,,,,{},False
1636,18397,18431,18454,top,94.74,79.41,117.39,49.54,"{1631: 34.63999938964844, 1636: 0.0, 1633: 36.34000015258789, 1639: 26.450000762939453}",True
1634,18403,,,bottom,,,,,{},False
1639,18424,18470,18501,top,70.13,58.7,87.1,27.48,"{1639: 0.0, 1636: 27.139999389648438, 1641: 24.100000381469727}",True
1641,18473,18500,18521,top,112.5,100.0,128.57,40.82,"{1639: 23.56999969482422, 1641: 0.0, 1642: 19.719999313354492, 1640: 10.770000457763672, 1643: 42.119998931884766}",True
1642,18504,,,bottom,,,,,{},False
1640,18510,,,bottom,,,,,{},False
1643,18513,18556,18589,top,71.05,62.79,81.82,17.3,"{1641: 42.439998626708984, 1643: 0.0, 1649: 18.190000534057617, 1652: 1.2200000286102295}",True
1649,18547,,,top,,,,,{},False
1652,18585,,,bottom,,,,,{},False
1647,18591,,,bottom,,,,,{},False
1653,18611,,,bottom,,,,,{},False
1656,18643,18753,18770,bottom,42.52,24.55,158.82,236.96,"{1656: 0.0, 1657: 10.430000305175781, 1658: 31.860000610351562, 1659: 14.729999542236328}",True
1657,18684,,,bottom,,,,,{},False
1658,18740,,,bottom,,,,,{},False
1659,18749,18788,18817,top,79.41,69.23,93.1,24.7,"{1659: 0.0, 1656: 13.970000267028809, 1667: 19.309999465942383}",True
1667,18792,,,bottom,,,,,{},False
1670,18828,,,bottom,,,,,{},False
1672,18852,18895,18926,top,72.97,62.79,87.1,23.52,"{1672: 0.0, 1673: 3.8499999046325684, 1675: 15.09000015258789, 1682: 35.38999938964844}",True
1673,18859,,,top,,,,,{},False
1675,18906,,,bottom,,,,,{},False
1682,18912,18947,18977,top,83.08,77.14,90.0,12.86,"{1672: 33.68000030517578, 1682: 0.0, 1688: 12.770000457763672, 1683: 14.75}",True
1680,18923,,,bottom,,,,,{},False
1688,18938,19036,,bottom,,,,,{},False
1683,18958,,,bottom,,,,,{},False
1691,18972,,,bottom,,,,,{},False
1696,18992,19031,19060,top,79.41,69.23,93.1,24.7,"{1688: 15.970000267028809, 1696: 0.0, 1694: 42.2599983215332, 1697: 14.210000038146973, 1698: 38.61000061035156}",True
1694,19001,,,bottom,,,,,{},False
1697,19019,19048,19070,top,105.88,93.1,122.73,40.4,"{1696: 13.960000038146973, 1688: 13.140000343322754, 1697: 0.0, 1698: 28.649999618530273}",True
1698,19047,19089,19119,top,75.0,64.29,90.0,25.71,"{1696: 39.029998779296875, 1698: 0.0, 1697: 29.3700008392334, 1688: 10.680000305175781, 1699: 30.3700008392334, 1710: 14.720000267028809, 1705: 10.84000015258789}",True
1699,19076,,,bottom,,,,,{},False
1710,19101,,,bottom,,,,,{},False
1705,19106,,,bottom,,,,,{},False
1717,19120,,,bottom,,,,,{},False
1721,19143,,,bottom,,,,,{},False
1718,19147,,,bottom,,,,,{},False
1726,19151,19190,19221,top,77.14,69.23,87.1,17.29,"{1726: 0.0, 1724: 28.770000457763672, 1727: 20.510000228881836}",True
1724,19179,,,bottom,,,,,{},False
1727,19192,,,bottom,,,,,{},False
1729,19230,,,top,,,,,{},False
1730,19230,,,bottom,,,,,{},False
1737,19247,,,bottom,,,,,{},False
1736,19278,,,bottom,,,,,{},False
1738,19290,,,bottom,,,,,{},False
1734,19294,,,bottom,,,,,{},False
1744,19328,19366,19396,top,79.41,71.05,90.0,18.95,"{1744: 0.0, 1739: 41.29999923706055, 1745: 27.760000228881836}",True
1739,19337,,,bottom,,,,,{},False
1745,19359,,,bottom,,,,,{},False
1750,19401,,,top,,,,,{},False
1748,19410,,,bottom,,,,,{},False
1751,19413,19440,19462,top,110.2,100.0,122.73,30.99,"{1751: 0.0, 1749: 18.139999389648438, 1755: 40.5099983215332}",True
1749,19445,,,bottom,,,,,{},False
1755,19455,19485,19509,top,100.0,90.0,112.5,28.12,"{1751: 40.5099983215332, 1755: 0.0}",True
1759,19539,,,bottom,,,,,{},False
1767,19548,,,top,,,,,{},False
1765,19570,,,bottom,,,,,{},False
1768,19596,,,bottom,,,,,{},False
1771,19658,,,bottom,,,,,{},False
1769,19666,,,bottom,,,,,{},False
1770,19668,,,bottom,,,,,{},False
1774,19687,19721,19745,top,93.1,79.41,112.5,41.36,"{1774: 0.0, 1771: 16.309999465942383, 1773: 37.369998931884766}",True
1772,19687,,,bottom,,,,,{},False
1773,19700,,,bottom,,,,,{},False
1782,19764,,,top,,,,,{},False
1777,19775,,,bottom,,,,,{},False
1780,19781,,,bottom,,,,,{},False
1783,19815,,,bottom,,,,,{},False
1785,19821,,,top,,,,,{},False
1786,19832,19875,19906,top,72.97,62.79,87.1,23.52,"{1786: 0.0, 1784: 38.29999923706055, 1789: 23.770000457763672, 1792: 42.16999816894531, 1790: 4.829999923706055}",True
1784,19848,,,bottom,,,,,{},False
1789,19872,,,bottom,,,,,{},False
1792,19898,19930,19952,top,100.0,84.38,122.73,52.3,"{1786: 42.13999938964844, 1790: 47.290000915527344, 1792: 0.0}",True
1790,19899,,,bottom,,,,,{},False
1797,19959,,,bottom,,,,,{},False
1799,19991,,,bottom,,,,,{},False
1801,20016,,,bottom,,,,,{},False
1802,20035,,,bottom,,,,,{},False
1805,20048,20101,20140,bottom,58.7,50.94,69.23,14.07,"{1805: 0.0, 1806: 20.68000030517578, 1807: 44.06999969482422}",True
1806,20066,20104,20130,top,84.38,71.05,103.85,37.84,"{1805: 19.729999542236328, 1806: 0.0}",True
1807,20139,,,bottom,,,,,{},False
1811,20148,20189,20218,top,77.14,65.85,93.1,28.19,"{1811: 0.0, 1813: 28.25, 1815: 40.34000015258789}",True
1813,20191,20228,20255,top,84.38,72.97,100.0,30.03,"{1811: 28.40999984741211, 1813: 0.0, 1815: 14.479999542236328}",True
1815,20207,20299,20279,top,75.0,65.85,87.1,20.56,"{1811: 40.790000915527344, 1815: 0.0, 1813: 14.6899995803833}",True
1821,20281,,,top,,,,,{},False
1820,20292,,,bottom,,,,,{},False
1830,20329,20368,20397,top,79.41,69.23,93.1,24.7,"{1830: 0.0, 1827: 36.7400016784668, 1828: 25.8799991607666}",True
1824,20340,,,bottom,,,,,{},False
1825,20342,,,bottom,,,,,{},False
1827,20344,,,bottom,,,,,{},False
1828,20362,,,bottom,,,,,{},False
1832,20395,,,bottom,,,,,{},False
1836,20435,,,bottom,,,,,{},False
1838,20473,,,bottom,,,,,{},False
1847,20507,,,top,,,,,{},False
1848,20509,20549,20577,top,79.41,67.5,96.43,30.99,"{1848: 0.0, 1847: 2.140000104904175, 1850: 16.399999618530273, 1849: 8.619999885559082, 1855: 46.15999984741211}",True
1842,20517,,,bottom,,,,,{},False
1850,20530,20576,20615,bottom,63.53,58.7,69.23,8.1,"{1850: 0.0, 1848: 16.6299991607666, 1849: 20.270000457763672, 1855: 12.399999618530273, 1856: 25.690000534057617, 1857: 23.5}",True
1849,20567,,,bottom,,,,,{},False
1855,20574,20609,20633,top,91.53,77.14,112.5,44.2,"{1848: 46.310001373291016, 1850: 14.359999656677246, 1855: 0.0, 1856: 46.54999923706055, 1857: 17.829999923706055}",True
1856,20577,,,bottom,,,,,{},False
1857,20579,20620,,bottom,,,,,{},False
1859,20661,20691,20713,top,103.85,90.0,122.73,44.63,{1859: 0.0},True
1865,20816,20858,20883,top,80.6,64.29,108.0,52.46,"{1865: 0.0, 1864: 26.25, 1869: 5.070000171661377}",True
1864,20849,,,bottom,,,,,{},False
1869,20878,,,bottom,,,,,{},False
1877,20946,20982,21009,top,85.71,75.0,100.0,27.78,"{1877: 0.0, 1878: 9.859999656677246}",True
1878,20997,,,bottom,,,,,{},False
1882,21035,,,bottom,,,,,{},False
1884,21043,,,bottom,,,,,{},False
1881,21056,,,bottom,,,,,{},False
1891,21106,,,bottom,,,,,{},False
1893,21134,,,bottom,,,,,{},False
1898,21182,,,bottom,,,,,{},False
1903,21230,21259,21281,top,105.88,93.1,122.73,40.4,"{1903: 0.0, 1905: 2.1600000858306885, 1900: 37.95000076293945, 1913: 9.359999656677246}",True
1905,21234,21261,21281,top,114.89,100.0,135.0,52.5,"{1905: 0.0, 1903: 2.180000066757202, 1900: 42.33000183105469, 1913: 9.149999618530273}",True
1900,21242,,,bottom,,,,,{},False
1913,21264,,,bottom,,,,,{},False
1916,21295,,,bottom,,,,,{},False
1920,21325,21358,,bottom,,,,,{},False
1917,21330,,,bottom,,,,,{},False
1923,21345,21374,21397,top,103.85,93.1,117.39,31.68,"{1920: 15.40999984741211, 1923: 0.0, 1913: 23.559999465942383, 1919: 41.02000045776367, 1925: 46.349998474121094}",True
1919,21353,,,bottom,,,,,{},False
1925,21394,21437,21463,top,78.26,62.79,103.85,47.37,"{1923: 46.599998474121094, 1925: 0.0, 1913: 26.299999237060547, 1926: 22.040000915527344, 1929: 11.479999542236328, 1931: 7.670000076293945}",True
1926,21433,,,bottom,,,,,{},False
1929,21448,,,bottom,,,,,{},False
1931,21452,,,bottom,,,,,{},False
1937,21485,21531,21563,top,69.23,58.7,84.38,24.07,"{1937: 0.0, 1913: 23.459999084472656, 1939: 3.6600000858306885, 1936: 32.439998626708984, 1940: 6.900000095367432}",True
1939,21495,,,top,,,,,{},False
1936,21511,,,bottom,,,,,{},False
1940,21554,,,bottom,,,,,{},False
1943,21580,,,bottom,,,,,{},False
1945,21599,,,bottom,,,,,{},False
1946,21615,21652,21680,top,83.08,72.97,96.43,25.13,"{1946: 0.0, 1913: 24.260000228881836, 1949: 11.880000114440918}",True
1949,21667,,,bottom,,,,,{},False
1964,21695,21727,21754,top,91.53,84.38,100.0,17.36,"{1964: 0.0, 1913: 17.290000915527344, 1965: 30.329999923706055, 1968: 6.539999961853027}",True
1956,21704,,,bottom,,,,,{},False
1965,21733,,,top,,,,,{},False
1968,21739,21828,,bottom,,,,,{},False
1978,21790,21825,21850,top,90.0,77.14,108.0,37.03,"{1968: 14.210000038146973, 1978: 0.0, 1913: 19.3799991607666, 1976: 43.54999923706055, 1974: 42.91999816894531, 1984: 21.010000228881836}",True
1976,21796,,,bottom,,,,,{},False
1974,21797,,,bottom,,,,,{},False
1984,21827,,,bottom,,,,,{},False
1986,21857,,,bottom,,,,,{},False
1992,21949,21983,22010,top,88.52,79.41,100.0,22.88,"{1992: 0.0, 1994: 26.270000457763672, 1997: 17.200000762939453}",True
1994,21980,,,bottom,,,,,{},False
1997,21988,,,bottom,,,,,{},False
2002,22019,,,bottom,,,,,{},False
2004,22058,,,bottom,,,,,{},False
2001,22061,,,bottom,,,,,{},False
2006,22095,,,bottom,,,,,{},False
2008,22097,22128,22152,top,98.18,87.1,112.5,31.75,"{2008: 0.0, 2002: 15.770000457763672}",True
2016,22159,,,bottom,,,,,{},False
2010,22161,,,bottom,,,,,{},False
2013,22163,,,bottom,,,,,{},False
2014,22183,,,bottom,,,,,{},False
2017,22216,,,bottom,,,,,{},False
2018,22257,22279,22297,top,135.0,122.73,150.0,45.45,"{2018: 0.0, 2019: 11.369999885559082, 2021: 32.099998474121094}",True
2019,22278,22404,,bottom,,,,,{},False
2021,22285,22310,22331,top,117.39,108.0,128.57,29.39,"{2019: 19.43000030517578, 2018: 32.7400016784668, 2021: 0.0, 2022: 38.86000061035156}",True
2022,22323,,,top,,,,,{},False
2023,22416,,,bottom,,,,,{},False
2025,22426,23446,,bottom,,,,,{},False
2026,22439,22461,22481,top,128.57,122.73,135.0,18.41,"{2025: 23.719999313354492, 2019: 11.390000343322754, 2026: 0.0}",True
2027,22496,22520,22539,top,125.58,112.5,142.11,46.75,"{2025: 21.6299991607666, 2027: 0.0, 2019: 6.489999771118164}",True
2029,22586,22735,22784,bottom,27.27,18.12,55.1,22.64,"{2029: 0.0, 2025: 14.140000343322754, 2032: 16.889999389648438, 2031: 16.270000457763672, 2034: 19.25, 2028: 10.4399995803833, 2035: 33.75}",True
2032,22640,22677,22703,top,85.71,72.97,103.85,35.62,"{2029: 15.970000267028809, 2025: 17.790000915527344, 2032: 0.0, 2031: 41.52000045776367, 2034: 16.739999771118164}",True
2031,22650,,,bottom,,,,,{},False
2034,22658,,,bottom,,,,,{},False
2028,22714,23493,,top,,,,,{},False
2035,22730,,,bottom,,,,,{},False
2038,22788,,,bottom,,,,,{},False
2041,22816,,,bottom,,,,,{},False
2040,22821,,,bottom,,,,,{},False
2045,22869,,,bottom,,,,,{},False
2046,22889,,,bottom,,,,,{},False
2048,22899,,,bottom,,,,,{},False
2050,22900,22935,22962,top,87.1,77.14,100.0,25.4,"{2050: 0.0, 2025: 16.739999771118164, 2028: 16.270000457763672, 2053: 44.63999938964844}",True
2049,22925,,,bottom,,,,,{},False
2053,22958,22992,23019,top,88.52,79.41,100.0,22.88,"{2053: 0.0, 2028: 13.59000015258789, 2025: 16.799999237060547, 2050: 44.439998626708984}",True
2051,22968,,,bottom,,,,,{},False
2055,23011,,,bottom,,,,,{},False
2056,23058,,,bottom,,,,,{},False
2058,23105,,,bottom,,,,,{},False
2061,23131,,,bottom,,,,,{},False
2066,23150,23178,23206,top,96.43,96.43,96.43,,"{2025: 15.649999618530273, 2066: 0.0, 2028: 10.770000457763672, 2065: 32.02000045776367}",True
2065,23167,,,bottom,,,,,{},False
2072,23206,,,bottom,,,,,{},False
2074,23211,,,top,,,,,{},False
2076,23215,23243,23270,top,98.18,96.43,100.0,3.97,"{2025: 14.180000305175781, 2028: 16.780000686645508, 2076: 0.0, 2069: 35.970001220703125, 2077: 12.489999771118164}",True
2069,23228,,,bottom,,,,,{},False
2077,23256,,,bottom,,,,,{},False
2079,23306,,,bottom,,,,,{},False
2080,23311,,,bottom,,,,,{},False
2084,23321,23351,23376,top,98.18,90.0,108.0,21.6,"{2028: 13.020000457763672, 2084: 0.0, 2025: 12.140000343322754}",True
2088,23497,,,bottom,,,,,{},False
2087,23501,,,bottom,,,,,{},False
2094,23564,,,bottom,,,,,{},False
2093,23566,,,bottom,,,,,{},False
2097,23603,,,bottom,,,,,{},False
2101,23610,23636,23658,top,112.5,103.85,122.73,25.75,"{2101: 0.0, 2028: 17.389999389648438, 2025: 15.529999732971191}",True
2104,23684,24067,,bottom,,,,,{},False
2106,23700,23733,23756,top,96.43,81.82,117.39,46.4,"{2104: 21.649999618530273, 2025: 16.100000381469727, 2106: 0.0, 2028: 8.510000228881836, 2108: 2.9100000858306885}",True
2108,23711,23735,23755,top,122.73,112.5,135.0,33.75,"{2104: 19.920000076293945, 2106: 2.940000057220459, 2108: 0.0, 2025: 17.139999389648438, 2028: 8.770000457763672}",True
2109,23810,23838,23861,top,105.88,96.43,117.39,27.34,"{2104: 15.369999885559082, 2109: 0.0, 2025: 7.840000152587891, 2110: 11.550000190734863}",True
2110,23838,23916,23971,bottom,40.6,34.62,49.09,7.9,"{2110: 0.0, 2109: 10.5, 2104: 10.880000114440918, 2025: 39.95000076293945, 2112: 12.579999923706055, 2116: 19.09000015258789, 2114: 22.049999237060547, 2119: 33.970001220703125, 2118: 27.329999923706055, 2120: 37.04999923706055}",True
2112,23882,,,bottom,,,,,{},False
2116,23904,,,bottom,,,,,{},False
2114,23912,,,bottom,,,,,{},False
2119,23920,,,bottom,,,,,{},False
2118,23927,,,bottom,,,,,{},False
2120,23947,,,bottom,,,,,{},False
2121,23984,,,bottom,,,,,{},False
2124,24034,24071,24098,top,84.38,72.97,100.0,30.03,"{2124: 0.0, 2119: 18.729999542236328, 2104: 14.899999618530273, 2131: 37.599998474121094, 2126: 9.789999961853027, 2133: 0.6100000143051147}",True
2131,24083,,,top,,,,,{},False
2126,24087,,,bottom,,,,,{},False
2133,24095,,,bottom,,,,,{},False
2136,24181,,,bottom,,,,,{},False
2140,24181,24241,24319,bottom,39.13,45.0,34.62,-3.99,"{2136: 0.3700000047683716, 2140: 0.0, 2131: 17.530000686645508, 2119: 16.049999237060547, 2139: 11.5, 2142: 18.899999618530273, 2146: 5.210000038146973, 2143: 34.5099983215332}",True
2139,24211,,,bottom,,,,,{},False
2142,24229,24267,24297,top,79.41,71.05,90.0,18.95,"{2140: 18.09000015258789, 2131: 17.639999389648438, 2142: 0.0, 2119: 15.470000267028809, 2146: 41.470001220703125}",True
2146,24289,24326,24355,top,81.82,72.97,93.1,20.82,"{2142: 41.58000183105469, 2140: 14.34000015258789, 2146: 0.0, 2131: 15.229999542236328, 2119: 16.850000381469727, 2143: 37.25}",True
2143,24306,,,bottom,,,,,{},False
2147,24366,,,bottom,,,,,{},False
2148,24373,,,bottom,,,,,{},False
2152,24402,,,bottom,,,,,{},False
2151,24408,,,bottom,,,,,{},False
2156,24428,,,bottom,,,,,{},False
2155,24430,,,bottom,,,,,{},False
2158,24486,24551,,bottom,,,,,{},False
2159,24501,24534,24558,top,94.74,81.82,112.5,38.35,"{2158: 16.889999389648438, 2159: 0.0}",True
2163,24578,,,bottom,,,,,{},False
2165,24592,24687,,bottom,,,,,{},False
2164,24607,,,bottom,,,,,{},False
2166,24644,,,bottom,,,,,{},False
2168,24649,24687,24715,top,81.82,71.05,96.43,27.19,"{2168: 0.0, 2165: 18.84000015258789, 2167: 20.1200008392334, 2173: 2.3499999046325684}",True
2167,24687,,,bottom,,,,,{},False
2173,24713,,,bottom,,,,,{},False
2174,24727,,,bottom,,,,,{},False
2177,24737,,,bottom,,,,,{},False
2178,24753,,,bottom,,,,,{},False
2186,24755,,,bottom,,,,,{},False
2190,24776,24813,24841,top,83.08,72.97,96.43,25.13,"{2188: 47.11000061035156, 2190: 0.0, 2191: 20.1200008392334, 2189: 23.479999542236328, 2194: 20.920000076293945, 2196: 8.09000015258789}",True
2188,24777,,,bottom,,,,,{},False
2191,24784,,,bottom,,,,,{},False
2189,24811,,,bottom,,,,,{},False
2194,24815,,,bottom,,,,,{},False
2196,24831,,,bottom,,,,,{},False
2200,24933,,,bottom,,,,,{},False
2197,24935,,,bottom,,,,,{},False
2203,24949,,,bottom,,,,,{},False
2208,24964,24998,25022,top,93.1,79.41,112.5,41.36,"{2208: 0.0, 2191: 18.920000076293945, 2207: 44.279998779296875, 2210: 22.959999084472656}",True
2207,24971,,,bottom,,,,,{},False
2206,24976,,,bottom,,,,,{},False
2210,24997,,,bottom,,,,,{},False
2213,25022,,,bottom,,,,,{},False
2218,25059,25097,25126,top,80.6,71.05,93.1,22.81,"{2218: 0.0, 2191: 20.65999984741211, 2216: 42.81999969482422, 2219: 30.06999969482422}",True
2216,25067,,,bottom,,,,,{},False
2219,25087,,,bottom,,,,,{},False
2221,25149,,,bottom,,,,,{},False
2222,25168,,,bottom,,,,,{},False
2223,25208,25240,25266,top,93.1,84.38,103.85,22.47,"{2223: 0.0, 2191: 10.529999732971191}",True
2224,25270,,,bottom,,,,,{},False
2226,25285,,,bottom,,,,,{},False
2228,25306,,,bottom,,,,,{},False
2227,25308,,,bottom,,,,,{},False
2229,25353,,,bottom,,,,,{},False
2233,25413,,,bottom,,,,,{},False
2236,25431,,,bottom,,,,,{},False
2238,25443,,,bottom,,,,,{},False
2239,25471,,,bottom,,,,,{},False
2241,25478,,,bottom,,,,,{},False
2242,25480,,,bottom,,,,,{},False
2243,25527,25558,,top,,,,,{},False
2253,25620,,,bottom,,,,,{},False
2245,25640,30361,30628,bottom,1.08,0.57,10.11,1.07,"{2245: 0.0, 2254: 2.819999933242798, 2256: 3.2200000286102295, 2261: 20.3700008392334, 2259: 3.740000009536743, 2263: 3.390000104904175, 2265: 3.299999952316284, 2270: 3.359999895095825, 2274: 3.430000066757202, 2276: 3.9200000762939453, 2275: 3.4800000190734863, 2281: 3.5999999046325684, 2287: 3.180000066757202, 2291: 2.930000066757202, 2296: 26.459999084472656, 2293: 3.1500000953674316, 2294: 3.319999933242798, 2297: 3.569999933242798, 2305: 3.4600000381469727, 2298: 3.0, 2306: 3.1500000953674316, 2307: 3.0899999141693115, 2309: 2.799999952316284, 2308: 2.9100000858306885, 2312: 2.7100000381469727, 2311: 2.200000047683716, 2317: 4.400000095367432, 2318: 4.059999942779541, 2325: 3.740000009536743, 2322: 3.7699999809265137, 2326: 3.119999885559082, 2328: 0.7900000214576721, 2327: 0.9100000262260437, 2330: 21.739999771118164, 2329: 2.25, 2331: 3.0299999713897705, 2336: 3.7300000190734863, 2337: 3.2799999713897705, 2343: 21.579999923706055, 2339: 3.690000057220459, 2340: 4.090000152587891, 2344: 3.890000104904175, 2342: 3.740000009536743, 2347: 3.380000114440918, 2348: 2.9100000858306885, 2351: 22.40999984741211, 2349: 3.869999885559082, 2355: 3.5999999046325684, 2356: 3.180000066757202, 2358: 19.40999984741211, 2357: 4.699999809265137, 2360: 4.480000019073486, 2362: 3.4000000953674316, 2364: 21.350000381469727, 2363: 3.309999942779541, 2365: 3.3499999046325684, 2370: 3.1700000762939453, 2368: 2.9600000381469727, 2372: 3.569999933242798, 2374: 1.159999966621399, 2378: 1.6200000047683716, 2380: 2.5199999809265137, 2379: 2.0799999237060547, 2382: 2.109999895095825, 2390: 0.550000011920929, 2394: 1.2300000190734863, 2392: 2.7799999713897705, 2388: 2.359999895095825, 2398: 2.5799999237060547, 2402: 2.430000066757202, 2411: 45.25, 2406: 3.4100000858306885, 2404: 3.180000066757202, 2416: 3.2200000286102295, 2415: 3.0299999713897705, 2417: 3.2200000286102295, 2420: 2.130000114440918, 2421: 1.9700000286102295, 2419: 2.5, 2429: 2.069999933242798, 2424: 2.7300000190734863, 2435: 2.009999990463257, 2437: 2.0, 2430: 2.450000047683716, 2438: 1.3200000524520874, 2432: 1.590000033378601, 2442: 2.2899999618530273, 2443: 2.559999942779541, 2445: 2.0199999809265137, 2446: 3.490000009536743, 2449: 21.81999969482422, 2448: 2.859999895095825, 2450: 3.2899999618530273, 2452: 2.380000114440918, 2451: 2.559999942779541, 2453: 4.010000228881836, 2461: 3.9700000286102295, 2458: 3.240000009536743, 2459: 3.940000057220459, 2466: 22.15999984741211, 2465: 4.070000171661377, 2464: 3.4700000286102295, 2468: 3.359999895095825, 2474: 21.940000534057617, 2467: 3.7100000381469727, 2482: 22.3799991607666, 2477: 3.8499999046325684, 2487: 3.9700000286102295, 2490: 3.9800000190734863, 2494: 1.409999966621399, 2498: 2.490000009536743, 2500: 1.2599999904632568, 2502: 3.0399999618530273, 2503: 2.4800000190734863, 2505: 2.130000114440918, 2504: 1.6699999570846558, 2508: 1.6699999570846558, 2509: 1.9199999570846558, 2513: 21.329999923706055, 2512: 2.140000104904175, 2517: 4.28000020980835, 2521: 15.420000076293945, 2518: 4.260000228881836, 2525: 4.300000190734863, 2520: 4.440000057220459, 2528: 4.429999828338623, 2530: 4.170000076293945, 2531: 4.28000020980835, 2532: 4.300000190734863, 2537: 3.759999990463257, 2538: 21.600000381469727, 2533: 4.309999942779541, 2534: 4.090000152587891, 2539: 3.9600000381469727, 2541: 3.7100000381469727, 2548: 3.5399999618530273, 2545: 3.5999999046325684, 2551: 3.0999999046325684, 2552: 22.709999084472656, 2555: 3.6500000953674316, 2559: 20.5, 2557: 3.190000057220459, 2560: 2.7799999713897705, 2562: 2.2100000381469727, 2563: 3.9700000286102295, 2564: 3.7699999809265137, 2567: 22.3799991607666, 2566: 4.03000020980835, 2568: 3.4000000953674316, 2573: 3.359999895095825, 2572: 3.7100000381469727, 2571: 4.070000171661377, 2577: 3.0, 2578: 3.4200000762939453, 2583: 3.450000047683716, 2575: 3.700000047683716, 2587: 3.940000057220459, 2588: 3.609999895095825, 2591: 3.640000104904175, 2593: 22.809999465942383, 2590: 3.4000000953674316, 2592: 2.009999990463257, 2597: 23.110000610351562, 2594: 2.75, 2596: 2.240000009536743, 2595: 3.490000009536743, 2598: 2.799999952316284, 2603: 2.240000009536743, 2607: 2.390000104904175, 2604: 4.639999866485596, 2605: 5.0, 2616: 4.159999847412109, 2617: 4.210000038146973, 2619: 3.490000009536743, 2620: 3.7300000190734863, 2623: 4.139999866485596, 2626: 3.9000000953674316, 2624: 3.5, 2625: 4.130000114440918, 2630: 4.019999980926514, 2628: 2.7699999809265137, 2631: 3.609999895095825, 2632: 3.299999952316284, 2634: 2.7699999809265137, 2637: 2.7799999713897705, 2635: 3.200000047683716, 2641: 22.260000228881836, 2639: 3.309999942779541, 2645: 21.670000076293945, 2644: 4.440000057220459, 2649: 5.690000057220459, 2654: 7.25, 2655: 5.150000095367432, 2657: 5.690000057220459, 2660: 6.039999961853027, 2659: 12.8100004196167, 2661: 14.770000457763672, 2666: 10.029999732971191, 2670: 14.100000381469727, 2665: 32.18000030517578, 2664: 14.979999542236328, 2667: 16.200000762939453, 2675: 5.230000019073486, 2678: 15.100000381469727, 2673: 15.350000381469727, 2684: 29.5, 2691: 28.309999465942383, 2686: 15.670000076293945, 2697: 18.639999389648438, 2699: 19.0, 2700: 18.979999542236328, 2698: 21.829999923706055, 2701: 25.969999313354492, 2703: 26.649999618530273, 2704: 27.010000228881836, 2702: 30.170000076293945, 2707: 13.6899995803833, 2711: 17.540000915527344, 2712: 35.47999954223633, 2708: 38.29999923706055, 2710: 39.33000183105469, 2716: 40.099998474121094, 2713: 42.16999816894531, 2714: 40.869998931884766, 2720: 44.47999954223633, 2721: 4.610000133514404}",True
2254,25642,,,bottom,,,,,{},False
2256,25650,,,bottom,,,,,{},False
2261,25681,25728,25764,top,65.06,57.45,75.0,14.63,"{2245: 21.229999542236328, 2261: 0.0, 2259: 36.84000015258789, 2263: 21.059999465942383, 2265: 3.25, 2270: 3.319999933242798}",True
2259,25702,,,bottom,,,,,{},False
2263,25728,,,bottom,,,,,{},False
2265,25759,,,bottom,,,,,{},False
2270,25759,,,bottom,,,,,{},False
2274,25812,,,bottom,,,,,{},False
2276,25883,,,bottom,,,,,{},False
2275,25899,,,bottom,,,,,{},False
2288,25899,,,bottom,,,,,{},False
2281,25909,,,bottom,,,,,{},False
2287,25914,,,bottom,,,,,{},False
2291,25940,,,bottom,,,,,{},False
2296,25955,26015,26039,top,64.29,45.0,112.5,84.38,"{2245: 27.3700008392334, 2293: 46.33000183105469, 2296: 0.0, 2294: 39.90999984741211, 2297: 35.439998626708984, 2305: 12.420000076293945, 2298: 13.8100004196167, 2306: 1.6100000143051147}",True
2293,25956,,,bottom,,,,,{},False
2294,25972,,,bottom,,,,,{},False
2297,25994,,,bottom,,,,,{},False
2305,26022,,,bottom,,,,,{},False
2298,26023,,,bottom,,,,,{},False
2306,26036,,,bottom,,,,,{},False
2307,26070,,,bottom,,,,,{},False
2309,26078,,,bottom,,,,,{},False
2308,26123,,,bottom,,,,,{},False
2312,26137,,,bottom,,,,,{},False
2311,26141,,,bottom,,,,,{},False
2317,26161,,,bottom,,,,,{},False
2318,26196,,,bottom,,,,,{},False
2325,26223,,,bottom,,,,,{},False
2322,26225,,,bottom,,,,,{},False
2326,26232,,,bottom,,,,,{},False
2328,26265,,,bottom,,,,,{},False
2327,26266,,,bottom,,,,,{},False
2330,26295,26341,26375,top,67.5,58.7,79.41,18.28,"{2245: 22.709999084472656, 2330: 0.0, 2329: 43.20000076293945, 2331: 11.75}",True
2329,26302,,,bottom,,,,,{},False
2331,26357,,,bottom,,,,,{},False
2336,26412,,,bottom,,,,,{},False
2337,26424,,,bottom,,,,,{},False
2343,26444,26494,26529,top,63.53,54.0,77.14,19.84,"{2245: 22.450000762939453, 2343: 0.0, 2339: 46.209999084472656, 2340: 40.79999923706055, 2344: 32.33000183105469, 2342: 30.020000457763672, 2347: 23.799999237060547, 2348: 9.569999694824219}",True
2339,26447,,,bottom,,,,,{},False
2340,26458,,,bottom,,,,,{},False
2344,26474,,,bottom,,,,,{},False
2342,26479,,,bottom,,,,,{},False
2347,26489,,,bottom,,,,,{},False
2348,26514,,,bottom,,,,,{},False
2351,26555,26600,26632,top,70.13,60.0,84.38,22.85,"{2245: 23.149999618530273, 2351: 0.0, 2349: 44.84000015258789, 2355: 12.710000038146973, 2356: 8.920000076293945}",True
2349,26561,,,bottom,,,,,{},False
2355,26615,,,bottom,,,,,{},False
2356,26619,,,bottom,,,,,{},False
2358,26639,26685,26720,top,66.67,58.7,77.14,15.81,"{2245: 20.479999542236328, 2358: 0.0, 2357: 40.0, 2360: 5.690000057220459}",True
2357,26655,,,bottom,,,,,{},False
2360,26713,,,bottom,,,,,{},False
2362,26728,,,bottom,,,,,{},False
2364,26755,26800,26832,top,70.13,60.0,84.38,22.85,"{2245: 22.079999923706055, 2364: 0.0, 2363: 39.209999084472656, 2365: 19.829999923706055}",True
2363,26771,,,bottom,,,,,{},False
2365,26802,,,bottom,,,,,{},False
2370,26847,,,bottom,,,,,{},False
2368,26857,,,bottom,,,,,{},False
2372,26864,,,bottom,,,,,{},False
2374,26890,,,bottom,,,,,{},False
2378,26911,,,bottom,,,,,{},False
2380,26939,,,bottom,,,,,{},False
2379,26941,,,bottom,,,,,{},False
2382,26989,,,bottom,,,,,{},False
2390,27012,,,bottom,,,,,{},False
2394,27015,,,bottom,,,,,{},False
2392,27041,,,bottom,,,,,{},False
2388,27053,,,bottom,,,,,{},False
2398,27059,,,bottom,,,,,{},False
2402,27083,,,bottom,,,,,{},False
2411,27136,,,top,,,,,{},False
2406,27139,,,bottom,,,,,{},False
2404,27149,,,bottom,,,,,{},False
2416,27177,,,bottom,,,,,{},False
2415,27199,,,bottom,,,,,{},False
2417,27216,,,bottom,,,,,{},False
2420,27237,,,bottom,,,,,{},False
2421,27249,,,bottom,,,,,{},False
2419,27252,,,bottom,,,,,{},False
2429,27285,,,bottom,,,,,{},False
2424,27299,,,bottom,,,,,{},False
2435,27319,,,bottom,,,,,{},False
2437,27319,,,bottom,,,,,{},False
2430,27320,,,bottom,,,,,{},False
2438,27349,,,bottom,,,,,{},False
2441,27358,,,bottom,,,,,{},False
2432,27364,,,bottom,,,,,{},False
2442,27384,,,bottom,,,,,{},False
2443,27403,,,bottom,,,,,{},False
2445,27405,,,bottom,,,,,{},False
2446,27419,,,bottom,,,,,{},False
2449,27436,27480,27514,top,69.23,61.36,79.41,15.92,"{2245: 22.850000381469727, 2449: 0.0, 2448: 37.97999954223633, 2450: 7.679999828338623, 2452: 2.7100000381469727}",True
2448,27453,,,bottom,,,,,{},False
2450,27505,,,bottom,,,,,{},False
2452,27510,,,bottom,,,,,{},False
2451,27517,,,bottom,,,,,{},False
2453,27548,,,bottom,,,,,{},False
2461,27628,,,bottom,,,,,{},False
2458,27629,,,bottom,,,,,{},False
2459,27640,,,bottom,,,,,{},False
2466,27649,27700,27736,top,62.07,52.94,75.0,18.38,"{2245: 22.81999969482422, 2466: 0.0, 2465: 38.790000915527344, 2464: 35.209999084472656, 2468: 23.729999542236328, 2474: 39.0, 2467: 9.180000305175781}",True
2465,27669,,,bottom,,,,,{},False
2464,27674,,,bottom,,,,,{},False
2468,27698,,,bottom,,,,,{},False
2474,27720,27771,27809,top,60.67,52.94,71.05,14.3,"{2245: 22.799999237060547, 2466: 39.33000183105469, 2474: 0.0, 2467: 47.650001525878906, 2482: 11.149999618530273, 2477: 36.04999923706055, 2487: 12.979999542236328}",True
2467,27722,,,bottom,,,,,{},False
2481,27738,,,bottom,,,,,{},False
2482,27745,27792,27823,top,69.23,57.45,87.1,28.69,"{2245: 23.1299991607666, 2474: 11.119999885559082, 2482: 0.0, 2477: 47.470001220703125, 2487: 24.18000030517578}",True
2477,27747,,,bottom,,,,,{},False
2487,27789,,,bottom,,,,,{},False
2490,27833,,,bottom,,,,,{},False
2494,27902,,,bottom,,,,,{},False
2498,27952,,,bottom,,,,,{},False
2500,27983,,,bottom,,,,,{},False
2502,28021,,,bottom,,,,,{},False
2503,28071,,,bottom,,,,,{},False
2505,28085,,,bottom,,,,,{},False
2504,28093,,,bottom,,,,,{},False
2508,28103,,,bottom,,,,,{},False
2511,28123,,,bottom,,,,,{},False
2509,28124,,,bottom,,,,,{},False
2513,28136,28183,28218,top,65.85,57.45,77.14,16.88,"{2245: 21.989999771118164, 2513: 0.0, 2512: 42.93000030517578, 2517: 22.260000228881836, 2521: 40.56999969482422}",True
2512,28147,,,bottom,,,,,{},False
2517,28183,,,bottom,,,,,{},False
2521,28206,28246,28276,top,77.14,67.5,90.0,22.5,"{2513: 40.56999969482422, 2245: 16.1200008392334, 2521: 0.0, 2525: 30.520000457763672, 2520: 27.030000686645508, 2528: 13.829999923706055}",True
2518,28218,,,bottom,,,,,{},False
2525,28235,,,bottom,,,,,{},False
2520,28240,,,bottom,,,,,{},False
2528,28259,,,bottom,,,,,{},False
2529,28287,,,bottom,,,,,{},False
2530,28294,,,bottom,,,,,{},False
2531,28345,,,bottom,,,,,{},False
2532,28371,,,bottom,,,,,{},False
2537,28392,,,bottom,,,,,{},False
2538,28401,28453,28492,top,59.34,51.92,69.23,13.31,"{2245: 22.399999618530273, 2538: 0.0, 2533: 47.2599983215332, 2534: 39.2599983215332, 2539: 22.760000228881836, 2541: 2.299999952316284}",True
2533,28405,,,bottom,,,,,{},False
2534,28419,,,bottom,,,,,{},False
2539,28452,,,bottom,,,,,{},False
2541,28488,,,bottom,,,,,{},False
2548,28516,,,bottom,,,,,{},False
2545,28532,,,bottom,,,,,{},False
2551,28548,,,bottom,,,,,{},False
2552,28550,28582,28609,top,91.53,84.38,100.0,17.36,"{2245: 23.459999084472656, 2552: 0.0, 2555: 25.420000076293945, 2559: 35.060001373291016, 2557: 2.5999999046325684}",True
2555,28580,,,bottom,,,,,{},False
2559,28593,28638,28671,top,69.23,60.0,81.82,19.83,"{2245: 21.25, 2552: 35.439998626708984, 2559: 0.0, 2557: 40.45000076293945}",True
2557,28607,,,bottom,,,,,{},False
2560,28678,,,bottom,,,,,{},False
2562,28764,,,bottom,,,,,{},False
2563,28817,,,bottom,,,,,{},False
2564,28921,,,bottom,,,,,{},False
2567,28923,28968,29002,top,68.35,60.0,79.41,17.13,"{2245: 23.1200008392334, 2567: 0.0, 2566: 28.940000534057617}",True
2566,28957,,,bottom,,,,,{},False
2568,29006,,,bottom,,,,,{},False
2573,29048,,,bottom,,,,,{},False
2572,29055,,,bottom,,,,,{},False
2571,29062,,,bottom,,,,,{},False
2577,29089,,,bottom,,,,,{},False
2578,29112,,,bottom,,,,,{},False
2583,29112,,,bottom,,,,,{},False
2575,29124,,,bottom,,,,,{},False
2587,29138,,,bottom,,,,,{},False
2588,29183,,,bottom,,,,,{},False
2591,29213,,,bottom,,,,,{},False
2593,29238,29285,29319,top,66.67,57.45,79.41,19.38,"{2245: 23.8700008392334, 2593: 0.0, 2590: 46.72999954223633, 2592: 45.31999969482422}",True
2590,29240,,,bottom,,,,,{},False
2592,29244,,,bottom,,,,,{},False
2597,29340,29395,29431,top,59.34,49.09,75.0,21.59,"{2245: 24.040000915527344, 2597: 0.0, 2594: 46.720001220703125, 2596: 37.20000076293945, 2595: 31.43000030517578, 2598: 20.049999237060547, 2603: 19.3799991607666}",True
2594,29345,,,bottom,,,,,{},False
2596,29367,,,bottom,,,,,{},False
2595,29378,,,bottom,,,,,{},False
2598,29399,,,bottom,,,,,{},False
2603,29400,,,bottom,,,,,{},False
2607,29430,,,bottom,,,,,{},False
2604,29445,,,bottom,,,,,{},False
2605,29456,,,bottom,,,,,{},False
2616,29464,,,bottom,,,,,{},False
2617,29480,,,bottom,,,,,{},False
2619,29493,,,bottom,,,,,{},False
2620,29522,,,bottom,,,,,{},False
2623,29548,,,bottom,,,,,{},False
2626,29568,,,bottom,,,,,{},False
2624,29568,,,bottom,,,,,{},False
2625,29583,,,bottom,,,,,{},False
2630,29604,,,bottom,,,,,{},False
2628,29620,,,bottom,,,,,{},False
2631,29639,,,bottom,,,,,{},False
2632,29675,,,bottom,,,,,{},False
2634,29703,,,bottom,,,,,{},False
2637,29726,,,bottom,,,,,{},False
2635,29727,,,bottom,,,,,{},False
2641,29764,29810,29844,top,67.5,58.7,79.41,18.28,"{2245: 23.149999618530273, 2639: 48.06999969482422, 2641: 0.0, 2645: 33.310001373291016}",True
2639,29765,,,bottom,,,,,{},False
2645,29819,29865,29898,top,68.35,58.7,81.82,21.02,"{2245: 22.06999969482422, 2641: 33.4900016784668, 2645: 0.0, 2644: 33.52000045776367, 2649: 11.75}",True
2644,29847,,,bottom,,,,,{},False
2649,29881,,,bottom,,,,,{},False
2654,29898,30291,,bottom,,,,,{},False
2655,29929,,,bottom,,,,,{},False
2657,29957,,,bottom,,,,,{},False
2660,29991,,,bottom,,,,,{},False
2659,30042,,,bottom,,,,,{},False
2661,30060,,,bottom,,,,,{},False
2666,30083,,,bottom,,,,,{},False
2670,30098,30145,30181,top,65.06,57.45,75.0,14.63,"{2670: 0.0, 2654: 19.719999313354492, 2666: 29.8700008392334, 2245: 13.779999732971191, 2665: 22.790000915527344, 2664: 38.5, 2667: 35.84000015258789, 2675: 8.829999923706055, 2678: 34.560001373291016}",True
2665,30102,,,top,,,,,{},False
2664,30115,,,bottom,,,,,{},False
2667,30122,,,bottom,,,,,{},False
2675,30149,30289,,bottom,,,,,{},False
2678,30159,30209,30245,top,62.79,54.0,75.0,17.5,"{2245: 14.930000305175781, 2665: 6.940000057220459, 2675: 20.260000228881836, 2670: 35.060001373291016, 2678: 0.0, 2654: 17.299999237060547, 2673: 37.68000030517578, 2684: 40.400001525878906, 2691: 34.47999954223633, 2686: 9.449999809265137}",True
2673,30181,,,bottom,,,,,{},False
2684,30218,,,top,,,,,{},False
2691,30225,,,top,,,,,{},False
2686,30231,,,bottom,,,,,{},False
2697,30246,,,bottom,,,,,{},False
2699,30287,,,bottom,,,,,{},False
2700,30300,,,bottom,,,,,{},False
2698,30324,,,bottom,,,,,{},False
2701,30349,,,bottom,,,,,{},False
2703,30384,,,bottom,,,,,{},False
2704,30393,,,bottom,,,,,{},False
2702,30424,,,bottom,,,,,{},False
2707,30424,30474,30509,top,63.53,54.0,77.14,19.84,"{2702: 47.900001525878906, 2703: 20.059999465942383, 2704: 32.279998779296875, 2707: 0.0, 2245: 13.619999885559082, 2711: 41.040000915527344, 2712: 3.390000104904175}",True
2711,30498,30551,30588,top,60.0,50.94,72.97,17.86,"{2707: 41.130001068115234, 2703: 22.079999923706055, 2711: 0.0, 2245: 17.6299991607666, 2712: 27.18000030517578, 2708: 43.4900016784668, 2710: 41.13999938964844, 2716: 20.8700008392334, 2713: 30.510000228881836, 2714: 27.959999084472656, 2720: 2.7699999809265137}",True
2712,30500,30646,,bottom,,,,,{},False
2708,30507,,,bottom,,,,,{},False
2710,30511,,,bottom,,,,,{},False
2716,30524,,,bottom,,,,,{},False
2713,30534,,,bottom,,,,,{},False
2714,30538,,,bottom,,,,,{},False
2720,30583,,,bottom,,,,,{},False
2721,30588,30625,30652,top,84.38,72.97,100.0,30.03,"{2711: 46.709999084472656, 2720: 20.1299991607666, 2712: 13.520000457763672, 2721: 0.0, 2716: 13.960000038146973, 2245: 18.889999389648438, 2732: 31.06999969482422, 2733: 8.90999984741211, 2722: 9.800000190734863, 2717: 7.440000057220459}",True
2732,30632,30667,30700,top,79.41,77.14,81.82,4.25,"{2733: 20.809999465942383, 2712: 18.110000610351562, 2720: 29.809999465942383, 2716: 27.690000534057617, 2732: 0.0, 2721: 31.56999969482422, 2722: 41.400001525878906, 2717: 38.65999984741211}",True
2733,30633,30805,30932,bottom,18.06,15.7,21.26,1.31,"{2733: 0.0, 2712: 22.219999313354492, 2720: 9.420000076293945, 2732: 20.06999969482422, 2721: 7.690000057220459, 2716: 15.130000114440918, 2722: 1.059999942779541, 2717: 1.090000033378601, 2739: 11.229999542236328, 2741: 9.270000457763672, 2743: 6.820000171661377, 2745: 14.399999618530273, 2747: 19.149999618530273, 2748: 21.030000686645508, 2753: 25.6299991607666, 2755: 24.950000762939453, 2758: 29.559999465942383, 2754: 29.81999969482422, 2760: 32.400001525878906, 2761: 7.920000076293945, 2762: 8.819999694824219, 2764: 42.04999923706055, 2766: 43.31999969482422, 2763: 45.33000183105469}",True
2722,30641,,,bottom,,,,,{},False
2717,30643,,,bottom,,,,,{},False
2739,30699,,,bottom,,,,,{},False
2741,30701,,,bottom,,,,,{},False
2743,30705,30844,30937,bottom,23.28,19.42,29.03,3.1,"{2743: 0.0, 2733: 6.699999809265137, 2741: 1.7100000381469727, 2745: 4.050000190734863, 2747: 8.390000343322754, 2748: 10.710000038146973, 2753: 19.31999969482422, 2755: 20.850000381469727, 2758: 23.389999389648438, 2754: 23.969999313354492, 2760: 31.040000915527344, 2761: 8.489999771118164, 2762: 10.289999961853027, 2764: 41.97999954223633, 2766: 43.0099983215332, 2763: 43.959999084472656}",True
2745,30724,,,bottom,,,,,{},False
2747,30751,,,bottom,,,,,{},False
2748,30764,,,bottom,,,,,{},False
2753,30808,,,bottom,,,,,{},False
2755,30824,30929,,bottom,,,,,{},False
2758,30838,,,bottom,,,,,{},False
2754,30840,,,bottom,,,,,{},False
2757,30861,,,bottom,,,,,{},False
2760,30862,,,bottom,,,,,{},False
2761,30882,30923,,top,,,,,{},False
2762,30885,30935,30970,top,63.53,54.0,77.14,19.84,"{2762: 0.0, 2743: 15.770000457763672, 2733: 15.609999656677246, 2761: 2.490000009536743, 2760: 24.200000762939453, 2755: 8.170000076293945, 2764: 14.069999694824219, 2766: 13.380000114440918, 2763: 26.270000457763672, 2768: 9.640000343322754, 2765: 6.300000190734863}",True
2764,30916,,,bottom,,,,,{},False
2766,30921,,,bottom,,,,,{},False
2763,30928,,,bottom,,,,,{},False
2768,30955,,,bottom,,,,,{},False
2765,30961,,,bottom,,,,,{},False
2771,31002,,,bottom,,,,,{},False
2774,31006,,,bottom,,,,,{},False
2772,31023,,,bottom,,,,,{},False
2777,31042,31151,,bottom,,,,,{},False
2773,31046,,,bottom,,,,,{},False
2776,31048,,,bottom,,,,,{},False
2775,31071,,,bottom,,,,,{},False
2778,31093,,,bottom,,,,,{},False
2779,31102,31223,31334,bottom,23.28,22.31,24.32,0.54,"{2779: 0.0, 2778: 3.549999952316284, 2777: 14.899999618530273, 2783: 6.489999771118164, 2784: 14.699999809265137, 2782: 17.200000762939453, 2786: 22.360000610351562, 2787: 20.329999923706055, 2788: 33.13999938964844, 2792: 39.36000061035156, 2793: 42.130001068115234, 2791: 45.13999938964844}",True
2783,31139,,,bottom,,,,,{},False
2784,31171,,,bottom,,,,,{},False
2782,31185,,,bottom,,,,,{},False
2786,31200,,,bottom,,,,,{},False
2787,31208,,,bottom,,,,,{},False
2788,31259,,,bottom,,,,,{},False
2792,31305,,,bottom,,,,,{},False
2793,31307,31429,,bottom,,,,,{},False
2791,31313,,,bottom,,,,,{},False
2794,31313,,,bottom,,,,,{},False
2795,31359,,,bottom,,,,,{},False
2796,31359,31405,31440,top,66.67,58.7,77.14,15.81,"{2795: 21.8700008392334, 2796: 0.0, 2793: 16.079999923706055, 2779: 16.290000915527344, 2797: 20.600000381469727, 2799: 14.359999656677246, 2798: 17.049999237060547}",True
2797,31361,31492,31502,bottom,38.3,20.61,270.0,748.17,"{2795: 2.759999990463257, 2797: 0.0, 2796: 20.540000915527344, 2793: 10.520000457763672, 2779: 38.150001525878906, 2799: 7.139999866485596, 2798: 16.469999313354492, 2812: 17.969999313354492, 2808: 20.920000076293945, 2817: 26.329999923706055, 2818: 15.720000267028809, 2814: 26.100000381469727}",True
2799,31390,31523,31632,bottom,22.31,20.3,24.77,1.23,"{2799: 0.0, 2797: 7.610000133514404, 2795: 6.96999979019165, 2796: 13.640000343322754, 2793: 16.469999313354492, 2779: 43.33000183105469, 2798: 5.269999980926514, 2812: 12.239999771118164, 2808: 17.549999237060547, 2817: 18.90999984741211, 2818: 16.829999923706055, 2814: 20.780000686645508, 2810: 23.81999969482422, 2813: 25.299999237060547, 2821: 27.829999923706055, 2826: 34.65999984741211, 2823: 36.959999084472656, 2827: 40.56999969482422, 2831: 4.400000095367432, 2830: 6.139999866485596, 2833: 43.54999923706055}",True
2798,31415,,,bottom,,,,,{},False
2812,31460,31573,,bottom,,,,,{},False
2808,31480,,,bottom,,,,,{},False
2817,31485,,,bottom,,,,,{},False
2818,31491,31541,31576,top,63.53,54.0,77.14,19.84,"{2799: 15.649999618530273, 2817: 34.400001525878906, 2797: 9.15999984741211, 2818: 0.0, 2812: 19.670000076293945, 2814: 45.36000061035156, 2810: 38.66999816894531, 2813: 35.66999816894531, 2821: 28.850000381469727, 2826: 10.359999656677246, 2823: 2.450000047683716}",True
2814,31494,,,bottom,,,,,{},False
2810,31510,,,bottom,,,,,{},False
2813,31516,,,bottom,,,,,{},False
2821,31529,,,bottom,,,,,{},False
2826,31562,,,bottom,,,,,{},False
2823,31574,,,bottom,,,,,{},False
2827,31599,,,bottom,,,,,{},False
2830,31603,31641,31667,top,84.38,71.05,103.85,37.84,"{2830: 0.0, 2812: 19.3700008392334, 2831: 5.869999885559082, 2799: 14.09000015258789, 2833: 15.100000381469727, 2832: 9.220000267028809}",True
2831,31605,31655,31689,top,64.29,54.0,79.41,22.42,"{2830: 6.199999809265137, 2831: 0.0, 2812: 14.119999885559082, 2799: 9.800000190734863, 2833: 15.569999694824219, 2832: 20.15999984741211}",True
2833,31625,31732,31835,bottom,25.71,25.23,26.21,0.29,"{2831: 15.609999656677246, 2833: 0.0, 2799: 42.02000045776367, 2830: 14.369999885559082, 2812: 31.149999618530273, 2832: 8.069999694824219, 2840: 17.360000610351562, 2834: 19.850000381469727, 2835: 23.309999465942383, 2842: 25.479999542236328, 2843: 28.579999923706055, 2841: 33.08000183105469, 2850: 29.280000686645508, 2844: 38.689998626708984, 2853: 39.47999954223633, 2854: 42.11000061035156, 2852: 45.310001373291016}",True
2832,31657,,,bottom,,,,,{},False
2840,31693,31742,31776,top,65.06,55.1,79.41,21.45,"{2833: 16.149999618530273, 2840: 0.0, 2834: 41.2599983215332, 2835: 34.08000183105469, 2842: 12.010000228881836, 2843: 12.720000267028809, 2841: 12.210000038146973}",True
2834,31704,,,bottom,,,,,{},False
2835,31723,,,bottom,,,,,{},False
2842,31735,31849,,bottom,,,,,{},False
2843,31738,,,bottom,,,,,{},False
2841,31761,,,bottom,,,,,{},False
2850,31785,31837,31917,bottom,40.91,51.92,33.75,-6.81,"{2850: 0.0, 2842: 6.710000038146973, 2833: 26.290000915527344, 2844: 6.909999847412109, 2853: 15.390000343322754, 2854: 19.1200008392334, 2852: 22.860000610351562, 2863: 34.380001068115234, 2864: 37.43000030517578, 2860: 39.31999969482422, 2862: 41.279998779296875}",True
2844,31796,,,bottom,,,,,{},False
2853,31799,,,bottom,,,,,{},False
2854,31827,,,bottom,,,,,{},False
2852,31833,,,bottom,,,,,{},False
2863,31891,,,bottom,,,,,{},False
2864,31891,32016,,bottom,,,,,{},False
2860,31903,,,bottom,,,,,{},False
2862,31905,,,bottom,,,,,{},False
2872,31927,,,bottom,,,,,{},False
2865,31930,,,bottom,,,,,{},False
2871,31934,,,bottom,,,,,{},False
2874,31964,,,bottom,,,,,{},False
2866,31972,,,bottom,,,,,{},False
2879,31985,,,bottom,,,,,{},False
2878,31996,,,bottom,,,,,{},False
2880,32011,,,bottom,,,,,{},False
2881,32032,,,bottom,,,,,{},False
2884,32033,,,bottom,,,,,{},False
2876,32039,,,bottom,,,,,{},False
2882,32071,,,bottom,,,,,{},False
2887,32079,,,bottom,,,,,{},False
2889,32080,,,bottom,,,,,{},False
2892,32100,32146,32180,top,67.5,58.7,79.41,18.28,"{2892: 0.0, 2884: 33.380001068115234, 2897: 19.850000381469727, 2896: 41.150001525878906, 2885: 39.22999954223633, 2903: 14.59000015258789, 2898: 28.829999923706055, 2904: 20.40999984741211, 2891: 23.469999313354492, 2900: 18.290000915527344, 2913: 2.440000057220459, 2911: 1.4500000476837158}",True
2896,32112,,,bottom,,,,,{},False
2897,32113,32170,,bottom,,,,,{},False
2885,32118,,,bottom,,,,,{},False
2903,32131,32227,,bottom,,,,,{},False
2898,32137,,,bottom,,,,,{},False
2904,32138,,,bottom,,,,,{},False
2891,32143,,,bottom,,,,,{},False
2900,32153,,,bottom,,,,,{},False
2913,32172,32239,,bottom,,,,,{},False
2911,32176,,,bottom,,,,,{},False
2916,32193,,,bottom,,,,,{},False
2917,32197,,,bottom,,,,,{},False
2923,32233,,,bottom,,,,,{},False
2927,32237,32329,,bottom,,,,,{},False
2920,32238,,,bottom,,,,,{},False
2924,32248,,,bottom,,,,,{},False
2925,32276,,,bottom,,,,,{},False
2929,32277,,,bottom,,,,,{},False
2934,32298,,,bottom,,,,,{},False
2937,32300,32369,32432,bottom,40.91,39.13,42.86,1.77,"{2928: 1.2999999523162842, 2937: 0.0, 2927: 12.029999732971191, 2903: 40.630001068115234, 2936: 4.420000076293945, 2943: 12.6899995803833, 2941: 17.030000686645508, 2945: 23.549999237060547, 2942: 25.940000534057617, 2948: 33.41999816894531, 2953: 38.209999084472656, 2946: 37.959999084472656}",True
2928,32301,,,bottom,,,,,{},False
2936,32311,,,bottom,,,,,{},False
2943,32334,,,bottom,,,,,{},False
2941,32337,,,bottom,,,,,{},False
2945,32362,,,bottom,,,,,{},False
2942,32366,,,bottom,,,,,{},False
2948,32390,,,bottom,,,,,{},False
2953,32406,32490,,bottom,,,,,{},False
2946,32406,,,bottom,,,,,{},False
2954,32436,,,bottom,,,,,{},False
2955,32436,,,bottom,,,,,{},False
2963,32463,,,bottom,,,,,{},False
2961,32475,,,bottom,,,,,{},False
2968,32482,,,bottom,,,,,{},False
2971,32489,,,bottom,,,,,{},False
2966,32502,,,bottom,,,,,{},False
2972,32517,,,bottom,,,,,{},False
2973,32528,,,bottom,,,,,{},False
2985,32544,,,bottom,,,,,{},False
2986,32549,32615,32684,bottom,40.0,40.91,39.13,-0.77,"{2986: 0.0, 2983: 1.8799999952316284, 2974: 2.7899999618530273, 2990: 20.389999389648438, 2993: 30.049999237060547, 2992: 29.520000457763672, 2991: 33.599998474121094, 2996: 37.36000061035156, 2997: 37.58000183105469, 2999: 42.849998474121094}",True
2983,32553,,,bottom,,,,,{},False
2974,32557,,,bottom,,,,,{},False
2989,32579,,,bottom,,,,,{},False
2990,32599,,,bottom,,,,,{},False
2993,32625,,,bottom,,,,,{},False
2992,32626,,,bottom,,,,,{},False
2991,32636,,,bottom,,,,,{},False
2997,32648,,,bottom,,,,,{},False
2996,32649,,,bottom,,,,,{},False
2999,32666,,,bottom,,,,,{},False
3004,32675,,,bottom,,,,,{},False
3002,32676,,,bottom,,,,,{},False
3003,32702,,,bottom,,,,,{},False
3007,32712,,,bottom,,,,,{},False
3009,32716,32795,,bottom,,,,,{},False
3010,32726,32786,32848,bottom,44.26,45.0,43.55,-0.7,"{3010: 0.0, 3009: 2.0199999809265137, 3011: 2.569999933242798, 3008: 12.630000114440918, 3013: 15.789999961853027, 3018: 30.450000762939453, 3014: 30.8700008392334, 3015: 31.229999542236328}",True
3011,32734,,,bottom,,,,,{},False
3008,32753,,,bottom,,,,,{},False
3013,32760,,,bottom,,,,,{},False
3018,32798,,,bottom,,,,,{},False
3014,32802,,,bottom,,,,,{},False
3015,32803,,,bottom,,,,,{},False
3016,32836,,,bottom,,,,,{},False
3017,32845,,,bottom,,,,,{},False
3024,32864,,,bottom,,,,,{},False
3023,32865,,,bottom,,,,,{},False
3026,32869,,,bottom,,,,,{},False
3032,32915,,,bottom,,,,,{},False
3031,32932,,,bottom,,,,,{},False
3035,32935,33014,33082,bottom,36.73,34.18,39.71,2.44,"{3035: 0.0, 3027: 1.600000023841858, 3026: 7.980000019073486, 3032: 10.539999961853027, 3028: 1.4900000095367432, 3033: 8.569999694824219, 3040: 11.550000190734863, 3043: 19.8799991607666, 3045: 19.34000015258789, 3052: 23.280000686645508, 3049: 30.25, 3058: 30.940000534057617, 3065: 39.029998779296875, 3069: 33.689998626708984, 3066: 40.0, 3070: 40.66999816894531, 3063: 44.70000076293945}",True
3027,32935,,,bottom,,,,,{},False
3028,32937,,,bottom,,,,,{},False
3033,32959,,,bottom,,,,,{},False
3040,32968,,,bottom,,,,,{},False
3043,32988,,,bottom,,,,,{},False
3045,32991,33070,,bottom,,,,,{},False
3052,33012,,,bottom,,,,,{},False
3049,33022,,,bottom,,,,,{},False
3058,33028,33104,,bottom,,,,,{},False
3065,33050,,,bottom,,,,,{},False
3069,33052,33096,,bottom,,,,,{},False
3070,33055,33181,,bottom,,,,,{},False
3066,33056,,,bottom,,,,,{},False
3063,33073,,,bottom,,,,,{},False
3071,33103,33182,,bottom,,,,,{},False
3072,33122,33167,33201,top,68.35,60.0,79.41,17.13,"{3071: 17.09000015258789, 3072: 0.0, 3070: 15.279999732971191, 3058: 10.039999961853027, 3073: 19.860000610351562, 3080: 5.489999771118164, 3075: 4.110000133514404, 3076: 2.759999990463257}",True
3073,33128,33180,,bottom,,,,,{},False
3080,33184,,,bottom,,,,,{},False
3075,33194,,,bottom,,,,,{},False
3076,33196,,,bottom,,,,,{},False
3089,33236,33283,33318,top,65.85,57.45,77.14,16.88,"{3089: 0.0, 3080: 31.649999618530273, 3083: 46.790000915527344, 3087: 38.95000076293945, 3092: 21.5, 3093: 12.979999542236328, 3095: 12.630000114440918, 3091: 21.56999969482422, 3094: 19.81999969482422, 3098: 3.440000057220459, 3099: 1.9700000286102295}",True
3083,33240,,,bottom,,,,,{},False
3087,33255,,,bottom,,,,,{},False
3092,33261,,,bottom,,,,,{},False
3093,33262,,,bottom,,,,,{},False
3095,33267,33335,,bottom,,,,,{},False
3091,33283,,,bottom,,,,,{},False
3094,33287,,,bottom,,,,,{},False
3098,33314,,,bottom,,,,,{},False
3099,33316,,,bottom,,,,,{},False
3103,33334,,,bottom,,,,,{},False
3102,33344,,,bottom,,,,,{},False
3107,33368,,,bottom,,,,,{},False
3108,33369,,,bottom,,,,,{},False
3114,33375,33451,,bottom,,,,,{},False
3109,33380,,,bottom,,,,,{},False
3112,33386,,,bottom,,,,,{},False
3113,33395,,,bottom,,,,,{},False
3116,33416,33462,33496,top,67.5,58.7,79.41,18.28,"{3114: 15.710000038146973, 3116: 0.0, 3111: 45.060001373291016, 3117: 27.280000686645508, 3115: 43.099998474121094, 3103: 21.969999313354492, 3118: 13.319999694824219, 3121: 28.079999923706055, 3122: 3.8299999237060547}",True
3111,33420,,,bottom,,,,,{},False
3117,33424,,,bottom,,,,,{},False
3115,33425,,,bottom,,,,,{},False
3118,33449,33519,33608,bottom,33.96,38.57,30.34,-2.78,"{3118: 0.0, 3116: 13.279999732971191, 3114: 25.40999984741211, 3117: 6.659999847412109, 3121: 19.15999984741211, 3122: 14.470000267028809, 3124: 27.549999237060547, 3128: 24.43000030517578, 3129: 27.149999618530273, 3131: 32.439998626708984, 3130: 34.13999938964844}",True
3119,33457,,,bottom,,,,,{},False
3121,33463,33507,33539,top,71.05,61.36,84.38,21.57,"{3116: 28.110000610351562, 3118: 18.600000381469727, 3121: 0.0, 3114: 8.140000343322754, 3122: 33.869998931884766, 3124: 10.90999984741211, 3128: 3.180000066757202, 3129: 3.740000009536743}",True
3122,33490,,,bottom,,,,,{},False
3124,33525,,,bottom,,,,,{},False
3128,33529,33579,,bottom,,,,,{},False
3129,33530,,,bottom,,,,,{},False
3131,33561,,,bottom,,,,,{},False
3130,33566,,,bottom,,,,,{},False
3138,33588,33626,33658,top,77.14,71.05,84.38,12.49,"{3138: 0.0, 3136: 38.939998626708984, 3118: 26.059999465942383, 3144: 17.559999465942383, 3135: 7.070000171661377, 3153: 0.7300000190734863, 3154: 2.109999895095825}",True
3136,33603,,,bottom,,,,,{},False
3144,33611,,,bottom,,,,,{},False
3135,33649,,,bottom,,,,,{},False
3153,33654,,,bottom,,,,,{},False
3154,33656,,,bottom,,,,,{},False
3155,33662,,,bottom,,,,,{},False
3146,33672,,,bottom,,,,,{},False
3158,33695,33745,33781,top,62.79,54.0,75.0,17.5,"{3158: 0.0, 3154: 29.790000915527344, 3153: 27.6200008392334, 3157: 40.15999984741211, 3168: 8.920000076293945, 3166: 18.31999969482422, 3171: 6.980000019073486, 3175: 4.5}",True
3157,33708,,,bottom,,,,,{},False
3168,33749,33795,,bottom,,,,,{},False
3166,33752,,,bottom,,,,,{},False
3171,33756,33834,,bottom,,,,,{},False
3175,33768,,,bottom,,,,,{},False
3169,33784,,,bottom,,,,,{},False
3182,33798,33865,,bottom,,,,,{},False
3181,33818,,,bottom,,,,,{},False
3179,33821,,,bottom,,,,,{},False
3185,33835,,,bottom,,,,,{},False
3184,33846,,,bottom,,,,,{},False
3191,33877,,,bottom,,,,,{},False
3192,33879,33955,,bottom,,,,,{},False
3189,33885,,,bottom,,,,,{},False
3186,33885,,,bottom,,,,,{},False
3190,33916,,,bottom,,,,,{},False
3193,33936,34024,,bottom,,,,,{},False
3197,33987,34036,34072,top,63.53,55.1,75.0,16.58,"{3197: 0.0, 3193: 17.110000610351562, 3200: 14.779999732971191, 3196: 27.260000228881836, 3198: 26.649999618530273, 3204: 9.739999771118164, 3219: 2.359999895095825}",True
3200,34013,,,bottom,,,,,{},False
3196,34027,,,bottom,,,,,{},False
3198,34030,,,bottom,,,,,{},False
3204,34035,34107,,bottom,,,,,{},False
3219,34070,34167,,bottom,,,,,{},False
3222,34075,,,bottom,,,,,{},False
3215,34101,,,bottom,,,,,{},False
3227,34117,34188,34264,bottom,36.73,38.03,35.53,-0.99,"{3227: 0.0, 3219: 9.460000038146973, 3222: 14.1899995803833, 3228: 1.9500000476837158, 3225: 7.559999942779541, 3223: 9.800000190734863, 3229: 28.719999313354492, 3233: 23.200000762939453, 3237: 27.219999313354492, 3238: 3.4600000381469727, 3234: 35.91999816894531, 3239: 35.91999816894531}",True
3228,34129,34186,,bottom,,,,,{},False
3225,34143,,,bottom,,,,,{},False
3223,34148,,,bottom,,,,,{},False
3229,34163,,,top,,,,,{},False
3233,34187,34275,,bottom,,,,,{},False
3230,34190,,,bottom,,,,,{},False
3237,34203,34303,,bottom,,,,,{},False
3238,34216,34267,34302,top,62.79,52.94,77.14,20.74,"{3233: 17.950000762939453, 3238: 0.0, 3237: 19.440000534057617, 3227: 18.860000610351562, 3239: 32.81999969482422, 3234: 39.56999969482422, 3240: 35.68000030517578}",True
3239,34232,,,bottom,,,,,{},False
3234,34233,,,bottom,,,,,{},False
3240,34286,34323,34352,top,81.82,72.97,93.1,20.82,"{3238: 35.66999816894531, 3233: 8.239999771118164, 3237: 20.309999465942383, 3240: 0.0, 3241: 13.770000457763672, 3242: 14.649999618530273, 3243: 12.8100004196167, 3247: 39.91999816894531, 3249: 2.0399999618530273}",True
3241,34304,34341,34368,top,84.38,72.97,100.0,30.03,"{3238: 48.95000076293945, 3240: 13.789999961853027, 3233: 8.630000114440918, 3241: 0.0, 3242: 20.739999771118164, 3243: 18.969999313354492, 3247: 28.639999389648438, 3249: 8.680000305175781}",True
3242,34307,34400,,bottom,,,,,{},False
3243,34313,34388,34458,bottom,37.24,36.0,38.57,1.1,"{3243: 0.0, 3242: 2.119999885559082, 3240: 12.420000076293945, 3233: 32.5, 3241: 18.56999969482422, 3247: 20.110000610351562, 3249: 11.850000381469727, 3252: 20.559999465942383, 3245: 22.200000762939453, 3262: 25.81999969482422, 3270: 32.16999816894531, 3265: 33.59000015258789, 3268: 34.33000183105469, 3269: 9.600000381469727, 3274: 41.810001373291016, 3271: 45.90999984741211, 3276: 43.220001220703125, 3278: 44.630001068115234}",True
3247,34339,34391,34426,top,62.07,51.92,77.14,21.62,"{3243: 19.530000686645508, 3242: 18.479999542236328, 3247: 0.0, 3241: 29.299999237060547, 3240: 40.779998779296875, 3249: 35.81999969482422, 3252: 15.710000038146973, 3245: 28.260000228881836, 3262: 22.959999084472656, 3270: 4.170000076293945, 3265: 8.239999771118164, 3268: 7.170000076293945, 3269: 45.560001373291016}",True
3249,34348,,,bottom,,,,,{},False
3252,34373,,,bottom,,,,,{},False
3245,34382,,,bottom,,,,,{},False
3262,34388,,,bottom,,,,,{},False
3270,34412,34486,,bottom,,,,,{},False
3265,34413,,,bottom,,,,,{},False
3268,34415,,,bottom,,,,,{},False
3269,34424,,,top,,,,,{},False
3274,34437,,,bottom,,,,,{},False
3271,34447,,,bottom,,,,,{},False
3276,34448,,,bottom,,,,,{},False
3278,34453,,,bottom,,,,,{},False
3277,34460,,,bottom,,,,,{},False
3279,34480,,,bottom,,,,,{},False
3280,34489,,,bottom,,,,,{},False
3287,34493,34568,,bottom,,,,,{},False
3286,34511,,,bottom,,,,,{},False
3290,34529,,,bottom,,,,,{},False
3291,34539,,,bottom,,,,,{},False
3294,34546,,,bottom,,,,,{},False
3295,34554,,,bottom,,,,,{},False
3300,34562,34658,34745,bottom,29.51,28.12,31.03,1.0,"{3300: 0.0, 3287: 24.510000228881836, 3298: 4.389999866485596, 3301: 4.71999979019165, 3304: 4.139999866485596, 3308: 8.1899995803833, 3309: 4.559999942779541, 3302: 9.260000228881836, 3305: 16.06999969482422, 3312: 17.299999237060547, 3316: 9.899999618530273, 3317: 17.829999923706055, 3319: 19.899999618530273, 3320: 23.829999923706055, 3314: 26.440000534057617, 3318: 35.70000076293945, 3322: 10.170000076293945, 3325: 46.209999084472656}",True
3298,34576,,,bottom,,,,,{},False
3301,34581,,,bottom,,,,,{},False
3304,34590,34669,,bottom,,,,,{},False
3309,34596,34652,34714,bottom,45.76,48.21,43.55,-2.26,"{3300: 4.369999885559082, 3304: 3.7899999618530273, 3308: 0.15000000596046448, 3309: 0.0, 3287: 33.02000045776367, 3302: 2.630000114440918, 3305: 13.15999984741211, 3312: 13.510000228881836, 3316: 12.390000343322754, 3317: 22.8700008392334, 3319: 16.729999542236328, 3320: 30.1200008392334, 3314: 30.030000686645508, 3318: 41.779998779296875}",True
3308,34596,,,bottom,,,,,{},False
3302,34600,,,bottom,,,,,{},False
3305,34621,,,bottom,,,,,{},False
3312,34623,,,bottom,,,,,{},False
3316,34625,34681,,bottom,,,,,{},False
3313,34636,,,top,,,,,{},False
3317,34648,34705,,bottom,,,,,{},False
3319,34656,,,top,,,,,{},False
3320,34661,34750,,bottom,,,,,{},False
3314,34665,,,bottom,,,,,{},False
3318,34700,,,bottom,,,,,{},False
3322,34720,34752,34776,top,96.43,84.38,112.5,35.16,"{3300: 19.139999389648438, 3309: 6.929999828338623, 3320: 12.510000228881836, 3322: 0.0, 3325: 13.710000038146973, 3326: 11.9399995803833}",True
3325,34743,34830,,bottom,,,,,{},False
3326,34747,34806,34862,bottom,46.96,45.76,48.21,1.31,"{3326: 0.0, 3325: 3.9800000190734863, 3320: 21.139999389648438, 3322: 11.4399995803833, 3300: 43.34000015258789, 3330: 24.1200008392334, 3332: 11.630000114440918, 3335: 35.939998626708984, 3329: 38.72999954223633, 3336: 39.529998779296875, 3337: 40.650001525878906, 3331: 43.56999969482422}",True
3330,34805,,,bottom,,,,,{},False
3332,34813,34858,34891,top,69.23,60.0,81.82,19.83,"{3326: 13.989999771118164, 3330: 33.83000183105469, 3332: 0.0, 3325: 18.81999969482422, 3335: 20.459999084472656, 3329: 32.11000061035156, 3336: 13.229999542236328, 3337: 12.989999771118164, 3331: 25.239999771118164, 3342: 36.119998931884766}",True
3335,34831,,,bottom,,,,,{},False
3329,34841,,,bottom,,,,,{},False
3336,34842,34932,,bottom,,,,,{},False
3337,34849,34893,,bottom,,,,,{},False
3331,34853,,,bottom,,,,,{},False
3342,34873,34912,34940,top,80.6,69.23,96.43,29.14,"{3332: 36.18000030517578, 3337: 24.899999618530273, 3336: 18.18000030517578, 3342: 0.0, 3345: 15.6899995803833, 3339: 34.439998626708984}",True
3345,34895,34974,35045,bottom,36.0,34.18,38.03,1.63,"{3345: 0.0, 3342: 15.170000076293945, 3336: 13.170000076293945, 3339: 0.5299999713897705, 3347: 18.809999465942383, 3349: 20.969999313354492, 3352: 27.790000915527344, 3351: 38.90999984741211, 3350: 44.279998779296875, 3357: 44.459999084472656}",True
3339,34897,,,bottom,,,,,{},False
3347,34954,,,bottom,,,,,{},False
3349,34954,35054,,bottom,,,,,{},False
3352,34984,35061,35138,bottom,35.06,35.06,35.06,,"{3352: 0.0, 3349: 4.46999979019165, 3345: 27.110000610351562, 3350: 17.59000015258789, 3357: 22.670000076293945, 3360: 27.06999969482422, 3354: 34.560001373291016, 3365: 5.690000057220459, 3366: 40.52000045776367, 3361: 44.16999816894531}",True
3351,35019,,,bottom,,,,,{},False
3350,35036,,,bottom,,,,,{},False
3357,35044,35157,,bottom,,,,,{},False
3360,35070,35179,35235,bottom,32.73,24.77,48.21,12.56,"{3360: 0.0, 3357: 3.549999952316284, 3352: 27.059999465942383, 3349: 26.469999313354492, 3354: 6.349999904632568, 3365: 21.040000915527344, 3366: 9.390000343322754, 3361: 17.760000228881836, 3371: 19.440000534057617, 3368: 21.40999984741211, 3370: 29.469999313354492, 3377: 30.389999389648438, 3375: 34.5099983215332, 3378: 34.54999923706055, 3376: 35.63999938964844, 3381: 39.79999923706055}",True
3354,35091,,,bottom,,,,,{},False
3365,35113,,,top,,,,,{},False
3366,35120,35173,,bottom,,,,,{},False
3361,35130,,,bottom,,,,,{},False
3371,35151,,,bottom,,,,,{},False
3368,35166,,,bottom,,,,,{},False
3370,35198,,,bottom,,,,,{},False
3377,35199,,,bottom,,,,,{},False
3375,35202,,,bottom,,,,,{},False
3378,35209,,,bottom,,,,,{},False
3376,35220,,,bottom,,,,,{},False
3381,35231,35286,35345,bottom,47.37,49.09,45.76,-1.69,"{3381: 0.0, 3378: 2.630000114440918, 3360: 34.33000183105469, 3382: 8.5600004196167, 3385: 23.530000686645508, 3380: 28.229999542236328, 3383: 30.030000686645508, 3384: 34.959999084472656, 3387: 37.0099983215332}",True
3382,35242,,,bottom,,,,,{},False
3385,35289,35332,,bottom,,,,,{},False
3380,35291,,,bottom,,,,,{},False
3383,35295,,,bottom,,,,,{},False
3384,35309,,,bottom,,,,,{},False
3387,35309,,,bottom,,,,,{},False
3390,35338,,,bottom,,,,,{},False
3386,35358,,,bottom,,,,,{},False
3392,35359,,,bottom,,,,,{},False
3389,35370,,,bottom,,,,,{},False
3395,35388,35469,,bottom,,,,,{},False
3396,35389,35429,35473,bottom,64.29,67.5,61.36,-4.18,"{3396: 0.0, 3395: 10.579999923706055, 3390: 25.75, 3392: 2.819999933242798, 3393: 14.449999809265137, 3394: 14.989999771118164, 3397: 15.170000076293945, 3398: 34.33000183105469, 3399: 32.95000076293945}",True
3393,35411,,,bottom,,,,,{},False
3394,35413,,,bottom,,,,,{},False
3397,35415,,,bottom,,,,,{},False
3398,35442,35550,,bottom,,,,,{},False
3399,35444,35526,,bottom,,,,,{},False
3400,35510,,,bottom,,,,,{},False
3401,35542,35598,35635,top,58.06,48.21,72.97,20.07,"{3401: 0.0, 3399: 18.65999984741211, 3402: 1.6799999475479126, 3398: 22.329999923706055, 3403: 34.79999923706055, 3405: 15.1899995803833, 3404: 19.68000030517578, 3408: 8.680000305175781}",True
3402,35548,,,top,,,,,{},False
3403,35566,,,bottom,,,,,{},False
3405,35573,35662,35730,bottom,34.39,30.34,39.71,4.13,"{3405: 0.0, 3401: 15.170000076293945, 3402: 27.639999389648438, 3404: 10.979999542236328, 3408: 13.239999771118164, 3412: 19.950000762939453, 3415: 22.979999542236328, 3417: 19.360000610351562, 3418: 26.239999771118164, 3419: 30.899999618530273, 3416: 31.56999969482422, 3420: 26.610000610351562, 3421: 7.619999885559082, 3414: 34.86000061035156, 3423: 40.459999084472656}",True
3404,35602,,,bottom,,,,,{},False
3408,35620,,,bottom,,,,,{},False
3412,35638,,,bottom,,,,,{},False
3415,35643,,,bottom,,,,,{},False
3417,35646,,,bottom,,,,,{},False
3418,35665,35750,35816,bottom,35.76,31.76,40.91,4.16,"{3418: 0.0, 3405: 25.940000534057617, 3419: 4.340000152587891, 3416: 3.3399999141693115, 3420: 2.380000114440918, 3421: 19.139999389648438, 3414: 10.470000267028809, 3423: 9.720000267028809, 3424: 20.549999237060547, 3426: 12.609999656677246, 3428: 27.969999313354492, 3430: 40.689998626708984, 3435: 2.880000114440918, 3437: 41.810001373291016}",True
3419,35666,,,bottom,,,,,{},False
3416,35676,,,bottom,,,,,{},False
3420,35678,,,bottom,,,,,{},False
3421,35684,35733,35768,top,64.29,55.1,77.14,18.89,"{3418: 18.540000915527344, 3405: 10.260000228881836, 3421: 0.0, 3419: 32.02000045776367, 3420: 32.04999923706055, 3414: 38.31999969482422, 3423: 13.65999984741211, 3424: 8.729999542236328, 3426: 39.38999938964844}",True
3414,35699,,,bottom,,,,,{},False
3423,35720,35769,,bottom,,,,,{},False
3424,35734,35824,,bottom,,,,,{},False
3426,35754,35802,35835,top,66.67,56.25,81.82,23.24,"{3421: 39.599998474121094, 3418: 19.010000228881836, 3424: 19.489999771118164, 3426: 0.0, 3423: 15.229999542236328, 3428: 17.579999923706055, 3430: 19.420000076293945, 3435: 28.65999984741211, 3437: 7.150000095367432, 3434: 1.649999976158142}",True
3428,35773,35825,,bottom,,,,,{},False
3430,35804,,,bottom,,,,,{},False
3435,35804,35848,35884,top,67.5,61.36,75.0,11.36,"{3430: 46.470001220703125, 3428: 21.299999237060547, 3435: 0.0, 3426: 28.860000610351562, 3424: 17.290000915527344, 3418: 9.149999618530273, 3437: 31.3700008392334, 3434: 32.349998474121094, 3441: 9.789999961853027, 3440: 18.8700008392334}",True
3437,35812,,,bottom,,,,,{},False
3434,35833,,,bottom,,,,,{},False
3441,35852,,,bottom,,,,,{},False
3440,35855,,,bottom,,,,,{},False
3442,35893,,,bottom,,,,,{},False
3446,35919,,,bottom,,,,,{},False
3448,35929,,,bottom,,,,,{},False
3447,35936,,,bottom,,,,,{},False
3445,35956,,,bottom,,,,,{},False
3449,35962,,,bottom,,,,,{},False
3453,35995,36058,,bottom,,,,,{},False
3451,35999,,,bottom,,,,,{},False
3454,36030,,,bottom,,,,,{},False
3455,36045,36094,36127,top,65.85,55.1,81.82,24.29,"{3455: 0.0, 3453: 18.440000534057617, 3463: 33.349998474121094, 3469: 12.729999542236328, 3477: 4.039999961853027}",True
3463,36074,,,bottom,,,,,{},False
3469,36082,,,bottom,,,,,{},False
3467,36086,,,bottom,,,,,{},False
3477,36117,,,bottom,,,,,{},False
3478,36129,,,bottom,,,,,{},False
3480,36139,,,bottom,,,,,{},False
3488,36227,36277,,bottom,,,,,{},False
3490,36236,36310,,bottom,,,,,{},False
3491,36237,,,bottom,,,,,{},False
3493,36247,36296,36335,top,61.36,55.1,69.23,10.87,"{3490: 21.040000915527344, 3491: 27.479999542236328, 3493: 0.0, 3488: 24.31999969482422, 3501: 19.709999084472656, 3506: 11.869999885559082, 3511: 37.33000183105469, 3515: 2.930000066757202}",True
3501,36301,,,bottom,,,,,{},False
3506,36304,,,bottom,,,,,{},False
3511,36317,36359,36393,top,71.05,64.29,79.41,13.35,"{3493: 37.31999969482422, 3511: 0.0, 3490: 5.079999923706055, 3515: 24.270000457763672, 3520: 28.5, 3523: 16.110000610351562}",True
3515,36324,,,bottom,,,,,{},False
3520,36350,,,bottom,,,,,{},False
3523,36369,,,bottom,,,,,{},False
3524,36393,,,bottom,,,,,{},False
3525,36430,,,bottom,,,,,{},False
3529,36447,,,bottom,,,,,{},False
3532,36462,,,bottom,,,,,{},False
3533,36462,,,bottom,,,,,{},False
3534,36465,,,bottom,,,,,{},False
3537,36476,36525,36560,top,64.29,55.1,77.14,18.89,"{3537: 0.0, 3533: 24.84000015258789, 3536: 43.529998779296875, 3534: 29.209999084472656, 3542: 39.2400016784668, 3549: 13.930000305175781, 3548: 31.920000076293945, 3551: 21.049999237060547, 3552: 10.6899995803833, 3553: 5.46999979019165, 3556: 44.290000915527344}",True
3536,36480,,,bottom,,,,,{},False
3542,36488,,,bottom,,,,,{},False
3549,36505,36578,,bottom,,,,,{},False
3548,36506,,,bottom,,,,,{},False
3551,36516,36562,36595,top,68.35,58.7,81.82,21.02,"{3537: 21.1299991607666, 3549: 19.149999618530273, 3533: 25.600000381469727, 3551: 0.0, 3552: 26.860000610351562, 3553: 16.239999771118164, 3556: 23.299999237060547, 3557: 5.260000228881836, 3559: 3.069999933242798}",True
3552,36520,,,bottom,,,,,{},False
3553,36540,,,bottom,,,,,{},False
3556,36555,36600,36633,top,69.23,60.0,81.82,19.83,"{3537: 43.880001068115234, 3551: 23.540000915527344, 3549: 23.0, 3556: 0.0, 3552: 32.470001220703125, 3553: 26.3700008392334, 3557: 15.920000076293945, 3559: 14.819999694824219, 3560: 7.769999980926514, 3558: 10.149999618530273}",True
3557,36578,36625,,bottom,,,,,{},False
3559,36584,36665,,bottom,,,,,{},False
3560,36606,36746,,bottom,,,,,{},False
3558,36619,,,bottom,,,,,{},False
3563,36634,,,bottom,,,,,{},False
3564,36654,36708,,bottom,,,,,{},False
3565,36659,36758,,bottom,,,,,{},False
3561,36676,,,bottom,,,,,{},False
3568,36723,,,bottom,,,,,{},False
3570,36729,,,bottom,,,,,{},False
3567,36749,,,bottom,,,,,{},False
3569,36758,,,bottom,,,,,{},False
3575,36777,,,bottom,,,,,{},False
3578,36797,36923,,bottom,,,,,{},False
3572,36802,,,bottom,,,,,{},False
3577,36807,,,bottom,,,,,{},False
3573,36808,,,bottom,,,,,{},False
3583,36810,,,bottom,,,,,{},False
3586,36825,36866,36899,top,72.97,65.85,81.82,14.51,"{3586: 0.0, 3578: 17.450000762939453, 3589: 19.149999618530273, 3579: 41.70000076293945, 3587: 10.109999656677246, 3590: 27.399999618530273, 3584: 38.310001373291016, 3597: 8.220000267028809, 3599: 8.619999885559082, 3588: 16.729999542236328}",True
3579,36831,,,bottom,,,,,{},False
3589,36832,36891,36946,bottom,47.37,45.76,49.09,1.82,"{3589: 0.0, 3579: 0.6000000238418579, 3586: 19.43000030517578, 3590: 2.869999885559082, 3578: 7.110000133514404, 3587: 23.420000076293945, 3584: 4.519999980926514, 3597: 21.979999542236328, 3599: 13.699999809265137, 3588: 19.920000076293945, 3605: 32.91999816894531, 3603: 39.849998474121094}",True
3590,36832,,,bottom,,,,,{},False
3587,36833,36887,36923,top,60.0,50.0,75.0,20.83,"{3589: 21.639999389648438, 3587: 0.0, 3586: 10.479999542236328, 3590: 32.630001068115234, 3578: 18.09000015258789, 3584: 44.58000183105469, 3597: 12.470000267028809, 3599: 13.739999771118164, 3588: 28.719999313354492, 3605: 13.229999542236328}",True
3584,36840,,,bottom,,,,,{},False
3597,36872,36970,,bottom,,,,,{},False
3599,36873,36919,,bottom,,,,,{},False
3588,36875,,,bottom,,,,,{},False
3605,36904,,,bottom,,,,,{},False
3603,36931,,,bottom,,,,,{},False
3610,36975,,,bottom,,,,,{},False
3608,36985,,,bottom,,,,,{},False
3614,37006,37093,,bottom,,,,,{},False
3618,37030,37077,37114,top,64.29,57.45,72.97,12.59,"{3614: 17.700000762939453, 3618: 0.0, 3615: 37.060001373291016, 3621: 15.0600004196167, 3620: 20.799999237060547, 3622: 6.78000020980835, 3623: 4.579999923706055, 3624: 41.68000030517578}",True
3615,37052,,,bottom,,,,,{},False
3621,37068,,,bottom,,,,,{},False
3620,37078,,,bottom,,,,,{},False
3622,37087,37175,,bottom,,,,,{},False
3623,37096,37188,,bottom,,,,,{},False
3624,37104,37149,37182,top,69.23,60.0,81.82,19.83,"{3618: 41.880001068115234, 3623: 19.299999237060547, 3622: 19.6200008392334, 3624: 0.0, 3625: 17.3700008392334, 3632: 3.319999933242798}",True
3625,37121,37184,,bottom,,,,,{},False
3632,37172,,,bottom,,,,,{},False
3635,37201,37264,,bottom,,,,,{},False
3631,37202,,,bottom,,,,,{},False
3636,37203,37257,37294,top,59.34,50.0,72.97,18.63,"{3631: 48.119998931884766, 3625: 7.920000076293945, 3635: 23.190000534057617, 3632: 40.9900016784668, 3636: 0.0, 3623: 4.869999885559082, 3641: 17.889999389648438, 3640: 34.56999969482422, 3637: 34.58000183105469, 3644: 10.539999961853027, 3643: 17.639999389648438, 3650: 40.45000076293945, 3652: 40.279998779296875, 3654: 1.5499999523162842}",True
3641,37222,,,bottom,,,,,{},False
3640,37232,,,bottom,,,,,{},False
3637,37234,,,bottom,,,,,{},False
3644,37252,37326,,bottom,,,,,{},False
3643,37263,,,bottom,,,,,{},False
3650,37282,37334,37371,top,60.67,51.92,72.97,17.07,"{3636: 40.77000045776367, 3652: 4.53000020980835, 3644: 18.209999084472656, 3650: 0.0, 3641: 23.540000915527344, 3654: 25.950000762939453, 3655: 22.079999923706055, 3646: 41.040000915527344, 3657: 12.399999618530273, 3656: 23.989999771118164, 3658: 14.300000190734863, 3662: 5.21999979019165, 3661: 7.170000076293945}",True
3652,37283,37324,37357,top,72.97,65.85,81.82,14.51,"{3636: 40.33000183105469, 3652: 0.0, 3644: 17.329999923706055, 3641: 21.280000686645508, 3650: 4.440000057220459, 3654: 23.56999969482422, 3655: 19.06999969482422, 3646: 39.34000015258789, 3657: 10.760000228881836, 3656: 17.850000381469727, 3658: 9.640000343322754}",True
3654,37288,37347,,bottom,,,,,{},False
3655,37293,,,bottom,,,,,{},False
3646,37295,,,bottom,,,,,{},False
3657,37321,37372,,bottom,,,,,{},False
3658,37329,,,bottom,,,,,{},False
3656,37330,,,bottom,,,,,{},False
3662,37356,,,bottom,,,,,{},False
3661,37359,,,bottom,,,,,{},False
3665,37396,,,bottom,,,,,{},False
3667,37400,,,bottom,,,,,{},False
3669,37404,37468,37518,bottom,47.37,42.19,54.0,7.09,"{3669: 0.0, 3665: 4.980000019073486, 3662: 10.789999961853027, 3664: 4.980000019073486, 3672: 4.980000019073486, 3671: 8.180000305175781, 3673: 10.199999809265137, 3677: 20.540000915527344, 3680: 24.3700008392334, 3681: 27.31999969482422, 3687: 35.2400016784668, 3689: 35.02000045776367, 3683: 36.040000915527344, 3694: 44.5099983215332, 3696: 43.09000015258789}",True
3664,37412,,,bottom,,,,,{},False
3672,37413,,,bottom,,,,,{},False
3671,37422,,,bottom,,,,,{},False
3673,37428,,,bottom,,,,,{},False
3677,37445,,,bottom,,,,,{},False
3680,37464,,,bottom,,,,,{},False
3681,37470,,,bottom,,,,,{},False
3687,37495,,,bottom,,,,,{},False
3689,37495,,,bottom,,,,,{},False
3683,37495,,,bottom,,,,,{},False
3694,37514,,,bottom,,,,,{},False
3696,37514,37568,,bottom,,,,,{},False
3692,37520,,,bottom,,,,,{},False
3697,37529,37576,37612,top,65.06,57.45,75.0,14.63,"{3694: 26.420000076293945, 3697: 0.0, 3669: 6.380000114440918, 3696: 16.170000076293945, 3695: 39.209999084472656, 3705: 7.039999961853027, 3706: 6.329999923706055, 3707: 1.2999999523162842}",True
3695,37543,,,bottom,,,,,{},False
3705,37586,37645,,bottom,,,,,{},False
3706,37591,37701,,bottom,,,,,{},False
3707,37610,,,bottom,,,,,{},False
3699,37617,,,bottom,,,,,{},False
3712,37633,,,bottom,,,,,{},False
3713,37638,,,bottom,,,,,{},False
3711,37644,,,bottom,,,,,{},False
3717,37658,,,bottom,,,,,{},False
3723,37672,,,bottom,,,,,{},False
3716,37678,,,bottom,,,,,{},False
3732,37692,,,bottom,,,,,{},False
3745,37717,37771,,bottom,,,,,{},False
3747,37729,,,bottom,,,,,{},False
3743,37739,,,bottom,,,,,{},False
3733,37755,,,bottom,,,,,{},False
3751,37760,,,bottom,,,,,{},False
3753,37761,37813,,bottom,,,,,{},False
3740,37777,,,bottom,,,,,{},False
3757,37791,37842,37880,top,60.67,52.94,71.05,14.3,"{3757: 0.0, 3753: 16.219999313354492, 3761: 19.8799991607666, 3758: 37.11000061035156, 3760: 36.06999969482422, 3770: 4.349999904632568}",True
3761,37813,37954,,bottom,,,,,{},False
3758,37814,,,bottom,,,,,{},False
3760,37816,,,bottom,,,,,{},False
3763,37836,,,bottom,,,,,{},False
3770,37870,,,bottom,,,,,{},False
3771,37892,,,bottom,,,,,{},False
3773,37926,,,bottom,,,,,{},False
3774,37928,,,bottom,,,,,{},False
3778,37934,,,bottom,,,,,{},False
3776,37953,,,bottom,,,,,{},False
3779,37957,,,bottom,,,,,{},False
3787,37978,,,bottom,,,,,{},False
3791,38009,,,bottom,,,,,{},False
3796,38021,,,bottom,,,,,{},False
3799,38033,,,bottom,,,,,{},False
3802,38033,38128,,bottom,,,,,{},False
3804,38045,,,bottom,,,,,{},False
3800,38057,,,bottom,,,,,{},False
3805,38064,,,bottom,,,,,{},False
3807,38065,,,bottom,,,,,{},False
3803,38079,,,bottom,,,,,{},False
3809,38090,,,bottom,,,,,{},False
3811,38093,,,bottom,,,,,{},False
3808,38110,,,bottom,,,,,{},False
3813,38118,,,bottom,,,,,{},False
3816,38130,,,bottom,,,,,{},False
3817,38147,,,bottom,,,,,{},False
3819,38160,38228,,bottom,,,,,{},False
3815,38161,,,bottom,,,,,{},False
3820,38165,38239,,bottom,,,,,{},False
3818,38169,,,bottom,,,,,{},False
3822,38170,,,bottom,,,,,{},False
3824,38173,,,bottom,,,,,{},False
3830,38221,,,bottom,,,,,{},False
3833,38226,,,bottom,,,,,{},False
3836,38244,,,bottom,,,,,{},False
3838,38249,38320,,bottom,,,,,{},False
3834,38250,,,bottom,,,,,{},False
3828,38254,,,bottom,,,,,{},False
3843,38277,38321,,bottom,,,,,{},False
3841,38278,,,bottom,,,,,{},False
3847,38293,,,bottom,,,,,{},False
3850,38298,,,bottom,,,,,{},False
3845,38300,,,bottom,,,,,{},False
3848,38313,,,bottom,,,,,{},False
3860,38340,,,bottom,,,,,{},False
3861,38344,38399,,bottom,,,,,{},False
3854,38347,,,bottom,,,,,{},False
3856,38353,,,bottom,,,,,{},False
3859,38369,,,bottom,,,,,{},False
3864,38373,,,bottom,,,,,{},False
3863,38385,,,bottom,,,,,{},False
3866,38402,,,bottom,,,,,{},False
3867,38431,,,bottom,,,,,{},False
3870,38438,,,bottom,,,,,{},False
3876,38440,,,bottom,,,,,{},False
3874,38448,,,bottom,,,,,{},False
3878,38466,,,bottom,,,,,{},False
3880,38471,38531,,bottom,,,,,{},False
3881,38474,38530,38578,bottom,51.92,48.21,56.25,5.02,"{3880: 1.3700000047683716, 3881: 0.0, 3876: 6.159999847412109, 3868: 1.3600000143051147, 3879: 6.900000095367432, 3882: 16.469999313354492, 3886: 15.970000267028809, 3888: 16.399999618530273, 3890: 23.40999984741211, 3891: 28.920000076293945, 3895: 34.33000183105469, 3897: 41.599998474121094, 3899: 45.709999084472656}",True
3868,38476,,,bottom,,,,,{},False
3879,38490,,,bottom,,,,,{},False
3886,38513,38569,,bottom,,,,,{},False
3882,38514,,,bottom,,,,,{},False
3888,38515,38572,,bottom,,,,,{},False
3890,38520,,,bottom,,,,,{},False
3891,38546,,,bottom,,,,,{},False
3895,38556,38609,,bottom,,,,,{},False
3897,38567,,,bottom,,,,,{},False
3899,38577,,,bottom,,,,,{},False
3901,38586,38630,38662,top,71.05,61.36,84.38,21.57,"{3901: 0.0, 3897: 27.139999389648438, 3899: 23.639999389648438, 3881: 15.770000457763672, 3895: 16.209999084472656, 3902: 7.53000020980835, 3894: 40.93000030517578, 3903: 18.020000457763672, 3904: 17.059999465942383, 3906: 12.130000114440918, 3907: 12.199999809265137}",True
3902,38596,38644,38676,top,67.5,56.25,84.38,26.37,"{3901: 7.659999847412109, 3897: 29.190000534057617, 3902: 0.0, 3899: 23.520000457763672, 3894: 45.66999816894531, 3881: 12.989999771118164, 3903: 20.780000686645508, 3904: 10.25, 3895: 17.860000610351562, 3906: 15.34000015258789, 3907: 18.15999984741211, 3913: 9.649999618530273}",True
3894,38599,,,bottom,,,,,{},False
3903,38600,38651,,bottom,,,,,{},False
3904,38602,,,top,,,,,{},False
3906,38622,38771,,bottom,,,,,{},False
3907,38624,38689,,bottom,,,,,{},False
3913,38663,,,bottom,,,,,{},False
3919,38698,38759,,bottom,,,,,{},False
3920,38710,,,bottom,,,,,{},False
3914,38715,,,bottom,,,,,{},False
3921,38716,,,bottom,,,,,{},False
3922,38732,38890,,bottom,,,,,{},False
3923,38732,38771,38797,top,83.08,69.23,103.85,39.94,"{3922: 21.610000610351562, 3919: 15.100000381469727, 3923: 0.0, 3921: 31.450000762939453, 3906: 10.430000305175781, 3917: 41.400001525878906}",True
3917,38745,,,bottom,,,,,{},False
3927,38796,38850,,bottom,,,,,{},False
3925,38806,,,bottom,,,,,{},False
3933,38813,,,bottom,,,,,{},False
3934,38821,38876,38932,bottom,48.65,49.09,48.21,-0.47,"{3934: 0.0, 3933: 6.440000057220459, 3927: 11.460000038146973, 3922: 6.320000171661377, 3931: 7.309999942779541, 3940: 11.930000305175781, 3932: 23.90999984741211, 3943: 30.34000015258789, 3949: 29.1299991607666, 3941: 12.300000190734863, 3947: 43.189998626708984}",True
3931,38838,,,bottom,,,,,{},False
3940,38847,38904,,bottom,,,,,{},False
3932,38872,,,bottom,,,,,{},False
3943,38887,,,bottom,,,,,{},False
3949,38891,,,bottom,,,,,{},False
3941,38905,,,top,,,,,{},False
3947,38923,,,bottom,,,,,{},False
3951,38944,,,bottom,,,,,{},False
3957,38948,38998,39030,top,65.85,54.0,84.38,28.48,"{3957: 0.0, 3955: 45.959999084472656, 3959: 31.049999237060547, 3964: 12.84000015258789, 3969: 2.490000009536743}",True
3955,38953,,,bottom,,,,,{},False
3959,38982,,,bottom,,,,,{},False
3964,38997,,,bottom,,,,,{},False
3969,39027,,,bottom,,,,,{},False
3971,39039,,,bottom,,,,,{},False
3972,39040,,,bottom,,,,,{},False
3970,39053,,,bottom,,,,,{},False
3974,39085,,,bottom,,,,,{},False
3975,39105,,,bottom,,,,,{},False
3980,39127,39170,,top,,,,,{},False
3977,39129,,,bottom,,,,,{},False
3981,39146,,,bottom,,,,,{},False
3984,39168,,,bottom,,,,,{},False
3983,39174,,,bottom,,,,,{},False
3986,39193,,,bottom,,,,,{},False
3985,39202,,,bottom,,,,,{},False
3989,39224,,,bottom,,,,,{},False
3987,39225,,,bottom,,,,,{},False
3991,39227,,,bottom,,,,,{},False
3990,39248,,,bottom,,,,,{},False
3993,39249,,,bottom,,,,,{},False
3994,39256,,,bottom,,,,,{},False
3998,39273,,,bottom,,,,,{},False
3997,39298,,,bottom,,,,,{},False
3999,39307,39356,39390,top,65.06,55.1,79.41,21.45,"{3999: 0.0, 3996: 47.099998474121094, 4003: 19.93000030517578, 4004: 19.690000534057617, 4001: 28.290000915527344, 4006: 11.039999961853027, 4005: 15.460000038146973}",True
3996,39312,,,bottom,,,,,{},False
4003,39322,39373,,bottom,,,,,{},False
4004,39341,,,bottom,,,,,{},False
4001,39346,,,bottom,,,,,{},False
4006,39351,39412,,bottom,,,,,{},False
4005,39366,,,bottom,,,,,{},False
4013,39431,,,bottom,,,,,{},False
4018,39483,,,bottom,,,,,{},False
4019,39498,,,bottom,,,,,{},False
4022,39507,,,bottom,,,,,{},False
4025,39539,,,bottom,,,,,{},False
4028,39549,,,bottom,,,,,{},False
4020,39565,,,bottom,,,,,{},False
4033,39594,,,bottom,,,,,{},False
4030,39598,,,bottom,,,,,{},False
4041,39599,,,bottom,,,,,{},False
4035,39615,,,bottom,,,,,{},False
4042,39618,,,bottom,,,,,{},False
4040,39628,,,bottom,,,,,{},False
4046,39660,39706,39743,top,65.06,58.7,72.97,11.58,"{4046: 0.0, 4048: 19.639999389648438, 4050: 17.110000610351562, 4049: 37.150001525878906, 4051: 8.100000381469727, 4055: 2.609999895095825}",True
4048,39665,39717,,bottom,,,,,{},False
4050,39676,39752,,bottom,,,,,{},False
4049,39678,,,bottom,,,,,{},False
4051,39729,,,bottom,,,,,{},False
4055,39734,,,bottom,,,,,{},False
4056,39799,,,bottom,,,,,{},False
4057,39801,,,bottom,,,,,{},False
4059,39805,,,bottom,,,,,{},False
4060,39865,,,bottom,,,,,{},False
4068,39901,,,bottom,,,,,{},False
4067,39905,,,bottom,,,,,{},False
4066,39920,,,bottom,,,,,{},False
4071,39932,,,bottom,,,,,{},False
4075,39951,,,bottom,,,,,{},False
4074,39961,,,bottom,,,,,{},False
4070,39974,,,bottom,,,,,{},False
4079,39982,40032,,bottom,,,,,{},False
4078,39994,,,bottom,,,,,{},False
4080,40004,,,bottom,,,,,{},False
4085,40047,40097,40132,top,63.53,54.0,77.14,19.84,"{4085: 0.0, 4079: 7.590000152587891, 4080: 25.8700008392334, 4083: 42.369998931884766, 4086: 25.450000762939453, 4090: 19.649999618530273, 4110: 1.8899999856948853}",True
4083,40059,,,bottom,,,,,{},False
4086,40092,,,bottom,,,,,{},False
4090,40100,,,bottom,,,,,{},False
4110,40130,40368,,bottom,,,,,{},False
4108,40146,,,bottom,,,,,{},False
4091,40148,,,bottom,,,,,{},False
4112,40154,40202,40237,top,65.06,56.25,77.14,17.91,"{4112: 0.0, 4110: 20.010000228881836, 4116: 25.81999969482422, 4119: 8.09000015258789, 4120: 6.510000228881836, 4118: 10.979999542236328, 4126: 3.0899999141693115}",True
4116,40196,,,bottom,,,,,{},False
4119,40212,40307,,bottom,,,,,{},False
4120,40216,40294,,bottom,,,,,{},False
4118,40221,,,bottom,,,,,{},False
4126,40231,,,bottom,,,,,{},False
4129,40256,,,bottom,,,,,{},False
4125,40257,,,bottom,,,,,{},False
4130,40271,,,bottom,,,,,{},False
4136,40326,40373,40406,top,67.5,57.45,81.82,22.16,"{4119: 6.78000020980835, 4136: 0.0, 4110: 13.680000305175781, 4120: 2.890000104904175, 4138: 38.119998931884766, 4141: 22.299999237060547, 4143: 9.5, 4146: 7.909999847412109, 4147: 4.610000133514404, 4135: 1.8200000524520874}",True
4138,40345,,,bottom,,,,,{},False
4141,40373,,,bottom,,,,,{},False
4143,40375,40465,,bottom,,,,,{},False
4146,40384,,,bottom,,,,,{},False
4147,40401,,,bottom,,,,,{},False
4135,40403,,,bottom,,,,,{},False
4150,40425,40485,,bottom,,,,,{},False
4151,40430,,,bottom,,,,,{},False
4148,40436,,,bottom,,,,,{},False
4153,40475,,,bottom,,,,,{},False
4156,40479,,,bottom,,,,,{},False
4155,40489,,,bottom,,,,,{},False
4157,40497,,,bottom,,,,,{},False
4162,40518,,,bottom,,,,,{},False
4158,40521,,,bottom,,,,,{},False
4160,40543,,,bottom,,,,,{},False
4168,40578,,,bottom,,,,,{},False
4173,40590,,,bottom,,,,,{},False
4176,40607,,,bottom,,,,,{},False
4170,40617,,,bottom,,,,,{},False
4166,40619,,,bottom,,,,,{},False
4178,40650,,,bottom,,,,,{},False
4179,40651,,,bottom,,,,,{},False
4175,40661,,,bottom,,,,,{},False
4184,40671,40779,,bottom,,,,,{},False
4185,40684,40739,,bottom,,,,,{},False
4180,40694,,,bottom,,,,,{},False
4188,40698,,,bottom,,,,,{},False
4186,40713,,,bottom,,,,,{},False
4194,40734,40790,,bottom,,,,,{},False
4183,40735,,,bottom,,,,,{},False
4193,40741,,,bottom,,,,,{},False
4195,40745,40796,40832,top,62.07,52.94,75.0,18.38,"{4194: 24.6299991607666, 4195: 0.0, 4188: 24.360000610351562, 4184: 14.119999885559082, 4185: 21.040000915527344, 4196: 21.0, 4199: 8.380000114440918, 4197: 13.960000038146973}",True
4196,40798,,,bottom,,,,,{},False
4199,40803,,,bottom,,,,,{},False
4197,40811,,,bottom,,,,,{},False
4203,40853,40994,41090,bottom,22.78,19.15,28.12,2.81,"{4203: 0.0, 4200: 1.1699999570846558, 4206: 11.6899995803833, 4209: 0.5600000023841858, 4207: 1.6799999475479126, 4213: 3.7200000286102295, 4214: 8.100000381469727, 4216: 11.300000190734863, 4219: 12.899999618530273, 4222: 14.75, 4217: 18.739999771118164, 4227: 20.06999969482422, 4225: 20.6299991607666, 4229: 27.25, 4232: 32.38999938964844, 4239: 38.599998474121094, 4240: 38.88999938964844, 4238: 41.09000015258789, 4243: 46.099998474121094}",True
4200,40859,,,bottom,,,,,{},False
4205,40870,,,bottom,,,,,{},False
4206,40872,,,bottom,,,,,{},False
4209,40903,,,bottom,,,,,{},False
4207,40906,,,bottom,,,,,{},False
4213,40911,40980,41046,bottom,40.0,39.13,40.91,0.81,"{4203: 2.9800000190734863, 4213: 0.0, 4214: 7.730000019073486, 4216: 12.579999923706055, 4219: 16.020000457763672, 4222: 20.1299991607666, 4217: 21.81999969482422, 4227: 22.93000030517578, 4225: 23.31999969482422}",True
4214,40930,,,bottom,,,,,{},False
4216,40941,,,bottom,,,,,{},False
4219,40943,,,bottom,,,,,{},False
4222,40961,41045,,bottom,,,,,{},False
4217,40964,,,bottom,,,,,{},False
4227,40971,,,bottom,,,,,{},False
4225,40974,,,bottom,,,,,{},False
4229,41004,,,bottom,,,,,{},False
4232,41020,,,bottom,,,,,{},False
4239,41045,,,bottom,,,,,{},False
4240,41064,,,bottom,,,,,{},False
4238,41068,,,bottom,,,,,{},False
4243,41088,,,bottom,,,,,{},False
4245,41098,,,bottom,,,,,{},False
4244,41110,,,bottom,,,,,{},False
4249,41114,,,bottom,,,,,{},False
4248,41120,,,bottom,,,,,{},False
4251,41130,,,bottom,,,,,{},False
4253,41165,41249,41313,bottom,36.49,32.14,42.19,4.71,"{4253: 0.0, 4254: 1.9800000190734863, 4252: 1.5199999809265137, 4250: 2.390000104904175, 4259: 15.529999732971191, 4255: 19.90999984741211, 4264: 16.75, 4263: 22.68000030517578, 4266: 30.6299991607666, 4268: 28.43000030517578, 4260: 30.3799991607666, 4265: 32.34000015258789, 4267: 34.189998626708984, 4269: 41.970001220703125, 4278: 42.61000061035156, 4274: 43.45000076293945}",True
4254,41168,41230,,bottom,,,,,{},False
4252,41170,,,bottom,,,,,{},False
4250,41175,,,bottom,,,,,{},False
4259,41212,,,bottom,,,,,{},False
4255,41222,,,bottom,,,,,{},False
4264,41224,41296,,bottom,,,,,{},False
4263,41239,,,bottom,,,,,{},False
4266,41245,,,bottom,,,,,{},False
4268,41257,41322,,bottom,,,,,{},False
4260,41261,,,bottom,,,,,{},False
4265,41271,,,bottom,,,,,{},False
4267,41275,,,bottom,,,,,{},False
4269,41303,,,bottom,,,,,{},False
4278,41305,,,bottom,,,,,{},False
4274,41308,,,bottom,,,,,{},False
4276,41325,,,bottom,,,,,{},False
4281,41333,,,bottom,,,,,{},False
4277,41348,,,bottom,,,,,{},False
4283,41361,,,bottom,,,,,{},False
4288,41375,41440,41494,bottom,45.38,41.54,50.0,4.7,"{4288: 0.0, 4286: 5.46999979019165, 4287: 9.289999961853027, 4295: 14.329999923706055, 4293: 11.569999694824219, 4300: 18.239999771118164, 4305: 28.959999084472656, 4306: 39.959999084472656, 4296: 43.130001068115234}",True
4291,41384,,,bottom,,,,,{},False
4286,41387,,,bottom,,,,,{},False
4287,41396,,,bottom,,,,,{},False
4295,41402,41493,41588,bottom,29.03,29.67,28.42,-0.39,"{4295: 0.0, 4288: 14.539999961853027, 4293: 0.7300000190734863, 4300: 5.019999980926514, 4305: 13.880000114440918, 4294: 11.449999809265137, 4306: 21.6200008392334, 4296: 22.350000381469727, 4311: 25.540000915527344, 4316: 29.610000610351562, 4309: 27.299999237060547, 4317: 36.9900016784668}",True
4293,41404,,,bottom,,,,,{},False
4300,41420,,,bottom,,,,,{},False
4305,41431,,,bottom,,,,,{},False
4294,41443,,,bottom,,,,,{},False
4306,41474,,,bottom,,,,,{},False
4296,41478,,,bottom,,,,,{},False
4311,41496,,,bottom,,,,,{},False
4316,41500,,,bottom,,,,,{},False
4309,41507,,,bottom,,,,,{},False
4317,41549,,,bottom,,,,,{},False
4314,41559,,,bottom,,,,,{},False
4328,41600,,,bottom,,,,,{},False
4325,41613,,,bottom,,,,,{},False
4329,41616,41712,41799,bottom,29.51,28.12,31.03,1.0,"{4329: 0.0, 4330: 6.820000171661377, 4334: 11.069999694824219, 4335: 12.069999694824219, 4333: 20.43000030517578, 4338: 21.469999313354492, 4339: 28.239999771118164, 4340: 35.220001220703125, 4344: 36.209999084472656, 4343: 39.290000915527344, 4345: 42.310001373291016}",True
4330,41623,,,bottom,,,,,{},False
4334,41661,,,bottom,,,,,{},False
4335,41671,,,bottom,,,,,{},False
4336,41673,,,bottom,,,,,{},False
4333,41697,,,bottom,,,,,{},False
4338,41704,,,bottom,,,,,{},False
4339,41716,,,bottom,,,,,{},False
4340,41753,,,bottom,,,,,{},False
4344,41760,,,bottom,,,,,{},False
4343,41774,,,bottom,,,,,{},False
4345,41784,,,bottom,,,,,{},False
4350,41805,41855,41889,top,64.29,54.0,79.41,22.42,"{4350: 0.0, 4339: 33.91999816894531, 4344: 27.84000015258789, 4329: 14.609999656677246, 4348: 39.029998779296875, 4352: 34.810001373291016, 4358: 15.510000228881836, 4360: 32.869998931884766, 4356: 25.350000381469727, 4353: 17.239999771118164, 4372: 7.309999942779541, 4375: 36.40999984741211}",True
4348,41819,,,bottom,,,,,{},False
4352,41830,,,bottom,,,,,{},False
4358,41831,41944,41993,bottom,33.33,23.89,55.1,19.11,"{4350: 15.510000228881836, 4358: 0.0, 4352: 1.4299999475479126, 4360: 0.11999999731779099, 4344: 17.1200008392334, 4329: 35.150001525878906, 4356: 7.170000076293945, 4353: 11.729999542236328, 4372: 10.510000228881836, 4375: 14.8100004196167, 4382: 19.5, 4384: 34.02000045776367, 4387: 14.15999984741211, 4388: 22.40999984741211, 4386: 29.40999984741211, 4391: 42.189998626708984}",True
4360,41833,,,bottom,,,,,{},False
4356,41849,,,bottom,,,,,{},False
4353,41862,,,bottom,,,,,{},False
4372,41865,41961,,bottom,,,,,{},False
4367,41868,,,bottom,,,,,{},False
4375,41871,41919,41954,top,65.06,56.25,77.14,17.91,"{4358: 14.279999732971191, 4375: 0.0, 4350: 36.63999938964844, 4372: 18.75, 4329: 12.859999656677246, 4382: 18.709999084472656, 4384: 19.959999084472656, 4387: 32.20000076293945, 4388: 6.070000171661377}",True
4382,41888,,,bottom,,,,,{},False
4384,41921,,,bottom,,,,,{},False
4387,41929,41975,42008,top,68.35,58.7,81.82,21.02,"{4375: 32.7599983215332, 4358: 18.700000762939453, 4388: 20.899999618530273, 4387: 0.0, 4372: 14.140000343322754, 4386: 34.56999969482422, 4391: 14.239999771118164, 4389: 5.690000057220459}",True
4388,41930,42018,,bottom,,,,,{},False
4386,41957,,,bottom,,,,,{},False
4391,41988,,,bottom,,,,,{},False
4389,42000,,,bottom,,,,,{},False
4393,42021,,,bottom,,,,,{},False
4400,42064,42159,42254,bottom,28.42,28.42,28.42,,"{4400: 0.0, 4396: 1.3700000047683716, 4403: 2.3399999141693115, 4404: 17.959999084472656, 4402: 12.960000038146973, 4398: 11.390000343322754, 4413: 17.149999618530273, 4415: 19.200000762939453, 4401: 24.40999984741211, 4414: 24.56999969482422, 4416: 26.75, 4412: 36.220001220703125, 4425: 39.34000015258789, 4424: 41.650001525878906}",True
4396,42067,,,bottom,,,,,{},False
4403,42082,42166,42245,bottom,33.13,32.14,34.18,0.77,"{4403: 0.0, 4400: 2.3299999237060547, 4404: 18.979999542236328, 4402: 8.630000114440918, 4398: 7.260000228881836, 4413: 18.649999618530273, 4415: 17.540000915527344, 4401: 22.5, 4414: 22.90999984741211, 4416: 25.049999237060547, 4412: 33.65999984741211, 4425: 38.88999938964844, 4424: 41.43000030517578}",True
4404,42093,42141,42177,top,64.29,56.25,75.0,15.63,"{4400: 17.610000610351562, 4403: 18.719999313354492, 4404: 0.0, 4402: 41.52000045776367, 4398: 36.810001373291016, 4413: 27.709999084472656, 4415: 10.109999656677246, 4401: 13.880000114440918, 4414: 14.850000381469727, 4416: 3.7200000286102295, 4419: 2.0999999046325684}",True
4402,42108,,,bottom,,,,,{},False
4398,42109,,,bottom,,,,,{},False
4413,42137,42198,42242,top,51.43,44.26,61.36,11.66,"{4400: 17.149999618530273, 4403: 18.649999618530273, 4413: 0.0, 4404: 27.989999771118164, 4415: 35.7599983215332, 4401: 41.029998779296875, 4414: 41.22999954223633, 4416: 20.420000076293945, 4412: 26.75, 4425: 16.25, 4424: 8.0600004196167}",True
4415,42141,,,bottom,,,,,{},False
4401,42152,,,bottom,,,,,{},False
4414,42152,,,bottom,,,,,{},False
4416,42168,42237,,bottom,,,,,{},False
4419,42175,,,bottom,,,,,{},False
4412,42187,,,bottom,,,,,{},False
4425,42212,,,bottom,,,,,{},False
4424,42227,,,bottom,,,,,{},False
4436,42250,,,top,,,,,{},False
4428,42253,,,bottom,,,,,{},False
4433,42258,,,bottom,,,,,{},False
4427,42286,,,bottom,,,,,{},False
4435,42291,,,bottom,,,,,{},False
4440,42317,,,bottom,,,,,{},False
4437,42326,,,bottom,,,,,{},False
4442,42327,42427,42519,bottom,28.12,27.0,29.35,0.77,"{4442: 0.0, 4437: 0.1599999964237213, 4440: 9.319999694824219, 4438: 6.019999980926514, 4445: 19.459999084472656, 4441: 10.510000228881836, 4443: 13.479999542236328, 4449: 13.09000015258789, 4447: 23.31999969482422, 4453: 26.610000610351562, 4457: 30.889999389648438, 4465: 8.649999618530273, 4466: 34.709999084472656, 4469: 37.65999984741211, 4471: 43.099998474121094}",True
4438,42347,,,bottom,,,,,{},False
4445,42360,42423,42467,top,50.47,42.86,61.36,12.62,"{4442: 19.010000228881836, 4445: 0.0, 4441: 46.29999923706055, 4443: 41.209999084472656, 4449: 15.859999656677246, 4447: 25.829999923706055, 4453: 19.93000030517578, 4457: 13.010000228881836, 4465: 45.5, 4466: 1.4800000190734863}",True
4441,42366,,,bottom,,,,,{},False
4443,42377,,,bottom,,,,,{},False
4449,42398,42456,,bottom,,,,,{},False
4447,42415,,,bottom,,,,,{},False
4453,42429,,,bottom,,,,,{},False
4457,42441,,,bottom,,,,,{},False
4465,42459,42515,42552,top,58.06,48.21,72.97,20.07,"{4445: 45.040000915527344, 4442: 11.359999656677246, 4465: 0.0, 4449: 18.559999465942383, 4466: 47.0, 4469: 18.260000228881836, 4471: 28.549999237060547, 4474: 14.779999732971191, 4476: 13.010000228881836}",True
4466,42463,,,bottom,,,,,{},False
4467,42465,,,bottom,,,,,{},False
4468,42469,,,bottom,,,,,{},False
4469,42477,42588,,bottom,,,,,{},False
4470,42479,,,bottom,,,,,{},False
4471,42503,,,bottom,,,,,{},False
4474,42528,,,bottom,,,,,{},False
4476,42531,,,bottom,,,,,{},False
4483,42573,,,bottom,,,,,{},False
4482,42578,,,bottom,,,,,{},False
4484,42608,,,bottom,,,,,{},False
4485,42611,42708,,bottom,,,,,{},False
4489,42630,42687,42727,top,55.67,47.37,67.5,15.1,"{4484: 32.20000076293945, 4485: 18.450000762939453, 4489: 0.0, 4469: 7.150000095367432, 4502: 11.079999923706055, 4490: 20.139999389648438, 4495: 37.29999923706055, 4509: 3.9700000286102295}",True
4502,42680,42770,,bottom,,,,,{},False
4490,42693,,,bottom,,,,,{},False
4495,42715,,,top,,,,,{},False
4509,42723,,,bottom,,,,,{},False
4511,42738,,,bottom,,,,,{},False
4506,42744,,,bottom,,,,,{},False
4512,42775,,,bottom,,,,,{},False
4513,42781,42937,,bottom,,,,,{},False
4515,42804,,,bottom,,,,,{},False
4503,42808,,,top,,,,,{},False
4518,42842,42940,,bottom,,,,,{},False
4520,42846,42884,42910,top,84.38,71.05,103.85,37.84,"{4513: 16.049999237060547, 4518: 15.630000114440918, 4520: 0.0, 4519: 30.209999084472656, 4516: 23.940000534057617, 4523: 18.1299991607666, 4529: 36.97999954223633, 4517: 14.239999771118164}",True
4519,42872,,,bottom,,,,,{},False
4516,42881,,,bottom,,,,,{},False
4523,42887,,,bottom,,,,,{},False
4529,42893,42956,42996,top,52.43,42.86,67.5,18.48,"{4529: 0.0, 4518: 15.430000305175781, 4520: 38.099998474121094, 4513: 15.0600004196167, 4517: 46.91999816894531, 4533: 17.139999389648438, 4534: 17.989999771118164, 4540: 29.229999542236328, 4541: 23.260000228881836, 4544: 10.119999885559082, 4549: 4.449999809265137, 4547: 10.170000076293945, 4545: 5.389999866485596}",True
4517,42894,,,bottom,,,,,{},False
4533,42909,,,bottom,,,,,{},False
4534,42910,42958,43010,bottom,54.0,56.25,51.92,-2.5,"{4518: 9.630000114440918, 4520: 0.9700000286102295, 4529: 19.690000534057617, 4533: 8.720000267028809, 4513: 16.5, 4534: 0.0, 4541: 21.8799991607666, 4544: 30.020000457763672, 4549: 31.09000015258789, 4547: 32.279998779296875}",True
4540,42937,,,bottom,,,,,{},False
4541,42954,,,bottom,,,,,{},False
4544,42957,43037,,bottom,,,,,{},False
4549,42979,,,bottom,,,,,{},False
4547,42979,,,bottom,,,,,{},False
4545,42987,,,bottom,,,,,{},False
4548,43022,,,bottom,,,,,{},False
4557,43054,,,bottom,,,,,{},False
4556,43071,,,bottom,,,,,{},False
4566,43072,43122,,bottom,,,,,{},False
4567,43077,,,bottom,,,,,{},False
4564,43094,,,bottom,,,,,{},False
4558,43096,,,bottom,,,,,{},False
4569,43096,43210,,bottom,,,,,{},False
4573,43124,,,bottom,,,,,{},False
4578,43143,43290,,bottom,,,,,{},False
4574,43148,,,bottom,,,,,{},False
4582,43168,43218,,bottom,,,,,{},False
4581,43169,,,bottom,,,,,{},False
4570,43189,,,bottom,,,,,{},False
4584,43196,,,bottom,,,,,{},False
4585,43224,,,top,,,,,{},False
4588,43267,43391,,bottom,,,,,{},False
4586,43287,,,bottom,,,,,{},False
4591,43314,43394,43461,bottom,36.73,33.75,40.3,2.93,"{4588: 7.510000228881836, 4591: 0.0, 4592: 19.8799991607666, 4593: 4.21999979019165, 4578: 19.93000030517578, 4597: 16.040000915527344, 4608: 18.0, 4610: 26.959999084472656, 4609: 23.799999237060547, 4612: 34.20000076293945, 4613: 4.179999828338623}",True
4592,43315,43362,43395,top,67.5,57.45,81.82,22.16,"{4588: 21.799999237060547, 4591: 19.420000076293945, 4592: 0.0, 4593: 20.68000030517578, 4578: 5.659999847412109, 4597: 19.68000030517578, 4608: 27.950000762939453, 4610: 6.329999923706055, 4609: 4.440000057220459}",True
4593,43318,,,bottom,,,,,{},False
4597,43366,,,bottom,,,,,{},False
4608,43367,43400,43424,top,94.74,81.82,112.5,38.35,"{4592: 27.530000686645508, 4591: 17.329999923706055, 4608: 0.0, 4593: 23.770000457763672, 4610: 19.170000076293945, 4588: 7.889999866485596, 4609: 30.049999237060547, 4612: 3.2300000190734863}",True
4610,43378,,,bottom,,,,,{},False
4609,43391,,,bottom,,,,,{},False
4612,43417,43495,,bottom,,,,,{},False
4613,43433,43484,43518,top,63.53,52.94,79.41,23.36,"{4612: 19.959999084472656, 4591: 8.8100004196167, 4613: 0.0, 4610: 30.59000015258789}",True
4624,43537,,,bottom,,,,,{},False
4619,43538,,,bottom,,,,,{},False
4625,43546,,,top,,,,,{},False
4627,43549,,,bottom,,,,,{},False
4629,43553,43632,,bottom,,,,,{},False
4630,43561,43627,,bottom,,,,,{},False
4633,43570,,,bottom,,,,,{},False
4635,43576,,,bottom,,,,,{},False
4636,43597,43654,,bottom,,,,,{},False
4628,43606,,,bottom,,,,,{},False
4632,43609,,,bottom,,,,,{},False
4641,43614,43663,43697,top,65.06,55.1,79.41,21.45,"{4636: 21.969999313354492, 4635: 25.270000457763672, 4641: 0.0, 4630: 15.579999923706055, 4629: 12.260000228881836, 4642: 5.46999979019165, 4643: 27.049999237060547, 4640: 36.560001373291016, 4646: 13.050000190734863, 4648: 5.570000171661377}",True
4642,43620,43675,43713,top,58.06,49.09,71.05,17.34,"{4636: 23.229999542236328, 4642: 0.0, 4635: 25.469999313354492, 4641: 5.699999809265137, 4629: 11.170000076293945, 4630: 15.229999542236328, 4643: 30.1200008392334, 4640: 41.54999923706055, 4646: 20.020000457763672, 4648: 8.180000305175781, 4650: 11.859999656677246}",True
4643,43626,43683,,bottom,,,,,{},False
4640,43636,,,bottom,,,,,{},False
4646,43678,,,bottom,,,,,{},False
4648,43684,,,bottom,,,,,{},False
4650,43697,43712,,bottom,,,,,{},False
4647,43741,,,bottom,,,,,{},False
4653,43745,,,bottom,,,,,{},False
4658,43776,,,bottom,,,,,{},False
4652,43780,,,bottom,,,,,{},False
4657,43794,,,bottom,,,,,{},False
4664,43799,43881,,bottom,,,,,{},False
4669,43820,43868,43903,top,65.06,56.25,77.14,17.91,"{4664: 18.229999542236328, 4669: 0.0, 4658: 32.02000045776367, 4663: 44.130001068115234, 4656: 40.970001220703125, 4667: 40.380001068115234, 4666: 28.260000228881836, 4672: 16.399999618530273, 4673: 13.220000267028809, 4674: 5.940000057220459, 4676: 4.940000057220459}",True
4663,43824,,,bottom,,,,,{},False
4656,43830,,,bottom,,,,,{},False
4667,43834,,,bottom,,,,,{},False
4666,43858,,,bottom,,,,,{},False
4672,43877,,,bottom,,,,,{},False
4673,43881,,,bottom,,,,,{},False
4674,43881,,,bottom,,,,,{},False
4676,43889,,,bottom,,,,,{},False
4677,43928,,,bottom,,,,,{},False
4679,43934,43998,44066,bottom,40.91,42.19,39.71,-1.09,"{4679: 0.0, 4676: 4.599999904632568, 4674: 17.309999465942383, 4664: 38.5, 4682: 8.390000343322754, 4688: 13.859999656677246, 4698: 25.59000015258789, 4689: 25.700000762939453, 4695: 35.27000045776367, 4706: 34.08000183105469, 4703: 35.90999984741211, 4697: 41.189998626708984, 4709: 42.0, 4710: 44.119998931884766}",True
4682,43942,44023,,bottom,,,,,{},False
4688,43967,,,bottom,,,,,{},False
4698,43992,,,bottom,,,,,{},False
4689,43998,,,bottom,,,,,{},False
4695,44024,,,bottom,,,,,{},False
4706,44031,44082,44135,bottom,51.92,52.94,50.94,-1.13,"{4706: 0.0, 4703: 0.8700000047683716, 4679: 33.61000061035156, 4682: 24.56999969482422, 4698: 7.429999828338623, 4697: 6.610000133514404, 4709: 11.279999732971191, 4710: 13.630000114440918, 4711: 11.369999885559082, 4707: 25.450000762939453, 4718: 36.630001068115234, 4716: 37.599998474121094, 4717: 37.5099983215332}",True
4703,44031,,,bottom,,,,,{},False
4697,44041,,,bottom,,,,,{},False
4709,44050,,,bottom,,,,,{},False
4710,44054,,,bottom,,,,,{},False
4711,44075,,,bottom,,,,,{},False
4707,44082,,,bottom,,,,,{},False
4718,44108,,,bottom,,,,,{},False
4716,44115,,,bottom,,,,,{},False
4717,44117,,,bottom,,,,,{},False
4726,44181,,,bottom,,,,,{},False
4722,44189,,,bottom,,,,,{},False
4725,44194,,,bottom,,,,,{},False
4729,44218,,,bottom,,,,,{},False
4732,44240,,,bottom,,,,,{},False
4736,44255,,,bottom,,,,,{},False
4734,44259,,,bottom,,,,,{},False
4737,44268,,,bottom,,,,,{},False
4738,44276,,,bottom,,,,,{},False
4739,44279,,,bottom,,,,,{},False
4741,44292,44342,,bottom,,,,,{},False
4740,44297,,,bottom,,,,,{},False
4743,44321,,,bottom,,,,,{},False
4751,44346,44407,,bottom,,,,,{},False
4747,44350,,,bottom,,,,,{},False
4750,44360,,,bottom,,,,,{},False
4746,44363,,,bottom,,,,,{},False
4754,44378,,,bottom,,,,,{},False
4755,44391,44442,44476,top,63.53,52.94,79.41,23.36,"{4754: 21.610000610351562, 4755: 0.0, 4751: 21.079999923706055, 4753: 38.279998779296875}",True
4753,44410,,,bottom,,,,,{},False
4757,44477,44526,44560,top,65.06,55.1,79.41,21.45,"{4755: 49.060001373291016, 4757: 0.0, 4754: 16.170000076293945, 4758: 18.68000030517578, 4756: 38.810001373291016, 4759: 10.720000267028809, 4762: 2.2200000286102295}",True
4758,44485,44582,44774,bottom,18.69,27.84,14.06,-2.15,"{4758: 0.0, 4754: 4.389999866485596, 4757: 18.3700008392334, 4756: 3.390000104904175, 4759: 19.209999084472656, 4762: 8.039999961853027, 4761: 19.8799991607666, 4764: 18.809999465942383, 4766: 26.690000534057617, 4767: 18.5, 4765: 27.829999923706055, 4774: 34.54999923706055, 4772: 34.939998626708984, 4778: 36.619998931884766, 4776: 34.43000030517578, 4781: 35.060001373291016, 4780: 39.84000015258789, 4782: 42.06999969482422, 4783: 8.680000305175781, 4784: 43.650001525878906}",True
4756,44494,,,bottom,,,,,{},False
4759,44496,44544,44577,top,66.67,56.25,81.82,23.24,"{4758: 18.989999771118164, 4757: 10.75, 4759: 0.0, 4754: 15.649999618530273, 4762: 7.53000020980835, 4761: 11.149999618530273, 4764: 3.119999885559082, 4766: 2.259999990463257}",True
4760,44511,,,bottom,,,,,{},False
4762,44552,44609,,bottom,,,,,{},False
4761,44561,,,bottom,,,,,{},False
4764,44568,44687,,bottom,,,,,{},False
4766,44575,,,bottom,,,,,{},False
4767,44586,44646,44675,top,60.67,45.0,93.1,49.76,"{4764: 18.459999084472656, 4762: 20.18000030517578, 4766: 21.110000610351562, 4758: 18.420000076293945, 4767: 0.0, 4765: 43.43000030517578, 4772: 23.209999084472656, 4778: 9.199999809265137, 4776: 3.609999895095825}",True
4765,44595,,,bottom,,,,,{},False
4769,44627,,,bottom,,,,,{},False
4774,44640,,,bottom,,,,,{},False
4772,44645,,,bottom,,,,,{},False
4778,44656,,,bottom,,,,,{},False
4776,44671,,,bottom,,,,,{},False
4781,44686,44800,,bottom,,,,,{},False
4780,44699,,,bottom,,,,,{},False
4782,44714,,,bottom,,,,,{},False
4783,44717,44754,44782,top,83.08,72.97,96.43,25.13,"{4782: 24.15999984741211, 4781: 20.010000228881836, 4783: 0.0, 4758: 13.5600004196167, 4784: 44.310001373291016, 4785: 31.43000030517578}",True
4784,44725,,,bottom,,,,,{},False
4785,44758,44805,44838,top,67.5,57.45,81.82,22.16,"{4782: 18.520000457763672, 4781: 15.770000457763672, 4783: 31.959999084472656, 4785: 0.0, 4758: 9.789999961853027, 4793: 10.6899995803833, 4789: 23.299999237060547, 4794: 10.079999923706055, 4798: 6.900000095367432}",True
4793,44802,44854,,bottom,,,,,{},False
4789,44803,,,bottom,,,,,{},False
4794,44806,,,bottom,,,,,{},False
4798,44821,44955,45072,bottom,21.51,20.15,23.08,0.75,"{4798: 0.0, 4785: 5.489999771118164, 4794: 2.130000114440918, 4782: 12.350000381469727, 4781: 29.290000915527344, 4793: 15.75, 4791: 3.430000066757202, 4802: 16.889999389648438, 4800: 6.929999828338623, 4803: 14.600000381469727, 4801: 15.579999923706055, 4805: 6.5, 4811: 34.369998931884766, 4822: 5.849999904632568, 4818: 37.7400016784668, 4821: 37.38999938964844, 4820: 36.849998474121094, 4828: 5.070000171661377, 4826: 41.08000183105469, 4825: 42.66999816894531}",True
4791,44845,,,bottom,,,,,{},False
4802,44848,44889,44925,top,70.13,65.85,75.0,7.62,"{4798: 16.739999771118164, 4781: 6.320000171661377, 4794: 22.299999237060547, 4802: 0.0, 4793: 15.34000015258789, 4782: 17.649999618530273, 4800: 40.459999084472656, 4803: 17.229999542236328, 4801: 15.600000381469727, 4805: 5.829999923706055}",True
4800,44855,,,bottom,,,,,{},False
4803,44897,,,bottom,,,,,{},False
4801,44901,,,bottom,,,,,{},False
4805,44906,44968,45007,bottom,53.47,43.55,69.23,19.76,"{4802: 6.360000133514404, 4805: 0.0, 4798: 6.369999885559082, 4809: 23.780000686645508, 4811: 32.290000915527344, 4822: 6.650000095367432}",True
4804,44917,,,bottom,,,,,{},False
4809,44966,,,bottom,,,,,{},False
4811,44992,,,bottom,,,,,{},False
4822,45000,,,top,,,,,{},False
4818,45007,,,bottom,,,,,{},False
4821,45007,,,bottom,,,,,{},False
4820,45015,,,bottom,,,,,{},False
4828,45037,45091,45121,top,64.29,50.0,90.0,40.0,"{4828: 0.0, 4798: 11.369999885559082, 4805: 3.75, 4825: 41.11000061035156, 4832: 12.9399995803833, 4831: 27.399999618530273, 4833: 23.18000030517578, 4835: 6.059999942779541, 4834: 10.529999732971191}",True
4826,45047,,,bottom,,,,,{},False
4825,45053,,,bottom,,,,,{},False
4832,45075,45194,45322,bottom,21.86,22.69,21.09,-0.37,"{4832: 0.0, 4828: 12.34000015258789, 4798: 44.77000045776367, 4831: 1.0399999618530273, 4833: 1.2799999713897705, 4835: 3.7100000381469727, 4834: 5.699999809265137, 4843: 24.709999084472656, 4844: 28.1200008392334, 4845: 21.100000381469727, 4850: 4.309999942779541, 4848: 44.349998474121094}",True
4831,45076,,,bottom,,,,,{},False
4833,45079,,,bottom,,,,,{},False
4835,45103,45181,,bottom,,,,,{},False
4834,45106,,,bottom,,,,,{},False
4841,45122,,,bottom,,,,,{},False
4843,45186,,,bottom,,,,,{},False
4844,45215,,,bottom,,,,,{},False
4845,45222,45334,,bottom,,,,,{},False
4850,45294,45346,45380,top,62.79,51.92,79.41,24.25,"{4850: 0.0, 4832: 10.970000267028809, 4845: 10.220000267028809, 4848: 40.84000015258789, 4855: 14.75, 4854: 17.8700008392334, 4856: 29.34000015258789, 4860: 4.0}",True
4848,45308,,,bottom,,,,,{},False
4855,45340,,,bottom,,,,,{},False
4854,45354,,,bottom,,,,,{},False
4856,45357,,,top,,,,,{},False
4860,45369,45484,,bottom,,,,,{},False
4857,45401,,,bottom,,,,,{},False
4862,45401,,,bottom,,,,,{},False
4859,45403,,,bottom,,,,,{},False
4861,45440,,,bottom,,,,,{},False
4864,45453,,,bottom,,,,,{},False
4867,45466,45520,45555,top,60.67,50.0,77.14,23.27,"{4860: 16.170000076293945, 4867: 0.0, 4870: 17.260000228881836, 4872: 12.850000381469727, 4873: 2.809999942779541}",True
4870,45485,45565,45605,bottom,45.0,33.75,67.5,25.31,"{4870: 0.0, 4860: 22.25, 4867: 17.6200008392334, 4872: 15.279999732971191, 4873: 19.360000610351562, 4886: 33.849998474121094, 4887: 43.939998626708984}",True
4872,45535,,,bottom,,,,,{},False
4873,45552,,,bottom,,,,,{},False
4886,45582,,,bottom,,,,,{},False
4887,45603,,,bottom,,,,,{},False
4891,45610,45698,45788,bottom,30.34,30.68,30.0,-0.23,"{4891: 0.0, 4886: 14.239999771118164, 4870: 45.040000915527344, 4903: 6.579999923706055, 4906: 17.6200008392334, 4898: 16.690000534057617, 4913: 18.559999465942383, 4888: 18.1299991607666, 4918: 21.459999084472656, 4924: 5.670000076293945, 4926: 36.4900016784668, 4920: 42.68000030517578, 4928: 38.060001373291016, 4934: 45.900001525878906}",True
4903,45638,,,bottom,,,,,{},False
4906,45646,45691,45723,top,70.13,60.0,84.38,22.85,"{4891: 17.06999969482422, 4906: 0.0, 4903: 38.5099983215332, 4898: 35.54999923706055, 4913: 15.8100004196167, 4888: 34.189998626708984, 4918: 9.869999885559082}",True
4898,45666,,,bottom,,,,,{},False
4913,45667,45756,45746,top,68.35,50.94,103.85,61.04,"{4891: 15.699999809265137, 4906: 16.079999923706055, 4913: 0.0, 4888: 47.529998779296875, 4918: 21.780000686645508}",True
4888,45670,,,bottom,,,,,{},False
4918,45688,,,bottom,,,,,{},False
4924,45748,45796,45829,top,66.67,56.25,81.82,23.24,"{4891: 13.260000228881836, 4924: 0.0, 4913: 26.15999984741211, 4926: 18.920000076293945, 4920: 41.02000045776367, 4928: 35.400001525878906, 4934: 13.449999809265137, 4938: 10.819999694824219, 4931: 5.119999885559082}",True
4926,45757,45853,,bottom,,,,,{},False
4920,45762,,,bottom,,,,,{},False
4928,45774,,,bottom,,,,,{},False
4934,45784,45873,45958,bottom,31.03,30.34,31.76,0.5,"{4934: 0.0, 4924: 13.050000190734863, 4926: 6.139999866485596, 4891: 43.5099983215332, 4938: 9.109999656677246, 4931: 11.949999809265137, 4941: 19.030000686645508, 4944: 27.790000915527344, 4948: 32.83000183105469, 4943: 27.06999969482422, 4947: 31.389999389648438, 4956: 29.520000457763672, 4955: 35.029998779296875, 4952: 39.31999969482422, 4959: 40.869998931884766, 4962: 3.450000047683716, 4960: 44.709999084472656}",True
4938,45815,,,bottom,,,,,{},False
4931,45822,,,bottom,,,,,{},False
4941,45847,,,bottom,,,,,{},False
4944,45851,,,top,,,,,{},False
4948,45874,,,bottom,,,,,{},False
4943,45876,,,bottom,,,,,{},False
4947,45895,,,bottom,,,,,{},False
4956,45901,45980,,bottom,,,,,{},False
4955,45911,,,bottom,,,,,{},False
4952,45931,,,bottom,,,,,{},False
4959,45942,,,bottom,,,,,{},False
4962,45953,46010,46047,top,57.45,47.37,72.97,20.76,"{4956: 14.829999923706055, 4962: 0.0, 4934: 4.460000038146973, 4948: 43.34000015258789, 4960: 47.90999984741211, 4964: 3.049999952316284, 4963: 28.610000610351562, 4970: 11.039999961853027, 4969: 22.90999984741211, 4976: 8.59000015258789, 4975: 11.979999542236328, 4981: 5.489999771118164}",True
4960,45957,,,bottom,,,,,{},False
4964,45969,46014,46047,top,69.23,60.0,81.82,19.83,"{4956: 12.850000381469727, 4962: 3.049999952316284, 4934: 4.03000020980835, 4964: 0.0, 4948: 47.040000915527344, 4963: 32.7400016784668, 4970: 10.930000305175781, 4969: 25.520000457763672, 4976: 8.319999694824219, 4975: 14.569999694824219, 4981: 6.739999771118164}",True
4963,45996,,,bottom,,,,,{},False
4970,46003,46084,,bottom,,,,,{},False
4969,46008,,,bottom,,,,,{},False
4976,46017,46065,46114,bottom,55.67,56.25,55.1,-0.7,"{4970: 5.53000020980835, 4976: 0.0, 4962: 8.670000076293945, 4964: 8.850000381469727, 4956: 31.969999313354492, 4975: 5.130000114440918, 4981: 10.760000228881836, 4987: 15.800000190734863, 4977: 20.100000381469727, 4994: 42.439998626708984}",True
4975,46026,,,bottom,,,,,{},False
4981,46032,,,bottom,,,,,{},False
4987,46049,46103,,bottom,,,,,{},False
4977,46055,,,bottom,,,,,{},False
4994,46104,,,bottom,,,,,{},False
4996,46124,,,bottom,,,,,{},False
4997,46139,,,bottom,,,,,{},False
4998,46145,,,bottom,,,,,{},False
4999,46179,,,bottom,,,,,{},False
5003,46191,46249,46287,top,56.25,46.55,71.05,19.34,"{5003: 0.0, 4998: 27.700000762939453, 5006: 17.729999542236328, 5004: 37.79999923706055, 5012: 17.799999237060547, 5005: 11.390000343322754}",True
5006,46208,46288,46367,bottom,33.96,33.75,34.18,0.16,"{5006: 0.0, 5003: 17.690000534057617, 5012: 13.9399995803833, 5005: 19.6299991607666, 5020: 29.40999984741211, 5014: 32.33000183105469, 5024: 37.060001373291016, 5025: 3.200000047683716, 5021: 40.63999938964844}",True
5004,46218,,,bottom,,,,,{},False
5012,46251,,,bottom,,,,,{},False
5005,46268,,,bottom,,,,,{},False
5020,46302,,,bottom,,,,,{},False
5014,46305,,,bottom,,,,,{},False
5024,46334,,,bottom,,,,,{},False
5025,46349,46398,46432,top,65.06,55.1,79.41,21.45,"{5006: 6.389999866485596, 5025: 0.0, 5024: 34.279998779296875, 5021: 40.2599983215332, 5022: 21.34000015258789, 5034: 4.199999809265137}",True
5021,46358,,,bottom,,,,,{},False
5022,46398,,,bottom,,,,,{},False
5034,46418,,,bottom,,,,,{},False
5029,46448,,,bottom,,,,,{},False
5041,46451,,,bottom,,,,,{},False
5044,46462,46560,46664,bottom,26.73,27.55,25.96,-0.46,"{5044: 0.0, 5034: 17.059999465942383, 5051: 6.0, 5045: 7.800000190734863, 5057: 15.710000038146973, 5061: 19.5, 5043: 19.920000076293945, 5056: 21.440000534057617, 5072: 18.010000228881836, 5070: 23.75, 5075: 26.34000015258789, 5071: 34.790000915527344, 5076: 33.95000076293945, 5078: 11.529999732971191, 5080: 35.630001068115234, 5085: 42.689998626708984}",True
5051,46488,,,bottom,,,,,{},False
5045,46496,,,bottom,,,,,{},False
5057,46520,46653,,bottom,,,,,{},False
5061,46525,,,bottom,,,,,{},False
5043,46535,,,bottom,,,,,{},False
5056,46543,,,bottom,,,,,{},False
5072,46549,46573,46615,top,81.82,112.5,64.29,-34.44,"{5044: 16.8799991607666, 5061: 17.59000015258789, 5057: 12.40999984741211, 5072: 0.0, 5070: 32.650001525878906, 5075: 12.789999961853027, 5071: 13.800000190734863, 5076: 13.989999771118164, 5078: 38.09000015258789, 5080: 1.9900000095367432}",True
5070,46558,,,bottom,,,,,{},False
5075,46566,,,bottom,,,,,{},False
5071,46592,,,bottom,,,,,{},False
5076,46593,,,bottom,,,,,{},False
5078,46597,46652,46693,top,56.25,49.09,65.85,12.27,"{5072: 38.06999969482422, 5044: 17.399999618530273, 5078: 0.0, 5075: 32.130001068115234, 5080: 18.719999313354492, 5057: 11.890000343322754, 5085: 23.8700008392334, 5096: 7.670000076293945, 5089: 5.809999942779541, 5088: 1.4199999570846558}",True
5080,46607,,,bottom,,,,,{},False
5085,46648,,,bottom,,,,,{},False
5096,46668,,,bottom,,,,,{},False
5089,46683,,,bottom,,,,,{},False
5088,46691,,,bottom,,,,,{},False
5105,46696,46757,46798,top,52.94,44.26,65.85,15.8,"{5078: 48.689998626708984, 5105: 0.0, 5080: 23.899999618530273, 5057: 7.789999961853027, 5109: 42.88999938964844, 5112: 21.549999237060547, 5114: 15.890000343322754, 5113: 5.119999885559082, 5111: 32.56999969482422, 5116: 22.479999542236328}",True
5109,46713,,,bottom,,,,,{},False
5112,46718,,,bottom,,,,,{},False
5113,46724,46763,,top,,,,,{},False
5114,46725,46850,46964,bottom,22.59,21.6,23.68,0.55,"{5114: 0.0, 5105: 15.640000343322754, 5112: 0.7900000214576721, 5113: 21.6200008392334, 5080: 18.969999313354492, 5111: 3.1600000858306885, 5116: 17.059999465942383, 5118: 17.40999984741211, 5121: 17.989999771118164, 5123: 23.479999542236328, 5129: 28.719999313354492, 5130: 23.170000076293945, 5128: 34.529998779296875, 5137: 34.86000061035156, 5132: 36.36000061035156, 5141: 40.52000045776367, 5144: 41.38999938964844, 5143: 2.7300000190734863, 5142: 45.290000915527344}",True
5111,46735,,,bottom,,,,,{},False
5116,46750,46795,46828,top,69.23,60.0,81.82,19.83,"{5114: 16.739999771118164, 5105: 22.229999542236328, 5113: 20.739999771118164, 5112: 32.209999084472656, 5116: 0.0, 5119: 26.229999542236328, 5118: 19.469999313354492, 5121: 6.840000152587891}",True
5119,46789,,,bottom,,,,,{},False
5118,46800,,,bottom,,,,,{},False
5121,46807,,,bottom,,,,,{},False
5123,46833,,,bottom,,,,,{},False
5129,46867,47084,,bottom,,,,,{},False
5130,46874,46927,,bottom,,,,,{},False
5128,46885,,,bottom,,,,,{},False
5137,46914,,,bottom,,,,,{},False
5132,46918,,,bottom,,,,,{},False
5136,46943,,,bottom,,,,,{},False
5144,46946,,,bottom,,,,,{},False
5143,46951,47006,47045,top,57.45,49.09,69.23,15.49,"{5129: 17.25, 5143: 0.0, 5144: 32.06999969482422, 5137: 34.54999923706055, 5141: 42.540000915527344, 5114: 3.1700000762939453, 5142: 42.7400016784668, 5150: 29.969999313354492, 5152: 13.380000114440918, 5154: 9.850000381469727, 5151: 19.559999465942383, 5155: 18.829999923706055, 5157: 5.760000228881836, 5158: 2.569999933242798}",True
5141,46957,,,bottom,,,,,{},False
5142,46961,,,bottom,,,,,{},False
5150,46991,,,bottom,,,,,{},False
5152,46996,47052,47107,bottom,48.65,48.21,49.09,0.48,"{5143: 13.420000076293945, 5152: 0.0, 5129: 9.579999923706055, 5144: 7.710000038146973, 5154: 8.720000267028809, 5151: 4.940000057220459, 5155: 6.659999847412109, 5157: 17.610000610351562, 5158: 19.469999313354492, 5159: 21.459999084472656, 5160: 31.229999542236328, 5163: 43.11000061035156, 5161: 44.349998474121094}",True
5154,47001,,,bottom,,,,,{},False
5151,47008,,,bottom,,,,,{},False
5155,47011,,,bottom,,,,,{},False
5157,47022,,,bottom,,,,,{},False
5158,47039,,,bottom,,,,,{},False
5159,47045,,,bottom,,,,,{},False
5160,47065,,,bottom,,,,,{},False
5161,47092,,,bottom,,,,,{},False
5163,47093,,,bottom,,,,,{},False
5164,47113,,,bottom,,,,,{},False
5162,47124,,,bottom,,,,,{},False
5168,47132,,,bottom,,,,,{},False
5173,47174,,,bottom,,,,,{},False
5165,47181,,,bottom,,,,,{},False
5177,47197,,,bottom,,,,,{},False
5181,47219,,,top,,,,,{},False
5182,47242,,,bottom,,,,,{},False
5179,47275,,,bottom,,,,,{},False
5187,47276,,,bottom,,,,,{},False
5188,47279,,,bottom,,,,,{},False
5186,47288,,,bottom,,,,,{},False
5183,47293,,,bottom,,,,,{},False
5190,47311,,,bottom,,,,,{},False
5193,47313,,,bottom,,,,,{},False
5191,47336,,,bottom,,,,,{},False
5192,47337,,,bottom,,,,,{},False
5197,47358,,,bottom,,,,,{},False
5198,47379,,,bottom,,,,,{},False
5201,47406,,,bottom,,,,,{},False
5196,47409,,,bottom,,,,,{},False
5203,47422,47479,,bottom,,,,,{},False
5204,47445,,,bottom,,,,,{},False
5206,47446,47495,47528,top,65.85,55.1,81.82,24.29,"{5203: 19.770000457763672, 5204: 48.310001373291016, 5206: 0.0, 5197: 15.1899995803833, 5212: 6.610000133514404, 5211: 41.5099983215332, 5210: 33.2400016784668, 5214: 22.8700008392334, 5219: 1.2599999904632568}",True
5212,47453,47507,47545,top,58.7,50.0,71.05,16.62,"{5203: 17.030000686645508, 5206: 6.760000228881836, 5212: 0.0, 5197: 11.84000015258789, 5211: 45.52000045776367, 5210: 38.880001068115234, 5214: 28.860000610351562, 5219: 5.809999942779541, 5225: 7.059999942779541}",True
5211,47458,,,bottom,,,,,{},False
5210,47475,,,bottom,,,,,{},False
5214,47494,,,bottom,,,,,{},False
5219,47524,47579,,bottom,,,,,{},False
5225,47534,,,bottom,,,,,{},False
5230,47559,47778,,bottom,,,,,{},False
5227,47562,,,bottom,,,,,{},False
5232,47577,,,bottom,,,,,{},False
5236,47585,47632,47667,top,65.85,57.45,77.14,16.88,"{5230: 18.34000015258789, 5236: 0.0, 5240: 16.690000534057617, 5242: 18.600000381469727, 5243: 15.380000114440918}",True
5240,47610,47669,,bottom,,,,,{},False
5242,47638,,,bottom,,,,,{},False
5243,47645,,,bottom,,,,,{},False
5247,47669,,,bottom,,,,,{},False
5252,47687,47743,47782,top,56.84,48.21,69.23,16.17,"{5252: 0.0, 5240: 15.65999984741211, 5230: 12.609999656677246, 5249: 44.41999816894531, 5260: 16.559999465942383, 5257: 37.400001525878906, 5261: 21.950000762939453, 5259: 19.149999618530273}",True
5249,47692,,,bottom,,,,,{},False
5260,47712,,,bottom,,,,,{},False
5257,47715,,,bottom,,,,,{},False
5261,47743,,,bottom,,,,,{},False
5259,47747,,,bottom,,,,,{},False
5263,47789,,,bottom,,,,,{},False
5268,47809,,,bottom,,,,,{},False
5265,47816,,,bottom,,,,,{},False
5269,47827,47872,47908,top,66.67,60.0,75.0,12.5,"{5268: 30.5, 5269: 0.0, 5230: 17.170000076293945, 5267: 39.959999084472656, 5266: 39.779998779296875, 5273: 19.440000534057617, 5278: 12.9399995803833, 5279: 24.360000610351562, 5276: 15.069999694824219, 5281: 1.8799999952316284}",True
5267,47838,,,bottom,,,,,{},False
5266,47839,,,bottom,,,,,{},False
5273,47850,48161,,bottom,,,,,{},False
5277,47861,,,bottom,,,,,{},False
5278,47864,48119,,bottom,,,,,{},False
5279,47865,,,bottom,,,,,{},False
5276,47884,,,bottom,,,,,{},False
5281,47904,,,bottom,,,,,{},False
5286,47936,,,bottom,,,,,{},False
5283,47944,,,bottom,,,,,{},False
5292,47950,,,bottom,,,,,{},False
5296,47955,,,bottom,,,,,{},False
5297,47975,,,bottom,,,,,{},False
5298,47989,48042,48078,top,60.67,50.94,75.0,20.05,"{5288: 47.72999954223633, 5273: 16.729999542236328, 5298: 0.0, 5278: 15.609999656677246, 5300: 19.030000686645508, 5303: 8.779999732971191}",True
5288,47990,,,bottom,,,,,{},False
5300,48027,,,top,,,,,{},False
5303,48040,,,bottom,,,,,{},False
5308,48085,,,bottom,,,,,{},False
5304,48086,,,bottom,,,,,{},False
5321,48125,,,bottom,,,,,{},False
5316,48126,,,bottom,,,,,{},False
5310,48134,,,bottom,,,,,{},False
5324,48135,,,bottom,,,,,{},False
