tracking_id,start_frame,middle_frame,end_frame,first_crossed,speed,start_to_mid_speed,mid_to_end_speed,acceleration,average_vertical_distances,valid
2,23,59,88,top,138.46,125.0,155.17,104.04,"{2: 0.0, 1: 19.79}",True
1,45,,,bottom,,,,,{},False
5,211,232,250,bottom,230.77,214.29,250.0,198.41,{5: 0.0},True
6,298,,,top,,,,,{},False
7,495,520,541,top,195.65,180.0,214.29,163.27,{7: 0.0},True
8,647,679,704,top,157.89,140.62,180.0,157.5,{8: 0.0},True
9,759,,,top,,,,,{},False
10,828,849,866,bottom,236.84,214.29,264.71,296.59,{10: 0.0},True
11,880,910,935,top,163.64,150.0,180.0,120.0,"{11: 0.0, 12: 5.14, 13: 16.09}",True
12,914,937,957,bottom,209.3,195.65,225.0,146.74,"{11: 6.08, 12: 0.0, 13: 9.21}",True
13,916,951,978,top,145.16,128.57,166.67,141.09,"{11: 16.15, 13: 0.0, 12: 9.69}",True
14,1003,,,top,,,,,{},False
16,1044,1079,,top,,,,,{},False
20,1102,1123,1142,bottom,225.0,214.29,236.84,118.72,"{20: 0.0, 17: 4.55}",True
22,1107,,,bottom,,,,,{},False
17,1108,,,bottom,,,,,{},False
21,1148,,,bottom,,,,,{},False
23,1193,1228,1258,top,138.46,128.57,150.0,71.43,{23: 0.0},True
24,1269,1305,1336,top,134.33,125.0,145.16,65.04,{24: 0.0},True
28,1463,1497,1525,top,145.16,132.35,160.71,101.29,{28: 0.0},True
29,1534,1565,1594,top,150.0,145.16,155.17,34.52,{29: 0.0},True
30,1698,1732,1759,top,147.54,132.35,166.67,127.09,{30: 0.0},True
31,1868,1896,1922,top,166.67,160.71,173.08,47.55,"{31: 0.0, 32: 4.18}",True
32,1872,1910,1939,top,134.33,118.42,155.17,126.73,"{32: 0.0, 31: 4.35}",True
33,1949,1984,2011,top,145.16,128.57,166.67,141.09,"{33: 0.0, 41: 2.57, 39: 22.99}",True
41,2002,,,bottom,,,,,{},False
39,2009,,,top,,,,,{},False
43,2305,2334,2357,top,173.08,155.17,195.65,176.0,{43: 0.0},True
46,2472,,,top,,,,,{},False
47,2570,2608,2639,top,130.43,118.42,145.16,86.26,"{47: 0.0, 48: 1.64}",True
48,2578,2613,2641,top,142.86,128.57,160.71,114.8,"{47: 1.61, 48: 0.0}",True
50,2815,2846,2873,top,155.17,145.16,166.67,79.65,{50: 0.0},True
51,2876,2913,2947,top,126.76,121.62,132.35,31.56,{51: 0.0},True
52,2963,2997,3023,top,150.0,132.35,173.08,156.63,{52: 0.0},True
53,3091,,,top,,,,,{},False
54,3178,3213,3240,top,145.16,128.57,166.67,141.09,"{54: 0.0, 55: 8.11}",True
55,3195,3238,3273,top,115.38,104.65,128.57,68.34,"{54: 8.26, 55: 0.0}",True
57,3303,3337,3367,top,140.62,132.35,150.0,58.82,"{57: 0.0, 56: 14.63, 58: 22.27}",True
56,3324,,,bottom,,,,,{},False
58,3364,3401,3432,top,132.35,121.62,145.16,75.93,"{57: 22.53, 58: 0.0}",True
59,3473,3506,3535,top,145.16,136.36,155.17,64.86,{59: 0.0},True
60,3563,3600,3627,top,140.62,121.62,166.67,166.83,{60: 0.0},True
61,3654,3688,3715,top,147.54,132.35,166.67,127.09,{61: 0.0},True
62,3819,3849,3874,top,163.64,150.0,180.0,120.0,"{62: 0.0, 63: 1.3}",True
63,3821,3852,3880,top,152.54,145.16,160.71,55.55,"{63: 0.0, 62: 1.35}",True
64,4084,4111,4132,top,187.5,166.67,214.29,226.76,"{64: 0.0, 65: 6.26}",True
65,4093,4127,4155,top,145.16,132.35,160.71,101.29,"{65: 0.0, 64: 6.45, 67: 20.34}",True
67,4144,4186,4220,top,118.42,107.14,132.35,74.15,"{65: 20.41, 67: 0.0, 70: 10.07, 68: 12.15}",True
70,4177,4216,4248,top,126.76,115.38,140.62,78.88,"{67: 10.08, 70: 0.0, 68: 2.13}",True
68,4182,,,top,,,,,{},False
72,4267,4304,4336,top,130.43,121.62,140.62,59.39,"{72: 0.0, 73: 12.4}",True
73,4289,,4323,bottom,264.71,,,,{},True
74,4410,,,top,,,,,{},False
75,4421,4531,4487,top,136.36,121.62,155.17,115.69,{75: 0.0},True
80,4605,4638,4665,top,150.0,136.36,166.67,112.23,{80: 0.0},True
85,4691,4726,4752,top,147.54,128.57,173.08,171.17,{85: 0.0},True
86,4846,,,top,,,,,{},False
87,4940,4976,5005,top,138.46,125.0,155.17,104.04,"{87: 0.0, 89: 13.83, 88: 16.34}",True
89,4981,5010,5035,top,166.67,155.17,180.0,99.31,"{89: 0.0, 87: 13.73, 88: 1.63, 90: 16.34}",True
88,4981,,,top,,,,,{},False
90,5018,5050,5079,top,147.54,140.62,155.17,50.16,"{89: 16.42, 90: 0.0}",True
91,5095,5125,5153,top,155.17,150.0,160.71,38.27,{91: 0.0},True
92,5158,,,top,,,,,{},False
93,5232,5267,5296,top,140.62,128.57,155.17,91.73,{93: 0.0},True
94,5357,,,top,,,,,{},False
98,5725,5766,5798,top,123.29,109.76,140.62,96.47,"{98: 0.0, 97: 6.53, 99: 13.66, 100: 1.45}",True
97,5741,,,top,,,,,{},False
99,5765,5806,5836,top,126.76,109.76,150.0,134.15,"{98: 13.61, 99: 0.0, 100: 14.01}",True
100,5789,,,bottom,,,,,{},False
102,5851,5880,5904,top,169.81,155.17,187.5,134.7,{102: 0.0},True
105,5908,5943,5972,top,140.62,128.57,155.17,91.73,{105: 0.0},True
106,6063,6095,6123,top,150.0,140.62,160.71,71.75,"{106: 0.0, 107: 4.98}",True
107,6106,6121,6138,bottom,281.25,300.0,264.71,-207.61,"{106: 6.85, 107: 0.0}",True
108,6156,6191,6220,top,140.62,128.57,155.17,91.73,"{108: 0.0, 109: 16.26}",True
109,6200,6231,6254,top,166.67,145.16,195.65,219.53,"{108: 16.15, 109: 0.0, 110: 14.94}",True
110,6234,6266,6292,top,155.17,140.62,173.08,124.82,"{109: 15.02, 110: 0.0}",True
111,6347,6377,6402,top,163.64,150.0,180.0,120.0,"{111: 0.0, 112: 6.21}",True
112,6361,6391,6418,top,157.89,150.0,166.67,61.73,"{112: 0.0, 111: 6.25}",True
113,6464,6498,6523,top,152.54,132.35,180.0,190.59,{113: 0.0},True
114,6610,6646,6675,top,138.46,125.0,155.17,104.04,{114: 0.0},True
117,6885,6924,6953,top,132.35,115.38,155.17,137.2,"{117: 0.0, 116: 5.91, 118: 13.06, 119: 22.98}",True
116,6902,,,top,,,,,{},False
118,6910,,,bottom,,,,,{},False
119,6950,,,top,,,,,{},False
121,6982,7004,7025,bottom,209.3,204.55,214.29,46.38,{121: 0.0},True
123,7120,7153,7179,top,152.54,136.36,173.08,141.2,{123: 0.0},True
125,7195,7211,7228,bottom,272.73,281.25,264.71,-97.32,"{125: 0.0, 124: 20.11}",True
124,7198,,,top,,,,,{},False
126,7268,,,top,,,,,{},False
127,7433,7464,7491,top,155.17,145.16,166.67,79.65,{127: 0.0},True
128,7495,7518,7537,bottom,214.29,195.65,236.84,216.79,{128: 0.0},True
129,7803,7838,7867,top,140.62,128.57,155.17,91.73,{129: 0.0},True
130,7867,7887,7907,bottom,225.0,225.0,225.0,,"{130: 0.0, 129: 0.91}",True
131,7961,7982,7998,bottom,243.24,214.29,281.25,418.53,{131: 0.0},True
132,8031,8070,8102,top,126.76,115.38,140.62,78.88,{132: 0.0},True
134,8274,8297,8315,top,219.51,195.65,250.0,301.93,"{134: 0.0, 135: 15.19, 133: 15.28}",True
135,8297,,,top,,,,,{},False
133,8298,,,top,,,,,{},False
136,8319,8341,8361,bottom,214.29,204.55,225.0,102.27,{136: 0.0},True
138,8466,8499,8524,top,155.17,136.36,180.0,174.55,{138: 0.0},True
139,8591,8628,8660,top,130.43,121.62,140.62,59.39,{139: 0.0},True
141,8729,8758,8782,top,169.81,155.17,187.5,134.7,{141: 0.0},True
146,9049,,9113,top,140.62,,,,{},True
147,9055,9087,,top,,,,,{},False
148,9092,9125,9150,top,155.17,136.36,180.0,174.55,"{146: 15.62, 148: 0.0, 147: 14.36}",True
150,9184,9215,9243,top,152.54,145.16,160.71,55.55,{150: 0.0},True
151,9248,,,top,,,,,{},False
152,9263,9286,9304,bottom,219.51,195.65,250.0,301.93,{152: 0.0},True
153,9346,9382,9409,top,142.86,125.0,166.67,154.32,"{153: 0.0, 154: 11.36, 155: 9.4, 156: 12.51}",True
154,9371,,,bottom,,,,,{},False
155,9377,9400,9418,bottom,219.51,195.65,250.0,301.93,"{153: 10.51, 154: 0.69, 155: 0.0, 156: 9.35}",True
156,9379,9414,9441,top,145.16,128.57,166.67,141.09,"{153: 12.44, 156: 0.0, 155: 9.97, 154: 20.05}",True
160,9537,9554,9570,bottom,272.73,264.71,281.25,103.4,"{160: 0.0, 162: 4.65}",True
162,9555,9592,9620,top,138.46,121.62,160.71,139.62,"{162: 0.0, 160: 4.38}",True
164,9677,,,top,,,,,{},False
165,9784,9816,9843,top,152.54,140.62,166.67,96.45,"{165: 0.0, 166: 13.86, 167: 18.95}",True
166,9814,9863,9901,top,103.45,91.84,118.42,69.96,"{166: 0.0, 165: 14.14, 167: 2.7}",True
167,9831,9860,9884,top,169.81,155.17,187.5,134.7,"{166: 2.54, 165: 18.83, 167: 0.0}",True
172,9948,,,top,,,,,{},False
173,10081,10103,10123,bottom,214.29,204.55,225.0,102.27,{173: 0.0},True
174,10292,,,bottom,,,,,{},False
175,10336,,,top,,,,,{},False
176,10348,10375,10393,bottom,200.0,166.67,250.0,462.96,{176: 0.0},True
177,10417,,,top,,,,,{},False
178,10484,,,top,,,,,{},False
179,10538,,,top,,,,,{},False
180,10559,10605,10643,top,107.14,97.83,118.42,54.2,"{180: 0.0, 181: 5.34, 183: 20.62}",True
181,10605,,,bottom,,,,,{},False
183,10635,10664,10691,top,160.71,155.17,166.67,42.57,"{180: 20.4, 183: 0.0}",True
186,10868,10976,11003,top,66.67,41.67,166.67,462.96,{186: 0.0},True
190,10931,,,bottom,,,,,{},False
191,11026,,,top,,,,,{},False
192,11071,11089,11106,bottom,257.14,250.0,264.71,86.51,{192: 0.0},True
193,11248,11280,11305,top,157.89,140.62,180.0,157.5,{193: 0.0},True
195,11340,11361,11377,bottom,243.24,214.29,281.25,418.53,"{195: 0.0, 196: 9.65}",True
196,11343,11373,11401,top,155.17,150.0,160.71,38.27,"{196: 0.0, 195: 9.97}",True
197,11507,11542,11571,top,140.62,128.57,155.17,91.73,{197: 0.0},True
199,11596,,,top,,,,,{},False
200,11599,11637,11668,top,130.43,118.42,145.16,86.26,{200: 0.0},True
209,11926,11962,11992,top,136.36,125.0,150.0,83.33,{209: 0.0},True
210,12025,12062,12092,top,134.33,121.62,150.0,94.59,"{210: 0.0, 211: 16.73}",True
211,12070,,,top,,,,,{},False
212,12145,,,top,,,,,{},False
213,12213,12233,12253,bottom,225.0,225.0,225.0,,{213: 0.0},True
214,12322,12358,12390,top,132.35,125.0,140.62,48.83,"{214: 0.0, 215: 1.09}",True
215,12387,,,bottom,,,,,{},False
217,12445,12481,12514,top,130.43,125.0,136.36,34.44,"{217: 0.0, 218: 4.39}",True
218,12491,,,bottom,,,,,{},False
219,12546,,,top,,,,,{},False
220,12568,12601,12630,top,145.16,136.36,155.17,64.86,"{220: 0.0, 221: 21.94}",True
221,12625,12659,12687,top,145.16,132.35,160.71,101.29,"{220: 22.08, 221: 0.0}",True
222,12750,,,bottom,,,,,{},False
223,12775,12805,12831,top,160.71,150.0,173.08,88.76,"{223: 0.0, 224: 3.97}",True
224,12779,12818,12849,top,128.57,115.38,145.16,96.05,"{223: 4.13, 224: 0.0}",True
225,13306,13342,13371,top,138.46,125.0,155.17,104.04,"{225: 0.0, 226: 21.54}",True
226,13362,13400,13425,top,142.86,118.42,180.0,246.32,"{225: 21.84, 226: 0.0}",True
228,13441,,,top,,,,,{},False
227,13450,,,top,,,,,{},False
229,13633,13664,13691,top,155.17,145.16,166.67,79.65,"{229: 0.0, 230: 7.46}",True
230,13652,13682,13705,top,169.81,150.0,195.65,198.49,"{229: 7.41, 230: 0.0, 234: 0.87}",True
234,13702,,,bottom,,,,,{},False
236,13735,,,top,,,,,{},False
238,13916,,,top,,,,,{},False
239,14056,,,top,,,,,{},False
241,14100,,,top,,,,,{},False
242,14191,14223,14251,top,150.0,140.62,160.71,71.75,{242: 0.0},True
243,14344,,,top,,,,,{},False
244,14365,14403,14431,top,136.36,118.42,160.71,151.05,{244: 0.0},True
245,14438,14477,14507,top,130.43,115.38,150.0,115.38,{245: 0.0},True
250,14517,14547,14572,top,163.64,150.0,180.0,120.0,"{250: 0.0, 249: 4.55}",True
249,14526,,,top,,,,,{},False
251,14768,,,top,,,,,{},False
252,14835,,,top,,,,,{},False
253,15117,15150,15179,top,145.16,136.36,155.17,64.86,{253: 0.0},True
255,15271,,,top,,,,,{},False
256,15343,15375,15402,top,152.54,140.62,166.67,96.45,"{256: 0.0, 257: 11.23}",True
257,15370,15403,15428,top,155.17,136.36,180.0,174.55,"{257: 0.0, 256: 11.27}",True
261,15448,,,bottom,,,,,{},False
262,15464,15503,15536,top,125.0,115.38,136.36,63.57,"{262: 0.0, 263: 15.3}",True
263,15512,15547,15577,top,138.46,128.57,150.0,71.43,"{263: 0.0, 262: 15.21}",True
264,15688,15723,15753,top,138.46,128.57,150.0,71.43,{264: 0.0},True
266,15881,15915,15945,top,140.62,132.35,150.0,58.82,{266: 0.0},True
267,16232,16255,16276,bottom,204.55,195.65,214.29,88.73,{267: 0.0},True
268,16275,16311,16341,top,136.36,125.0,150.0,83.33,"{267: 1.25, 268: 0.0}",True
269,16789,,,top,,,,,{},False
270,16958,16999,17030,top,125.0,109.76,145.16,114.21,{270: 0.0},True
271,17217,17241,17263,bottom,195.65,187.5,204.55,77.48,{271: 0.0},True
272,17289,17316,17342,bottom,169.81,166.67,173.08,24.65,{272: 0.0},True
273,17371,17395,17416,top,200.0,187.5,214.29,127.55,{273: 0.0},True
274,17458,,,top,,,,,{},False
275,17575,17603,17626,top,176.47,160.71,195.65,151.9,{275: 0.0},True
276,17882,,,top,,,,,{},False
277,18207,,18254,bottom,191.49,,,,{},True
278,18335,18355,18371,bottom,250.0,225.0,281.25,351.56,{278: 0.0},True
280,18411,18445,18474,top,142.86,132.35,155.17,78.69,{280: 0.0},True
281,18480,,,top,,,,,{},False
282,18500,18526,18549,top,183.67,173.08,195.65,98.15,"{282: 0.0, 283: 4.78}",True
283,18507,18539,18565,top,155.17,140.62,173.08,124.82,"{283: 0.0, 282: 4.93, 284: 2.96}",True
284,18552,,18595,bottom,209.3,,,,{},True
285,18616,18647,18673,top,157.89,145.16,173.08,107.37,{285: 0.0},True
286,18885,18919,18947,top,145.16,132.35,160.71,101.29,{286: 0.0},True
287,19032,,19069,bottom,243.24,,,,{},True
288,19175,19197,19217,bottom,214.29,204.55,225.0,102.27,"{288: 0.0, 289: 7.76}",True
289,19187,19221,19249,top,145.16,132.35,160.71,101.29,"{289: 0.0, 288: 7.96}",True
290,19260,,,top,,,,,{},False
293,19393,,,top,,,,,{},False
295,19566,19600,19629,top,142.86,132.35,155.17,78.69,"{295: 0.0, 296: 2.8}",True
296,19579,19608,19631,top,173.08,155.17,195.65,176.0,"{296: 0.0, 295: 2.68}",True
298,19679,,,top,,,,,{},False
299,19722,19760,19789,top,134.33,118.42,155.17,126.73,"{299: 0.0, 300: 9.55}",True
300,19737,19759,19775,bottom,236.84,204.55,281.25,479.4,"{299: 8.81, 300: 0.0}",True
301,19827,19848,19864,bottom,243.24,214.29,281.25,418.53,{301: 0.0},True
302,19948,19986,20017,top,130.43,118.42,145.16,86.26,{302: 0.0},True
303,20075,20108,20138,top,142.86,136.36,150.0,45.45,"{303: 0.0, 305: 20.65}",True
305,20131,20173,20190,top,152.54,107.14,264.71,926.84,"{303: 20.89, 305: 0.0}",True
306,20684,20718,20745,top,147.54,132.35,166.67,127.09,{306: 0.0},True
307,20943,20974,21001,top,155.17,145.16,166.67,79.65,{307: 0.0},True
308,21224,21245,21263,bottom,230.77,214.29,250.0,198.41,{308: 0.0},True
309,21377,21416,21449,top,125.0,115.38,136.36,63.57,"{309: 0.0, 312: 21.22, 313: 1.95}",True
312,21439,,21496,top,157.89,,,,{},True
313,21440,21462,21485,bottom,200.0,204.55,195.65,-38.67,"{309: 3.58, 313: 0.0, 312: 12.89}",True
315,21507,21541,21569,top,145.16,132.35,160.71,101.29,{315: 0.0},True
317,21608,,,bottom,,,,,{},False
318,21613,21645,21673,top,150.0,140.62,160.71,71.75,"{318: 0.0, 317: 19.94, 316: 4.49, 319: 21.32}",True
316,21621,,,top,,,,,{},False
319,21667,21699,21726,top,152.54,140.62,166.67,96.45,"{318: 21.4, 319: 0.0}",True
320,21754,21786,21813,top,152.54,140.62,166.67,96.45,{320: 0.0},True
321,21821,21848,21871,top,180.0,166.67,195.65,126.02,{321: 0.0},True
323,21872,,,top,,,,,{},False
324,21927,21962,21992,top,138.46,128.57,150.0,71.43,"{324: 0.0, 325: 22.49}",True
325,21984,,,top,,,,,{},False
326,22208,22237,22262,top,166.67,155.17,180.0,99.31,"{326: 0.0, 327: 21.96}",True
327,22256,22305,22344,top,102.27,91.84,115.38,60.38,"{326: 22.07, 327: 0.0}",True
329,22370,22391,22410,bottom,225.0,214.29,236.84,118.72,{329: 0.0},True
332,22440,22472,22498,top,155.17,140.62,173.08,124.82,"{332: 0.0, 331: 12.48}",True
331,22471,,,top,,,,,{},False
336,22514,,,top,,,,,{},False
337,22698,22735,22765,top,134.33,121.62,150.0,94.59,{337: 0.0},True
338,22771,22808,22838,top,134.33,121.62,150.0,94.59,"{338: 0.0, 341: 11.55, 339: 20.35}",True
341,22801,22867,22882,top,111.11,68.18,300.0,1545.45,"{338: 11.61, 341: 0.0, 339: 8.71}",True
339,22827,,,top,,,,,{},False
342,22952,,,top,,,,,{},False
343,23131,,,top,,,,,{},False
345,23372,23407,23437,top,138.46,128.57,150.0,71.43,"{345: 0.0, 347: 13.37, 346: 18.75}",True
347,23406,,,top,,,,,{},False
346,23424,23461,23493,top,130.43,121.62,140.62,59.39,"{345: 18.94, 346: 0.0}",True
348,23504,23522,23540,bottom,250.0,250.0,250.0,,{348: 0.0},True
349,23586,23618,23644,top,155.17,140.62,173.08,124.82,"{349: 0.0, 353: 6.83, 352: 14.87, 350: 20.39}",True
350,23586,23674,23700,top,78.95,51.14,173.08,469.0,"{349: 20.85, 353: 12.67, 350: 0.0, 354: 11.38}",True
353,23601,23639,23670,top,130.43,118.42,145.16,86.26,"{353: 0.0, 349: 6.99, 352: 7.25, 350: 12.66, 354: 21.9}",True
352,23620,,,top,,,,,{},False
354,23661,23708,23737,top,118.42,95.74,155.17,204.92,"{353: 22.16, 350: 11.51, 354: 0.0, 355: 22.44}",True
355,23734,23773,23801,top,134.33,115.38,160.71,161.89,"{354: 22.81, 355: 0.0, 356: 21.5}",True
356,23798,23834,23861,top,142.86,125.0,166.67,154.32,"{355: 21.96, 356: 0.0, 357: 9.67, 360: 17.38}",True
357,23825,,,top,,,,,{},False
360,23842,,,top,,,,,{},False
359,23896,,,bottom,,,,,{},False
361,23914,23956,23991,top,116.88,107.14,128.57,61.22,"{361: 0.0, 362: 10.85, 363: 12.73}",True
362,23947,23992,24028,top,111.11,100.0,125.0,69.44,"{361: 10.86, 362: 0.0, 363: 1.85}",True
363,23962,23990,24016,top,166.67,160.71,173.08,47.55,"{362: 1.76, 363: 0.0, 361: 12.52}",True
364,24066,,,top,,,,,{},False
365,24088,24121,24148,top,150.0,136.36,166.67,112.23,"{365: 0.0, 366: 6.12}",True
366,24103,24138,24168,top,138.46,128.57,150.0,71.43,"{365: 6.19, 366: 0.0}",True
367,24316,24352,24381,top,138.46,125.0,155.17,104.04,"{367: 0.0, 368: 21.0}",True
368,24374,24408,24432,top,155.17,132.35,187.5,229.78,"{367: 20.91, 368: 0.0, 369: 9.25}",True
369,24396,24417,24435,bottom,230.77,214.29,250.0,198.41,"{368: 10.31, 369: 0.0}",True
370,24435,24462,24505,top,128.57,166.67,104.65,-144.22,"{369: 1.64, 370: 0.0, 371: 8.38}",True
371,24462,24491,24516,top,166.67,155.17,180.0,99.31,"{371: 0.0, 370: 8.0, 372: 1.15}",True
372,24510,24535,24556,bottom,195.65,180.0,214.29,163.27,"{371: 1.76, 372: 0.0}",True
373,24635,24655,24674,bottom,230.77,225.0,236.84,62.33,{373: 0.0},True
374,24753,24785,24812,top,152.54,140.62,166.67,96.45,"{374: 0.0, 375: 2.82}",True
375,24753,24797,24831,top,115.38,102.27,132.35,88.47,"{374: 2.98, 375: 0.0, 377: 3.62}",True
377,24815,,,bottom,,,,,{},False
376,24833,,,top,,,,,{},False
378,24836,24865,24893,top,157.89,155.17,160.71,19.79,{378: 0.0},True
379,24920,24947,24973,top,169.81,166.67,173.08,24.65,{379: 0.0},True
380,25115,25136,25153,bottom,236.84,214.29,264.71,296.59,{380: 0.0},True
381,25423,25447,25469,bottom,195.65,187.5,204.55,77.48,"{381: 0.0, 382: 2.32}",True
382,25462,25493,25517,top,163.64,145.16,187.5,176.41,"{382: 0.0, 381: 2.85}",True
385,25718,,,top,,,,,{},False
384,25738,,,top,,,,,{},False
386,25742,25778,25808,top,136.36,125.0,150.0,83.33,"{386: 0.0, 387: 12.38, 388: 0.64}",True
387,25773,,,top,,,,,{},False
388,25805,25827,25845,bottom,225.0,204.55,250.0,252.53,"{386: 1.85, 388: 0.0}",True
389,26055,26092,26121,top,136.36,121.62,155.17,115.69,{389: 0.0},True
395,26216,26254,26285,top,130.43,118.42,145.16,86.26,"{395: 0.0, 393: 10.91, 396: 1.8}",True
393,26249,,,top,,,,,{},False
396,26277,26298,26317,bottom,225.0,214.29,236.84,118.72,"{396: 0.0, 395: 2.88}",True
397,26440,26463,26483,bottom,209.3,195.65,225.0,146.74,{397: 0.0},True
398,26492,26516,26539,bottom,191.49,187.5,195.65,35.44,{398: 0.0},True
403,26582,,,top,,,,,{},False
404,26585,26610,26630,bottom,200.0,180.0,225.0,225.0,{404: 0.0},True
405,26823,26853,26878,top,163.64,150.0,180.0,120.0,"{405: 0.0, 406: 19.12}",True
406,26869,26899,26925,top,160.71,150.0,173.08,88.76,"{405: 19.28, 406: 0.0}",True
407,26931,,,top,,,,,{},False
408,26975,27000,27020,top,200.0,180.0,225.0,225.0,"{408: 0.0, 409: 7.92}",True
409,26991,27012,27027,bottom,250.0,214.29,300.0,571.43,"{408: 8.65, 409: 0.0}",True
410,27184,27221,27250,top,136.36,121.62,155.17,115.69,{410: 0.0},True
411,27296,27329,27357,top,147.54,136.36,160.71,86.97,{411: 0.0},True
412,27390,27423,27451,top,147.54,136.36,160.71,86.97,"{412: 0.0, 413: 6.52, 414: 11.46}",True
413,27411,27440,27462,top,176.47,155.17,204.55,224.42,"{412: 6.37, 413: 0.0, 414: 5.94}",True
414,27419,27457,27485,top,136.36,118.42,160.71,151.05,"{412: 11.37, 413: 6.08, 414: 0.0}",True
417,27575,27604,27632,top,157.89,155.17,160.71,19.79,"{417: 0.0, 418: 4.75, 420: 17.35}",True
418,27581,27619,27652,top,126.76,118.42,136.36,54.37,"{418: 0.0, 417: 4.85, 420: 11.9}",True
420,27614,,,top,,,,,{},False
421,27699,27737,27770,top,126.76,118.42,136.36,54.37,"{421: 0.0, 423: 17.7, 424: 2.63}",True
423,27750,,,top,,,,,{},False
424,27758,27780,27801,bottom,209.3,204.55,214.29,46.38,"{421: 3.28, 424: 0.0}",True
426,27840,,,top,,,,,{},False
427,27893,27927,27956,top,142.86,132.35,155.17,78.69,"{427: 0.0, 428: 21.7}",True
428,27948,,,top,,,,,{},False
429,28004,28039,28067,top,142.86,128.57,160.71,114.8,{429: 0.0},True
432,28132,28167,28195,top,142.86,128.57,160.71,114.8,"{432: 0.0, 433: 6.38, 434: 2.82}",True
433,28146,28185,28220,top,121.62,115.38,128.57,37.68,"{432: 6.5, 433: 0.0, 434: 7.87}",True
434,28182,28204,28221,bottom,230.77,204.55,264.71,353.88,"{432: 3.7, 433: 8.28, 434: 0.0}",True
435,28253,28287,28315,top,145.16,132.35,160.71,101.29,"{435: 0.0, 436: 11.59}",True
436,28283,28319,28350,top,134.33,125.0,145.16,65.04,"{435: 11.68, 436: 0.0}",True
437,28525,28555,28581,top,160.71,150.0,173.08,88.76,{437: 0.0},True
438,28631,,,top,,,,,{},False
439,28643,28681,28711,top,132.35,118.42,150.0,105.26,"{439: 0.0, 440: 19.09}",True
440,28698,28736,28769,top,126.76,118.42,136.36,54.37,"{440: 0.0, 439: 19.26, 441: 12.77}",True
441,28737,28771,28798,top,147.54,132.35,166.67,127.09,"{440: 12.68, 441: 0.0}",True
443,28823,28861,28891,top,132.35,118.42,150.0,105.26,{443: 0.0},True
444,28915,28957,28989,top,121.62,107.14,140.62,104.63,"{444: 0.0, 445: 12.3}",True
445,28954,28995,29030,top,118.42,109.76,128.57,53.76,"{445: 0.0, 444: 12.38}",True
447,29185,29218,29246,top,147.54,136.36,160.71,86.97,{447: 0.0},True
450,29398,,,top,,,,,{},False
451,29526,29561,29587,top,147.54,128.57,173.08,171.17,{451: 0.0},True
459,29597,29646,29674,top,116.88,91.84,160.71,245.99,{459: 0.0},True
461,29685,29717,29743,top,155.17,140.62,173.08,124.82,"{461: 0.0, 462: 20.15}",True
462,29734,29774,29805,top,126.76,112.5,145.16,105.36,"{462: 0.0, 461: 20.3}",True
463,29953,29988,30017,top,140.62,128.57,155.17,91.73,"{463: 0.0, 464: 1.63}",True
464,30009,30030,30049,bottom,225.0,214.29,236.84,118.72,"{463: 3.08, 464: 0.0}",True
465,30062,,,bottom,,,,,{},False
466,30064,,,top,,,,,{},False
467,30100,,,top,,,,,{},False
468,30189,30226,30257,top,132.35,121.62,145.16,75.93,{468: 0.0},True
469,30312,30348,30377,top,138.46,125.0,155.17,104.04,"{469: 0.0, 470: 9.68}",True
470,30342,30371,30396,top,166.67,155.17,180.0,99.31,"{470: 0.0, 469: 9.51}",True
471,30444,,,top,,,,,{},False
472,30750,,,top,,,,,{},False
474,30774,30807,30835,top,147.54,136.36,160.71,86.97,"{474: 0.0, 475: 0.88}",True
475,30831,30856,30873,bottom,214.29,180.0,264.71,498.27,"{474: 2.28, 475: 0.0, 476: 14.76}",True
476,30858,,,bottom,,,,,{},False
477,30904,30938,30963,top,152.54,132.35,180.0,190.59,{477: 0.0},True
479,31109,,,top,,,,,{},False
480,31127,31148,31165,bottom,236.84,214.29,264.71,296.59,"{480: 0.0, 481: 5.86}",True
481,31146,31177,31200,top,166.67,145.16,195.65,219.53,"{481: 0.0, 480: 6.17}",True
482,31251,,,top,,,,,{},False
483,31333,,,top,,,,,{},False
484,31383,31405,31424,bottom,219.51,204.55,236.84,169.98,{484: 0.0},True
486,31498,,,top,,,,,{},False
489,31534,,,top,,,,,{},False
491,31693,31730,31762,top,130.43,121.62,140.62,59.39,"{491: 0.0, 492: 23.52}",True
492,31758,,,top,,,,,{},False
493,31831,,,top,,,,,{},False
495,31978,,,top,,,,,{},False
496,32206,,,top,,,,,{},False
498,32649,,,top,,,,,{},False
499,32674,32711,32741,top,134.33,121.62,150.0,94.59,{499: 0.0},True
504,32784,32823,32854,top,128.57,115.38,145.16,96.05,"{504: 0.0, 505: 8.74, 506: 20.34}",True
505,32811,32848,32876,top,138.46,121.62,160.71,139.62,"{504: 8.66, 505: 0.0, 506: 12.64}",True
506,32846,32885,32910,top,140.62,115.38,180.0,258.46,"{504: 20.27, 505: 12.75, 506: 0.0, 507: 7.25}",True
507,32878,32900,32918,bottom,225.0,204.55,250.0,252.53,"{507: 0.0, 506: 8.29}",True
508,32964,33002,33029,top,138.46,118.42,166.67,178.69,"{508: 0.0, 509: 20.28}",True
509,33019,33059,33088,top,130.43,112.5,155.17,147.15,"{508: 20.23, 509: 0.0}",True
510,33143,,,top,,,,,{},False
511,33302,33333,33360,top,155.17,145.16,166.67,79.65,"{511: 0.0, 512: 10.15, 513: 21.37}",True
512,33320,33341,33359,bottom,230.77,214.29,250.0,198.41,"{511: 9.81, 512: 0.0, 513: 1.52}",True
513,33354,33384,33406,top,173.08,150.0,204.55,247.93,"{512: 2.07, 511: 21.49, 513: 0.0}",True
514,33571,33607,33636,top,138.46,125.0,155.17,104.04,"{514: 0.0, 515: 19.66}",True
515,33626,33652,33689,top,142.86,173.08,121.62,-139.07,"{514: 19.83, 515: 0.0, 516: 13.78}",True
516,33658,33697,33731,top,123.29,115.38,132.35,49.91,"{516: 0.0, 515: 13.75}",True
518,33755,,,top,,,,,{},False
519,33860,33890,33916,top,160.71,150.0,173.08,88.76,{519: 0.0},True
521,33952,33982,34010,top,155.17,150.0,160.71,38.27,{521: 0.0},True
522,34198,34230,34258,top,150.0,140.62,160.71,71.75,{522: 0.0},True
523,34292,34322,34349,top,157.89,150.0,166.67,61.73,{523: 0.0},True
524,34373,,,top,,,,,{},False
525,34548,34578,34605,top,157.89,150.0,166.67,61.73,"{525: 0.0, 529: 21.57}",True
529,34600,34633,34659,top,152.54,136.36,173.08,141.2,"{529: 0.0, 525: 21.78, 531: 16.69}",True
531,34640,34673,34699,top,152.54,136.36,173.08,141.2,"{529: 16.68, 531: 0.0, 533: 18.77}",True
533,34686,,,top,,,,,{},False
534,34720,,,top,,,,,{},False
537,35072,35112,35140,top,132.35,112.5,160.71,172.19,{537: 0.0},True
538,35139,35179,35211,top,125.0,112.5,140.62,87.89,"{537: 23.03, 538: 0.0}",True
539,35232,,,top,,,,,{},False
540,35233,35269,35303,top,128.57,125.0,132.35,21.63,"{540: 0.0, 539: 0.84}",True
542,35483,,,top,,,,,{},False
543,35543,35564,35585,bottom,214.29,214.29,214.29,,{543: 0.0},True
544,35689,35723,35751,top,145.16,132.35,160.71,101.29,{544: 0.0},True
545,35909,35942,35971,top,145.16,136.36,155.17,64.86,{545: 0.0},True
546,36052,,,top,,,,,{},False
548,36056,36102,36139,top,108.43,97.83,121.62,64.31,{548: 0.0},True
552,36141,,,bottom,,,,,{},False
554,36173,,,top,,,,,{},False
555,36297,36319,36339,bottom,214.29,204.55,225.0,102.27,"{555: 0.0, 556: 16.63, 557: 1.17}",True
556,36327,,,bottom,,,,,{},False
557,36336,36372,36398,top,145.16,125.0,173.08,184.91,"{557: 0.0, 555: 1.36}",True
559,36640,36674,36702,top,145.16,132.35,160.71,101.29,{559: 0.0},True
561,36828,36860,36887,top,152.54,140.62,166.67,96.45,{561: 0.0},True
562,36972,37002,37028,top,160.71,150.0,173.08,88.76,{562: 0.0},True
563,37082,,,top,,,,,{},False
564,37134,,,bottom,,,,,{},False
565,37141,37172,37200,top,152.54,145.16,160.71,55.55,{565: 0.0},True
566,37259,37289,37315,top,160.71,150.0,173.08,88.76,"{566: 0.0, 567: 14.22}",True
567,37282,,,bottom,,,,,{},False
568,37321,,,top,,,,,{},False
570,37461,37492,37518,top,157.89,145.16,173.08,107.37,{570: 0.0},True
578,37820,,,top,,,,,{},False
579,37862,,,top,,,,,{},False
580,37895,,,top,,,,,{},False
581,37907,37942,37971,top,140.62,128.57,155.17,91.73,"{581: 0.0, 582: 18.65}",True
582,37957,,,top,,,,,{},False
583,38133,38164,38191,top,155.17,145.16,166.67,79.65,"{583: 0.0, 584: 6.29}",True
584,38144,,,top,,,,,{},False
585,38465,38497,38524,top,152.54,140.62,166.67,96.45,{585: 0.0},True
586,38551,38583,38608,top,157.89,140.62,180.0,157.5,{586: 0.0},True
587,38663,38697,38722,top,152.54,132.35,180.0,190.59,"{587: 0.0, 589: 19.28}",True
589,38712,38749,38777,top,138.46,121.62,160.71,139.62,"{587: 18.94, 589: 0.0}",True
592,38983,39015,39042,top,152.54,140.62,166.67,96.45,{592: 0.0},True
591,38986,,,top,,,,,{},False
593,39127,39163,39193,top,136.36,125.0,150.0,83.33,"{593: 0.0, 595: 0.88}",True
595,39189,39211,,bottom,,,,,{},False
596,39391,39413,39435,bottom,204.55,204.55,204.55,,{596: 0.0},True
597,39467,,,top,,,,,{},False
599,39549,39576,39600,top,176.47,166.67,187.5,86.81,"{599: 0.0, 601: 15.08}",True
601,39578,,,top,,,,,{},False
602,39614,39650,39679,top,138.46,125.0,155.17,104.04,{602: 0.0},True
607,39747,,,top,,,,,{},False
608,39748,39786,39818,top,128.57,118.42,140.62,69.39,"{608: 0.0, 607: 0.6, 609: 1.66, 610: 16.89, 611: 20.78}",True
609,39757,39787,39811,top,166.67,150.0,187.5,156.25,"{609: 0.0, 608: 1.58, 610: 17.36, 611: 22.84}",True
610,39794,,,top,,,,,{},False
611,39809,39848,39879,top,128.57,115.38,145.16,96.05,"{608: 20.93, 611: 0.0, 609: 23.26}",True
612,39887,,,top,,,,,{},False
613,39896,39924,39952,top,160.71,160.71,160.71,,{613: 0.0},True
614,40060,,,top,,,,,{},False
615,40060,40095,40123,top,142.86,128.57,160.71,114.8,"{615: 0.0, 614: 0.92, 616: 9.4}",True
616,40083,40105,40124,bottom,219.51,204.55,236.84,169.98,"{615: 9.72, 616: 0.0}",True
617,40337,40375,40408,top,126.76,118.42,136.36,54.37,{617: 0.0},True
618,40612,40649,40680,top,132.35,121.62,145.16,75.93,{618: 0.0},True
621,40777,40814,40845,top,132.35,121.62,145.16,75.93,"{621: 0.0, 622: 8.21}",True
622,40811,40833,40851,bottom,225.0,204.55,250.0,252.53,"{621: 9.59, 622: 0.0}",True
623,40851,40873,40892,bottom,219.51,204.55,236.84,169.98,"{622: 21.93, 623: 0.0}",True
625,40932,40965,40994,top,145.16,136.36,155.17,64.86,"{625: 0.0, 624: 3.63}",True
624,40938,,,top,,,,,{},False
626,41001,,,top,,,,,{},False
627,41033,41053,41073,bottom,225.0,225.0,225.0,,{627: 0.0},True
628,41123,,,top,,,,,{},False
629,41162,41197,41227,top,138.46,128.57,150.0,71.43,{629: 0.0},True
630,41231,41268,41297,top,136.36,121.62,155.17,115.69,{630: 0.0},True
632,41431,41464,41493,top,145.16,136.36,155.17,64.86,{632: 0.0},True
633,41572,,,top,,,,,{},False
634,41591,41614,41631,bottom,225.0,195.65,264.71,406.2,{634: 0.0},True
635,41760,,,top,,,,,{},False
636,41767,,,top,,,,,{},False
637,41878,41913,41942,top,140.62,128.57,155.17,91.73,"{637: 0.0, 638: 2.09, 639: 4.45}",True
638,41878,,,top,,,,,{},False
639,41924,,,bottom,,,,,{},False
640,41959,41981,42001,bottom,214.29,204.55,225.0,102.27,{640: 0.0},True
641,42039,42071,42098,top,152.54,140.62,166.67,96.45,{641: 0.0},True
644,42223,42251,42275,top,173.08,160.71,187.5,111.61,"{644: 0.0, 643: 14.88}",True
643,42253,,,top,,,,,{},False
645,42319,42350,42374,top,163.64,145.16,187.5,176.41,"{645: 0.0, 646: 21.16}",True
646,42366,,,top,,,,,{},False
648,42381,42401,42422,bottom,219.51,225.0,214.29,-51.02,{648: 0.0},True
650,42441,42474,42501,top,150.0,136.36,166.67,112.23,"{650: 0.0, 649: 6.83}",True
649,42456,,,top,,,,,{},False
651,42515,42546,42574,top,152.54,145.16,160.71,55.55,{651: 0.0},True
652,43197,,,top,,,,,{},False
653,43365,43387,43404,bottom,230.77,204.55,264.71,353.88,"{653: 0.0, 654: 7.95, 655: 2.3}",True
654,43373,43404,43431,top,155.17,145.16,166.67,79.65,"{654: 0.0, 653: 8.77, 655: 12.86, 656: 14.29}",True
655,43402,43437,43468,top,136.36,128.57,145.16,53.52,"{655: 0.0, 653: 1.16, 654: 12.97, 656: 2.26, 657: 3.44}",True
656,43407,,,top,,,,,{},False
657,43451,43475,43497,bottom,195.65,187.5,204.55,77.48,"{655: 4.37, 657: 0.0}",True
658,43574,43592,43607,bottom,272.73,250.0,300.0,333.33,{658: 0.0},True
659,43607,,,top,,,,,{},False
660,43647,,,top,,,,,{},False
661,43691,43710,43727,bottom,250.0,236.84,264.71,163.9,"{661: 0.0, 662: 7.57}",True
662,43702,43736,43762,top,150.0,132.35,173.08,156.63,"{662: 0.0, 661: 7.68, 665: 21.03}",True
665,43755,43787,43815,top,150.0,140.62,160.71,71.75,"{665: 0.0, 662: 21.27, 666: 16.63}",True
666,43796,43827,,top,,,,,{},False
667,43859,,,bottom,,,,,{},False
668,43895,43930,43960,top,138.46,128.57,150.0,71.43,{668: 0.0},True
669,43989,44008,44028,bottom,230.77,236.84,225.0,-59.21,{669: 0.0},True
670,44048,44068,44088,bottom,225.0,225.0,225.0,,{670: 0.0},True
672,44232,44268,44302,top,128.57,125.0,132.35,21.63,"{672: 0.0, 673: 6.98}",True
673,44283,44303,44322,bottom,230.77,225.0,236.84,62.33,"{672: 7.9, 673: 0.0}",True
674,44444,,,top,,,,,{},False
675,44723,,,top,,,,,{},False
676,44828,,,top,,,,,{},False
677,44833,,,top,,,,,{},False
678,45001,45036,45063,top,145.16,128.57,166.67,141.09,{678: 0.0},True
679,45372,45402,45428,top,160.71,150.0,173.08,88.76,"{679: 0.0, 680: 11.13}",True
680,45402,45426,45445,top,209.3,187.5,236.84,259.7,"{680: 0.0, 679: 10.9}",True
681,45790,45810,45829,bottom,230.77,225.0,236.84,62.33,"{681: 0.0, 682: 2.53}",True
682,45820,45858,45889,top,130.43,118.42,145.16,86.26,"{682: 0.0, 681: 2.62, 683: 10.13, 684: 10.57}",True
683,45846,45868,45885,bottom,230.77,204.55,264.71,353.88,"{682: 8.79, 683: 0.0, 684: 9.27}",True
684,45850,45886,45918,top,132.35,125.0,140.62,48.83,"{682: 10.5, 683: 9.62, 684: 0.0, 685: 1.63}",True
685,45911,45934,45953,bottom,214.29,195.65,236.84,216.79,"{685: 0.0, 684: 2.31}",True
686,45959,45993,46023,top,140.62,132.35,150.0,58.82,{686: 0.0},True
687,46124,46159,46190,top,136.36,128.57,145.16,53.52,"{687: 0.0, 688: 5.44}",True
688,46170,46192,46212,bottom,214.29,204.55,225.0,102.27,"{687: 6.58, 688: 0.0}",True
689,46263,46298,46324,top,147.54,128.57,173.08,171.17,"{689: 0.0, 690: 12.73}",True
690,46296,46333,46364,top,132.35,121.62,145.16,75.93,"{690: 0.0, 689: 12.94}",True
692,46433,46460,46484,top,176.47,166.67,187.5,86.81,"{692: 0.0, 693: 7.57}",True
693,46446,46479,46508,top,145.16,136.36,155.17,64.86,"{693: 0.0, 692: 7.7}",True
694,46849,46887,46919,top,128.57,118.42,140.62,69.39,"{694: 0.0, 695: 1.88, 697: 14.44}",True
695,46860,46891,46916,top,160.71,145.16,180.0,139.35,"{695: 0.0, 694: 1.88, 697: 12.95}",True
697,46888,,,top,,,,,{},False
698,46963,46994,47018,top,163.64,145.16,187.5,176.41,{698: 0.0},True
700,47049,47085,47117,top,132.35,125.0,140.62,48.83,{700: 0.0},True
702,47156,,,bottom,,,,,{},False
703,47167,47198,47223,top,160.71,145.16,180.0,139.35,"{703: 0.0, 702: 20.21}",True
704,47293,47324,47350,top,157.89,145.16,173.08,107.37,{704: 0.0},True
705,47371,,,top,,,,,{},False
706,47493,47520,47546,top,169.81,166.67,173.08,24.65,{706: 0.0},True
707,47554,47587,47617,top,142.86,136.36,150.0,45.45,"{707: 0.0, 708: 2.52, 709: 6.04}",True
708,47565,47595,47621,top,160.71,150.0,173.08,88.76,"{707: 2.44, 708: 0.0, 709: 3.72}",True
709,47568,47606,47639,top,126.76,118.42,136.36,54.37,"{709: 0.0, 707: 6.12, 708: 3.89}",True
711,47732,47769,47799,top,134.33,121.62,150.0,94.59,{711: 0.0},True
713,47830,47864,47894,top,140.62,132.35,150.0,58.82,"{713: 0.0, 712: 9.83}",True
712,47855,,,top,,,,,{},False
714,47947,,,top,,,,,{},False
715,48036,48069,48097,top,147.54,136.36,160.71,86.97,"{715: 0.0, 716: 9.7}",True
716,48054,48078,48100,bottom,195.65,187.5,204.55,77.48,"{715: 10.63, 716: 0.0}",True
717,48103,48125,48146,bottom,209.3,204.55,214.29,46.38,{717: 0.0},True
718,48211,,,bottom,,,,,{},False
719,48246,,,top,,,,,{},False
720,48272,48293,48312,bottom,225.0,214.29,236.84,118.72,{720: 0.0},True
721,48408,,,top,,,,,{},False
722,48515,48551,48584,top,130.43,125.0,136.36,34.44,{722: 0.0},True
723,48585,48621,48649,top,140.62,125.0,160.71,127.55,"{722: 23.4, 723: 0.0}",True
724,48722,48743,48759,bottom,243.24,214.29,281.25,418.53,"{724: 0.0, 725: 8.59}",True
725,48730,48767,48796,top,136.36,121.62,155.17,115.69,"{725: 0.0, 724: 8.55, 726: 18.7}",True
726,48783,48815,48848,top,138.46,140.62,136.36,-12.91,"{725: 18.72, 726: 0.0}",True
729,49085,49109,49131,bottom,195.65,187.5,204.55,77.48,{729: 0.0},True
730,49187,,,top,,,,,{},False
731,49446,49482,49513,top,134.33,125.0,145.16,65.04,"{731: 0.0, 732: 13.54}",True
732,49480,,,top,,,,,{},False
733,49553,49587,49615,top,145.16,132.35,160.71,101.29,{733: 0.0},True
734,49814,49841,49862,top,187.5,166.67,214.29,226.76,{734: 0.0},True
735,49924,49951,49974,top,180.0,166.67,195.65,126.02,"{735: 0.0, 736: 3.83, 737: 1.62}",True
736,49928,49962,49987,top,152.54,132.35,180.0,190.59,"{735: 3.96, 736: 0.0, 737: 4.73}",True
737,49967,49992,50015,bottom,187.5,180.0,195.65,68.05,"{736: 5.74, 735: 2.29, 737: 0.0}",True
738,50127,,,top,,,,,{},False
739,50134,50158,50178,top,204.55,187.5,225.0,187.5,{739: 0.0},True
741,50394,,,top,,,,,{},False
742,50471,,,top,,,,,{},False
743,50531,50562,50589,top,155.17,145.16,166.67,79.65,"{743: 0.0, 745: 8.19, 744: 22.61}",True
745,50563,,,bottom,,,,,{},False
744,50584,,,top,,,,,{},False
746,50667,,,top,,,,,{},False
747,50748,,,top,,,,,{},False
748,50780,,,bottom,,,,,{},False
749,50833,,,top,,,,,{},False
750,50841,50873,50898,top,157.89,140.62,180.0,157.5,{750: 0.0},True
753,50920,50953,50980,top,150.0,136.36,166.67,112.23,"{753: 0.0, 754: 9.61}",True
754,50944,50963,50981,bottom,243.24,236.84,250.0,73.1,"{753: 9.97, 754: 0.0}",True
755,50990,51030,51066,top,118.42,112.5,125.0,34.72,{755: 0.0},True
756,51075,,,top,,,,,{},False
757,51227,51261,51290,top,142.86,132.35,155.17,78.69,{757: 0.0},True
758,51322,51345,51366,bottom,204.55,195.65,214.29,88.73,"{758: 0.0, 759: 6.88, 760: 6.52, 761: 17.56}",True
759,51328,51360,51388,top,150.0,140.62,160.71,71.75,"{759: 0.0, 758: 7.94, 760: 5.11, 761: 6.65}",True
760,51339,51372,51401,top,145.16,136.36,155.17,64.86,"{760: 0.0, 759: 5.15, 758: 6.69, 761: 9.52}",True
761,51355,51382,51405,bottom,180.0,166.67,195.65,126.02,"{758: 17.69, 760: 10.31, 759: 7.42, 761: 0.0}",True
762,51553,51587,51617,top,140.62,132.35,150.0,58.82,{762: 0.0},True
763,51601,,,top,,,,,{},False
765,51624,51662,51688,top,140.62,118.42,173.08,210.21,"{765: 0.0, 764: 5.71}",True
764,51640,,,top,,,,,{},False
766,51713,,,bottom,,,,,{},False
767,51822,51855,51882,top,150.0,136.36,166.67,112.23,"{767: 0.0, 768: 9.5}",True
768,51848,51869,51889,bottom,219.51,214.29,225.0,53.57,"{767: 10.62, 768: 0.0}",True
769,51929,,,top,,,,,{},False
770,51954,51988,52013,top,152.54,132.35,180.0,190.59,"{770: 0.0, 771: 10.82}",True
771,51983,52012,52036,top,169.81,155.17,187.5,134.7,"{771: 0.0, 770: 10.82, 772: 15.81}",True
772,52015,,,top,,,,,{},False
773,52130,52168,52198,top,132.35,118.42,150.0,105.26,{773: 0.0},True
774,52287,52323,52351,top,140.62,125.0,160.71,127.55,"{774: 0.0, 775: 18.82}",True
775,52335,52384,52409,top,121.62,91.84,180.0,352.65,"{774: 15.2, 775: 0.0}",True
778,52558,,,top,,,,,{},False
779,52824,52841,52858,bottom,264.71,264.71,264.71,,"{779: 0.0, 780: 3.75}",True
780,52845,52889,52926,top,111.11,102.27,121.62,52.29,"{779: 3.32, 780: 0.0}",True
782,53278,53303,53323,bottom,200.0,180.0,225.0,225.0,"{782: 0.0, 783: 9.12}",True
783,53285,53333,53369,top,107.14,93.75,125.0,86.81,"{783: 0.0, 782: 9.11}",True
785,53390,53420,53449,top,152.54,150.0,155.17,17.84,"{785: 0.0, 784: 8.89, 787: 19.91}",True
784,53409,,,top,,,,,{},False
787,53440,53482,53520,top,112.5,107.14,118.42,29.68,"{787: 0.0, 785: 20.33, 786: 10.39}",True
786,53471,,,top,,,,,{},False
790,53551,,,top,,,,,{},False
791,53613,,,top,,,,,{},False
792,53624,53654,53680,top,160.71,150.0,173.08,88.76,"{792: 0.0, 793: 12.9}",True
793,53653,53687,53715,top,145.16,132.35,160.71,101.29,"{792: 12.96, 793: 0.0}",True
794,53829,53870,53904,top,120.0,109.76,132.35,66.46,{794: 0.0},True
795,53831,,,top,,,,,{},False
809,53905,,,bottom,,,,,{},False
810,54072,54105,54135,top,142.86,136.36,150.0,45.45,"{810: 0.0, 811: 14.77}",True
811,54110,54147,54174,top,140.62,121.62,166.67,166.83,"{810: 14.7, 811: 0.0}",True
818,54219,,,bottom,,,,,{},False
820,54266,,,top,,,,,{},False
821,54344,,,top,,,,,{},False
823,54364,54392,54415,top,176.47,160.71,195.65,151.9,{823: 0.0},True
824,54527,,,top,,,,,{},False
825,54871,54890,54909,bottom,236.84,236.84,236.84,,"{825: 0.0, 826: 0.53}",True
826,54906,54937,54962,top,160.71,145.16,180.0,139.35,"{825: 1.28, 826: 0.0}",True
828,55084,55117,55141,top,157.89,136.36,187.5,213.07,"{828: 0.0, 827: 2.82, 829: 6.47, 830: 15.67}",True
827,55090,,,top,,,,,{},False
829,55097,55134,55165,top,132.35,121.62,145.16,75.93,"{829: 0.0, 828: 6.44, 830: 8.16, 831: 16.4}",True
830,55122,55157,,top,,,,,{},False
831,55144,55181,55212,top,132.35,121.62,145.16,75.93,"{829: 16.41, 831: 0.0, 830: 8.88, 828: 12.09}",True
832,55271,55304,55331,top,150.0,136.36,166.67,112.23,{832: 0.0},True
833,55339,,,bottom,,,,,{},False
834,55375,55410,55440,top,138.46,128.57,150.0,71.43,{834: 0.0},True
835,55448,,,top,,,,,{},False
836,55460,55493,55521,top,147.54,136.36,160.71,86.97,"{836: 0.0, 837: 18.38}",True
837,55507,,,top,,,,,{},False
838,55657,,,top,,,,,{},False
839,55889,55921,55947,top,155.17,140.62,173.08,124.82,"{839: 0.0, 842: 22.45}",True
842,55942,,,top,,,,,{},False
846,56029,,,top,,,,,{},False
847,56168,56195,56214,bottom,195.65,166.67,236.84,369.34,{847: 0.0},True
849,56263,56281,56302,bottom,230.77,250.0,214.29,-170.07,{849: 0.0},True
850,56320,56352,56379,top,152.54,140.62,166.67,96.45,"{850: 0.0, 851: 15.03}",True
851,56355,56394,56425,top,128.57,115.38,145.16,96.05,"{851: 0.0, 850: 15.19, 854: 15.26, 855: 19.13}",True
854,56401,56448,,top,,,,,{},False
855,56412,56444,56471,top,152.54,140.62,166.67,96.45,"{851: 15.84, 854: 3.86, 855: 0.0, 858: 3.11, 859: 21.94}",True
858,56463,,,bottom,,,,,{},False
859,56467,56500,56527,top,150.0,136.36,166.67,112.23,"{859: 0.0, 855: 22.11}",True
860,56732,56773,56804,top,125.0,109.76,145.16,114.21,{860: 0.0},True
864,57119,57158,57190,top,126.76,115.38,140.62,78.88,{864: 0.0},True
865,57141,,,top,,,,,{},False
866,57286,57323,57353,top,134.33,121.62,150.0,94.59,{866: 0.0},True
868,57594,57613,57632,bottom,236.84,236.84,236.84,,{868: 0.0},True
871,57645,,,top,,,,,{},False
872,57653,57697,57732,top,113.92,102.27,128.57,75.14,"{872: 0.0, 873: 5.23}",True
873,57711,57731,,bottom,,,,,{},False
874,57792,57837,57873,top,111.11,100.0,125.0,69.44,"{874: 0.0, 875: 10.45}",True
875,57825,57846,57867,bottom,214.29,214.29,214.29,,"{874: 9.26, 875: 0.0}",True
876,57900,57933,57960,top,150.0,136.36,166.67,112.23,{876: 0.0},True
878,57990,58030,58060,top,128.57,112.5,150.0,125.0,"{878: 0.0, 879: 19.91}",True
879,58047,,,top,,,,,{},False
880,58082,58097,58113,bottom,290.32,300.0,281.25,-117.19,{880: 0.0},True
882,58262,58280,58295,bottom,272.73,250.0,300.0,333.33,{882: 0.0},True
883,58346,58379,58407,top,147.54,136.36,160.71,86.97,{883: 0.0},True
885,58436,58456,58473,bottom,243.24,225.0,264.71,233.56,{885: 0.0},True
886,58590,,,bottom,,,,,{},False
888,58798,,,top,,,,,{},False
889,58924,58956,58981,top,157.89,140.62,180.0,157.5,"{889: 0.0, 890: 5.95}",True
890,58936,58972,59002,top,136.36,125.0,150.0,83.33,"{890: 0.0, 889: 6.1, 891: 22.41}",True
891,58999,59033,59061,top,145.16,132.35,160.71,101.29,"{890: 22.88, 891: 0.0, 892: 0.83}",True
892,59004,59032,59057,top,169.81,160.71,180.0,77.14,"{892: 0.0, 891: 0.79}",True
894,59119,59157,59189,top,128.57,118.42,140.62,69.39,"{894: 0.0, 893: 10.12}",True
893,59146,,,top,,,,,{},False
895,59221,59255,59281,top,150.0,132.35,173.08,156.63,{895: 0.0},True
896,59481,59517,59547,top,136.36,125.0,150.0,83.33,"{896: 0.0, 897: 20.35}",True
897,59538,59573,59603,top,138.46,128.57,150.0,71.43,"{896: 20.38, 897: 0.0, 898: 18.88}",True
898,59591,59621,59645,top,166.67,150.0,187.5,156.25,"{897: 18.95, 898: 0.0}",True
899,59740,59765,59789,bottom,183.67,180.0,187.5,31.25,"{899: 0.0, 900: 2.79}",True
900,59777,59803,59824,top,191.49,173.08,214.29,196.23,"{900: 0.0, 899: 3.4}",True
901,60025,60059,60086,top,147.54,132.35,166.67,127.09,{901: 0.0},True
904,60088,60121,60149,top,147.54,136.36,160.71,86.97,"{904: 0.0, 903: 4.9}",True
903,60101,,,top,,,,,{},False
907,60150,,,bottom,,,,,{},False
908,60306,60383,60414,top,83.33,58.44,145.16,279.74,"{908: 0.0, 911: 4.54, 910: 6.93, 912: 17.35, 914: 14.15}",True
911,60339,60376,60409,top,128.57,121.62,136.36,44.67,"{911: 0.0, 908: 4.6, 910: 10.85, 912: 13.91, 914: 16.11}",True
910,60370,,,top,,,,,{},False
912,60370,,,bottom,,,,,{},False
914,60386,60422,60450,top,140.62,125.0,160.71,127.55,"{911: 16.07, 914: 0.0, 908: 14.15}",True
915,60864,60883,60900,bottom,250.0,236.84,264.71,163.9,{915: 0.0},True
916,60985,61025,61056,top,126.76,112.5,145.16,105.36,"{916: 0.0, 919: 14.0, 917: 16.63}",True
919,61028,61067,61097,top,130.43,115.38,150.0,115.38,"{916: 14.0, 919: 0.0, 917: 2.84}",True
917,61033,,,top,,,,,{},False
920,61384,61408,,bottom,,,,,{},False
921,61510,,,top,,,,,{},False
922,61801,,,top,,,,,{},False
923,62100,62121,62136,bottom,250.0,214.29,300.0,571.43,{923: 0.0},True
924,62178,62219,62250,top,125.0,109.76,145.16,114.21,"{924: 0.0, 925: 10.83}",True
925,62211,62251,62282,top,126.76,112.5,145.16,105.36,"{925: 0.0, 924: 10.89, 927: 13.73}",True
927,62253,62290,62327,top,121.62,121.62,121.62,,"{925: 13.66, 927: 0.0}",True
928,62394,62426,62454,top,150.0,140.62,160.71,71.75,"{928: 0.0, 930: 0.08, 931: 4.57, 932: 23.29}",True
930,62396,,,top,,,,,{},False
931,62431,,,bottom,,,,,{},False
932,62452,62485,62512,top,150.0,136.36,166.67,112.23,"{932: 0.0, 928: 23.39, 931: 10.9, 933: 21.3}",True
933,62502,,,top,,,,,{},False
934,62608,62640,62667,top,152.54,140.62,166.67,96.45,{934: 0.0},True
935,62708,62731,62751,bottom,209.3,195.65,225.0,146.74,{935: 0.0},True
936,63038,63073,63102,top,140.62,128.57,155.17,91.73,"{936: 0.0, 937: 12.53}",True
937,63071,63107,63136,top,138.46,125.0,155.17,104.04,"{937: 0.0, 936: 12.58}",True
938,63136,63174,63207,top,126.76,118.42,136.36,54.37,"{937: 23.56, 938: 0.0}",True
941,63459,63482,63500,bottom,219.51,195.65,250.0,301.93,{941: 0.0},True
947,64030,,,top,,,,,{},False
946,64089,64111,64130,bottom,219.51,204.55,236.84,169.98,"{946: 0.0, 948: 19.66}",True
948,64124,64146,64164,bottom,225.0,204.55,250.0,252.53,"{946: 19.55, 948: 0.0}",True
950,64178,64198,64218,bottom,225.0,225.0,225.0,,{950: 0.0},True
953,64512,,,top,,,,,{},False
954,64695,,,bottom,,,,,{},False
955,64774,64808,64835,top,147.54,132.35,166.67,127.09,{955: 0.0},True
956,65019,65056,65088,top,130.43,121.62,140.62,59.39,{956: 0.0},True
957,65087,65123,65152,top,138.46,125.0,155.17,104.04,"{956: 23.33, 957: 0.0}",True
959,65237,65260,65282,bottom,200.0,195.65,204.55,40.42,{959: 0.0},True
961,65340,,,top,,,,,{},False
962,65341,65374,65400,top,152.54,136.36,173.08,141.2,"{962: 0.0, 961: 1.48, 963: 7.08}",True
963,65352,65398,65436,top,107.14,97.83,118.42,54.2,"{962: 7.29, 963: 0.0}",True
969,65460,65494,65521,top,147.54,132.35,166.67,127.09,{969: 0.0},True
971,65746,,,top,,,,,{},False
972,65834,65865,65891,top,157.89,145.16,173.08,107.37,"{972: 0.0, 973: 13.25}",True
973,65861,65902,65936,top,120.0,109.76,132.35,66.46,"{972: 13.49, 973: 0.0, 974: 12.42, 975: 16.27, 976: 17.5}",True
974,65906,65937,65961,top,163.64,145.16,187.5,176.41,"{974: 0.0, 973: 11.98, 975: 4.77, 976: 7.11}",True
975,65917,65947,65973,top,160.71,150.0,173.08,88.76,"{974: 4.85, 976: 2.69, 975: 0.0, 973: 15.72}",True
976,65918,65956,65988,top,128.57,118.42,140.62,69.39,"{974: 7.27, 976: 0.0, 975: 2.85, 973: 17.29}",True
978,66115,66148,66176,top,147.54,136.36,160.71,86.97,{978: 0.0},True
980,66365,66383,,bottom,,,,,{},False
981,66406,66435,66460,top,166.67,155.17,180.0,99.31,{981: 0.0},True
982,66702,66732,66758,top,160.71,150.0,173.08,88.76,{982: 0.0},True
983,66759,,,top,,,,,{},False
985,66783,66810,66834,top,176.47,166.67,187.5,86.81,"{985: 0.0, 986: 17.8}",True
986,66819,,,top,,,,,{},False
987,66855,,,top,,,,,{},False
989,66956,66985,67012,top,160.71,155.17,166.67,42.57,{989: 0.0},True
990,67116,67133,,bottom,,,,,{},False
995,67292,67329,67359,top,134.33,121.62,150.0,94.59,"{995: 0.0, 991: 4.52}",True
991,67304,,,top,,,,,{},False
996,67423,67455,67485,top,145.16,140.62,150.0,31.25,{996: 0.0},True
1000,67692,,,top,,,,,{},False
1001,67731,67766,67794,top,142.86,128.57,160.71,114.8,"{1001: 0.0, 1002: 14.54}",True
1002,67771,67802,67827,top,160.71,145.16,180.0,139.35,"{1001: 14.46, 1002: 0.0}",True
1003,67851,,,top,,,,,{},False
1005,67865,67903,67937,top,125.0,118.42,132.35,40.98,{1005: 0.0},True
1007,68141,,,top,,,,,{},False
1008,68209,,,top,,,,,{},False
1009,68452,68488,68519,top,134.33,125.0,145.16,65.04,"{1009: 0.0, 1010: 10.3, 1011: 15.54}",True
1010,68465,68486,68506,bottom,219.51,214.29,225.0,53.57,"{1009: 9.42, 1010: 0.0, 1011: 3.07}",True
1011,68493,68540,68567,top,121.62,95.74,166.67,262.67,"{1009: 15.68, 1011: 0.0, 1010: 2.83, 1014: 11.45}",True
1014,68531,,,top,,,,,{},False
1016,68672,68701,68723,top,176.47,155.17,204.55,224.42,"{1016: 0.0, 1015: 9.26, 1017: 13.03, 1018: 9.26}",True
1015,68691,,,top,,,,,{},False
1017,68697,68738,68771,top,121.62,109.76,136.36,80.63,"{1017: 0.0, 1016: 13.23, 1018: 20.7, 1019: 2.56}",True
1018,68700,,,bottom,,,,,{},False
1019,68724,68742,68767,top,209.3,250.0,180.0,-280.0,"{1017: 2.58, 1019: 0.0}",True
1020,68952,68980,69002,top,180.0,160.71,204.55,199.23,{1020: 0.0},True
1021,69046,69083,69114,top,132.35,121.62,145.16,75.93,{1021: 0.0},True
1023,69322,,,top,,,,,{},False
1024,69403,69428,69449,top,195.65,180.0,214.29,163.27,{1024: 0.0},True
1026,69654,69681,69704,top,180.0,166.67,195.65,126.02,{1026: 0.0},True
1027,69750,69774,69793,bottom,209.3,187.5,236.84,259.7,{1027: 0.0},True
1028,69894,69936,69970,top,118.42,107.14,132.35,74.15,"{1028: 0.0, 1029: 4.4}",True
1029,69915,69948,69974,top,152.54,136.36,173.08,141.2,"{1029: 0.0, 1028: 4.16}",True
1030,70093,70111,70126,bottom,272.73,250.0,300.0,333.33,{1030: 0.0},True
1031,70188,,,top,,,,,{},False
1032,70225,70259,70285,top,150.0,132.35,173.08,156.63,{1032: 0.0},True
1035,70354,,,top,,,,,{},False
1037,70437,70468,70494,top,157.89,145.16,173.08,107.37,{1037: 0.0},True
1038,70698,70741,70774,top,118.42,104.65,136.36,96.1,"{1038: 0.0, 1039: 9.7, 1040: 20.53}",True
1039,70738,70753,70769,bottom,290.32,300.0,281.25,-117.19,"{1038: 8.46, 1039: 0.0, 1040: 2.83}",True
1040,70763,,,top,,,,,{},False
1041,70901,,,top,,,,,{},False
1042,71224,,,bottom,,,,,{},False
1043,71509,,,top,,,,,{},False
1044,71595,71613,71627,bottom,281.25,250.0,321.43,510.2,{1044: 0.0},True
1045,71712,71756,71791,top,113.92,102.27,128.57,75.14,"{1045: 0.0, 1046: 19.48}",True
1046,71778,71817,71850,top,125.0,115.38,136.36,63.57,"{1045: 19.5, 1046: 0.0}",True
1047,71861,71905,71943,top,109.76,102.27,118.42,42.5,{1047: 0.0},True
1048,71947,71985,72018,top,126.76,118.42,136.36,54.37,{1048: 0.0},True
1049,72040,72078,72111,top,126.76,118.42,136.36,54.37,{1049: 0.0},True
1050,72203,72240,72273,top,128.57,121.62,136.36,44.67,{1050: 0.0},True
1051,72391,72423,72451,top,150.0,140.62,160.71,71.75,{1051: 0.0},True
1052,72736,,,top,,,,,{},False
1053,72802,72824,72841,bottom,230.77,204.55,264.71,353.88,{1053: 0.0},True
1054,72871,72894,72910,bottom,230.77,195.65,281.25,534.99,"{1054: 0.0, 1055: 3.61}",True
1055,72899,72942,72978,top,113.92,104.65,125.0,56.52,"{1055: 0.0, 1054: 3.23}",True
1056,73071,,,top,,,,,{},False
1057,73126,,73163,bottom,243.24,,,,{},True
1058,73205,73241,73270,top,138.46,125.0,155.17,104.04,"{1058: 0.0, 1059: 0.45}",True
1059,73206,,,top,,,,,{},False
1063,73424,73458,73491,top,134.33,132.35,136.36,12.15,"{1063: 0.0, 1064: 9.16, 1065: 7.12}",True
1064,73433,73453,73470,bottom,243.24,225.0,264.71,233.56,"{1063: 8.48, 1064: 0.0, 1065: 6.32}",True
1065,73447,73478,73506,top,152.54,145.16,160.71,55.55,"{1063: 7.04, 1065: 0.0, 1064: 6.38}",True
1066,73539,73562,73579,bottom,225.0,195.65,264.71,406.2,{1066: 0.0},True
1067,73634,,,top,,,,,{},False
1068,73644,73673,73699,top,163.64,155.17,173.08,68.86,{1068: 0.0},True
1069,73836,73868,73894,top,155.17,140.62,173.08,124.82,{1069: 0.0},True
1070,73898,,,top,,,,,{},False
1071,73914,73951,73979,top,138.46,121.62,160.71,139.62,"{1071: 0.0, 1072: 16.59}",True
1072,73960,73993,74024,top,140.62,136.36,145.16,28.38,"{1071: 16.58, 1072: 0.0}",True
1073,74131,74149,74169,bottom,236.84,250.0,225.0,-125.0,{1073: 0.0},True
1074,74237,74272,74300,top,142.86,128.57,160.71,114.8,{1074: 0.0},True
1076,74333,,,top,,,,,{},False
1078,75079,,,top,,,,,{},False
1079,75226,,,bottom,,,,,{},False
1083,75565,75596,75624,top,152.54,145.16,160.71,55.55,"{1083: 0.0, 1084: 21.25}",True
1084,75619,75654,75681,top,145.16,128.57,166.67,141.09,"{1084: 0.0, 1083: 21.28}",True
1085,75699,75727,75751,top,173.08,160.71,187.5,111.61,"{1085: 0.0, 1086: 1.58}",True
1086,75699,75732,75760,top,147.54,136.36,160.71,86.97,"{1085: 1.73, 1086: 0.0}",True
1087,75820,75853,75881,top,147.54,136.36,160.71,86.97,{1087: 0.0},True
1088,75950,75989,76020,top,128.57,115.38,145.16,96.05,"{1088: 0.0, 1089: 2.23}",True
1089,75962,75994,76022,top,150.0,140.62,160.71,71.75,"{1088: 2.18, 1089: 0.0}",True
1090,76132,76167,76195,top,142.86,128.57,160.71,114.8,{1090: 0.0},True
1091,76230,,,top,,,,,{},False
1092,76237,76270,76300,top,142.86,136.36,150.0,45.45,{1092: 0.0},True
1093,76334,76360,76379,bottom,200.0,173.08,236.84,335.61,{1093: 0.0},True
1095,76489,76531,76566,top,116.88,107.14,128.57,61.22,"{1095: 0.0, 1101: 22.17}",True
1096,76489,,,top,,,,,{},False
1101,76562,76596,76625,top,142.86,132.35,155.17,78.69,"{1101: 0.0, 1095: 21.74, 1103: 21.73, 1104: 21.59}",True
1103,76567,,,bottom,,,,,{},False
1104,76617,,,top,,,,,{},False
1105,76651,76688,76718,top,134.33,121.62,150.0,94.59,"{1105: 0.0, 1106: 8.81, 1107: 15.17}",True
1106,76679,76711,76737,top,155.17,140.62,173.08,124.82,"{1105: 8.71, 1106: 0.0, 1107: 7.58}",True
1107,76694,76732,76766,top,125.0,118.42,132.35,40.98,"{1105: 15.23, 1107: 0.0, 1106: 7.74}",True
1108,76840,76876,76907,top,134.33,125.0,145.16,65.04,{1108: 0.0},True
1111,76979,77017,77047,top,132.35,118.42,150.0,105.26,"{1111: 0.0, 1112: 11.48}",True
1112,77009,77048,77077,top,132.35,115.38,155.17,137.2,"{1112: 0.0, 1111: 11.48}",True
1113,77084,77121,77152,top,132.35,121.62,145.16,75.93,{1113: 0.0},True
1114,77203,77242,77276,top,123.29,115.38,132.35,49.91,{1114: 0.0},True
1115,77285,,,top,,,,,{},False
1116,77308,77346,77379,top,126.76,118.42,136.36,54.37,"{1116: 0.0, 1117: 11.97}",True
1117,77344,77381,77413,top,130.43,121.62,140.62,59.39,"{1117: 0.0, 1116: 11.93, 1118: 22.59}",True
1118,77406,,,top,,,,,{},False
1119,77456,77476,77496,bottom,225.0,225.0,225.0,,{1119: 0.0},True
1120,77550,77569,77589,bottom,230.77,236.84,225.0,-59.21,{1120: 0.0},True
1122,77625,77659,77688,top,142.86,132.35,155.17,78.69,{1122: 0.0},True
1123,77739,,,top,,,,,{},False
1124,77803,77837,77865,top,145.16,132.35,160.71,101.29,"{1124: 0.0, 1125: 21.49}",True
1125,77858,77888,77913,top,163.64,150.0,180.0,120.0,"{1124: 21.44, 1125: 0.0}",True
1126,77980,78000,78014,bottom,264.71,225.0,321.43,688.78,{1126: 0.0},True
1127,78266,78296,78322,top,160.71,150.0,173.08,88.76,{1127: 0.0},True
1129,78387,,,top,,,,,{},False
1130,78460,78495,78523,top,142.86,128.57,160.71,114.8,"{1130: 0.0, 1131: 1.05}",True
1131,78465,78495,78520,top,163.64,150.0,180.0,120.0,"{1130: 1.01, 1131: 0.0}",True
1132,78532,78559,78581,top,183.67,166.67,204.55,172.18,{1132: 0.0},True
1133,78653,78682,78706,top,169.81,155.17,187.5,134.7,{1133: 0.0},True
1134,78743,,,top,,,,,{},False
1136,78805,78828,78850,bottom,200.0,195.65,204.55,40.42,"{1136: 0.0, 1137: 22.6}",True
1137,78807,,,top,,,,,{},False
1139,78857,78891,78919,top,145.16,132.35,160.71,101.29,"{1139: 0.0, 1141: 6.26}",True
1141,78871,,,top,,,,,{},False
1145,78999,79037,79066,top,134.33,118.42,155.17,126.73,"{1145: 0.0, 1146: 15.26, 1147: 0.98}",True
1146,79042,79078,79107,top,138.46,125.0,155.17,104.04,"{1146: 0.0, 1145: 15.27, 1147: 10.32, 1148: 14.94}",True
1147,79064,79085,79105,bottom,219.51,214.29,225.0,53.57,"{1146: 9.68, 1145: 1.81, 1147: 0.0, 1148: 5.54}",True
1148,79082,79117,79149,top,134.33,128.57,140.62,37.67,"{1146: 14.97, 1147: 6.01, 1148: 0.0}",True
1149,79184,79220,79249,top,138.46,125.0,155.17,104.04,{1149: 0.0},True
1150,79305,79337,79364,top,152.54,140.62,166.67,96.45,{1150: 0.0},True
1151,79493,,,top,,,,,{},False
1152,79572,79609,79635,top,142.86,121.62,173.08,197.91,"{1152: 0.0, 1153: 17.35}",True
1153,79616,79654,79685,top,130.43,118.42,145.16,86.26,"{1153: 0.0, 1152: 17.33, 1154: 12.47, 1155: 10.21}",True
1154,79643,,79681,bottom,236.84,,,,{},True
1155,79647,79682,79710,top,142.86,128.57,160.71,114.8,"{1155: 0.0, 1153: 10.19, 1154: 8.2}",True
1156,79782,,,top,,,,,{},False
1157,79872,79917,79953,top,111.11,100.0,125.0,69.44,{1157: 0.0},True
1158,79974,80008,80040,top,136.36,132.35,140.62,25.85,{1158: 0.0},True
1159,80160,,,top,,,,,{},False
1160,80376,,,top,,,,,{},False
1161,80429,,80463,bottom,264.71,,,,{},True
1162,80490,80528,80558,top,132.35,118.42,150.0,105.26,{1162: 0.0},True
1164,80570,80606,80634,top,140.62,125.0,160.71,127.55,"{1164: 0.0, 1165: 9.73, 1166: 12.03}",True
1165,80594,,,top,,,,,{},False
1166,80599,,,top,,,,,{},False
1167,80633,,,top,,,,,{},False
1168,80969,80999,81023,top,166.67,150.0,187.5,156.25,{1168: 0.0},True
1169,81047,,,top,,,,,{},False
1170,81062,81080,81098,bottom,250.0,250.0,250.0,,{1170: 0.0},True
1171,81237,81268,81294,top,157.89,145.16,173.08,107.37,{1171: 0.0},True
1172,81294,,,top,,,,,{},False
1174,81403,81422,81442,bottom,230.77,236.84,225.0,-59.21,{1174: 0.0},True
1176,81457,81487,81513,top,160.71,150.0,173.08,88.76,"{1176: 0.0, 1177: 17.07}",True
1177,81495,,,top,,,,,{},False
1178,81628,81651,81670,top,214.29,195.65,236.84,216.79,{1178: 0.0},True
1180,81828,81851,81870,bottom,214.29,195.65,236.84,216.79,"{1180: 0.0, 1181: 8.23}",True
1181,81840,81865,81886,top,195.65,180.0,214.29,163.27,"{1181: 0.0, 1180: 8.85}",True
1185,81907,81942,81970,top,142.86,128.57,160.71,114.8,"{1185: 0.0, 1184: 11.64, 1186: 4.28}",True
1184,81939,,,top,,,,,{},False
1186,81951,81976,,bottom,,,,,{},False
1187,82367,82389,82409,bottom,214.29,204.55,225.0,102.27,{1187: 0.0},True
1189,82456,,,top,,,,,{},False
1190,82593,,,top,,,,,{},False
1192,82666,82701,82731,top,138.46,128.57,150.0,71.43,"{1192: 0.0, 1196: 6.89}",True
1196,82693,82726,82755,bottom,145.16,136.36,155.17,64.86,"{1196: 0.0, 1192: 7.33}",True
1201,82854,,,top,,,,,{},False
1202,83306,83335,83361,top,163.64,155.17,173.08,68.86,"{1202: 0.0, 1203: 6.11}",True
1203,83312,83357,83391,top,113.92,100.0,132.35,95.16,"{1203: 0.0, 1202: 6.38}",True
1204,83537,83572,83604,top,134.33,128.57,140.62,37.67,"{1204: 0.0, 1205: 10.11}",True
1205,83566,83599,83627,top,147.54,136.36,160.71,86.97,"{1205: 0.0, 1204: 10.04}",True
1207,83668,83693,83718,bottom,180.0,180.0,180.0,,"{1207: 0.0, 1209: 6.23}",True
1208,83688,,,top,,,,,{},False
1209,83688,83725,83754,top,136.36,121.62,155.17,115.69,"{1207: 6.87, 1209: 0.0}",True
1220,83755,,,bottom,,,,,{},False
1221,83837,,,top,,,,,{},False
1222,83886,83921,83950,top,140.62,128.57,155.17,91.73,{1222: 0.0},True
1223,84026,84060,84088,top,145.16,132.35,160.71,101.29,{1223: 0.0},True
1225,84241,,,bottom,,,,,{},False
1226,84265,84285,84302,bottom,243.24,225.0,264.71,233.56,{1226: 0.0},True
1228,84310,84329,84346,bottom,250.0,236.84,264.71,163.9,{1228: 0.0},True
1230,84391,84422,84448,top,157.89,145.16,173.08,107.37,{1230: 0.0},True
1231,84538,84579,84611,top,123.29,109.76,140.62,96.47,{1231: 0.0},True
1232,84618,,,top,,,,,{},False
1233,84636,84675,84705,top,130.43,115.38,150.0,115.38,{1233: 0.0},True
1234,85004,85040,85068,top,140.62,125.0,160.71,127.55,{1234: 0.0},True
1236,85073,85117,85155,top,109.76,102.27,118.42,42.5,"{1236: 0.0, 1237: 16.25}",True
1237,85130,85165,85196,top,136.36,128.57,145.16,53.52,"{1236: 16.07, 1237: 0.0, 1239: 17.54, 1238: 18.66}",True
1239,85178,85212,85240,top,145.16,132.35,160.71,101.29,"{1238: 1.11, 1239: 0.0, 1237: 17.57}",True
1238,85179,,,top,,,,,{},False
1240,85414,,,top,,,,,{},False
1241,85421,85470,85505,top,107.14,91.84,128.57,104.96,"{1241: 0.0, 1243: 10.89, 1242: 11.95}",True
1243,85458,,,top,,,,,{},False
1242,85464,,,top,,,,,{},False
1245,85672,85699,85721,top,183.67,166.67,204.55,172.18,"{1245: 0.0, 1244: 6.86}",True
1244,85683,,,top,,,,,{},False
1246,85737,85759,85778,bottom,219.51,204.55,236.84,169.98,{1246: 0.0},True
1247,85786,85809,85830,bottom,204.55,195.65,214.29,88.73,{1247: 0.0},True
1248,85899,85920,85935,bottom,250.0,214.29,300.0,571.43,"{1248: 0.0, 1249: 2.94}",True
1249,85927,85963,85993,top,136.36,125.0,150.0,83.33,"{1249: 0.0, 1248: 2.57, 1252: 13.01, 1253: 20.63, 1251: 23.55}",True
1252,85966,85996,86019,top,169.81,150.0,195.65,198.49,"{1249: 12.94, 1252: 0.0, 1253: 11.16, 1251: 11.3, 1254: 13.99}",True
1253,85984,86034,86074,top,100.0,90.0,112.5,56.25,"{1249: 20.82, 1253: 0.0, 1252: 11.57, 1251: 2.5, 1254: 3.19, 1255: 14.35, 1259: 16.29, 1258: 17.79}",True
1251,85991,,,top,,,,,{},False
1254,85996,86023,86049,top,169.81,166.67,173.08,24.65,"{1252: 13.92, 1253: 2.98, 1254: 0.0, 1255: 19.13}",True
1255,86039,,,top,,,,,{},False
1259,86054,86077,86099,top,200.0,195.65,204.55,40.42,"{1259: 0.0, 1253: 15.36, 1258: 4.73}",True
1258,86055,86099,86136,top,111.11,102.27,121.62,52.29,"{1259: 5.02, 1253: 17.73, 1258: 0.0}",True
1262,86175,86210,86240,top,138.46,128.57,150.0,71.43,"{1262: 0.0, 1263: 19.63}",True
1263,86229,86259,86282,top,169.81,150.0,195.65,198.49,"{1263: 0.0, 1262: 19.57}",True
1264,86384,86415,86441,top,157.89,145.16,173.08,107.37,{1264: 0.0},True
1265,86472,86520,86561,top,101.12,93.75,109.76,39.04,"{1265: 0.0, 1266: 1.8, 1267: 18.76}",True
1266,86486,86523,86554,top,132.35,121.62,145.16,75.93,"{1265: 1.77, 1266: 0.0, 1267: 20.87}",True
1267,86546,86584,86613,top,134.33,118.42,155.17,126.73,"{1265: 18.72, 1267: 0.0, 1266: 20.9}",True
1268,86732,86767,86795,top,142.86,128.57,160.71,114.8,{1268: 0.0},True
1270,86925,86961,86990,top,138.46,125.0,155.17,104.04,{1270: 0.0},True
1271,86995,87012,87030,bottom,257.14,264.71,250.0,-81.7,{1271: 0.0},True
1272,87073,87110,87135,top,145.16,121.62,180.0,233.51,{1272: 0.0},True
1275,87408,87425,87438,bottom,300.0,264.71,346.15,626.52,{1275: 0.0},True
1276,87506,,,top,,,,,{},False
1277,87607,87644,87674,top,134.33,121.62,150.0,94.59,"{1277: 0.0, 1278: 9.16, 1279: 11.39}",True
1278,87635,87658,87676,bottom,219.51,195.65,250.0,301.93,"{1277: 9.81, 1278: 0.0, 1279: 10.2}",True
1279,87637,87677,87710,top,123.29,112.5,136.36,72.31,"{1277: 11.46, 1279: 0.0, 1278: 10.12}",True
1280,87733,87769,87800,top,134.33,125.0,145.16,65.04,{1280: 0.0},True
1283,87881,,,top,,,,,{},False
1284,87989,,,top,,,,,{},False
1285,88050,88094,88129,top,113.92,102.27,128.57,75.14,{1285: 0.0},True
1288,88130,88157,88180,top,180.0,166.67,195.65,126.02,"{1288: 0.0, 1285: 23.56, 1289: 13.35, 1290: 22.55}",True
1289,88156,88195,88227,top,126.76,115.38,140.62,78.88,"{1288: 13.61, 1289: 0.0, 1290: 7.16, 1292: 16.41}",True
1290,88175,,,top,,,,,{},False
1292,88207,88250,88272,top,138.46,104.65,204.55,454.06,"{1289: 16.16, 1292: 0.0}",True
1293,88345,,88403,top,155.17,,,,{},True
1294,88468,88490,88511,bottom,209.3,204.55,214.29,46.38,{1294: 0.0},True
1295,88643,88674,88700,top,157.89,145.16,173.08,107.37,"{1295: 0.0, 1296: 5.25}",True
1296,88679,88700,88719,bottom,225.0,214.29,236.84,118.72,"{1295: 6.3, 1296: 0.0}",True
1298,88818,88836,88856,bottom,236.84,250.0,225.0,-125.0,{1298: 0.0},True
1300,89020,,,top,,,,,{},False
1301,89197,89235,89268,top,126.76,118.42,136.36,54.37,"{1301: 0.0, 1303: 10.59}",True
1303,89229,,,top,,,,,{},False
1309,89458,89493,89522,top,140.62,128.57,155.17,91.73,{1309: 0.0},True
1310,89906,,,top,,,,,{},False
1312,90128,90161,90190,top,145.16,136.36,155.17,64.86,"{1312: 0.0, 1313: 2.48}",True
1313,90136,90168,90194,top,155.17,140.62,173.08,124.82,"{1313: 0.0, 1312: 2.42}",True
1314,90214,90246,90275,top,147.54,140.62,155.17,50.16,{1314: 0.0},True
1315,90280,,,top,,,,,{},False
1316,90311,,,bottom,,,,,{},False
1317,90437,90460,90482,bottom,200.0,195.65,204.55,40.42,{1317: 0.0},True
1318,90561,,,bottom,,,,,{},False
1320,90598,,,bottom,,,,,{},False
1319,90601,,,top,,,,,{},False
1321,90635,,,top,,,,,{},False
1324,90669,,,top,,,,,{},False
1325,90736,90756,90776,bottom,225.0,225.0,225.0,,{1325: 0.0},True
1326,90873,,,top,,,,,{},False
1327,91212,91232,91248,bottom,250.0,225.0,281.25,351.56,"{1327: 0.0, 1328: 4.21}",True
1328,91234,91272,91302,top,132.35,118.42,150.0,105.26,"{1328: 0.0, 1327: 3.94}",True
1330,91424,91462,91491,top,134.33,118.42,155.17,126.73,"{1330: 0.0, 1329: 21.8, 1331: 13.8}",True
1329,91431,,,bottom,,,,,{},False
1331,91464,91503,91537,top,123.29,115.38,132.35,49.91,"{1331: 0.0, 1330: 14.05}",True
1332,91625,91653,91678,top,169.81,160.71,180.0,77.14,{1332: 0.0},True
1333,91820,,91855,bottom,257.14,,,,{},True
1334,91842,91874,91901,top,152.54,140.62,166.67,96.45,"{1334: 0.0, 1333: 3.57}",True
1336,91973,92008,92037,top,140.62,128.57,155.17,91.73,"{1336: 0.0, 1337: 23.36}",True
1337,92032,92076,92101,top,130.43,102.27,180.0,310.91,"{1336: 23.36, 1337: 0.0, 1338: 21.08}",True
1338,92094,92127,92152,top,155.17,136.36,180.0,174.55,"{1338: 0.0, 1337: 21.23, 1339: 4.3}",True
1339,92135,92155,92169,bottom,264.71,225.0,321.43,688.78,"{1338: 5.79, 1339: 0.0}",True
1340,92172,92206,92232,top,150.0,132.35,173.08,156.63,"{1339: 1.81, 1340: 0.0, 1341: 1.11}",True
1341,92177,92207,92234,top,157.89,150.0,166.67,61.73,"{1340: 1.1, 1341: 0.0}",True
1342,92490,,,top,,,,,{},False
1343,92549,92567,92584,bottom,257.14,250.0,264.71,86.51,"{1343: 0.0, 1344: 7.66}",True
1344,92559,92595,92626,top,134.33,125.0,145.16,65.04,"{1344: 0.0, 1343: 7.42}",True
1345,92674,92711,92741,top,134.33,121.62,150.0,94.59,"{1345: 0.0, 1347: 8.71}",True
1347,92708,92726,92744,bottom,250.0,250.0,250.0,,"{1345: 9.9, 1347: 0.0}",True
1349,92782,92817,92846,top,140.62,128.57,155.17,91.73,{1349: 0.0},True
1350,93032,93069,93101,top,130.43,121.62,140.62,59.39,{1350: 0.0},True
1351,93215,93256,93291,top,118.42,109.76,128.57,53.76,"{1351: 0.0, 1352: 14.29}",True
1352,93259,93302,93340,top,111.11,104.65,118.42,36.24,"{1352: 0.0, 1351: 14.31, 1357: 10.38, 1358: 14.42, 1359: 23.78}",True
1357,93290,93313,93334,bottom,204.55,195.65,214.29,88.73,"{1352: 9.14, 1351: 1.0, 1357: 0.0, 1358: 0.97}",True
1358,93291,,,bottom,,,,,{},False
1359,93338,93377,93410,top,125.0,115.38,136.36,63.57,"{1352: 24.01, 1359: 0.0, 1361: 9.8}",True
1361,93369,93400,93424,top,163.64,145.16,187.5,176.41,"{1361: 0.0, 1359: 8.96}",True
1365,93498,,,top,,,,,{},False
1366,93539,93571,93600,top,147.54,140.62,155.17,50.16,{1366: 0.0},True
1367,93695,93727,93756,top,147.54,140.62,155.17,50.16,"{1367: 0.0, 1368: 7.89, 1369: 13.24}",True
1368,93724,93743,93762,bottom,236.84,236.84,236.84,,"{1367: 8.95, 1368: 0.0, 1369: 8.64}",True
1369,93727,93764,93798,top,126.76,121.62,132.35,31.56,"{1367: 13.33, 1369: 0.0, 1368: 9.01}",True
1374,93796,,,bottom,,,,,{},False
1375,93826,,,top,,,,,{},False
1376,94185,,,top,,,,,{},False
1377,94185,,,top,,,,,{},False
1378,94193,94228,94260,top,134.33,128.57,140.62,37.67,"{1378: 0.0, 1379: 8.47}",True
1379,94226,94246,94268,bottom,214.29,225.0,204.55,-92.98,"{1378: 9.41, 1379: 0.0, 1382: 20.45}",True
1382,94260,94282,94302,bottom,214.29,204.55,225.0,102.27,"{1379: 19.44, 1378: 0.38, 1382: 0.0}",True
1385,94470,,,top,,,,,{},False
1386,94490,,,bottom,,,,,{},False
1387,94526,,,top,,,,,{},False
1390,94597,,,top,,,,,{},False
1392,94610,94627,94646,bottom,250.0,264.71,236.84,-146.65,{1392: 0.0},True
1395,94785,94805,94826,bottom,219.51,225.0,214.29,-51.02,{1395: 0.0},True
1398,95130,95161,95188,top,155.17,145.16,166.67,79.65,"{1398: 0.0, 1399: 1.33, 1397: 9.38}",True
1399,95133,95164,95189,top,160.71,145.16,180.0,139.35,"{1398: 1.32, 1399: 0.0, 1397: 7.8}",True
1397,95152,,,top,,,,,{},False
1400,95192,,,top,,,,,{},False
1401,95241,95262,95283,bottom,214.29,214.29,214.29,,{1401: 0.0},True
1402,95254,,,bottom,,,,,{},False
1403,95330,95442,95461,bottom,68.7,40.18,236.84,1035.07,"{1406: 10.52, 1403: 0.0, 1409: 4.55}",True
1404,95370,,,top,,,,,{},False
1406,95423,95454,95480,top,157.89,145.16,173.08,107.37,"{1406: 0.0, 1403: 10.91, 1409: 8.38}",True
1409,95440,95480,95512,top,125.0,112.5,140.62,87.89,"{1406: 8.56, 1409: 0.0, 1403: 4.48}",True
1410,95665,95682,95700,bottom,257.14,264.71,250.0,-81.7,"{1410: 0.0, 1411: 8.12}",True
1411,95673,95701,95724,top,176.47,160.71,195.65,151.9,"{1411: 0.0, 1410: 8.01}",True
1413,95807,,95841,bottom,264.71,,,,{},True
1415,95957,95990,96019,top,145.16,136.36,155.17,64.86,"{1415: 0.0, 1416: 2.7}",True
1416,95970,95998,96020,top,180.0,160.71,204.55,199.23,"{1415: 2.66, 1416: 0.0}",True
1419,96134,,,bottom,,,,,{},False
1420,96329,96364,96394,top,138.46,128.57,150.0,71.43,{1420: 0.0},True
1422,96643,96678,96708,top,138.46,128.57,150.0,71.43,"{1422: 0.0, 1423: 23.37}",True
1423,96703,,,top,,,,,{},False
1426,96743,96771,96798,top,163.64,160.71,166.67,22.05,"{1426: 0.0, 1424: 8.64, 1427: 22.76}",True
1424,96762,,,top,,,,,{},False
1427,96796,96834,96863,top,134.33,118.42,155.17,126.73,"{1426: 22.94, 1427: 0.0}",True
1428,96950,96979,97007,top,157.89,155.17,160.71,19.79,{1428: 0.0},True
1429,97038,97068,97091,top,169.81,150.0,195.65,198.49,"{1429: 0.0, 1430: 20.01}",True
1430,97081,,,top,,,,,{},False
1431,97131,97164,97190,top,152.54,136.36,173.08,141.2,"{1431: 0.0, 1432: 19.66}",True
1432,97135,,,bottom,,,,,{},False
1435,97274,,,top,,,,,{},False
1434,97288,,,top,,,,,{},False
1437,97399,97416,97432,bottom,272.73,264.71,281.25,103.4,{1437: 0.0},True
1438,97507,,,top,,,,,{},False
1439,97553,97570,97592,bottom,230.77,264.71,204.55,-273.46,{1439: 0.0},True
1440,97828,,,top,,,,,{},False
1442,97879,97912,97940,top,147.54,136.36,160.71,86.97,"{1442: 0.0, 1444: 5.9}",True
1444,97911,,97950,bottom,230.77,,,,{},True
1445,98150,98181,98207,top,157.89,145.16,173.08,107.37,"{1445: 0.0, 1446: 23.6}",True
1446,98206,98245,98273,top,134.33,115.38,160.71,161.89,"{1445: 24.17, 1446: 0.0}",True
1448,98312,,,top,,,,,{},False
1449,98327,98358,98384,top,157.89,145.16,173.08,107.37,{1449: 0.0},True
1450,98587,98624,98657,top,128.57,121.62,136.36,44.67,{1450: 0.0},True
1451,98666,,,top,,,,,{},False
1454,98738,98771,98803,top,138.46,136.36,140.62,13.32,"{1454: 0.0, 1453: 1.37, 1456: 20.07}",True
1453,98739,,,top,,,,,{},False
1456,98794,98824,98847,top,169.81,150.0,195.65,198.49,"{1456: 0.0, 1454: 20.04, 1455: 7.09, 1459: 13.86, 1460: 13.33}",True
1455,98810,,,top,,,,,{},False
1459,98819,98864,98900,top,111.11,100.0,125.0,69.44,"{1456: 13.94, 1459: 0.0, 1460: 0.16, 1462: 11.0}",True
1460,98823,,,top,,,,,{},False
1462,98857,,,top,,,,,{},False
1472,98902,,,bottom,,,,,{},False
1473,98986,,,top,,,,,{},False
1474,99067,99090,99107,bottom,225.0,195.65,264.71,406.2,"{1474: 0.0, 1475: 9.22}",True
1475,99082,99107,99128,top,195.65,180.0,214.29,163.27,"{1475: 0.0, 1474: 9.43}",True
1476,99145,99180,99209,top,140.62,128.57,155.17,91.73,"{1476: 0.0, 1477: 22.06}",True
1477,99207,99231,99250,top,209.3,187.5,236.84,259.7,"{1476: 21.82, 1477: 0.0}",True
1480,99354,,,top,,,,,{},False
1481,99489,,,top,,,,,{},False
1482,99512,99533,99554,bottom,214.29,214.29,214.29,,{1482: 0.0},True
1483,99614,99660,99695,top,111.11,97.83,128.57,87.84,{1483: 0.0},True
1484,99813,99835,99851,bottom,236.84,204.55,281.25,479.4,"{1484: 0.0, 1485: 6.86}",True
1485,99829,99876,99913,top,107.14,95.74,121.62,69.94,"{1485: 0.0, 1484: 6.25}",True
1488,100152,,,top,,,,,{},False
1489,100156,100197,100232,top,118.42,109.76,128.57,53.76,{1489: 0.0},True
1491,100284,,,top,,,,,{},False
1492,100320,,,top,,,,,{},False
1493,100367,100387,100406,bottom,230.77,225.0,236.84,62.33,{1493: 0.0},True
1494,100424,100446,100464,bottom,225.0,204.55,250.0,252.53,{1494: 0.0},True
1496,100505,,,top,,,,,{},False
1497,100549,100572,100590,bottom,219.51,195.65,250.0,301.93,{1497: 0.0},True
1499,100868,,,top,,,,,{},False
1501,101033,101072,101103,top,128.57,115.38,145.16,96.05,{1501: 0.0},True
1502,101172,101208,,bottom,,,,,{},False
1506,101380,,,top,,,,,{},False
1504,101391,,,top,,,,,{},False
1507,101451,101472,101490,bottom,230.77,214.29,250.0,198.41,{1507: 0.0},True
1508,101570,101600,101625,top,163.64,150.0,180.0,120.0,{1508: 0.0},True
1510,101641,101674,101702,top,147.54,136.36,160.71,86.97,"{1510: 0.0, 1511: 0.04, 1512: 18.62}",True
1511,101642,,,top,,,,,{},False
1512,101689,,,top,,,,,{},False
1516,101850,101880,101907,top,157.89,150.0,166.67,61.73,"{1516: 0.0, 1517: 4.07}",True
1517,101854,101893,101926,top,125.0,115.38,136.36,63.57,"{1517: 0.0, 1516: 4.26}",True
1520,101986,102004,102022,bottom,250.0,250.0,250.0,,{1520: 0.0},True
1521,102134,102171,102201,top,134.33,121.62,150.0,94.59,{1521: 0.0},True
1522,102271,,,top,,,,,{},False
1525,102313,,,top,,,,,{},False
1526,102314,102344,102372,top,155.17,150.0,160.71,38.27,"{1525: 0.41, 1526: 0.0}",True
1528,102430,102460,102486,top,160.71,150.0,173.08,88.76,{1528: 0.0},True
1531,102511,102546,102574,top,142.86,128.57,160.71,114.8,{1531: 0.0},True
1532,102631,102666,102696,top,138.46,128.57,150.0,71.43,"{1532: 0.0, 1533: 10.63}",True
1533,102663,102693,102716,top,169.81,150.0,195.65,198.49,"{1533: 0.0, 1532: 10.48}",True
1534,102784,102803,102817,bottom,272.73,236.84,321.43,604.19,{1534: 0.0},True
1535,102869,102904,102934,top,138.46,128.57,150.0,71.43,{1535: 0.0},True
1536,102942,102962,102982,bottom,225.0,225.0,225.0,,{1536: 0.0},True
1537,103053,103086,103115,top,145.16,136.36,155.17,64.86,{1537: 0.0},True
1539,103334,,,top,,,,,{},False
1540,103368,103405,103436,top,132.35,121.62,145.16,75.93,{1540: 0.0},True
1543,103449,103484,103518,top,130.43,128.57,132.35,11.12,"{1543: 0.0, 1542: 13.45}",True
1542,103486,,,top,,,,,{},False
1544,103519,103556,103585,top,136.36,121.62,155.17,115.69,{1544: 0.0},True
1545,103591,,,top,,,,,{},False
1547,103892,103926,103956,top,140.62,132.35,150.0,58.82,"{1547: 0.0, 1546: 2.87}",True
1546,103900,,,top,,,,,{},False
1550,103976,103997,104015,bottom,230.77,214.29,250.0,198.41,{1550: 0.0},True
1551,104039,104074,104102,top,142.86,128.57,160.71,114.8,{1551: 0.0},True
1552,104258,104297,104332,top,121.62,115.38,128.57,37.68,{1552: 0.0},True
1556,104379,,,bottom,,,,,{},False
1557,104431,,,top,,,,,{},False
1559,104447,104488,104518,top,126.76,109.76,150.0,134.15,{1559: 0.0},True
1570,104733,104764,104790,top,157.89,145.16,173.08,107.37,{1570: 0.0},True
1571,104767,,,top,,,,,{},False
1572,105274,105303,105327,top,169.81,155.17,187.5,134.7,{1572: 0.0},True
1574,105945,105967,105987,bottom,214.29,204.55,225.0,102.27,{1574: 0.0},True
1575,106104,106135,106159,top,163.64,145.16,187.5,176.41,{1575: 0.0},True
1576,106197,106228,106253,top,160.71,145.16,180.0,139.35,{1576: 0.0},True
1577,106273,106308,106335,top,145.16,128.57,166.67,141.09,"{1577: 0.0, 1578: 2.14}",True
1578,106324,106348,106369,bottom,200.0,187.5,214.29,127.55,"{1577: 3.07, 1578: 0.0}",True
1579,106458,106495,106525,top,134.33,121.62,150.0,94.59,{1579: 0.0},True
1581,106546,,,top,,,,,{},False
1582,106680,106718,106750,top,128.57,118.42,140.62,69.39,"{1582: 0.0, 1583: 10.22, 1584: 4.43}",True
1583,106682,106705,106723,bottom,219.51,195.65,250.0,301.93,"{1582: 9.6, 1583: 0.0, 1584: 6.73}",True
1584,106699,106730,106755,top,160.71,145.16,180.0,139.35,"{1584: 0.0, 1582: 4.35, 1583: 7.08}",True
1585,106786,106821,106849,top,142.86,128.57,160.71,114.8,{1585: 0.0},True
1586,106859,,,top,,,,,{},False
1587,107071,107089,107106,bottom,257.14,250.0,264.71,86.51,"{1587: 0.0, 1588: 10.07}",True
1588,107085,,,bottom,,,,,{},False
1589,107212,107246,107277,top,138.46,132.35,145.16,41.32,{1589: 0.0},True
1590,107293,107330,107360,top,134.33,121.62,150.0,94.59,{1590: 0.0},True
1591,107404,107439,107468,top,140.62,128.57,155.17,91.73,{1591: 0.0},True
1592,107516,,,top,,,,,{},False
1593,107516,107550,107582,top,136.36,132.35,140.62,25.85,"{1592: 1.44, 1593: 0.0, 1594: 10.44}",True
1594,107536,107555,107577,bottom,219.51,236.84,204.55,-146.8,"{1593: 9.47, 1594: 0.0}",True
1599,107583,107603,107623,bottom,225.0,225.0,225.0,,"{1593: 1.05, 1599: 0.0}",True
1600,107583,,,bottom,,,,,{},False
1603,107659,107681,107701,bottom,214.29,204.55,225.0,102.27,{1603: 0.0},True
1605,107704,107715,,bottom,,,,,{},False
1608,107706,107740,,top,,,,,{},False
1609,108001,,,top,,,,,{},False
1611,108411,108436,108456,top,200.0,180.0,225.0,225.0,{1611: 0.0},True
1612,108462,108489,108512,top,180.0,166.67,195.65,126.02,"{1612: 0.0, 1613: 1.34}",True
1613,108507,108529,108545,bottom,236.84,204.55,281.25,479.4,"{1612: 2.46, 1613: 0.0}",True
1614,108564,108581,108596,bottom,281.25,264.71,300.0,235.29,"{1614: 0.0, 1615: 7.53}",True
1615,108572,108606,108635,top,142.86,132.35,155.17,78.69,"{1615: 0.0, 1614: 7.2}",True
1616,108645,,,top,,,,,{},False
1617,108711,108745,108774,top,142.86,132.35,155.17,78.69,{1617: 0.0},True
1619,108862,,,top,,,,,{},False
1620,109126,109162,109193,top,134.33,125.0,145.16,65.04,"{1620: 0.0, 1621: 4.76}",True
1621,109138,,,top,,,,,{},False
1622,109197,109221,109240,top,209.3,187.5,236.84,259.7,{1622: 0.0},True
1623,109411,109444,109468,top,157.89,136.36,187.5,213.07,"{1623: 0.0, 1624: 21.86}",True
1624,109466,109498,109525,top,152.54,140.62,166.67,96.45,"{1623: 22.07, 1624: 0.0, 1625: 18.77}",True
1625,109514,109540,109560,top,195.65,173.08,225.0,259.62,"{1624: 18.75, 1625: 0.0, 1626: 18.09}",True
1626,109547,109580,109606,top,152.54,136.36,173.08,141.2,"{1625: 18.25, 1626: 0.0}",True
1627,109613,109642,,top,,,,,{},False
1629,109900,,,top,,,,,{},False
1628,109900,109931,109956,top,160.71,145.16,180.0,139.35,"{1629: 0.11, 1628: 0.0}",True
1637,109981,110010,110033,top,173.08,155.17,195.65,176.0,{1637: 0.0},True
1638,110044,,,bottom,,,,,{},False
1639,110118,110150,110177,top,152.54,140.62,166.67,96.45,{1639: 0.0},True
1642,110200,110234,110264,top,140.62,132.35,150.0,58.82,{1642: 0.0},True
1643,110295,110329,110357,top,145.16,132.35,160.71,101.29,{1643: 0.0},True
1644,110362,,,top,,,,,{},False
1645,110388,,,bottom,,,,,{},False
1646,110613,,,top,,,,,{},False
1648,110676,110711,110737,top,147.54,128.57,173.08,171.17,"{1648: 0.0, 1649: 6.77, 1650: 16.98}",True
1649,110709,110729,110749,bottom,225.0,225.0,225.0,,"{1648: 8.47, 1649: 0.0, 1650: 16.95}",True
1650,110719,,,top,,,,,{},False
1651,110904,110937,110965,top,147.54,136.36,160.71,86.97,"{1651: 0.0, 1652: 4.27}",True
1652,110911,,,top,,,,,{},False
1653,111001,111029,111054,top,169.81,160.71,180.0,77.14,"{1653: 0.0, 1654: 10.39, 1655: 15.66}",True
1654,111005,111023,111040,bottom,257.14,250.0,264.71,86.51,"{1653: 9.68, 1654: 0.0, 1655: 1.97}",True
1655,111035,111065,111089,top,166.67,150.0,187.5,156.25,"{1655: 0.0, 1653: 15.66, 1654: 1.98}",True
1657,111278,111311,111337,top,152.54,136.36,173.08,141.2,{1657: 0.0},True
1658,111462,111496,111523,top,147.54,132.35,166.67,127.09,{1658: 0.0},True
1659,111679,111714,111743,top,140.62,128.57,155.17,91.73,"{1659: 0.0, 1660: 6.54}",True
1660,111699,111731,111758,top,152.54,140.62,166.67,96.45,"{1659: 6.53, 1660: 0.0, 1662: 21.23}",True
1662,111750,,,top,,,,,{},False
1663,111899,111920,111941,bottom,214.29,214.29,214.29,,"{1663: 0.0, 1664: 17.38}",True
1664,111930,111949,111966,bottom,250.0,236.84,264.71,163.9,"{1664: 0.0, 1663: 17.29}",True
1665,112474,112495,112512,bottom,236.84,214.29,264.71,296.59,{1665: 0.0},True
1667,112640,112661,112680,bottom,225.0,214.29,236.84,118.72,{1667: 0.0},True
1668,112685,112709,112726,bottom,219.51,187.5,264.71,454.15,{1668: 0.0},True
1669,113080,113125,113165,top,105.88,100.0,112.5,31.25,{1669: 0.0},True
1670,113171,,,top,,,,,{},False
1671,113210,113232,113253,bottom,209.3,204.55,214.29,46.38,{1671: 0.0},True
1674,113277,113300,113322,bottom,200.0,195.65,204.55,40.42,"{1674: 0.0, 1675: 16.96}",True
1675,113309,113332,113354,bottom,200.0,195.65,204.55,40.42,"{1675: 0.0, 1674: 17.0}",True
1677,113378,,,top,,,,,{},False
1679,113511,,,top,,,,,{},False
1680,113534,113561,113584,top,180.0,166.67,195.65,126.02,{1680: 0.0},True
1681,113904,,,top,,,,,{},False
1682,113905,113944,113974,top,130.43,115.38,150.0,115.38,"{1682: 0.0, 1681: 1.05, 1683: 9.84, 1684: 13.11}",True
1683,113938,113968,113991,top,169.81,150.0,195.65,198.49,"{1683: 0.0, 1682: 9.17, 1684: 5.18}",True
1684,113943,113987,114022,top,113.92,102.27,128.57,75.14,"{1683: 5.37, 1682: 13.16, 1684: 0.0, 1685: 18.05}",True
1685,114005,114039,114065,top,150.0,132.35,173.08,156.63,"{1685: 0.0, 1684: 18.01, 1688: 8.61}",True
1688,114030,114058,114081,top,176.47,160.71,195.65,151.9,"{1688: 0.0, 1685: 8.46}",True
1689,114116,,,top,,,,,{},False
1690,114728,,,top,,,,,{},False
1691,114901,,,top,,,,,{},False
1692,114921,114942,114959,top,236.84,214.29,264.71,296.59,{1692: 0.0},True
1693,115093,115112,115128,bottom,257.14,236.84,281.25,277.55,{1693: 0.0},True
1694,115164,115205,115240,top,118.42,109.76,128.57,53.76,"{1694: 0.0, 1698: 12.52}",True
1698,115204,115243,115277,top,123.29,115.38,132.35,49.91,"{1698: 0.0, 1694: 12.46, 1699: 15.09}",True
1699,115256,115282,115305,top,183.67,173.08,195.65,98.15,"{1698: 14.88, 1699: 0.0}",True
1703,115319,,,top,,,,,{},False
1704,115513,115535,115555,bottom,214.29,204.55,225.0,102.27,"{1704: 0.0, 1706: 4.61, 1705: 8.42}",True
1706,115535,115570,115599,top,140.62,128.57,155.17,91.73,"{1706: 0.0, 1704: 4.7, 1705: 1.95}",True
1705,115537,,,top,,,,,{},False
1708,115609,115636,115662,top,169.81,166.67,173.08,24.65,{1708: 0.0},True
1709,115709,115745,115774,top,138.46,125.0,155.17,104.04,{1709: 0.0},True
1710,115711,,,top,,,,,{},False
1718,115774,115807,115833,top,152.54,136.36,173.08,141.2,"{1718: 0.0, 1709: 23.67}",True
1720,116018,116052,116080,top,145.16,132.35,160.71,101.29,{1720: 0.0},True
1721,116196,116217,116234,bottom,236.84,214.29,264.71,296.59,{1721: 0.0},True
1722,116243,116264,116285,bottom,214.29,214.29,214.29,,{1722: 0.0},True
1723,116489,116524,116550,top,147.54,128.57,173.08,171.17,{1723: 0.0},True
1724,116561,116584,116601,bottom,225.0,195.65,264.71,406.2,{1724: 0.0},True
1725,116869,116899,116925,top,160.71,150.0,173.08,88.76,"{1725: 0.0, 1726: 19.81}",True
1726,116913,,,top,,,,,{},False
1727,116934,116961,116982,top,187.5,166.67,214.29,226.76,{1727: 0.0},True
1728,117052,,,top,,,,,{},False
1729,117058,117091,117117,top,152.54,136.36,173.08,141.2,{1729: 0.0},True
1730,117326,,,top,,,,,{},False
1731,117341,117362,117382,bottom,219.51,214.29,225.0,53.57,{1731: 0.0},True
1732,117453,117488,117517,top,140.62,128.57,155.17,91.73,"{1732: 0.0, 1733: 7.44}",True
1733,117474,117507,117534,top,150.0,136.36,166.67,112.23,"{1733: 0.0, 1732: 7.38}",True
1736,117699,117718,117735,bottom,250.0,236.84,264.71,163.9,{1736: 0.0},True
1738,118096,,,top,,,,,{},False
1739,118172,118205,118231,top,152.54,136.36,173.08,141.2,{1739: 0.0},True
1740,118314,,,top,,,,,{},False
1741,118650,,,bottom,,,,,{},False
1742,118655,118687,118715,top,150.0,140.62,160.71,71.75,"{1742: 0.0, 1741: 20.76}",True
1743,118784,118806,118824,bottom,225.0,204.55,250.0,252.53,{1743: 0.0},True
1744,118850,118871,118889,bottom,230.77,214.29,250.0,198.41,{1744: 0.0},True
1747,118970,119003,119028,top,155.17,136.36,180.0,174.55,"{1747: 0.0, 1746: 4.17, 1748: 14.3}",True
1746,118977,,,top,,,,,{},False
1748,119005,119036,119065,top,150.0,145.16,155.17,34.52,"{1748: 0.0, 1747: 14.35}",True
1749,119125,119148,119170,bottom,200.0,195.65,204.55,40.42,{1749: 0.0},True
1750,119295,119333,119364,top,130.43,118.42,145.16,86.26,"{1750: 0.0, 1751: 1.14}",True
1751,119300,119332,119358,top,155.17,140.62,173.08,124.82,"{1751: 0.0, 1750: 1.06}",True
1753,119481,,,bottom,,,,,{},False
1755,119517,119556,119587,top,128.57,115.38,145.16,96.05,"{1755: 0.0, 1753: 8.22, 1757: 14.42}",True
1757,119559,119595,119628,top,130.43,125.0,136.36,34.44,"{1755: 14.36, 1757: 0.0, 1758: 9.26}",True
1758,119588,119621,119650,top,145.16,136.36,155.17,64.86,"{1755: 23.93, 1758: 0.0, 1757: 9.18}",True
1761,119970,120006,120034,top,140.62,125.0,160.71,127.55,{1761: 0.0},True
1762,120287,120311,120329,bottom,214.29,187.5,250.0,347.22,{1762: 0.0},True
1763,120371,120401,120424,bottom,169.81,150.0,195.65,198.49,"{1763: 0.0, 1765: 0.59}",True
1765,120423,120463,120496,top,123.29,112.5,136.36,72.31,"{1765: 0.0, 1763: 1.7}",True
1766,120524,120568,120600,top,118.42,102.27,140.62,119.85,"{1766: 0.0, 1767: 4.77}",True
1767,120540,,,top,,,,,{},False
1768,120728,120762,120790,top,145.16,132.35,160.71,101.29,"{1768: 0.0, 1769: 0.77}",True
1769,120786,,,bottom,,,,,{},False
1770,120844,120866,120884,bottom,225.0,204.55,250.0,252.53,{1770: 0.0},True
1771,120887,120921,120949,top,145.16,132.35,160.71,101.29,"{1771: 0.0, 1774: 14.76}",True
1774,120926,120959,120986,top,150.0,136.36,166.67,112.23,"{1771: 14.78, 1774: 0.0, 1773: 13.05}",True
1773,120957,,,top,,,,,{},False
1775,121001,121040,121071,top,128.57,115.38,145.16,96.05,"{1775: 0.0, 1777: 3.23, 1776: 13.05, 1778: 20.31}",True
1777,121017,121048,121073,top,160.71,145.16,180.0,139.35,"{1777: 0.0, 1775: 3.11, 1776: 10.65, 1778: 18.8}",True
1776,121039,,,top,,,,,{},False
1778,121062,121103,121135,top,123.29,109.76,140.62,96.47,"{1777: 19.03, 1778: 0.0, 1775: 20.31, 1779: 12.09, 1780: 22.45}",True
1779,121089,,,bottom,,,,,{},False
1780,121132,,,top,,,,,{},False
1781,121233,121261,121283,top,180.0,160.71,204.55,199.23,{1781: 0.0},True
1783,121307,121342,121372,top,138.46,128.57,150.0,71.43,{1783: 0.0},True
1785,121487,121521,121547,top,150.0,132.35,173.08,156.63,{1785: 0.0},True
1786,121567,121586,121602,top,257.14,236.84,281.25,277.55,"{1786: 0.0, 1787: 9.55}",True
1787,121577,121608,121635,top,155.17,145.16,166.67,79.65,"{1787: 0.0, 1786: 10.01}",True
1788,121858,121897,121926,top,132.35,115.38,155.17,137.2,{1788: 0.0},True
1789,122032,122067,122096,top,140.62,128.57,155.17,91.73,"{1789: 0.0, 1790: 3.86}",True
1790,122045,122078,122105,top,150.0,136.36,166.67,112.23,"{1790: 0.0, 1789: 3.84}",True
1792,122233,122271,122302,top,130.43,118.42,145.16,86.26,"{1792: 0.0, 1791: 4.72, 1793: 6.18}",True
1791,122245,,,top,,,,,{},False
1793,122253,122287,122315,top,145.16,132.35,160.71,101.29,"{1793: 0.0, 1792: 6.05, 1794: 22.32}",True
1794,122313,,,top,,,,,{},False
1795,122586,,,top,,,,,{},False
1796,122690,122724,122750,top,150.0,132.35,173.08,156.63,{1796: 0.0},True
1797,122768,122797,122823,top,163.64,155.17,173.08,68.86,{1797: 0.0},True
1798,122859,,,bottom,,,,,{},False
1799,122878,122897,122913,bottom,257.14,236.84,281.25,277.55,{1799: 0.0},True
1800,122919,122951,122979,top,150.0,140.62,160.71,71.75,"{1800: 0.0, 1801: 5.75}",True
1801,122962,,,bottom,,,,,{},False
1802,122999,,,top,,,,,{},False
1803,123081,123112,123138,top,157.89,145.16,173.08,107.37,"{1803: 0.0, 1804: 22.41}",True
1804,123135,123166,123190,top,163.64,145.16,187.5,176.41,"{1803: 22.83, 1804: 0.0}",True
1806,123353,123391,123423,top,128.57,118.42,140.62,69.39,"{1806: 0.0, 1808: 20.33}",True
1808,123412,,,top,,,,,{},False
1809,123448,123468,123484,bottom,250.0,225.0,281.25,351.56,{1809: 0.0},True
1810,123503,123538,123566,top,142.86,128.57,160.71,114.8,"{1810: 0.0, 1811: 1.41, 1812: 13.97}",True
1811,123504,123534,123559,top,163.64,150.0,180.0,120.0,"{1810: 1.36, 1811: 0.0, 1812: 16.19}",True
1812,123538,123577,123608,top,128.57,115.38,145.16,96.05,"{1810: 14.01, 1812: 0.0, 1811: 16.32, 1813: 12.73}",True
1813,123575,,,top,,,,,{},False
1815,123607,123649,123676,top,130.43,107.14,166.67,220.46,"{1812: 23.7, 1815: 0.0, 1816: 20.44}",True
1816,123664,123702,123734,top,128.57,118.42,140.62,69.39,"{1816: 0.0, 1815: 20.47}",True
1817,123838,123876,123910,top,125.0,118.42,132.35,40.98,{1817: 0.0},True
1818,123920,123941,123960,bottom,225.0,214.29,236.84,118.72,{1818: 0.0},True
1819,124144,124185,124213,top,130.43,109.76,160.71,181.99,{1819: 0.0},True
1820,124230,124267,124296,top,136.36,121.62,155.17,115.69,{1820: 0.0},True
1822,124377,,,top,,,,,{},False
1823,124425,124477,124496,top,126.76,86.54,236.84,791.07,{1823: 0.0},True
1824,124553,124587,124617,top,140.62,132.35,150.0,58.82,"{1824: 0.0, 1825: 0.09}",True
1825,124615,124635,124653,bottom,236.84,225.0,250.0,138.89,"{1824: 1.6, 1825: 0.0, 1826: 0.13}",True
1826,124651,,,top,,,,,{},False
1827,124674,124709,124738,top,140.62,128.57,155.17,91.73,"{1827: 0.0, 1828: 19.96}",True
1828,124728,124760,124787,top,152.54,140.62,166.67,96.45,"{1827: 19.88, 1828: 0.0}",True
1829,125034,125063,125088,top,166.67,155.17,180.0,99.31,{1829: 0.0},True
1830,125242,,,top,,,,,{},False
1831,125508,,,top,,,,,{},False
1832,125871,125890,125909,bottom,236.84,236.84,236.84,,{1832: 0.0},True
1833,125973,126000,126025,top,173.08,166.67,180.0,53.33,{1833: 0.0},True
1834,126025,,,top,,,,,{},False
1835,126119,,,bottom,,,,,{},False
1836,126163,,,top,,,,,{},False
1837,126482,126508,126529,top,191.49,173.08,214.29,196.23,{1837: 0.0},True
1838,126951,126981,127007,top,160.71,150.0,173.08,88.76,{1838: 0.0},True
1839,127022,127051,127076,top,166.67,155.17,180.0,99.31,{1839: 0.0},True
1850,127294,127327,127353,top,152.54,136.36,173.08,141.2,{1850: 0.0},True
1851,127357,127389,127415,top,155.17,140.62,173.08,124.82,"{1851: 0.0, 1852: 19.2}",True
1852,127404,127435,127463,top,152.54,145.16,160.71,55.55,"{1852: 0.0, 1851: 19.24, 1853: 6.48}",True
1853,127417,,,top,,,,,{},False
1854,127508,,,top,,,,,{},False
1855,127655,127677,127694,bottom,230.77,204.55,264.71,353.88,{1855: 0.0},True
1856,127730,127752,127771,bottom,219.51,204.55,236.84,169.98,{1856: 0.0},True
1857,127771,127801,127825,top,166.67,150.0,187.5,156.25,"{1857: 0.0, 1856: 1.43}",True
1858,127957,127992,128021,top,140.62,128.57,155.17,91.73,"{1858: 0.0, 1859: 10.66}",True
1859,127987,128020,128049,top,145.16,136.36,155.17,64.86,"{1859: 0.0, 1858: 10.7, 1860: 23.84}",True
1860,128046,128071,128096,top,180.0,180.0,180.0,,"{1859: 23.62, 1860: 0.0, 1861: 13.01}",True
1861,128070,128100,128126,top,160.71,150.0,173.08,88.76,"{1861: 0.0, 1860: 13.07}",True
1864,128204,128235,128259,top,163.64,145.16,187.5,176.41,"{1864: 0.0, 1865: 15.39, 1866: 20.11}",True
1865,128238,,,top,,,,,{},False
1866,128250,128278,128305,top,163.64,160.71,166.67,22.05,"{1864: 20.23, 1866: 0.0}",True
1867,128328,128362,128386,top,155.17,132.35,187.5,229.78,{1867: 0.0},True
1868,128473,128514,128546,top,123.29,109.76,140.62,96.47,{1868: 0.0},True
1869,128630,,,top,,,,,{},False
1872,128693,128731,128762,top,130.43,118.42,145.16,86.26,"{1872: 0.0, 1873: 3.88, 1871: 6.78, 1874: 5.85}",True
1873,128702,128744,128774,top,125.0,107.14,150.0,142.86,"{1873: 0.0, 1872: 3.94, 1871: 4.1, 1874: 1.82}",True
1871,128712,,,top,,,,,{},False
1874,128717,128746,128769,top,173.08,155.17,195.65,176.0,"{1873: 1.8, 1874: 0.0, 1872: 5.59}",True
1875,128793,128835,128869,top,118.42,107.14,132.35,74.15,{1875: 0.0},True
1876,128887,128924,128960,top,123.29,121.62,125.0,9.38,"{1876: 0.0, 1877: 14.5}",True
1877,128935,128967,128993,top,155.17,140.62,173.08,124.82,"{1876: 14.41, 1877: 0.0, 1882: 17.01, 1883: 18.8}",True
1882,128976,,,top,,,,,{},False
1883,128978,,,top,,,,,{},False
1885,129060,129080,129099,bottom,230.77,225.0,236.84,62.33,"{1885: 0.0, 1886: 15.93}",True
1886,129085,,,bottom,,,,,{},False
1887,129166,129207,129240,top,121.62,109.76,136.36,80.63,{1887: 0.0},True
1889,129363,,,top,,,,,{},False
1891,129376,129409,129440,top,140.62,136.36,145.16,28.38,{1891: 0.0},True
1894,129570,129593,129615,top,200.0,195.65,204.55,40.42,{1894: 0.0},True
1895,129660,129686,129710,top,180.0,173.08,187.5,60.1,{1895: 0.0},True
1896,129897,,,top,,,,,{},False
1897,129988,130008,130027,bottom,230.77,225.0,236.84,62.33,{1897: 0.0},True
1898,130071,,,top,,,,,{},False
1899,130219,130253,130280,top,147.54,132.35,166.67,127.09,{1899: 0.0},True
1900,130334,,,top,,,,,{},False
1901,130376,130404,130426,top,180.0,160.71,204.55,199.23,{1901: 0.0},True
1902,130485,130520,130548,top,142.86,128.57,160.71,114.8,{1902: 0.0},True
1904,130562,130598,130629,top,134.33,125.0,145.16,65.04,"{1904: 0.0, 1906: 14.22}",True
1906,130600,,,top,,,,,{},False
1908,130631,,,bottom,,,,,{},False
1907,130662,,,top,,,,,{},False
1909,130723,130745,130767,bottom,204.55,204.55,204.55,,{1909: 0.0},True
1912,131211,,,top,,,,,{},False
1914,131395,,,top,,,,,{},False
1916,131420,131454,131483,top,142.86,132.35,155.17,78.69,{1916: 0.0},True
1917,131679,131703,131720,bottom,219.51,187.5,264.71,454.15,"{1917: 0.0, 1918: 5.33}",True
1918,131703,131738,131766,top,142.86,128.57,160.71,114.8,"{1918: 0.0, 1917: 5.41}",True
1919,131926,131945,131964,bottom,236.84,236.84,236.84,,{1919: 0.0},True
1922,132052,132097,132131,top,113.92,100.0,132.35,95.16,{1922: 0.0},True
1932,132143,132170,132189,bottom,195.65,166.67,236.84,369.34,{1932: 0.0},True
1933,132194,132226,132254,top,150.0,140.62,160.71,71.75,"{1933: 0.0, 1934: 6.69}",True
1934,132207,132244,132278,top,126.76,121.62,132.35,31.56,"{1934: 0.0, 1933: 6.81}",True
1935,132296,132338,132371,top,120.0,107.14,136.36,88.55,"{1935: 0.0, 1936: 16.17}",True
1936,132350,132381,132407,top,157.89,145.16,173.08,107.37,"{1936: 0.0, 1935: 15.97}",True
1937,132609,132650,132683,top,121.62,109.76,136.36,80.63,{1937: 0.0},True
1939,132744,,,bottom,,,,,{},False
1940,132902,132933,132960,top,155.17,145.16,166.67,79.65,{1940: 0.0},True
1941,132982,133002,133016,bottom,264.71,225.0,321.43,688.78,{1941: 0.0},True
1942,133022,133056,133082,top,150.0,132.35,173.08,156.63,{1942: 0.0},True
1944,133167,133204,133237,top,128.57,121.62,136.36,44.67,"{1944: 0.0, 1952: 21.63}",True
1952,133231,133266,133293,top,145.16,128.57,166.67,141.09,"{1952: 0.0, 1944: 21.7}",True
1951,133240,,,bottom,,,,,{},False
1954,133290,,,bottom,,,,,{},False
1958,133434,133461,133483,top,183.67,166.67,204.55,172.18,"{1958: 0.0, 1956: 5.58}",True
1956,133445,,,top,,,,,{},False
1967,133483,,,bottom,,,,,{},False
1968,133514,133535,133552,bottom,236.84,214.29,264.71,296.59,{1968: 0.0},True
1969,133595,133634,133664,top,130.43,115.38,150.0,115.38,"{1969: 0.0, 1970: 11.64}",True
1970,133631,133665,133692,top,147.54,132.35,166.67,127.09,"{1969: 11.62, 1970: 0.0}",True
1971,133692,133714,133735,bottom,209.3,204.55,214.29,46.38,"{1970: 1.18, 1971: 0.0}",True
1972,133743,,,bottom,,,,,{},False
1973,133938,,,bottom,,,,,{},False
1974,133979,,,top,,,,,{},False
1975,134050,134094,134130,top,112.5,102.27,125.0,63.13,{1975: 0.0},True
1976,134334,134365,134391,top,157.89,145.16,173.08,107.37,"{1976: 0.0, 1977: 16.64}",True
1977,134372,134406,134432,top,150.0,132.35,173.08,156.63,"{1976: 16.69, 1977: 0.0}",True
1978,134448,134480,134508,top,150.0,140.62,160.71,71.75,{1978: 0.0},True
1979,134669,134697,134722,top,169.81,160.71,180.0,77.14,{1979: 0.0},True
1980,134897,134925,134947,bottom,180.0,160.71,204.55,199.23,{1980: 0.0},True
1985,135457,135494,135526,top,130.43,121.62,140.62,59.39,"{1985: 0.0, 1983: 1.64, 1987: 20.62}",True
1983,135459,,,top,,,,,{},False
1987,135517,,,top,,,,,{},False
1988,135783,,,top,,,,,{},False
1990,136078,136108,136135,top,157.89,150.0,166.67,61.73,"{1990: 0.0, 1989: 5.33, 1991: 13.53}",True
1989,136091,,,top,,,,,{},False
1991,136108,,,top,,,,,{},False
1992,136406,136429,136446,bottom,225.0,195.65,264.71,406.2,{1992: 0.0},True
1993,136468,136489,136509,bottom,219.51,214.29,225.0,53.57,{1993: 0.0},True
1995,136596,,,top,,,,,{},False
1997,136744,136782,136813,top,130.43,118.42,145.16,86.26,"{1997: 0.0, 1996: 2.9}",True
1996,136750,,,top,,,,,{},False
1998,136946,136969,136987,bottom,219.51,195.65,250.0,301.93,{1998: 0.0},True
1999,137009,137047,137078,top,130.43,118.42,145.16,86.26,{1999: 0.0},True
2002,137231,137273,137306,top,120.0,107.14,136.36,88.55,"{2002: 0.0, 2003: 9.51}",True
2003,137261,,,top,,,,,{},False
2004,137517,137550,137578,top,147.54,136.36,160.71,86.97,"{2004: 0.0, 2005: 8.22}",True
2005,137550,137570,137588,bottom,236.84,225.0,250.0,138.89,"{2004: 9.48, 2005: 0.0}",True
2006,137657,,,bottom,,,,,{},False
2007,137794,,,bottom,,,,,{},False
2008,137855,137898,137929,top,121.62,104.65,145.16,130.68,{2008: 0.0},True
2009,138302,,,top,,,,,{},False
2010,138333,138352,138370,bottom,243.24,236.84,250.0,73.1,{2010: 0.0},True
2011,138706,138729,138750,bottom,204.55,195.65,214.29,88.73,"{2011: 0.0, 2012: 5.71, 2014: 1.91}",True
2012,138726,138759,138786,top,150.0,136.36,166.67,112.23,"{2012: 0.0, 2011: 5.85, 2014: 6.2}",True
2014,138741,138776,138804,top,142.86,128.57,160.71,114.8,"{2014: 0.0, 2011: 2.03, 2012: 6.28}",True
2015,138827,138859,138890,top,142.86,140.62,145.16,14.63,{2015: 0.0},True
2016,138928,138962,138991,top,142.86,132.35,155.17,78.69,{2016: 0.0},True
2017,139043,139082,139113,top,128.57,115.38,145.16,96.05,{2017: 0.0},True
2018,139162,139195,139221,top,152.54,136.36,173.08,141.2,"{2018: 0.0, 2019: 9.54}",True
2019,139186,139205,139221,bottom,257.14,236.84,281.25,277.55,"{2018: 9.54, 2019: 0.0}",True
2020,139308,139343,139371,top,142.86,128.57,160.71,114.8,{2020: 0.0},True
2021,139404,,,top,,,,,{},False
2022,139434,,,top,,,,,{},False
2023,139441,139462,139482,bottom,219.51,214.29,225.0,53.57,{2023: 0.0},True
2024,139489,,139530,bottom,219.51,,,,{},True
2025,139648,,,top,,,,,{},False
2026,139672,139703,139728,top,160.71,145.16,180.0,139.35,{2026: 0.0},True
2027,140216,140248,140274,top,155.17,140.62,173.08,124.82,"{2027: 0.0, 2028: 13.43, 2029: 21.13}",True
2028,140249,140281,140311,top,145.16,140.62,150.0,31.25,"{2027: 13.48, 2028: 0.0, 2029: 4.83}",True
2029,140270,140294,140313,top,209.3,187.5,236.84,259.7,"{2027: 20.89, 2029: 0.0, 2028: 4.58}",True
2030,140329,140365,140392,top,142.86,125.0,166.67,154.32,{2030: 0.0},True
2032,140647,140686,140714,top,134.33,115.38,160.71,161.89,"{2032: 0.0, 2037: 18.2}",True
2037,140700,140731,140756,top,160.71,145.16,180.0,139.35,"{2037: 0.0, 2032: 18.09}",True
2039,140806,,,top,,,,,{},False
2041,140838,140874,140903,top,138.46,125.0,155.17,104.04,{2041: 0.0},True
2048,140903,,,bottom,,,,,{},False
2049,141002,,,top,,,,,{},False
2050,141012,141048,141079,top,134.33,125.0,145.16,65.04,"{2050: 0.0, 2052: 15.79, 2053: 7.56, 2056: 7.03}",True
2052,141033,,,bottom,,,,,{},False
2053,141035,141068,141095,top,150.0,136.36,166.67,112.23,"{2053: 0.0, 2050: 7.43, 2056: 10.8}",True
2056,141049,141072,141094,bottom,200.0,195.65,204.55,40.42,"{2053: 10.48, 2050: 8.54, 2056: 0.0}",True
2062,141122,141159,141191,top,130.43,121.62,140.62,59.39,"{2062: 0.0, 2063: 12.94}",True
2063,141160,141193,141220,top,150.0,136.36,166.67,112.23,"{2063: 0.0, 2062: 12.88, 2066: 17.87}",True
2066,141205,141240,141271,top,136.36,128.57,145.16,53.52,"{2066: 0.0, 2063: 17.94, 2067: 20.64}",True
2067,141260,,,top,,,,,{},False
2068,141368,141404,141436,top,132.35,125.0,140.62,48.83,{2068: 0.0},True
2069,141471,,,top,,,,,{},False
2070,141729,141763,141790,top,147.54,132.35,166.67,127.09,{2070: 0.0},True
2071,141856,141878,141894,bottom,236.84,204.55,281.25,479.4,"{2071: 0.0, 2072: 4.17}",True
2072,141879,141922,141954,top,120.0,104.65,140.62,112.42,"{2071: 3.71, 2072: 0.0}",True
2074,141989,142037,142072,top,108.43,93.75,128.57,99.49,"{2074: 0.0, 2075: 11.83, 2076: 23.54}",True
2075,142031,142070,142099,top,132.35,115.38,155.17,137.2,"{2074: 11.64, 2075: 0.0, 2076: 12.6}",True
2076,142068,,,top,,,,,{},False
2079,142327,,,top,,,,,{},False
2080,142333,142366,142393,top,150.0,136.36,166.67,112.23,{2080: 0.0},True
2081,142400,142418,142437,bottom,243.24,250.0,236.84,-69.25,{2081: 0.0},True
2083,142670,142701,142725,top,163.64,145.16,187.5,176.41,"{2083: 0.0, 2084: 4.65}",True
2084,142678,142713,142741,top,142.86,128.57,160.71,114.8,"{2083: 4.74, 2084: 0.0, 2085: 20.71}",True
2085,142734,142772,142801,top,134.33,118.42,155.17,126.73,"{2084: 20.41, 2085: 0.0}",True
2086,142816,142853,142884,top,132.35,121.62,145.16,75.93,{2086: 0.0},True
2087,142933,,,top,,,,,{},False
2088,142966,142999,143026,top,150.0,136.36,166.67,112.23,{2088: 0.0},True
2089,143033,143054,143069,bottom,250.0,214.29,300.0,571.43,{2089: 0.0},True
2092,143414,,,top,,,,,{},False
2093,143493,143528,143555,top,145.16,128.57,166.67,141.09,"{2093: 0.0, 2094: 10.8}",True
2094,143509,143530,143549,bottom,225.0,214.29,236.84,118.72,"{2093: 9.4, 2094: 0.0}",True
2095,143617,,,bottom,,,,,{},False
2096,143671,,,top,,,,,{},False
2097,143789,143821,143848,top,152.54,140.62,166.67,96.45,"{2097: 0.0, 2098: 8.88, 2099: 10.18}",True
2098,143803,143857,143898,top,94.74,83.33,109.76,64.45,"{2098: 0.0, 2097: 9.22, 2099: 9.76}",True
2099,143808,143830,143847,bottom,230.77,204.55,264.71,353.88,"{2097: 9.86, 2098: 9.59, 2099: 0.0}",True
2100,143984,,,top,,,,,{},False
2101,144052,,,top,,,,,{},False
2102,144238,144270,144297,top,152.54,140.62,166.67,96.45,{2102: 0.0},True
2103,144405,144435,144461,top,160.71,150.0,173.08,88.76,"{2103: 0.0, 2104: 4.4}",True
2104,144411,144448,144477,top,136.36,121.62,155.17,115.69,"{2104: 0.0, 2103: 4.52}",True
2108,144662,144684,144700,bottom,236.84,204.55,281.25,479.4,{2108: 0.0},True
2109,144736,144771,144800,top,140.62,128.57,155.17,91.73,{2109: 0.0},True
2119,145137,,,top,,,,,{},False
2120,145549,145589,145623,top,121.62,112.5,132.35,58.39,"{2120: 0.0, 2122: 17.15}",True
2122,145605,145635,145659,top,166.67,150.0,187.5,156.25,"{2122: 0.0, 2120: 16.87}",True
2123,145688,145708,145724,bottom,250.0,225.0,281.25,351.56,{2123: 0.0},True
2125,145828,145849,145869,bottom,219.51,214.29,225.0,53.57,{2125: 0.0},True
2126,145885,145907,145929,bottom,204.55,204.55,204.55,,"{2126: 0.0, 2127: 7.08, 2128: 4.72, 2129: 3.65}",True
2127,145901,145926,145948,top,191.49,180.0,204.55,111.57,"{2127: 0.0, 2126: 7.81, 2128: 6.15, 2129: 10.55}",True
2128,145909,145940,145967,top,155.17,145.16,166.67,79.65,"{2127: 6.2, 2128: 0.0, 2126: 5.17, 2129: 5.05}",True
2129,145915,145957,145989,top,121.62,107.14,140.62,104.63,"{2129: 0.0, 2126: 3.59, 2128: 5.2, 2127: 10.77}",True
2133,146339,146371,146398,top,152.54,140.62,166.67,96.45,{2133: 0.0},True
2134,146492,146514,146534,bottom,214.29,204.55,225.0,102.27,{2134: 0.0},True
2137,146619,146645,146668,top,183.67,173.08,195.65,98.15,"{2137: 0.0, 2138: 20.98}",True
2138,146661,,,top,,,,,{},False
2139,146690,146711,146730,bottom,225.0,214.29,236.84,118.72,{2139: 0.0},True
2140,146936,,,top,,,,,{},False
2141,147111,147165,147210,top,90.91,83.33,100.0,37.04,"{2141: 0.0, 2142: 11.96, 2147: 21.27}",True
2142,147161,147215,147260,top,90.91,83.33,100.0,37.04,"{2141: 11.98, 2142: 0.0, 2147: 10.51, 2146: 12.28, 2149: 19.97}",True
2147,147202,147262,147306,top,86.54,75.0,102.27,61.98,"{2141: 21.58, 2142: 10.55, 2147: 0.0, 2146: 2.09, 2149: 5.47}",True
2146,147211,,,top,,,,,{},False
2149,147249,147282,147306,top,157.89,136.36,187.5,213.07,"{2149: 0.0, 2142: 19.87, 2147: 5.39}",True
2150,147348,,,bottom,,,,,{},False
2151,147400,147431,147456,top,160.71,145.16,180.0,139.35,{2151: 0.0},True
2152,147458,,,top,,,,,{},False
2153,147536,147568,147595,top,152.54,140.62,166.67,96.45,"{2153: 0.0, 2154: 10.17, 2155: 14.12}",True
2154,147552,147571,147587,bottom,257.14,236.84,281.25,277.55,"{2153: 9.23, 2154: 0.0, 2155: 5.54}",True
2155,147569,147609,147643,top,121.62,112.5,132.35,58.39,"{2155: 0.0, 2153: 14.26, 2154: 5.28}",True
2157,147849,,,top,,,,,{},False
2158,147873,147907,147934,top,147.54,132.35,166.67,127.09,"{2158: 0.0, 2159: 1.42, 2160: 22.15}",True
2159,147874,147903,147928,top,166.67,155.17,180.0,99.31,"{2158: 1.34, 2159: 0.0}",True
2160,147930,147963,147987,top,157.89,136.36,187.5,213.07,"{2158: 22.38, 2159: 24.14, 2160: 0.0}",True
2161,148035,148080,148118,top,108.43,100.0,118.42,48.48,"{2161: 0.0, 2162: 8.83}",True
2162,148059,,148092,bottom,272.73,,,,{},True
2163,148257,,,top,,,,,{},False
2164,148334,148368,148398,top,140.62,132.35,150.0,58.82,{2164: 0.0},True
2165,148413,148449,148477,top,140.62,125.0,160.71,127.55,"{2165: 0.0, 2166: 2.68}",True
2166,148423,148454,148482,top,152.54,145.16,160.71,55.55,"{2165: 2.61, 2166: 0.0}",True
2169,148682,148710,148735,top,169.81,160.71,180.0,77.14,"{2170: 2.51, 2169: 0.0, 2171: 6.25}",True
2170,148683,148718,148747,top,140.62,128.57,155.17,91.73,"{2170: 0.0, 2169: 2.62, 2171: 9.09}",True
2171,148708,148730,148749,bottom,219.51,204.55,236.84,169.98,"{2170: 9.75, 2169: 6.89, 2171: 0.0}",True
2172,148802,,,top,,,,,{},False
2173,148844,,,top,,,,,{},False
2174,148937,148958,148979,bottom,214.29,214.29,214.29,,"{2174: 0.0, 2175: 2.42}",True
2175,148969,149005,149033,top,140.62,125.0,160.71,127.55,"{2175: 0.0, 2174: 2.47}",True
2176,149142,149178,149207,top,138.46,125.0,155.17,104.04,"{2176: 0.0, 2177: 9.85, 2178: 22.65}",True
2177,149147,149165,149182,bottom,257.14,250.0,264.71,86.51,"{2176: 9.22, 2177: 0.0}",True
2178,149203,149230,149254,top,176.47,166.67,187.5,86.81,"{2176: 22.61, 2178: 0.0, 2179: 6.42}",True
2179,149212,149247,149277,top,138.46,128.57,150.0,71.43,"{2179: 0.0, 2178: 6.66}",True
2180,149298,149341,149375,top,116.88,104.65,132.35,81.48,{2180: 0.0},True
2181,149387,149428,149460,top,123.29,109.76,140.62,96.47,"{2181: 0.0, 2183: 18.29}",True
2183,149441,,,top,,,,,{},False
2184,149526,,,bottom,,,,,{},False
2185,149537,149579,149615,top,115.38,107.14,125.0,49.6,{2185: 0.0},True
2186,149623,149669,149704,top,111.11,97.83,128.57,87.84,{2186: 0.0},True
2187,149938,149961,149984,bottom,195.65,195.65,195.65,,{2187: 0.0},True
2188,150076,150118,150150,top,121.62,107.14,140.62,104.63,"{2188: 0.0, 2189: 19.25, 2190: 20.65}",True
2189,150138,150167,150190,top,173.08,155.17,195.65,176.0,"{2188: 19.16, 2189: 0.0, 2190: 3.94, 2194: 20.22}",True
2190,150141,150180,150209,top,132.35,115.38,155.17,137.2,"{2188: 20.76, 2189: 4.12, 2190: 0.0, 2194: 13.94, 2191: 21.31}",True
2194,150180,,,top,,,,,{},False
2191,150201,,,top,,,,,{},False
2195,150251,,,bottom,,,,,{},False
2196,150266,150301,150329,top,142.86,128.57,160.71,114.8,"{2196: 0.0, 2197: 11.26, 2198: 2.73}",True
2197,150293,,,top,,,,,{},False
2198,150317,150340,150358,bottom,219.51,195.65,250.0,301.93,"{2196: 3.96, 2198: 0.0}",True
2199,150415,,,bottom,,,,,{},False
2200,150471,150494,150511,bottom,225.0,195.65,264.71,406.2,{2200: 0.0},True
2202,150519,150525,150556,bottom,243.24,750.0,145.16,-1951.09,"{2202: 0.0, 2203: 6.06, 2204: 14.54}",True
2203,150522,150554,150581,top,152.54,140.62,166.67,96.45,"{2203: 0.0, 2202: 6.9, 2204: 10.69}",True
2204,150534,150557,150578,bottom,204.55,195.65,214.29,88.73,"{2203: 9.38, 2204: 0.0, 2202: 12.71}",True
2206,150623,150666,150700,top,116.88,104.65,132.35,81.48,{2206: 0.0},True
2207,150624,,,top,,,,,{},False
2222,150846,150881,150908,top,145.16,128.57,166.67,141.09,{2222: 0.0},True
2223,151028,,,top,,,,,{},False
2224,151047,151081,151109,top,145.16,132.35,160.71,101.29,{2224: 0.0},True
2225,151138,151174,151202,top,140.62,125.0,160.71,127.55,"{2225: 0.0, 2226: 0.93}",True
2226,151144,151176,151201,top,157.89,140.62,180.0,157.5,"{2226: 0.0, 2225: 0.92}",True
2227,151210,151240,151265,top,163.64,150.0,180.0,120.0,{2227: 0.0},True
2228,151407,,,top,,,,,{},False
2229,151454,,,top,,,,,{},False
2230,151467,151504,151531,top,140.62,121.62,166.67,166.83,"{2230: 0.0, 2233: 9.31}",True
2233,151492,151514,151531,bottom,230.77,204.55,264.71,353.88,"{2230: 9.31, 2233: 0.0}",True
2234,151561,151582,151601,bottom,225.0,214.29,236.84,118.72,{2234: 0.0},True
2236,151711,151744,151772,top,147.54,136.36,160.71,86.97,"{2236: 0.0, 2235: 12.78}",True
2235,151742,,,top,,,,,{},False
2237,152004,152039,,top,,,,,{},False
2238,152069,,,bottom,,,,,{},False
2241,152097,152137,152171,top,121.62,112.5,132.35,58.39,"{2241: 0.0, 2242: 15.11}",True
2242,152145,,,top,,,,,{},False
2244,152208,152247,152278,top,128.57,115.38,145.16,96.05,"{2244: 0.0, 2246: 12.59, 2245: 12.65, 2247: 2.61}",True
2245,152246,152286,152315,top,130.43,112.5,155.17,147.15,"{2246: 1.39, 2244: 12.66, 2245: 0.0, 2247: 10.61}",True
2246,152247,152280,152307,top,150.0,136.36,166.67,112.23,"{2244: 12.49, 2246: 0.0, 2245: 1.37, 2247: 10.26}",True
2247,152266,152288,152308,bottom,214.29,204.55,225.0,102.27,"{2244: 3.97, 2246: 10.6, 2247: 0.0, 2245: 9.57}",True
2250,152481,,,top,,,,,{},False
2248,152539,152564,152587,bottom,187.5,180.0,195.65,68.05,{2248: 0.0},True
2252,152592,152617,152636,bottom,204.55,180.0,236.84,299.17,{2252: 0.0},True
2253,152641,152674,152701,top,150.0,136.36,166.67,112.23,"{2253: 0.0, 2254: 16.44}",True
2254,152684,152711,152734,top,180.0,166.67,195.65,126.02,"{2253: 16.47, 2254: 0.0, 2255: 20.76}",True
2255,152728,152758,152783,top,163.64,150.0,180.0,120.0,"{2255: 0.0, 2254: 21.3}",True
2256,152785,,,top,,,,,{},False
2257,152861,152893,152919,top,155.17,140.62,173.08,124.82,"{2257: 0.0, 2258: 17.36}",True
2258,152902,152935,152966,top,140.62,136.36,145.16,28.38,"{2257: 17.4, 2258: 0.0}",True
2262,153111,153142,153170,top,152.54,145.16,160.71,55.55,{2262: 0.0},True
2263,153315,153350,153377,top,145.16,128.57,166.67,141.09,{2263: 0.0},True
2264,153387,153407,153424,bottom,243.24,225.0,264.71,233.56,{2264: 0.0},True
2266,153572,153609,153638,top,136.36,121.62,155.17,115.69,"{2266: 0.0, 2265: 1.54}",True
2265,153574,,,top,,,,,{},False
2267,153832,153852,153870,bottom,236.84,225.0,250.0,138.89,{2267: 0.0},True
2268,153901,153921,153940,bottom,230.77,225.0,236.84,62.33,{2268: 0.0},True
2270,154101,154131,154156,top,163.64,150.0,180.0,120.0,"{2270: 0.0, 2271: 11.16}",True
2271,154114,154134,154152,bottom,236.84,225.0,250.0,138.89,"{2271: 0.0, 2270: 9.76}",True
2273,154263,154299,154326,top,142.86,125.0,166.67,154.32,"{2273: 0.0, 2272: 4.73}",True
2272,154274,,,top,,,,,{},False
2274,154388,154418,154442,top,166.67,150.0,187.5,156.25,{2274: 0.0},True
2275,154525,154549,154566,bottom,219.51,187.5,264.71,454.15,"{2275: 0.0, 2276: 7.26}",True
2276,154543,154579,154612,top,130.43,125.0,136.36,34.44,"{2276: 0.0, 2275: 7.27}",True
2278,154610,,,bottom,,,,,{},False
2279,154644,,,top,,,,,{},False
2280,154739,154757,154772,bottom,272.73,250.0,300.0,333.33,{2280: 0.0},True
2281,154777,154817,154848,top,126.76,112.5,145.16,105.36,"{2281: 0.0, 2282: 13.39}",True
2282,154817,,,top,,,,,{},False
2284,154852,154891,154922,top,128.57,115.38,145.16,96.05,"{2284: 0.0, 2283: 3.32, 2285: 21.48}",True
2283,154861,,,top,,,,,{},False
2285,154913,,,top,,,,,{},False
2286,154931,154951,154968,bottom,243.24,225.0,264.71,233.56,"{2286: 0.0, 2287: 2.04}",True
2287,154960,154998,155028,top,132.35,118.42,150.0,105.26,"{2286: 2.61, 2287: 0.0}",True
2288,155177,155204,155226,top,183.67,166.67,204.55,172.18,{2288: 0.0},True
2290,155293,,,top,,,,,{},False
2292,155361,,,top,,,,,{},False
2293,155364,155400,155428,top,140.62,125.0,160.71,127.55,"{2293: 0.0, 2294: 15.53}",True
2294,155408,155436,155461,top,169.81,160.71,180.0,77.14,"{2293: 15.37, 2294: 0.0}",True
2300,155620,155649,155676,top,160.71,155.17,166.67,42.57,{2300: 0.0},True
2301,155728,155748,155769,bottom,219.51,225.0,214.29,-51.02,{2301: 0.0},True
2302,155851,,,top,,,,,{},False
2303,155861,155886,155907,top,195.65,180.0,214.29,163.27,{2303: 0.0},True
2304,156065,156083,156099,bottom,264.71,250.0,281.25,195.31,{2304: 0.0},True
2306,156216,,,top,,,,,{},False
2307,156237,156273,156301,top,140.62,125.0,160.71,127.55,{2307: 0.0},True
2308,156412,156430,156450,bottom,236.84,250.0,225.0,-125.0,"{2308: 0.0, 2309: 6.92}",True
2309,156421,156465,156501,top,112.5,102.27,125.0,63.13,"{2309: 0.0, 2308: 7.21}",True
2310,156531,156564,156594,top,142.86,136.36,150.0,45.45,"{2310: 0.0, 2311: 11.7}",True
2311,156552,156575,156594,bottom,214.29,195.65,236.84,216.79,"{2310: 11.7, 2311: 0.0}",True
2318,156594,,,bottom,,,,,{},False
2319,156635,156663,156682,bottom,191.49,160.71,236.84,400.67,{2319: 0.0},True
2320,156759,,,bottom,,,,,{},False
2325,157127,157149,157168,bottom,219.51,204.55,236.84,169.98,{2325: 0.0},True
2327,157383,,,top,,,,,{},False
2328,157450,157485,157513,top,142.86,128.57,160.71,114.8,{2328: 0.0},True
2333,157755,157788,157817,top,145.16,136.36,155.17,64.86,{2333: 0.0},True
2334,157972,,,top,,,,,{},False
2335,158058,158089,158115,top,157.89,145.16,173.08,107.37,{2335: 0.0},True
2336,158219,158242,158262,bottom,209.3,195.65,225.0,146.74,{2336: 0.0},True
2337,158263,158290,158314,top,176.47,166.67,187.5,86.81,"{2337: 0.0, 2336: 1.46}",True
2338,158354,158376,158396,bottom,214.29,204.55,225.0,102.27,{2338: 0.0},True
2339,158420,158451,158478,top,155.17,145.16,166.67,79.65,"{2339: 0.0, 2343: 19.09}",True
2343,158466,,,top,,,,,{},False
2344,158489,,,top,,,,,{},False
2346,158607,158638,158664,top,157.89,145.16,173.08,107.37,{2346: 0.0},True
2347,158705,158741,158770,top,138.46,125.0,155.17,104.04,"{2347: 0.0, 2348: 14.05}",True
2348,158744,158774,158799,top,163.64,150.0,180.0,120.0,"{2347: 13.93, 2348: 0.0}",True
2349,158865,158898,158925,top,150.0,136.36,166.67,112.23,{2349: 0.0},True
2350,159111,159133,159150,bottom,230.77,204.55,264.71,353.88,{2350: 0.0},True
2351,159423,,,bottom,,,,,{},False
2352,159441,159467,159489,top,187.5,173.08,204.55,143.04,"{2352: 0.0, 2351: 9.45}",True
2353,159516,159550,159579,top,142.86,132.35,155.17,78.69,{2353: 0.0},True
2354,159643,159677,159705,top,145.16,132.35,160.71,101.29,"{2354: 0.0, 2355: 18.74}",True
2355,159690,,,top,,,,,{},False
2356,159851,,,top,,,,,{},False
2358,160030,160062,160088,top,155.17,140.62,173.08,124.82,"{2358: 0.0, 2359: 1.01}",True
2359,160031,160065,160092,top,147.54,132.35,166.67,127.09,"{2358: 1.04, 2359: 0.0}",True
2360,160223,160261,160292,top,130.43,118.42,145.16,86.26,{2360: 0.0},True
2362,160352,,,top,,,,,{},False
2363,160385,160407,160425,bottom,225.0,204.55,250.0,252.53,"{2363: 0.0, 2365: 2.61}",True
2365,160415,160448,160475,top,150.0,136.36,166.67,112.23,"{2365: 0.0, 2363: 2.63}",True
2366,160524,160556,160584,top,150.0,140.62,160.71,71.75,"{2366: 0.0, 2367: 10.48, 2370: 14.26, 2371: 21.91}",True
2367,160547,160565,160583,bottom,250.0,250.0,250.0,,"{2367: 0.0, 2366: 9.97, 2370: 5.81, 2371: 2.45}",True
2370,160563,160589,160610,top,191.49,173.08,214.29,196.23,"{2370: 0.0, 2367: 6.14, 2366: 14.17, 2371: 7.17}",True
2371,160577,160607,160635,top,155.17,150.0,160.71,38.27,"{2367: 2.75, 2370: 7.33, 2366: 21.54, 2371: 0.0}",True
2373,160741,160773,160798,top,157.89,140.62,180.0,157.5,{2373: 0.0},True
2377,161173,161216,161250,top,116.88,104.65,132.35,81.48,{2377: 0.0},True
2378,161350,161378,161402,top,173.08,160.71,187.5,111.61,{2378: 0.0},True
2380,161467,161508,161540,top,123.29,109.76,140.62,96.47,{2380: 0.0},True
2382,161629,161649,161668,bottom,230.77,225.0,236.84,62.33,{2382: 0.0},True
2383,161698,161728,161756,top,155.17,150.0,160.71,38.27,{2383: 0.0},True
2385,161871,,,top,,,,,{},False
2386,161918,,161957,bottom,230.77,,,,{},True
