tracking_id,start_frame,middle_frame,end_frame,first_crossed,speed,start_to_mid_speed,mid_to_end_speed,acceleration,average_vertical_distances,valid
2,57,,,top,,,,,{},False
1,76,,,top,,,,,{},False
4,87,150,205,bottom,76.27,71.43,81.82,18.89,"{4: 0.0, 5: 9.47, 6: 18.5}",True
5,136,199,257,bottom,74.38,71.43,77.59,10.62,"{5: 0.0, 4: 9.4, 6: 8.3}",True
6,183,238,284,bottom,89.11,81.82,97.83,34.8,"{6: 0.0, 5: 8.13, 4: 18.23}",True
7,287,352,408,bottom,74.38,69.23,80.36,19.87,"{6: 24.3, 7: 0.0, 10: 2.04, 12: 11.69, 14: 18.47}",True
10,302,361,412,bottom,81.82,76.27,88.24,23.46,"{10: 0.0, 7: 2.02, 12: 10.07, 14: 17.39}",True
12,332,436,521,bottom,47.62,43.27,52.94,11.38,"{12: 0.0, 10: 10.34, 7: 11.84, 14: 2.73, 18: 12.2, 22: 20.74}",True
14,380,448,505,bottom,72.0,66.18,78.95,22.41,"{14: 0.0, 12: 2.74, 7: 18.51, 10: 17.48, 18: 13.39, 22: 22.73}",True
18,456,514,564,bottom,83.33,77.59,90.0,24.83,"{18: 0.0, 14: 13.29, 12: 11.4, 22: 12.04, 24: 14.98}",True
22,500,588,661,bottom,55.9,51.14,61.64,14.39,"{22: 0.0, 18: 12.35, 12: 20.5, 14: 22.95, 24: 1.25, 25: 13.35, 26: 19.66}",True
24,522,591,651,bottom,69.77,65.22,75.0,16.3,"{24: 0.0, 18: 15.12, 12: 22.83, 22: 1.2, 25: 14.19, 26: 21.08}",True
25,596,673,727,bottom,68.7,58.44,83.33,46.1,"{25: 0.0, 22: 13.27, 24: 14.25, 26: 6.37, 27: 17.2}",True
26,638,709,,bottom,,,,,{},False
27,699,765,821,bottom,73.77,68.18,80.36,21.74,"{27: 0.0, 26: 10.53, 25: 17.36, 28: 10.55}",True
28,748,826,891,bottom,62.94,57.69,69.23,17.75,"{28: 0.0, 27: 10.7, 26: 19.82}",True
29,894,969,1030,bottom,66.18,60.0,73.77,22.57,"{28: 23.74, 29: 0.0, 30: 1.26, 35: 5.65, 40: 15.11, 44: 14.73, 51: 16.81}",True
30,899,961,1017,bottom,76.27,72.58,80.36,13.89,"{30: 0.0, 28: 24.22, 29: 1.19, 35: 7.48, 40: 17.15, 44: 17.28, 51: 19.13}",True
35,937,999,1047,bottom,81.82,72.58,93.75,44.1,"{30: 7.43, 35: 0.0, 29: 5.49, 40: 10.55, 44: 9.84, 51: 11.62, 71: 23.01}",True
40,980,1057,1119,bottom,64.75,58.44,72.58,22.8,"{35: 10.8, 30: 17.26, 40: 0.0, 29: 15.15, 44: 2.29, 51: 2.0, 71: 12.03, 72: 12.96, 74: 18.45, 77: 20.36}",True
41,980,,,bottom,,,,,{},False
44,986,1044,1093,bottom,84.11,77.59,91.84,29.08,"{35: 9.86, 44: 0.0, 40: 2.13, 30: 17.15, 29: 14.54, 51: 1.55, 71: 15.19, 72: 16.9, 74: 23.14}",True
51,993,,,bottom,,,,,{},False
71,1046,1123,1206,bottom,56.25,58.44,54.22,-5.09,"{40: 11.99, 71: 0.0, 44: 15.52, 35: 23.64, 72: 1.44, 74: 3.16, 77: 7.61, 87: 15.35}",True
72,1061,1128,1187,bottom,71.43,67.16,76.27,15.44,"{40: 12.9, 72: 0.0, 71: 1.3, 44: 17.02, 74: 4.83, 77: 8.94, 87: 18.12}",True
74,1092,1153,1206,bottom,78.95,73.77,84.91,21.01,"{71: 3.16, 72: 4.7, 74: 0.0, 44: 23.2, 40: 18.32, 77: 4.56, 87: 14.34}",True
77,1099,1184,1263,bottom,54.88,52.94,56.96,5.09,"{71: 7.68, 77: 0.0, 72: 9.0, 40: 20.44, 74: 4.85, 44: 24.76, 87: 6.25, 99: 20.27, 101: 21.85}",True
87,1160,1226,,bottom,,,,,{},False
88,1160,,,bottom,,,,,{},False
99,1246,1308,1362,bottom,77.59,72.58,83.33,19.91,"{77: 19.92, 87: 16.46, 99: 0.0, 101: 2.52, 105: 8.34, 110: 17.92}",True
101,1254,1320,1386,bottom,68.18,68.18,68.18,,"{101: 0.0, 77: 21.69, 99: 2.6, 87: 18.48, 105: 4.91, 110: 14.14}",True
105,1287,1349,1401,bottom,78.95,72.58,86.54,26.84,"{105: 0.0, 101: 4.77, 99: 8.31, 110: 10.2, 111: 9.09, 115: 21.35}",True
110,1333,1402,1462,bottom,69.77,65.22,75.0,16.3,"{105: 10.31, 110: 0.0, 99: 17.93, 111: 0.01, 101: 14.13, 115: 10.36, 118: 11.81}",True
111,1333,,,bottom,,,,,{},False
115,1387,,,bottom,,,,,{},False
116,1388,,,bottom,,,,,{},False
118,1400,1468,1527,bottom,70.87,66.18,76.27,17.11,"{105: 23.05, 110: 11.81, 118: 0.0, 131: 16.25, 139: 21.49, 119: 1.1}",True
131,1487,1551,1616,bottom,69.77,70.31,69.23,-1.66,"{131: 0.0, 118: 16.29, 139: 3.99, 119: 17.34, 141: 11.94, 145: 18.13}",True
139,1518,1578,,bottom,,,,,{},False
119,1523,,,top,,,,,{},False
141,1558,1618,,bottom,,,,,{},False
145,1587,1653,,bottom,,,,,{},False
146,1618,1673,1715,bottom,92.78,81.82,107.14,60.3,"{145: 4.75, 146: 0.0, 141: 12.35, 131: 23.16, 139: 21.13, 147: 15.7}",True
147,1672,1742,1804,bottom,68.18,64.29,72.58,13.38,"{147: 0.0, 146: 15.31, 145: 12.41, 148: 12.64}",True
148,1727,,,top,,,,,{},False
149,1835,1905,1964,bottom,69.77,64.29,76.27,20.31,{149: 0.0},True
158,2085,2144,2195,bottom,81.82,76.27,88.24,23.46,"{158: 0.0, 166: 9.99}",True
166,2133,2190,2239,bottom,84.91,78.95,91.84,26.3,"{166: 0.0, 158: 9.91}",True
173,2380,2425,2464,bottom,107.14,100.0,115.38,39.45,{173: 0.0},True
174,2575,2649,2711,bottom,66.18,60.81,72.58,18.98,"{174: 0.0, 175: 1.51, 176: 21.9}",True
175,2599,2654,2703,bottom,86.54,81.82,91.84,20.45,"{174: 1.52, 175: 0.0}",True
176,2703,2771,2827,bottom,72.58,66.18,80.36,25.32,"{176: 0.0, 174: 21.9, 175: 23.14, 177: 8.54}",True
177,2749,2815,2869,bottom,75.0,68.18,83.33,28.06,"{177: 0.0, 176: 8.53, 178: 19.55}",True
178,2851,2910,2965,bottom,78.95,76.27,81.82,10.09,"{178: 0.0, 177: 19.3}",True
179,2997,3053,3103,bottom,84.91,80.36,90.0,19.29,{179: 0.0},True
183,3116,3181,3238,bottom,73.77,69.23,78.95,17.05,{183: 0.0},True
184,3270,3330,3383,bottom,79.65,75.0,84.91,18.69,"{184: 0.0, 185: 17.42}",True
185,3355,3408,3454,bottom,90.91,84.91,97.83,28.09,"{185: 0.0, 184: 17.24, 186: 12.29, 187: 21.41}",True
186,3409,3458,3501,bottom,97.83,91.84,104.65,29.8,"{186: 0.0, 185: 12.24, 187: 9.25, 188: 12.8}",True
187,3446,3496,,bottom,,,,,{},False
188,3458,3512,3560,bottom,88.24,83.33,93.75,21.7,"{187: 3.7, 188: 0.0, 186: 12.86, 185: 24.25, 192: 20.26}",True
192,3546,3599,3647,bottom,89.11,84.91,93.75,18.43,"{192: 0.0, 188: 20.27}",True
193,3703,3764,3817,bottom,78.95,73.77,84.91,21.01,"{193: 0.0, 194: 8.73}",True
194,3748,3803,3850,bottom,88.24,81.82,95.74,29.63,"{194: 0.0, 193: 8.52}",True
196,3870,3928,,bottom,,,,,{},False
200,3923,3985,4040,bottom,76.92,72.58,81.82,16.8,"{200: 0.0, 196: 11.0}",True
203,4198,4253,4301,bottom,87.38,81.82,93.75,24.86,"{203: 0.0, 204: 16.62}",True
204,4269,4331,4385,bottom,77.59,72.58,83.33,19.91,"{204: 0.0, 203: 16.7}",True
205,4395,,,bottom,,,,,{},False
239,4501,,,top,,,,,{},False
240,4625,4676,4719,bottom,95.74,88.24,104.65,38.18,{240: 0.0},True
241,4726,4780,4827,bottom,89.11,83.33,95.74,26.41,{241: 0.0},True
242,5098,5152,5199,bottom,89.11,83.33,95.74,26.41,{242: 0.0},True
253,5259,5315,5363,bottom,86.54,80.36,93.75,27.9,"{253: 0.0, 254: 22.5}",True
254,5359,5419,,bottom,,,,,{},False
255,5391,5450,,bottom,,,,,{},False
260,5487,5554,5614,bottom,70.87,67.16,75.0,13.06,"{262: 2.36, 260: 0.0, 255: 20.72, 265: 21.42}",True
262,5488,5545,5590,bottom,88.24,78.95,100.0,46.78,"{260: 2.16, 262: 0.0, 255: 20.65}",True
265,5605,5661,5709,bottom,86.54,80.36,93.75,27.9,"{265: 0.0, 260: 21.21}",True
267,5865,5932,,bottom,,,,,{},False
268,5921,5987,6045,bottom,72.58,68.18,77.59,16.21,"{268: 0.0, 267: 10.6, 269: 8.3, 270: 16.53, 271: 16.86}",True
269,5964,6033,6092,bottom,70.31,65.22,76.27,18.74,"{268: 8.33, 269: 0.0, 267: 19.0, 270: 8.1, 271: 8.37, 272: 17.68, 273: 20.04}",True
270,6008,6077,6131,bottom,73.17,65.22,83.33,33.55,"{270: 0.0, 269: 8.09, 268: 16.58, 271: 0.3, 272: 9.41, 273: 11.59, 276: 20.14}",True
271,6009,6079,6140,bottom,68.7,64.29,73.77,15.55,"{270: 0.34, 269: 8.36, 271: 0.0, 268: 16.9, 272: 9.1, 273: 11.21, 276: 19.65}",True
272,6060,6129,6192,bottom,68.18,65.22,71.43,9.86,"{271: 9.11, 272: 0.0, 270: 9.44, 269: 17.59, 273: 1.97, 276: 10.38, 279: 23.14}",True
273,6073,6139,6198,bottom,72.0,68.18,76.27,13.71,"{272: 1.94, 271: 11.2, 273: 0.0, 270: 11.54, 269: 19.85, 276: 8.58, 279: 22.04}",True
276,6119,6185,6249,bottom,69.23,68.18,70.31,3.33,"{276: 0.0, 273: 8.58, 271: 19.65, 272: 10.34, 270: 20.08, 279: 12.68}",True
279,6191,6246,6293,bottom,88.24,81.82,95.74,29.63,"{279: 0.0, 276: 12.55, 273: 21.97, 272: 23.18, 280: 19.12}",True
280,6274,6329,6377,bottom,87.38,81.82,93.75,24.86,"{280: 0.0, 279: 19.15, 281: 7.77, 282: 9.66}",True
281,6307,6364,6415,bottom,83.33,78.95,88.24,18.21,"{281: 0.0, 280: 7.81, 282: 1.79}",True
282,6316,6372,6422,bottom,84.91,80.36,90.0,19.29,"{281: 1.76, 282: 0.0, 280: 9.68}",True
283,6734,6792,,bottom,,,,,{},False
284,6790,6868,6933,bottom,62.94,57.69,69.23,17.75,"{284: 0.0, 283: 13.15, 285: 1.43, 286: 7.87, 287: 8.71, 296: 21.53}",True
285,6810,6870,6922,bottom,80.36,75.0,86.54,22.19,"{284: 1.42, 285: 0.0, 283: 16.6, 286: 8.48, 287: 7.94}",True
286,6845,6913,6969,bottom,72.58,66.18,80.36,25.32,"{285: 8.47, 284: 7.79, 286: 0.0, 287: 0.0, 296: 14.36}",True
287,6848,,,bottom,,,,,{},False
296,6923,6988,7047,bottom,72.58,69.23,76.27,11.93,"{296: 0.0, 284: 21.43, 286: 14.38, 285: 22.76, 301: 12.17, 302: 20.81}",True
301,6989,7051,7105,bottom,77.59,72.58,83.33,19.91,"{301: 0.0, 296: 12.06, 302: 9.1, 303: 15.99, 304: 22.24}",True
302,7034,7096,7149,bottom,78.26,72.58,84.91,23.25,"{301: 9.1, 302: 0.0, 296: 20.65, 303: 7.0, 304: 13.36}",True
303,7068,7130,7184,bottom,77.59,72.58,83.33,19.91,"{303: 0.0, 302: 6.97, 301: 16.0, 304: 6.13, 307: 17.51}",True
304,7099,7161,7214,bottom,78.26,72.58,84.91,23.25,"{304: 0.0, 303: 6.1, 301: 22.32, 302: 13.29, 307: 11.55, 308: 19.22, 309: 22.02}",True
307,7156,7217,7269,bottom,79.65,73.77,86.54,24.55,"{304: 11.54, 307: 0.0, 303: 17.47, 308: 8.13, 309: 10.33}",True
308,7194,7258,7314,bottom,75.0,70.31,80.36,17.94,"{304: 19.27, 307: 8.22, 308: 0.0, 303: 24.6, 309: 1.69}",True
309,7208,7267,7320,bottom,80.36,76.27,84.91,16.29,"{308: 1.65, 309: 0.0, 307: 10.3, 304: 21.94}",True
310,7330,7397,7459,bottom,69.77,67.16,72.58,8.74,"{310: 0.0, 311: 3.62}",True
311,7357,7418,7474,bottom,76.92,73.77,80.36,11.76,"{311: 0.0, 310: 3.51}",True
313,7485,7539,7584,bottom,90.91,83.33,100.0,37.04,"{313: 0.0, 314: 8.94}",True
314,7518,7584,7642,bottom,72.58,68.18,77.59,16.21,"{314: 0.0, 313: 9.16}",True
3,7671,,,bottom,,,,,{},False
315,7700,7758,7807,bottom,84.11,77.59,91.84,29.08,{315: 0.0},True
317,7858,7912,7957,bottom,90.91,83.33,100.0,37.04,"{317: 0.0, 318: 1.83, 319: 19.67}",True
318,7863,7920,7969,bottom,84.91,78.95,91.84,26.3,"{318: 0.0, 317: 1.93, 319: 16.91}",True
319,7941,7999,8045,bottom,86.54,77.59,97.83,44.0,"{317: 19.79, 319: 0.0, 318: 16.9, 320: 12.13, 321: 17.12, 322: 17.18}",True
320,7989,8065,8126,bottom,65.69,59.21,73.77,23.87,"{320: 0.0, 319: 12.47, 321: 6.55, 322: 2.66, 323: 21.23}",True
321,8010,8115,8186,bottom,51.14,42.86,63.38,28.91,"{320: 6.74, 321: 0.0, 319: 17.79, 322: 4.81, 323: 12.81, 332: 19.63}",True
322,8020,8078,8110,bottom,100.0,77.59,140.62,197.0,"{322: 0.0, 320: 2.83, 321: 3.72, 319: 17.22}",True
323,8112,8209,8294,bottom,49.45,46.39,52.94,7.71,"{323: 0.0, 321: 12.92, 320: 21.45, 322: 21.56, 332: 5.65, 337: 13.56, 335: 3.07}",True
332,8165,,,bottom,,,,,{},False
337,8233,8299,8355,bottom,73.77,68.18,80.36,21.74,"{337: 0.0, 323: 13.14, 335: 15.88, 339: 20.85}",True
335,8271,,,top,,,,,{},False
339,8341,8404,8459,bottom,76.27,71.43,81.82,18.89,"{339: 0.0, 337: 20.79, 340: 13.78}",True
340,8411,8475,8533,bottom,73.77,70.31,77.59,12.54,"{340: 0.0, 339: 13.8}",True
316,8527,,,bottom,,,,,{},False
343,8528,8590,8644,bottom,77.59,72.58,83.33,19.91,"{343: 0.0, 344: 0.02, 340: 22.88, 346: 0.68, 355: 7.64}",True
344,8529,,,bottom,,,,,{},False
346,8535,8589,8637,bottom,88.24,83.33,93.75,21.7,"{346: 0.0, 343: 0.67, 355: 8.1}",True
355,8562,8630,8687,bottom,72.0,66.18,78.95,22.41,"{355: 0.0, 346: 8.25, 343: 7.68, 365: 14.5, 366: 16.95}",True
365,8645,8698,8745,bottom,90.0,84.91,95.74,23.06,"{355: 14.34, 365: 0.0, 343: 23.13, 366: 3.7, 367: 18.67}",True
366,8653,8717,8771,bottom,76.27,70.31,83.33,24.11,"{355: 16.94, 366: 0.0, 365: 3.81, 367: 13.69, 368: 21.72}",True
367,8723,8784,8838,bottom,78.26,73.77,83.33,17.71,"{367: 0.0, 365: 18.74, 366: 13.66, 368: 8.17}",True
368,8762,8825,8878,bottom,77.59,71.43,84.91,25.43,"{367: 8.19, 368: 0.0, 366: 21.64, 371: 21.64}",True
371,8871,8936,8992,bottom,74.38,69.23,80.36,19.87,"{371: 0.0, 368: 21.75, 376: 5.9, 377: 5.08, 378: 14.64, 379: 20.01}",True
376,8906,8964,9014,bottom,83.33,77.59,90.0,24.83,"{376: 0.0, 371: 5.84, 377: 1.23, 378: 9.29, 379: 14.93}",True
377,8907,8958,9003,bottom,93.75,88.24,100.0,26.14,"{376: 1.14, 377: 0.0, 371: 4.92, 378: 11.02, 379: 17.1}",True
378,8948,9008,9037,bottom,101.12,75.0,155.17,276.46,"{376: 9.23, 377: 11.11, 378: 0.0, 371: 14.58, 379: 5.87}",True
379,8976,9034,,bottom,,,,,{},False
380,9052,9109,9157,bottom,85.71,78.95,93.75,30.84,"{380: 0.0, 378: 20.22, 379: 16.34, 382: 7.7, 383: 11.99}",True
382,9086,9144,9195,bottom,82.57,77.59,88.24,20.88,"{380: 7.74, 382: 0.0, 383: 4.05}",True
383,9106,9162,9212,bottom,84.91,80.36,90.0,19.29,"{382: 4.01, 380: 12.0, 383: 0.0}",True
385,9261,9318,9368,bottom,84.11,78.95,90.0,22.11,"{385: 0.0, 386: 8.11, 387: 14.84}",True
386,9300,9354,9403,bottom,87.38,83.33,91.84,17.35,"{385: 8.1, 386: 0.0, 387: 7.43}",True
387,9326,9391,9448,bottom,73.77,69.23,78.95,17.05,"{387: 0.0, 386: 7.51, 385: 14.95, 388: 22.55}",True
388,9444,9503,9555,bottom,81.08,76.27,86.54,19.74,"{388: 0.0, 387: 22.5}",True
389,9585,9645,9692,bottom,84.11,75.0,95.74,44.14,"{389: 0.0, 390: 5.96}",True
390,9611,9673,9725,bottom,78.95,72.58,86.54,26.84,"{390: 0.0, 389: 5.8}",True
394,9865,9919,9968,bottom,87.38,83.33,91.84,17.35,"{394: 0.0, 395: 21.14}",True
395,9958,10026,10085,bottom,70.87,66.18,76.27,17.11,"{395: 0.0, 394: 21.31, 398: 14.23, 400: 14.52}",True
398,10034,10096,10146,bottom,80.36,72.58,90.0,34.84,"{398: 0.0, 395: 14.14, 400: 0.4}",True
400,10041,10095,10142,bottom,89.11,83.33,95.74,26.41,"{400: 0.0, 398: 0.37, 395: 14.35}",True
401,10233,10294,,bottom,,,,,{},False
402,10246,10295,10337,bottom,98.9,91.84,107.14,36.44,"{401: 1.24, 402: 0.0}",True
403,10369,10427,10476,bottom,84.11,77.59,91.84,29.08,"{403: 0.0, 404: 9.56, 405: 12.36}",True
404,10412,10474,10527,bottom,78.26,72.58,84.91,23.25,"{404: 0.0, 403: 9.66, 405: 2.04, 406: 13.28}",True
405,10427,10482,10533,bottom,84.91,81.82,88.24,12.58,"{404: 2.03, 405: 0.0, 403: 12.34, 406: 12.18}",True
406,10482,10533,10575,bottom,96.77,88.24,107.14,45.02,"{406: 0.0, 405: 12.12, 404: 13.08}",True
407,10654,10706,10750,bottom,93.75,86.54,102.27,35.76,"{407: 0.0, 408: 1.39}",True
408,10655,,10767,bottom,80.36,,,,{},True
410,10783,10842,10893,bottom,81.82,76.27,88.24,23.46,"{410: 0.0, 409: 13.77, 411: 14.51}",True
409,10829,,,top,,,,,{},False
411,10850,10911,10964,bottom,78.95,73.77,84.91,21.01,"{411: 0.0, 410: 14.53, 412: 10.85}",True
412,10909,10959,,bottom,,,,,{},False
413,10969,11022,11069,bottom,90.0,84.91,95.74,23.06,"{413: 0.0, 411: 24.63, 412: 14.97}",True
415,11140,11189,11232,bottom,97.83,91.84,104.65,29.8,"{415: 0.0, 399: 11.03, 419: 9.57, 421: 13.8, 423: 13.86}",True
399,11150,,,bottom,,,,,{},False
419,11180,,,bottom,,,,,{},False
421,11183,11281,11336,bottom,58.82,45.92,81.82,65.27,"{415: 14.19, 421: 0.0, 399: 0.35, 423: 5.33}",True
423,11193,11248,11298,bottom,85.71,81.82,90.0,16.36,"{423: 0.0, 421: 5.27, 399: 1.8, 415: 13.96}",True
430,11494,11547,11592,bottom,91.84,84.91,100.0,33.54,"{430: 0.0, 431: 11.48}",True
431,11539,11597,11644,bottom,85.71,77.59,95.74,38.64,"{431: 0.0, 430: 11.53, 434: 14.97}",True
434,11608,11661,11706,bottom,91.84,84.91,100.0,33.54,"{434: 0.0, 431: 14.95, 435: 11.98}",True
435,11659,11711,11756,bottom,92.78,86.54,100.0,29.91,"{435: 0.0, 434: 11.98, 436: 18.22}",True
436,11734,11791,11840,bottom,84.91,78.95,91.84,26.3,"{436: 0.0, 435: 18.3, 437: 10.04}",True
437,11780,11836,11884,bottom,86.54,80.36,93.75,27.9,"{437: 0.0, 436: 10.04}",True
438,11897,11953,12003,bottom,84.91,80.36,90.0,19.29,"{438: 0.0, 439: 5.88, 440: 13.21, 441: 16.88}",True
439,11931,11977,12017,bottom,104.65,97.83,112.5,36.68,"{438: 5.62, 439: 0.0, 440: 8.4, 441: 12.51}",True
440,11956,12013,12060,bottom,86.54,78.95,95.74,35.74,"{440: 0.0, 439: 8.58, 438: 13.18, 441: 3.64}",True
441,11974,12029,12077,bottom,87.38,81.82,93.75,24.86,"{441: 0.0, 439: 12.67, 438: 16.8, 440: 3.63}",True
442,12139,12194,12240,bottom,89.11,81.82,97.83,34.8,"{442: 0.0, 443: 17.63}",True
443,12215,12278,12330,bottom,78.26,71.43,86.54,29.06,"{443: 0.0, 442: 17.82, 446: 17.87, 447: 17.91, 448: 20.64}",True
446,12306,12363,12412,bottom,84.91,78.95,91.84,26.3,"{443: 17.89, 446: 0.0, 447: 0.63, 448: 2.17, 450: 15.8}",True
447,12308,12367,12416,bottom,83.33,76.27,91.84,31.77,"{443: 18.08, 446: 0.63, 447: 0.0, 448: 1.46, 450: 15.17}",True
448,12318,12372,12418,bottom,90.0,83.33,97.83,31.51,"{443: 20.63, 446: 2.11, 448: 0.0, 447: 1.43, 450: 14.29}",True
450,12378,12435,12484,bottom,84.91,78.95,91.84,26.3,"{450: 0.0, 447: 15.19, 448: 14.35, 446: 15.77, 452: 19.13}",True
452,12464,12523,12573,bottom,82.57,76.27,90.0,27.46,"{452: 0.0, 450: 19.14, 453: 15.82}",True
453,12541,12592,12637,bottom,93.75,88.24,100.0,26.14,"{453: 0.0, 452: 15.7, 454: 12.63}",True
454,12592,12645,12693,bottom,89.11,84.91,93.75,18.43,"{454: 0.0, 453: 12.65, 455: 12.1, 457: 18.87, 459: 20.79}",True
455,12644,12697,12741,bottom,92.78,84.91,102.27,39.47,"{455: 0.0, 454: 12.11, 457: 7.56, 459: 8.84}",True
457,12673,12732,12783,bottom,81.82,76.27,88.24,23.46,"{457: 0.0, 455: 7.69, 454: 19.07, 459: 0.85}",True
459,12682,12735,12782,bottom,90.0,84.91,95.74,23.06,"{455: 8.84, 457: 0.84, 459: 0.0, 454: 20.9}",True
465,12799,12856,12917,bottom,76.27,78.95,73.77,-8.49,"{465: 0.0, 466: 3.06, 467: 22.39}",True
466,12828,12875,12916,bottom,102.27,95.74,109.76,34.17,"{465: 3.06, 466: 0.0, 467: 22.42}",True
467,12912,12976,13030,bottom,76.27,70.31,83.33,24.11,"{467: 0.0, 465: 22.32, 466: 22.66, 470: 7.71, 472: 11.14}",True
470,12953,13013,13062,bottom,82.57,75.0,91.84,34.36,"{470: 0.0, 467: 7.62, 472: 3.57}",True
472,12974,13029,13079,bottom,85.71,81.82,90.0,16.36,"{472: 0.0, 470: 3.56, 467: 11.05}",True
474,13122,13178,13230,bottom,83.33,80.36,86.54,11.89,{474: 0.0},True
475,13271,13321,13367,bottom,93.75,90.0,97.83,17.01,"{475: 0.0, 476: 20.59}",True
476,13354,13414,13459,bottom,85.71,75.0,100.0,55.56,"{476: 0.0, 475: 20.64, 477: 10.74}",True
477,13402,13466,13520,bottom,76.27,70.31,83.33,24.11,"{477: 0.0, 476: 10.89}",True
490,13520,,,top,,,,,{},False
491,13523,,,top,,,,,{},False
492,13619,13683,13740,bottom,74.38,70.31,78.95,15.15,{492: 0.0},True
493,13769,13825,13874,bottom,85.71,80.36,91.84,23.43,"{493: 0.0, 511: 20.91, 512: 20.92}",True
511,13863,13918,13967,bottom,86.54,81.82,91.84,20.45,"{511: 0.0, 493: 20.88, 512: 0.16}",True
512,13864,13917,13964,bottom,90.0,84.91,95.74,23.06,"{511: 0.16, 512: 0.0, 493: 20.89}",True
514,13995,14052,14108,bottom,79.65,78.95,80.36,2.52,"{514: 0.0, 478: 18.38, 517: 12.86, 519: 19.27}",True
478,14011,,,top,,,,,{},False
517,14056,14106,14150,bottom,95.74,90.0,102.27,27.89,"{517: 0.0, 514: 12.8, 519: 7.47, 520: 14.43}",True
519,14083,14138,14186,bottom,87.38,81.82,93.75,24.86,"{519: 0.0, 517: 7.55, 514: 19.24, 520: 6.38, 522: 15.66}",True
520,14113,14165,14210,bottom,92.78,86.54,100.0,29.91,"{519: 6.37, 517: 14.46, 520: 0.0, 522: 9.81}",True
522,14151,14209,14255,bottom,86.54,77.59,97.83,44.0,"{522: 0.0, 517: 23.53, 519: 15.72, 520: 9.9}",True
525,14283,14333,14377,bottom,95.74,90.0,102.27,27.89,{525: 0.0},True
526,14467,14515,,bottom,,,,,{},False
527,14526,14572,14614,bottom,102.27,97.83,107.14,22.18,"{527: 0.0, 526: 14.76}",True
528,14730,14782,14828,bottom,91.84,86.54,97.83,24.54,"{528: 0.0, 529: 9.57, 530: 22.03}",True
529,14766,14826,14875,bottom,82.57,75.0,91.84,34.36,"{528: 9.66, 529: 0.0, 530: 11.54}",True
530,14821,14877,14923,bottom,88.24,80.36,97.83,37.98,"{530: 0.0, 529: 11.54, 528: 22.09, 531: 19.69}",True
531,14906,14970,15023,bottom,76.92,70.31,84.91,27.53,"{531: 0.0, 530: 19.86, 532: 6.88, 417: 23.17}",True
532,14946,15002,15048,bottom,88.24,80.36,97.83,37.98,"{532: 0.0, 531: 6.77, 417: 17.53}",True
417,15021,,,bottom,,,,,{},False
534,15074,15142,15192,bottom,76.27,66.18,90.0,47.65,{534: 0.0},True
539,15193,,,top,,,,,{},False
540,15198,,,top,,,,,{},False
541,15417,15477,15526,bottom,82.57,75.0,91.84,34.36,"{541: 0.0, 542: 13.87}",True
542,15480,15545,15601,bottom,74.38,69.23,80.36,19.87,"{541: 13.98, 542: 0.0, 543: 9.34, 544: 16.12}",True
543,15534,15590,15637,bottom,87.38,80.36,95.74,32.74,"{543: 0.0, 542: 9.17, 544: 7.34}",True
544,15567,15622,15667,bottom,90.0,81.82,100.0,40.4,"{544: 0.0, 543: 7.36, 542: 15.94}",True
547,15769,15829,15881,bottom,80.36,75.0,86.54,22.19,"{547: 0.0, 548: 1.98, 549: 10.2}",True
548,15781,15838,15882,bottom,89.11,78.95,102.27,53.01,"{548: 0.0, 547: 1.96, 549: 8.63}",True
549,15819,15877,15927,bottom,83.33,77.59,90.0,24.83,"{548: 8.69, 549: 0.0, 547: 10.14, 553: 18.29}",True
553,15903,15962,16012,bottom,82.57,76.27,90.0,27.46,"{553: 0.0, 549: 18.31, 555: 7.48, 559: 18.3}",True
555,15938,15997,16047,bottom,82.57,76.27,90.0,27.46,"{553: 7.52, 555: 0.0, 559: 10.89}",True
559,15988,16051,16107,bottom,75.63,71.43,80.36,15.94,"{559: 0.0, 555: 10.96, 553: 18.41, 561: 12.36, 562: 21.63}",True
561,16052,16111,16162,bottom,81.82,76.27,88.24,23.46,"{561: 0.0, 559: 12.23, 562: 9.93}",True
562,16099,16159,16211,bottom,80.36,75.0,86.54,22.19,"{561: 9.95, 562: 0.0, 559: 21.5, 563: 14.12}",True
563,16165,16229,,bottom,,,,,{},False
564,16436,16488,16535,bottom,90.91,86.54,95.74,19.59,{564: 0.0},True
565,16636,16685,16729,bottom,96.77,91.84,102.27,23.72,"{565: 0.0, 566: 11.41, 567: 17.57}",True
566,16680,16732,16777,bottom,92.78,86.54,100.0,29.91,"{565: 11.44, 566: 0.0, 567: 6.7, 568: 21.19}",True
567,16703,16764,16817,bottom,78.95,73.77,84.91,21.01,"{567: 0.0, 566: 6.76, 565: 17.72, 568: 13.18, 569: 20.99}",True
568,16768,16826,,bottom,,,,,{},False
569,16805,16861,16909,bottom,86.54,80.36,93.75,27.9,"{569: 0.0, 568: 7.86, 567: 20.91}",True
571,16984,17043,17095,bottom,81.08,76.27,86.54,19.74,"{571: 0.0, 572: 21.46}",True
572,17087,17141,17189,bottom,88.24,83.33,93.75,21.7,"{572: 0.0, 571: 21.33}",True
573,17230,17289,17339,bottom,82.57,76.27,90.0,27.46,"{573: 0.0, 574: 11.92}",True
574,17290,17339,17378,bottom,102.27,91.84,115.38,60.38,"{574: 0.0, 573: 11.7}",True
575,17381,17441,17491,bottom,81.82,75.0,90.0,30.0,"{575: 0.0, 574: 24.42}",True
576,17573,17621,17663,bottom,100.0,93.75,107.14,31.89,"{576: 0.0, 577: 13.41, 579: 17.93}",True
577,17624,17676,17719,bottom,94.74,86.54,104.65,42.12,"{577: 0.0, 576: 13.46, 579: 5.68}",True
579,17641,17704,17758,bottom,76.92,71.43,83.33,22.05,"{579: 0.0, 577: 5.87, 576: 18.21, 580: 15.58, 581: 22.94}",True
580,17724,17773,,bottom,,,,,{},False
581,17756,,,bottom,,,,,{},False
582,17772,17825,17866,bottom,95.74,84.91,109.76,60.61,"{581: 4.49, 582: 0.0, 580: 12.51, 584: 7.28, 587: 11.89, 585: 1.38}",True
584,17800,17856,,bottom,,,,,{},False
587,17820,17878,17928,bottom,83.33,77.59,90.0,24.83,"{584: 4.61, 587: 0.0, 582: 12.01, 585: 14.09, 593: 4.38, 594: 20.5}",True
585,17863,,,top,,,,,{},False
592,17867,,,top,,,,,{},False
593,17909,,,top,,,,,{},False
594,17915,17970,18018,bottom,87.38,81.82,93.75,24.86,"{594: 0.0, 593: 24.3, 587: 20.28, 595: 3.99, 596: 19.08}",True
595,17928,17989,18041,bottom,79.65,73.77,86.54,24.55,"{594: 4.06, 595: 0.0, 587: 23.39, 596: 14.2, 535: 21.45}",True
596,17998,18054,18102,bottom,86.54,80.36,93.75,27.9,"{596: 0.0, 595: 14.13, 594: 19.11, 535: 7.31, 598: 14.08}",True
535,18030,,,bottom,,,,,{},False
598,18061,18117,18165,bottom,86.54,80.36,93.75,27.9,"{598: 0.0, 596: 14.08, 599: 15.74}",True
599,18131,18189,18240,bottom,82.57,77.59,88.24,20.88,"{599: 0.0, 598: 15.76}",True
600,18259,18315,18363,bottom,86.54,80.36,93.75,27.9,"{600: 0.0, 601: 1.29, 604: 15.84}",True
601,18265,18321,18365,bottom,90.0,80.36,102.27,49.81,"{600: 1.27, 601: 0.0, 604: 15.0}",True
604,18330,18388,18438,bottom,83.33,77.59,90.0,24.83,"{601: 15.12, 604: 0.0, 600: 15.84, 605: 8.88, 606: 11.1}",True
605,18372,18428,18473,bottom,89.11,80.36,100.0,43.65,"{605: 0.0, 604: 8.8, 606: 2.48, 607: 16.78, 608: 22.43}",True
606,18383,18439,18488,bottom,85.71,80.36,91.84,23.43,"{605: 2.53, 606: 0.0, 604: 11.08, 607: 13.72, 608: 19.17}",True
607,18447,18496,,bottom,,,,,{},False
608,18469,18525,18573,bottom,86.54,80.36,93.75,27.9,"{608: 0.0, 607: 6.35, 605: 22.34, 606: 19.14, 609: 9.57}",True
609,18513,18567,18617,bottom,86.54,83.33,90.0,13.33,"{609: 0.0, 608: 9.6, 607: 17.02}",True
612,18649,18707,18760,bottom,81.08,77.59,84.91,13.81,"{612: 0.0, 614: 1.38, 616: 19.03}",True
614,18658,18705,18744,bottom,104.65,95.74,115.38,50.36,"{614: 0.0, 612: 1.25, 616: 21.81}",True
616,18738,18797,18848,bottom,81.82,76.27,88.24,23.46,"{614: 22.01, 612: 19.06, 616: 0.0, 619: 8.29, 631: 19.98}",True
619,18771,18840,18888,bottom,76.92,65.22,93.75,59.44,"{619: 0.0, 616: 8.43, 631: 10.21}",True
631,18831,18890,18941,bottom,81.82,76.27,88.24,23.46,"{631: 0.0, 619: 9.92, 616: 19.99}",True
632,19063,19108,19147,bottom,107.14,100.0,115.38,39.45,"{632: 0.0, 633: 14.27}",True
633,19112,19165,19210,bottom,91.84,84.91,100.0,33.54,"{633: 0.0, 632: 14.41}",True
634,19213,19267,19314,bottom,89.11,83.33,95.74,26.41,"{634: 0.0, 633: 23.77, 635: 11.83, 636: 22.61}",True
635,19264,19317,19361,bottom,92.78,84.91,102.27,39.47,"{635: 0.0, 634: 11.79, 636: 11.44, 637: 21.78}",True
636,19311,19367,19417,bottom,84.91,80.36,90.0,19.29,"{636: 0.0, 635: 11.51, 634: 22.66, 637: 10.01, 638: 21.66}",True
637,19356,19413,19460,bottom,86.54,78.95,95.74,35.74,"{636: 10.01, 637: 0.0, 635: 21.88, 638: 10.95}",True
638,19409,19459,19505,bottom,93.75,90.0,97.83,17.01,"{638: 0.0, 637: 10.82, 636: 21.5, 639: 22.48}",True
639,19503,19555,19602,bottom,90.91,86.54,95.74,19.59,"{639: 0.0, 638: 22.6, 640: 12.43, 641: 19.5}",True
640,19552,19611,19664,bottom,80.36,76.27,84.91,16.29,"{640: 0.0, 639: 12.46, 641: 6.28}",True
641,19582,19642,19692,bottom,81.82,75.0,90.0,30.0,"{640: 6.24, 641: 0.0, 639: 19.43}",True
642,19823,19882,19934,bottom,81.08,76.27,86.54,19.74,"{642: 0.0, 647: 12.97, 651: 21.7}",True
647,19882,19948,20002,bottom,75.0,68.18,83.33,28.06,"{647: 0.0, 642: 13.03, 651: 7.65}",True
651,19922,19985,20038,bottom,77.59,71.43,84.91,25.43,"{647: 7.6, 651: 0.0, 642: 21.52, 652: 16.07}",True
652,20007,20056,20099,bottom,97.83,91.84,104.65,29.8,"{651: 15.84, 652: 0.0, 647: 24.02}",True
659,20130,20188,20239,bottom,82.57,77.59,88.24,20.88,"{659: 0.0, 660: 6.14, 661: 17.36}",True
660,20164,20214,20256,bottom,97.83,90.0,107.14,40.82,"{660: 0.0, 659: 5.95, 661: 12.57, 662: 21.05}",True
661,20212,20267,20318,bottom,84.91,81.82,88.24,12.58,"{661: 0.0, 660: 12.66, 659: 17.22, 662: 8.35, 663: 12.98}",True
662,20246,20304,20355,bottom,82.57,77.59,88.24,20.88,"{662: 0.0, 661: 8.34, 660: 21.2, 663: 4.71, 664: 15.33}",True
663,20268,20326,20376,bottom,83.33,77.59,90.0,24.83,"{663: 0.0, 662: 4.69, 661: 13.0, 664: 10.57, 665: 22.58}",True
664,20315,20377,20429,bottom,78.95,72.58,86.54,26.84,"{664: 0.0, 663: 10.51, 662: 15.32, 661: 23.4, 665: 12.13}",True
665,20374,20436,20488,bottom,78.95,72.58,86.54,26.84,"{665: 0.0, 664: 12.16, 663: 22.27, 666: 16.13}",True
666,20455,20510,20554,bottom,90.91,81.82,102.27,46.49,"{666: 0.0, 665: 16.05, 667: 11.29}",True
667,20501,20563,20617,bottom,77.59,72.58,83.33,19.91,"{667: 0.0, 666: 11.41, 668: 22.86}",True
668,20614,20677,20730,bottom,77.59,71.43,84.91,25.43,"{667: 22.85, 668: 0.0, 677: 12.06}",True
677,20681,20728,20768,bottom,103.45,95.74,112.5,41.89,"{677: 0.0, 668: 11.85}",True
689,20820,20879,20928,bottom,83.33,76.27,91.84,31.77,{689: 0.0},True
690,20936,20998,21048,bottom,80.36,72.58,90.0,34.84,"{690: 0.0, 691: 13.74}",True
691,21002,21063,21121,bottom,75.63,73.77,77.59,6.58,"{691: 0.0, 690: 13.79, 692: 19.36, 693: 20.34}",True
692,21096,21160,,bottom,,,,,{},False
693,21101,21162,21220,bottom,75.63,73.77,77.59,6.58,"{692: 0.59, 693: 0.0, 691: 20.3, 694: 10.01}",True
694,21151,21211,,bottom,,,,,{},False
695,21219,21283,21343,bottom,72.58,70.31,75.0,7.81,"{695: 0.0, 694: 14.34, 693: 24.2, 696: 10.2}",True
696,21269,21342,,bottom,,,,,{},False
698,21346,21405,,bottom,,,,,{},False
699,21356,21419,,bottom,,,,,{},False
701,21410,21473,21527,bottom,76.92,71.43,83.33,22.05,"{701: 0.0, 699: 10.79, 698: 13.51, 702: 4.5, 704: 11.82}",True
702,21436,21493,21541,bottom,85.71,78.95,93.75,30.84,"{701: 4.45, 702: 0.0, 699: 15.84, 698: 19.2, 704: 7.84}",True
704,21471,21530,21581,bottom,81.82,76.27,88.24,23.46,"{704: 0.0, 702: 7.86, 701: 11.77, 707: 17.11}",True
707,21552,21604,21648,bottom,93.75,86.54,102.27,35.76,"{707: 0.0, 704: 17.04}",True
708,21655,21714,21765,bottom,81.82,76.27,88.24,23.46,"{708: 0.0, 709: 5.29}",True
709,21682,21737,21784,bottom,88.24,81.82,95.74,29.63,"{709: 0.0, 708: 5.2}",True
710,21926,21984,22032,bottom,84.91,77.59,93.75,33.67,{710: 0.0},True
716,22325,22376,22420,bottom,94.74,88.24,102.27,31.9,"{716: 0.0, 717: 11.14, 718: 20.67}",True
717,22370,22422,22466,bottom,93.75,86.54,102.27,35.76,"{717: 0.0, 716: 11.18, 718: 8.59, 719: 16.5}",True
718,22409,22455,22493,bottom,107.14,97.83,118.42,54.2,"{718: 0.0, 717: 8.4, 716: 20.58, 719: 8.55}",True
719,22440,22487,22527,bottom,103.45,95.74,112.5,41.89,"{718: 8.59, 719: 0.0, 717: 16.35}",True
720,22634,22686,22732,bottom,91.84,86.54,97.83,24.54,"{720: 0.0, 722: 11.87, 723: 14.03, 724: 19.08}",True
722,22681,22737,22785,bottom,86.54,80.36,93.75,27.9,"{722: 0.0, 720: 11.95, 723: 2.5, 724: 7.17}",True
723,22688,22746,22808,bottom,75.0,77.59,72.58,-8.07,"{722: 2.65, 720: 14.13, 723: 0.0, 724: 4.0, 725: 22.76, 726: 22.89}",True
724,22712,22770,22815,bottom,87.38,77.59,100.0,49.81,"{722: 7.23, 724: 0.0, 723: 3.86, 720: 19.21, 725: 20.6, 726: 20.81}",True
725,22804,22856,22901,bottom,92.78,86.54,100.0,29.91,"{725: 0.0, 723: 22.35, 724: 20.26, 726: 1.76, 727: 13.57}",True
726,22806,22865,22914,bottom,83.33,76.27,91.84,31.77,"{726: 0.0, 725: 1.86, 723: 22.66, 724: 20.64, 727: 11.0}",True
727,22857,22917,22970,bottom,79.65,75.0,84.91,18.69,"{727: 0.0, 726: 10.99, 725: 13.69, 731: 12.9}",True
731,22922,22977,23025,bottom,87.38,81.82,93.75,24.86,"{731: 0.0, 727: 12.85, 726: 23.86, 732: 12.89}",True
732,22978,23035,23085,bottom,84.11,78.95,90.0,22.11,"{732: 0.0, 731: 12.86, 733: 10.26}",True
733,23025,23081,23128,bottom,87.38,80.36,95.74,32.74,"{733: 0.0, 732: 10.24, 731: 22.92}",True
734,23136,23194,23245,bottom,82.57,77.59,88.24,20.88,"{734: 0.0, 735: 12.73}",True
735,23196,23253,,bottom,,,,,{},False
736,23257,23320,23374,bottom,76.92,71.43,83.33,22.05,"{736: 0.0, 735: 14.19}",True
737,23449,23507,23557,bottom,83.33,77.59,90.0,24.83,"{737: 0.0, 738: 17.46}",True
738,23530,23584,23631,bottom,89.11,83.33,95.74,26.41,"{738: 0.0, 737: 17.43, 739: 21.81}",True
739,23624,23677,23728,bottom,86.54,84.91,88.24,6.53,"{738: 21.84, 739: 0.0, 740: 4.46}",True
740,23641,23699,23752,bottom,81.08,77.59,84.91,13.81,"{740: 0.0, 739: 4.48}",True
745,23791,23847,23892,bottom,89.11,80.36,100.0,43.65,"{745: 0.0, 746: 6.52}",True
746,23816,23878,23931,bottom,78.26,72.58,84.91,23.25,"{746: 0.0, 745: 6.66, 747: 14.97}",True
747,23893,23946,23993,bottom,90.0,84.91,95.74,23.06,"{747: 0.0, 746: 14.74, 745: 23.37, 748: 13.08}",True
748,23948,24001,24046,bottom,91.84,84.91,100.0,33.54,"{747: 13.05, 748: 0.0}",True
749,24122,24193,24251,bottom,69.77,63.38,77.59,24.49,{749: 0.0},True
752,24265,24318,24362,bottom,92.78,84.91,102.27,39.47,"{752: 0.0, 753: 11.37}",True
753,24312,24365,24412,bottom,90.0,84.91,95.74,23.06,"{753: 0.0, 752: 11.42, 754: 21.21}",True
754,24403,24453,24495,bottom,97.83,90.0,107.14,40.82,"{754: 0.0, 753: 21.11, 755: 2.17}",True
755,24414,24461,24500,bottom,104.65,95.74,115.38,50.36,"{755: 0.0, 754: 2.09, 753: 23.8}",True
757,24644,24697,24743,bottom,90.91,84.91,97.83,28.09,"{757: 0.0, 764: 16.26}",True
764,24713,24769,24820,bottom,84.11,80.36,88.24,15.45,"{764: 0.0, 757: 16.28, 765: 6.76, 766: 9.94}",True
765,24744,24800,24846,bottom,88.24,80.36,97.83,37.98,"{764: 6.74, 765: 0.0, 757: 23.1, 766: 2.78, 767: 22.85}",True
766,24762,24811,24854,bottom,97.83,91.84,104.65,29.8,"{766: 0.0, 765: 2.64, 764: 9.79, 767: 21.43}",True
767,24845,24899,24947,bottom,88.24,83.33,93.75,21.7,"{767: 0.0, 766: 21.49, 765: 22.7, 768: 8.66, 769: 11.83}",True
768,24880,24944,25000,bottom,75.0,70.31,80.36,17.94,"{768: 0.0, 767: 8.79, 769: 1.82, 777: 13.61}",True
769,24898,24952,24996,bottom,91.84,83.33,102.27,43.04,"{768: 1.87, 769: 0.0, 767: 11.75, 777: 13.53}",True
777,24955,25009,25053,bottom,91.84,83.33,102.27,43.04,"{777: 0.0, 768: 13.4, 769: 13.46}",True
779,25055,25114,,bottom,,,,,{},False
780,25058,25110,25154,bottom,93.75,86.54,102.27,35.76,"{780: 0.0, 779: 0.84, 777: 23.93, 781: 4.46, 782: 18.11}",True
781,25075,25129,25175,bottom,90.0,83.33,97.83,31.51,"{781: 0.0, 780: 4.47, 779: 3.59, 782: 13.66}",True
782,25132,25188,25239,bottom,84.11,80.36,88.24,15.45,"{780: 18.13, 781: 13.7, 782: 0.0, 779: 16.11, 783: 12.3}",True
783,25188,25243,25291,bottom,87.38,81.82,93.75,24.86,"{783: 0.0, 782: 12.24}",True
787,25334,,,top,,,,,{},False
794,25377,25433,25479,bottom,88.24,80.36,97.83,37.98,{794: 0.0},True
795,25556,25625,25680,bottom,72.58,65.22,81.82,30.18,"{795: 0.0, 801: 8.34, 805: 9.62}",True
801,25601,25672,25739,bottom,65.22,63.38,67.16,5.65,"{801: 0.0, 795: 8.44, 805: 17.68}",True
805,25635,,,top,,,,,{},False
810,25739,25787,25829,bottom,100.0,93.75,107.14,31.89,"{810: 0.0, 811: 19.85}",True
811,25814,25869,25914,bottom,90.0,81.82,100.0,40.4,"{811: 0.0, 810: 19.94}",True
812,25941,26008,26064,bottom,73.17,67.16,80.36,23.56,"{812: 0.0, 813: 8.23, 814: 15.86, 815: 17.34}",True
813,25984,26051,26106,bottom,73.77,67.16,81.82,26.64,"{812: 8.22, 813: 0.0, 814: 7.14, 815: 9.31, 816: 19.26}",True
814,26030,26081,,bottom,,,,,{},False
815,26032,26100,26157,bottom,72.0,66.18,78.95,22.41,"{813: 9.36, 814: 2.32, 812: 17.37, 815: 0.0, 816: 8.92, 818: 6.35, 821: 19.28}",True
816,26086,26144,26188,bottom,88.24,77.59,102.27,56.11,"{816: 0.0, 815: 8.77, 814: 13.98, 813: 19.18, 818: 14.79, 821: 11.14, 822: 22.81}",True
818,26127,,,top,,,,,{},False
821,26137,26191,26238,bottom,89.11,83.33,95.74,26.41,"{821: 0.0, 816: 11.18, 815: 19.09, 822: 11.94}",True
822,26187,26244,26294,bottom,84.11,78.95,90.0,22.11,"{822: 0.0, 821: 11.98, 816: 23.0, 824: 12.96}",True
824,26245,26304,,bottom,,,,,{},False
825,26304,26370,26416,bottom,80.36,68.18,97.83,64.44,"{825: 0.0, 824: 12.71, 826: 9.14}",True
826,26358,,,bottom,,,,,{},False
827,26426,26483,26531,bottom,85.71,78.95,93.75,30.84,"{827: 0.0, 825: 22.87, 828: 15.18}",True
828,26493,26554,26607,bottom,78.95,73.77,84.91,21.01,"{828: 0.0, 827: 15.22, 829: 18.59}",True
829,26584,26641,26694,bottom,81.82,78.95,84.91,11.24,"{829: 0.0, 828: 18.49, 830: 15.47}",True
830,26656,26712,26761,bottom,85.71,80.36,91.84,23.43,"{829: 15.41, 830: 0.0, 831: 10.27}",True
831,26705,26755,26796,bottom,98.9,90.0,109.76,48.19,"{831: 0.0, 830: 10.15}",True
832,26853,26909,26957,bottom,86.54,80.36,93.75,27.9,"{832: 0.0, 833: 0.25}",True
833,26854,26908,26957,bottom,87.38,83.33,91.84,17.35,"{832: 0.25, 833: 0.0}",True
853,27085,27137,27179,bottom,95.74,86.54,107.14,49.06,"{853: 0.0, 859: 14.33}",True
859,27136,27216,27280,bottom,62.5,56.25,70.31,21.97,"{859: 0.0, 853: 14.71, 861: 7.05, 862: 9.24, 863: 16.54}",True
861,27182,27258,27328,bottom,61.64,59.21,64.29,7.25,"{861: 0.0, 859: 7.06, 853: 24.23, 862: 1.55, 863: 9.26, 864: 19.86}",True
862,27201,27268,27326,bottom,72.0,67.16,77.59,17.97,"{862: 0.0, 859: 9.04, 861: 1.55, 863: 8.43, 864: 20.44}",True
863,27241,27318,27391,bottom,60.0,58.44,61.64,4.39,"{861: 9.25, 862: 8.52, 863: 0.0, 859: 16.48, 864: 7.99, 865: 17.14}",True
864,27311,27363,27410,bottom,90.91,86.54,95.74,19.59,"{864: 0.0, 863: 7.17, 861: 19.36, 862: 20.26, 865: 11.22}",True
865,27358,27411,27458,bottom,90.0,84.91,95.74,23.06,"{864: 11.2, 865: 0.0, 863: 16.24, 877: 17.9}",True
877,27433,27492,27543,bottom,81.82,76.27,88.24,23.46,"{877: 0.0, 865: 17.99}",True
880,27789,27842,27886,bottom,92.78,84.91,102.27,39.47,"{880: 0.0, 881: 13.64, 882: 17.29}",True
881,27847,27895,27943,bottom,93.75,93.75,93.75,,"{881: 0.0, 880: 13.59, 882: 4.42}",True
882,27861,27916,27964,bottom,87.38,81.82,93.75,24.86,"{882: 0.0, 881: 4.44, 880: 17.37}",True
885,28063,28131,28189,bottom,71.43,66.18,77.59,19.67,{885: 0.0},True
886,28245,28298,28343,bottom,91.84,84.91,100.0,33.54,{886: 0.0},True
887,28523,28577,28624,bottom,89.11,83.33,95.74,26.41,{887: 0.0},True
888,28663,28714,28759,bottom,93.75,88.24,100.0,26.14,{888: 0.0},True
889,28806,28861,28910,bottom,86.54,81.82,91.84,20.45,{889: 0.0},True
894,28911,28966,29014,bottom,87.38,81.82,93.75,24.86,"{894: 0.0, 889: 23.62, 895: 19.03}",True
895,28996,29046,29092,bottom,93.75,90.0,97.83,17.01,"{895: 0.0, 894: 18.91}",True
896,29129,29192,29245,bottom,77.59,71.43,84.91,25.43,{896: 0.0},True
897,29272,29324,29368,bottom,93.75,86.54,102.27,35.76,{897: 0.0},True
898,29490,29539,29580,bottom,100.0,91.84,109.76,43.71,{898: 0.0},True
900,29600,29650,29695,bottom,94.74,90.0,100.0,22.22,"{900: 0.0, 901: 8.1}",True
901,29628,29689,29736,bottom,83.33,73.77,95.74,46.75,"{900: 8.24, 901: 0.0, 902: 19.46}",True
902,29721,29775,29822,bottom,89.11,83.33,95.74,26.41,"{902: 0.0, 901: 19.28, 750: 8.27, 905: 21.04, 907: 22.11}",True
750,29755,,,bottom,,,,,{},False
905,29807,29877,29931,bottom,72.58,64.29,83.33,35.27,"{905: 0.0, 902: 21.23, 907: 1.9, 908: 20.58}",True
907,29816,29867,29914,bottom,91.84,88.24,95.74,15.98,"{905: 1.82, 907: 0.0, 902: 22.11}",True
908,29918,,,bottom,,,,,{},False
909,29941,29983,30018,bottom,116.88,107.14,128.57,61.22,"{908: 4.95, 909: 0.0, 912: 9.57, 915: 0.09}",True
912,29964,30029,30085,bottom,74.38,69.23,80.36,19.87,"{912: 0.0, 909: 10.03, 915: 13.1, 917: 16.48, 918: 17.79}",True
915,30017,,,top,,,,,{},False
917,30049,30117,30173,bottom,72.58,66.18,80.36,25.32,"{917: 0.0, 912: 16.57, 918: 0.63}",True
918,30059,30116,30169,bottom,81.82,78.95,84.91,11.24,"{918: 0.0, 917: 0.61, 912: 17.58}",True
920,30297,30360,,bottom,,,,,{},False
921,30302,30357,30402,bottom,90.0,81.82,100.0,40.4,"{920: 1.12, 921: 0.0, 931: 22.44}",True
931,30397,30463,30518,bottom,74.38,68.18,81.82,24.79,"{931: 0.0, 921: 22.68, 934: 18.25, 935: 21.09}",True
934,30424,,,top,,,,,{},False
935,30507,30568,,bottom,,,,,{},False
936,30571,30632,30683,bottom,80.36,73.77,88.24,28.36,"{936: 0.0, 935: 13.11, 937: 0.6, 938: 3.76, 940: 10.95, 941: 18.75}",True
937,30573,30635,30687,bottom,78.95,72.58,86.54,26.84,"{936: 0.61, 937: 0.0, 935: 13.83, 938: 3.2, 940: 10.55, 941: 18.18}",True
938,30597,30649,30691,bottom,95.74,86.54,107.14,49.06,"{938: 0.0, 936: 3.59, 937: 3.08, 935: 18.65, 940: 8.05, 941: 16.5}",True
940,30625,30688,30741,bottom,77.59,71.43,84.91,25.43,"{940: 0.0, 937: 10.58, 936: 10.91, 938: 8.28, 941: 7.51}",True
941,30661,30724,,bottom,,,,,{},False
947,30790,30828,,bottom,,,,,{},False
948,30795,30851,,bottom,,,,,{},False
949,30798,30850,30888,bottom,100.0,86.54,118.42,83.9,"{949: 0.0, 947: 3.69, 948: 0.23}",True
954,30895,,,top,,,,,{},False
956,30900,30961,31011,bottom,81.08,73.77,90.0,32.46,"{956: 0.0, 949: 23.48, 947: 22.94, 963: 7.78, 970: 17.98}",True
963,30941,30997,31042,bottom,89.11,80.36,100.0,43.65,"{963: 0.0, 956: 7.76, 970: 10.96, 971: 21.71}",True
970,30986,31052,31108,bottom,73.77,68.18,80.36,21.74,"{963: 11.11, 970: 0.0, 956: 18.13, 971: 9.49}",True
971,31038,31099,31151,bottom,79.65,73.77,86.54,24.55,"{971: 0.0, 970: 9.4, 963: 22.07}",True
972,31377,31429,31472,bottom,94.74,86.54,104.65,42.12,"{972: 0.0, 983: 15.1}",True
983,31436,31496,31549,bottom,79.65,75.0,84.91,18.69,"{983: 0.0, 972: 15.27, 990: 11.35, 991: 14.55}",True
990,31491,31558,31615,bottom,72.58,67.16,78.95,20.67,"{990: 0.0, 983: 11.49, 991: 2.52, 996: 13.72, 997: 23.26}",True
991,31505,31569,,bottom,,,,,{},False
996,31567,31625,31676,bottom,82.57,77.59,88.24,20.88,"{996: 0.0, 990: 13.58, 991: 11.75, 997: 10.85, 998: 9.57}",True
997,31613,31680,,bottom,,,,,{},False
998,31615,31666,31707,bottom,97.83,88.24,109.76,52.49,"{998: 0.0, 997: 2.54, 996: 9.4, 990: 23.3, 999: 18.35}",True
999,31687,31742,31790,bottom,87.38,81.82,93.75,24.86,"{999: 0.0, 998: 18.5, 997: 13.0, 1000: 10.17, 1001: 14.45, 1002: 18.5}",True
1000,31733,31785,31828,bottom,94.74,86.54,104.65,42.12,"{1000: 0.0, 999: 10.08, 1001: 5.59, 1002: 9.14, 1003: 22.2}",True
1001,31746,31813,31876,bottom,69.23,67.16,71.43,6.77,"{1001: 0.0, 1000: 5.75, 999: 14.57, 1002: 1.99, 1003: 13.98, 1004: 15.42, 1005: 19.07}",True
1002,31768,31823,31870,bottom,88.24,81.82,95.74,29.63,"{1001: 2.0, 1002: 0.0, 1000: 9.2, 999: 18.46, 1003: 13.29, 1004: 15.01, 1005: 18.97}",True
1003,31821,31890,31949,bottom,70.31,65.22,76.27,18.74,"{1003: 0.0, 1001: 13.98, 1002: 13.49, 1000: 22.3, 1004: 1.83, 1005: 5.0, 1006: 16.81, 1007: 22.47}",True
1004,31834,31885,31926,bottom,97.83,88.24,109.76,52.49,"{1004: 0.0, 1003: 1.73, 1002: 14.97, 1001: 15.36, 1005: 6.15, 1006: 21.35}",True
1005,31848,31920,,bottom,,,,,{},False
1006,31918,31968,32011,bottom,96.77,90.0,104.65,34.07,"{1006: 0.0, 1004: 21.39, 1005: 11.1, 1003: 16.63, 1007: 9.28, 1008: 11.55, 1009: 20.7}",True
1007,31945,32018,32076,bottom,68.7,61.64,77.59,27.49,"{1007: 0.0, 1006: 9.53, 1005: 17.38, 1003: 22.51, 1008: 1.32, 1009: 9.15, 1010: 18.28}",True
1008,31961,32017,32064,bottom,87.38,80.36,95.74,32.74,"{1007: 1.25, 1008: 0.0, 1006: 11.67, 1005: 19.51, 1009: 9.71, 1010: 19.99}",True
1009,31998,32070,32131,bottom,67.67,62.5,73.77,18.48,"{1008: 9.92, 1007: 9.18, 1009: 0.0, 1006: 20.96, 1010: 8.77}",True
1010,32049,32117,32174,bottom,72.0,66.18,78.95,22.41,"{1010: 0.0, 1009: 8.71, 1008: 20.13, 1007: 18.25, 1011: 18.31, 1012: 20.95, 1013: 22.52}",True
1011,32152,32208,32258,bottom,84.91,80.36,90.0,19.29,"{1011: 0.0, 1010: 17.8, 1012: 1.66, 1013: 2.57}",True
1012,32165,32214,32259,bottom,95.74,91.84,100.0,18.14,"{1011: 1.64, 1012: 0.0, 1010: 20.49, 1013: 1.08}",True
1013,32172,32219,32258,bottom,104.65,95.74,115.38,50.36,"{1013: 0.0, 1012: 1.08, 1011: 2.54, 1010: 22.02}",True
1016,32287,32343,32393,bottom,84.91,80.36,90.0,19.29,"{1016: 0.0, 1017: 10.96}",True
1017,32339,32390,32435,bottom,93.75,88.24,100.0,26.14,"{1017: 0.0, 1016: 10.83}",True
1018,32661,32702,32747,bottom,104.65,109.76,100.0,-21.68,{1018: 0.0},True
1019,32809,32857,32900,bottom,98.9,93.75,104.65,25.35,{1019: 0.0},True
1020,32963,33016,33061,bottom,91.84,84.91,100.0,33.54,"{1020: 0.0, 1021: 7.52, 1022: 15.97}",True
1021,32994,33049,33095,bottom,89.11,81.82,97.83,34.8,"{1021: 0.0, 1020: 7.54, 1022: 8.54, 1023: 19.68}",True
1022,33030,33086,33134,bottom,86.54,80.36,93.75,27.9,"{1022: 0.0, 1021: 8.57, 1020: 16.03, 1023: 10.88}",True
1023,33079,33134,33180,bottom,89.11,81.82,97.83,34.8,"{1022: 10.87, 1023: 0.0, 1021: 19.71, 1024: 16.94, 1025: 21.87}",True
1024,33152,33207,33248,bottom,93.75,81.82,109.76,68.14,"{1024: 0.0, 1023: 16.96, 1025: 5.39}",True
1025,33173,33232,33279,bottom,84.91,76.27,95.74,41.43,"{1024: 5.42, 1025: 0.0, 1023: 21.86}",True
1026,33398,33454,33502,bottom,86.54,80.36,93.75,27.9,"{1026: 0.0, 1028: 1.48, 1029: 6.9}",True
1028,33402,33460,33510,bottom,83.33,77.59,90.0,24.83,"{1028: 0.0, 1026: 1.54, 1029: 4.92}",True
1029,33433,33481,33523,bottom,100.0,93.75,107.14,31.89,"{1029: 0.0, 1028: 4.6, 1026: 6.76, 1030: 21.52}",True
1030,33515,33567,33612,bottom,92.78,86.54,100.0,29.91,"{1030: 0.0, 1029: 21.57, 1028: 23.17}",True
1031,33737,33773,33805,bottom,132.35,125.0,140.62,48.83,"{1031: 0.0, 1032: 9.31, 1033: 12.04}",True
1032,33758,33810,33854,bottom,93.75,86.54,102.27,35.76,"{1032: 0.0, 1031: 9.64, 1033: 1.29, 1034: 21.79}",True
1033,33769,33813,33854,bottom,105.88,102.27,109.76,18.25,"{1032: 1.27, 1033: 0.0, 1031: 12.24, 1034: 21.61}",True
1034,33847,33903,33951,bottom,86.54,80.36,93.75,27.9,"{1034: 0.0, 1032: 21.85, 1033: 21.81}",True
1035,33954,34010,34059,bottom,85.71,80.36,91.84,23.43,"{1035: 0.0, 1034: 24.06, 1036: 14.15}",True
1036,34019,34071,34118,bottom,90.91,86.54,95.74,19.59,"{1036: 0.0, 1035: 14.04, 1037: 17.56}",True
1037,34092,34146,34194,bottom,88.24,83.33,93.75,21.7,"{1037: 0.0, 1036: 17.54}",True
1038,34437,34493,,bottom,,,,,{},False
1039,34474,34534,34584,bottom,81.82,75.0,90.0,30.0,"{1039: 0.0, 1038: 8.67, 1041: 2.66, 1042: 14.9}",True
1041,34496,34545,34592,bottom,93.75,91.84,95.74,8.31,"{1039: 2.58, 1041: 0.0, 1038: 12.31, 1042: 13.13}",True
1042,34544,34603,34653,bottom,82.57,76.27,90.0,27.46,"{1039: 14.93, 1042: 0.0, 1041: 13.17, 1043: 13.53}",True
1043,34609,34662,34708,bottom,90.91,84.91,97.83,28.09,"{1042: 13.45, 1043: 0.0}",True
1044,34916,34970,35016,bottom,90.0,83.33,97.83,31.51,"{1044: 0.0, 1056: 17.36}",True
1056,34991,35045,35091,bottom,90.0,83.33,97.83,31.51,"{1056: 0.0, 1044: 17.4, 1059: 17.48}",True
1059,35067,35118,35166,bottom,90.91,88.24,93.75,11.49,"{1059: 0.0, 1056: 17.43}",True
1060,35307,35356,35396,bottom,101.12,91.84,112.5,51.66,"{1060: 0.0, 1061: 6.36, 1062: 12.39}",True
1061,35324,35386,35440,bottom,77.59,72.58,83.33,19.91,"{1061: 0.0, 1060: 6.59, 1062: 4.7}",True
1062,35352,35408,35456,bottom,86.54,80.36,93.75,27.9,"{1062: 0.0, 1061: 4.59, 1060: 12.55}",True
1064,35698,35767,35828,bottom,69.23,65.22,73.77,14.02,"{1064: 0.0, 1065: 7.58, 1066: 10.02}",True
1065,35742,35810,35871,bottom,69.77,66.18,73.77,12.45,"{1065: 0.0, 1064: 7.6, 1066: 1.92, 1068: 22.74}",True
1066,35760,35818,35869,bottom,82.57,77.59,88.24,20.88,"{1066: 0.0, 1064: 9.88, 1065: 1.95, 1068: 23.11}",True
1068,35867,35926,35976,bottom,82.57,76.27,90.0,27.46,"{1068: 0.0, 1065: 22.5, 1066: 22.96}",True
1069,36034,36088,36136,bottom,88.24,83.33,93.75,21.7,"{1069: 0.0, 1070: 10.19, 1071: 20.79}",True
1070,36078,36135,,bottom,,,,,{},False
1071,36125,36178,36226,bottom,89.11,84.91,93.75,18.43,"{1071: 0.0, 1070: 9.84, 1069: 20.68, 1072: 4.5}",True
1072,36138,36199,,bottom,,,,,{},False
1073,36139,,,bottom,,,,,{},False
1086,36283,36343,36391,bottom,83.33,75.0,93.75,39.06,{1086: 0.0},True
1087,36406,36466,,bottom,,,,,{},False
1088,36418,36471,36518,bottom,90.0,84.91,95.74,23.06,"{1087: 1.14, 1088: 0.0}",True
1089,36527,36583,36633,bottom,84.91,80.36,90.0,19.29,{1089: 0.0},True
1090,36813,36852,36888,bottom,120.0,115.38,125.0,26.71,"{1090: 0.0, 1091: 18.81}",True
1091,36872,36922,36963,bottom,98.9,90.0,109.76,48.19,"{1091: 0.0, 1090: 18.99, 1092: 21.46}",True
1092,36956,37010,37058,bottom,88.24,83.33,93.75,21.7,"{1092: 0.0, 1091: 21.55}",True
1093,37066,37115,37158,bottom,97.83,91.84,104.65,29.8,"{1093: 0.0, 1094: 22.91}",True
1094,37156,37202,37242,bottom,104.65,97.83,112.5,36.68,"{1094: 0.0, 1093: 22.94, 1095: 17.51}",True
1095,37216,37284,37343,bottom,70.87,66.18,76.27,17.11,"{1095: 0.0, 1094: 17.8, 1096: 11.42, 1098: 11.2, 1099: 20.02, 1100: 21.86}",True
1096,37280,37344,37402,bottom,73.77,70.31,77.59,12.54,"{1095: 11.4, 1096: 0.0, 1098: 1.32, 1099: 8.34, 1100: 10.45}",True
1098,37286,37339,37387,bottom,89.11,84.91,93.75,18.43,"{1096: 1.22, 1095: 11.01, 1098: 0.0, 1099: 10.26, 1100: 12.49}",True
1099,37326,37387,,bottom,,,,,{},False
1100,37335,37399,37455,bottom,75.0,70.31,80.36,17.94,"{1100: 0.0, 1098: 12.6, 1099: 2.19, 1096: 10.36, 1095: 21.84, 1104: 13.98}",True
1104,37404,37474,37534,bottom,69.23,64.29,75.0,17.86,"{1104: 0.0, 1100: 14.02, 1099: 15.48, 1096: 23.45}",True
1105,37552,37606,37652,bottom,90.0,83.33,97.83,31.51,"{1105: 0.0, 1106: 16.05}",True
1106,37621,37676,37726,bottom,85.71,81.82,90.0,16.36,"{1106: 0.0, 1105: 15.92, 1107: 9.83}",True
1107,37669,37717,37760,bottom,98.9,93.75,104.65,25.35,"{1107: 0.0, 1106: 9.7}",True
1108,37825,37878,37924,bottom,90.91,84.91,97.83,28.09,{1108: 0.0},True
1109,38412,38469,38518,bottom,84.91,78.95,91.84,26.3,{1109: 0.0},True
1110,38620,38670,38714,bottom,95.74,90.0,102.27,27.89,"{1110: 0.0, 1111: 7.42}",True
1111,38648,38702,38748,bottom,90.0,83.33,97.83,31.51,"{1111: 0.0, 1110: 7.48}",True
1113,38899,38954,39003,bottom,86.54,81.82,91.84,20.45,{1113: 0.0},True
1115,39141,39198,39227,bottom,104.65,78.95,155.17,262.84,"{1115: 0.0, 1120: 1.54}",True
1120,39159,39197,,bottom,,,,,{},False
1131,39245,39299,39345,bottom,90.0,83.33,97.83,31.51,{1131: 0.0},True
1132,39350,39394,39431,bottom,111.11,102.27,121.62,52.29,"{1132: 0.0, 1131: 24.3}",True
1133,39649,39703,39748,bottom,90.91,83.33,100.0,37.04,"{1134: 0.01, 1133: 0.0}",True
1134,39650,,,bottom,,,,,{},False
1140,40092,40149,40195,bottom,87.38,78.95,97.83,41.04,"{1140: 0.0, 1141: 0.0, 1148: 8.36}",True
1141,40094,,,bottom,,,,,{},False
1148,40128,40189,40242,bottom,78.95,73.77,84.91,21.01,"{1148: 0.0, 1140: 8.45, 1150: 15.78}",True
1150,40207,40258,40303,bottom,93.75,88.24,100.0,26.14,"{1150: 0.0, 1148: 15.56}",True
1151,40413,40469,40515,bottom,88.24,80.36,97.83,37.98,"{1151: 0.0, 1152: 0.48, 1153: 14.51, 1154: 18.92}",True
1152,40419,40471,40514,bottom,94.74,86.54,104.65,42.12,"{1152: 0.0, 1151: 0.47, 1153: 14.11, 1154: 18.77}",True
1153,40477,40531,40577,bottom,90.0,83.33,97.83,31.51,"{1153: 0.0, 1151: 14.51, 1152: 14.17, 1154: 4.48, 1156: 12.35}",True
1154,40495,40551,40598,bottom,87.38,80.36,95.74,32.74,"{1154: 0.0, 1153: 4.5, 1151: 18.95, 1152: 18.78, 1156: 7.64}",True
1156,40533,40583,40628,bottom,94.74,90.0,100.0,22.22,"{1154: 7.58, 1156: 0.0, 1153: 12.3, 1171: 17.88}",True
1171,40605,40655,40699,bottom,95.74,90.0,102.27,27.89,"{1171: 0.0, 1156: 17.86}",True
1172,40813,40866,40913,bottom,90.0,84.91,95.74,23.06,"{1172: 0.0, 1173: 15.13}",True
1173,40876,40935,,bottom,,,,,{},False
1174,40938,40996,41046,bottom,83.33,77.59,90.0,24.83,"{1174: 0.0, 1173: 12.73}",True
1176,41125,41181,41229,bottom,86.54,80.36,93.75,27.9,"{1176: 0.0, 1178: 15.25, 1180: 15.28}",True
1178,41196,41244,41284,bottom,102.27,93.75,112.5,46.88,"{1178: 0.0, 1176: 14.99, 1180: 0.17}",True
1180,41198,41243,41286,bottom,102.27,100.0,104.65,10.82,"{1176: 14.99, 1178: 0.17, 1180: 0.0}",True
1187,41312,41373,41425,bottom,79.65,73.77,86.54,24.55,"{1187: 0.0, 1195: 14.99}",True
1195,41385,41448,,bottom,,,,,{},False
1199,41497,41548,41590,bottom,96.77,88.24,107.14,45.02,"{1199: 0.0, 1195: 21.0, 1200: 10.82}",True
1200,41539,41592,41638,bottom,90.91,84.91,97.83,28.09,"{1199: 10.88, 1200: 0.0, 1201: 20.4}",True
1201,41625,41675,41718,bottom,96.77,90.0,104.65,34.07,"{1201: 0.0, 1200: 20.36}",True
1204,41787,41836,41879,bottom,97.83,91.84,104.65,29.8,"{1204: 0.0, 1205: 9.61, 1206: 12.03}",True
1205,41819,41881,41929,bottom,81.82,72.58,93.75,44.1,"{1205: 0.0, 1204: 9.82, 1206: 1.17}",True
1206,41834,41885,41931,bottom,92.78,88.24,97.83,20.85,"{1206: 0.0, 1205: 1.14, 1204: 12.06}",True
1207,41945,42005,42058,bottom,79.65,75.0,84.91,18.69,{1207: 0.0},True
1210,42259,42313,42361,bottom,88.24,83.33,93.75,21.7,{1210: 0.0},True
1211,42410,42463,42509,bottom,90.91,84.91,97.83,28.09,{1211: 0.0},True
1212,42554,42606,42652,bottom,91.84,86.54,97.83,24.54,{1212: 0.0},True
1213,42928,42996,43054,bottom,71.43,66.18,77.59,19.67,"{1213: 0.0, 1215: 16.37}",True
1215,43017,43079,43133,bottom,77.59,72.58,83.33,19.91,"{1215: 0.0, 1213: 16.32, 1216: 9.33, 1217: 21.83}",True
1216,43064,43124,43178,bottom,78.95,75.0,83.33,15.43,"{1216: 0.0, 1215: 9.31, 1217: 11.97, 1221: 16.2}",True
1217,43125,43178,43221,bottom,93.75,84.91,104.65,45.92,"{1216: 11.81, 1215: 21.73, 1217: 0.0, 1221: 5.15}",True
1221,43144,43202,43252,bottom,83.33,77.59,90.0,24.83,"{1221: 0.0, 1216: 16.1, 1217: 5.31}",True
1231,43252,43312,43361,bottom,82.57,75.0,91.84,34.36,"{1231: 0.0, 1221: 22.07, 1234: 8.2, 1242: 23.32}",True
1234,43293,43347,43393,bottom,90.0,83.33,97.83,31.51,"{1234: 0.0, 1231: 8.12, 1242: 15.98, 1244: 16.46}",True
1242,43360,43416,,bottom,,,,,{},False
1244,43364,43417,43465,bottom,89.11,84.91,93.75,18.43,"{1244: 0.0, 1234: 16.48, 1242: 0.48, 1231: 23.33}",True
1260,43530,43594,43648,bottom,76.27,70.31,83.33,24.11,"{1260: 0.0, 1261: 1.19, 1262: 8.98, 1263: 15.02}",True
1261,43544,43596,43646,bottom,88.24,86.54,90.0,6.92,"{1261: 0.0, 1260: 1.17, 1262: 9.12, 1263: 15.95}",True
1262,43577,43637,43689,bottom,80.36,75.0,86.54,22.19,"{1262: 0.0, 1261: 9.15, 1260: 8.88, 1263: 5.52}",True
1263,43612,43661,,bottom,,,,,{},False
1264,43818,43869,43913,bottom,94.74,88.24,102.27,31.9,"{1264: 0.0, 1265: 3.42}",True
1265,43829,43880,43933,bottom,86.54,88.24,84.91,-6.28,"{1265: 0.0, 1264: 3.38}",True
1269,44033,,,bottom,,,,,{},False
1271,44068,44138,44196,bottom,70.31,64.29,77.59,22.93,"{1271: 0.0, 1274: 14.68}",True
1274,44154,44210,44259,bottom,85.71,80.36,91.84,23.43,"{1274: 0.0, 1271: 14.39}",True
1275,44290,44344,44389,bottom,90.91,83.33,100.0,37.04,{1275: 0.0},True
1276,44784,44843,44895,bottom,81.08,76.27,86.54,19.74,"{1276: 0.0, 1277: 8.05}",True
1277,44823,44881,44933,bottom,81.82,77.59,86.54,17.22,"{1277: 0.0, 1276: 7.98}",True
1278,44986,45046,45099,bottom,79.65,75.0,84.91,18.69,"{1278: 0.0, 1285: 10.69}",True
1285,45040,45095,45136,bottom,93.75,81.82,109.76,68.14,"{1285: 0.0, 1278: 10.67}",True
1296,45178,45238,45283,bottom,85.71,75.0,100.0,55.56,"{1296: 0.0, 1298: 8.19}",True
1298,45217,45277,45328,bottom,81.08,75.0,88.24,25.95,"{1296: 8.27, 1298: 0.0, 1302: 13.76, 1306: 19.94}",True
1302,45286,45336,45378,bottom,97.83,90.0,107.14,40.82,"{1302: 0.0, 1298: 13.53, 1306: 7.11, 1309: 17.35}",True
1306,45313,45366,45411,bottom,91.84,84.91,100.0,33.54,"{1302: 7.17, 1306: 0.0, 1298: 19.77, 1309: 9.6, 1310: 16.51}",True
1309,45356,45405,45446,bottom,100.0,91.84,109.76,43.71,"{1309: 0.0, 1306: 9.56, 1302: 17.33, 1310: 7.53, 1312: 19.87}",True
1310,45382,45436,45481,bottom,90.91,83.33,100.0,37.04,"{1310: 0.0, 1309: 7.58, 1306: 16.54, 1302: 23.96, 1312: 11.85}",True
1312,45433,45486,45532,bottom,90.91,84.91,97.83,28.09,"{1312: 0.0, 1310: 11.84, 1309: 19.87, 1313: 14.25, 1314: 19.53}",True
1313,45492,45546,45591,bottom,90.91,83.33,100.0,37.04,"{1313: 0.0, 1312: 14.22, 1314: 5.46}",True
1314,45516,45567,45617,bottom,89.11,88.24,90.0,3.53,"{1314: 0.0, 1313: 5.41, 1312: 19.44, 1316: 19.48}",True
1316,45595,45652,45703,bottom,83.33,78.95,88.24,18.21,"{1316: 0.0, 1313: 24.25, 1314: 19.41, 1317: 18.42, 1318: 20.4}",True
1317,45680,45737,45783,bottom,87.38,78.95,97.83,41.04,"{1316: 18.5, 1317: 0.0, 1318: 1.82}",True
1318,45689,45744,45800,bottom,81.08,81.82,80.36,-2.61,"{1316: 20.36, 1318: 0.0, 1317: 1.89}",True
1319,45810,45861,45907,bottom,92.78,88.24,97.83,20.85,"{1319: 0.0, 1320: 3.86, 1321: 10.2, 1324: 20.91}",True
1320,45820,45879,45932,bottom,80.36,76.27,84.91,16.29,"{1320: 0.0, 1319: 3.93, 1321: 5.59, 1324: 15.07}",True
1321,45848,45905,45954,bottom,84.91,78.95,91.84,26.3,"{1319: 10.24, 1320: 5.54, 1321: 0.0, 1324: 9.74}",True
1324,45893,45951,,bottom,,,,,{},False
1327,46009,46066,,bottom,,,,,{},False
1328,46038,46093,46142,bottom,86.54,81.82,91.84,20.45,"{1328: 0.0, 1327: 6.0, 1329: 20.0}",True
1329,46126,46184,46233,bottom,84.11,77.59,91.84,29.08,"{1329: 0.0, 1328: 19.93, 1330: 2.49}",True
1330,46148,46192,,bottom,,,,,{},False
1332,46236,46292,46341,bottom,85.71,80.36,91.84,23.43,"{1332: 0.0, 1329: 23.89}",True
1333,46342,46398,46447,bottom,85.71,80.36,91.84,23.43,"{1333: 0.0, 1332: 23.68, 1334: 20.25, 1336: 20.0}",True
1334,46432,46491,46543,bottom,81.08,76.27,86.54,19.74,"{1333: 20.24, 1334: 0.0, 1336: 1.79}",True
1336,46433,46482,46526,bottom,96.77,91.84,102.27,23.72,"{1333: 19.88, 1334: 1.69, 1336: 0.0}",True
1355,46747,46807,46860,bottom,79.65,75.0,84.91,18.69,"{1355: 0.0, 1356: 15.2}",True
1356,46827,46872,46911,bottom,107.14,100.0,115.38,39.45,"{1356: 0.0, 1355: 14.84}",True
1357,46950,47010,47058,bottom,83.33,75.0,93.75,39.06,{1357: 0.0},True
1358,47165,47231,47282,bottom,76.92,68.18,88.24,39.32,"{1358: 0.0, 1359: 0.76}",True
1359,47173,47227,47275,bottom,88.24,83.33,93.75,21.7,"{1359: 0.0, 1358: 0.71}",True
1360,47321,47374,47419,bottom,91.84,84.91,100.0,33.54,"{1360: 0.0, 1361: 5.78}",True
1361,47337,47403,,bottom,,,,,{},False
1362,47432,47493,47547,bottom,78.26,73.77,83.33,17.71,"{1362: 0.0, 1361: 17.62}",True
1365,47659,47719,47769,bottom,81.82,75.0,90.0,30.0,"{1365: 0.0, 1367: 15.93, 1368: 15.97}",True
1367,47736,47792,47842,bottom,84.91,80.36,90.0,19.29,"{1365: 15.88, 1367: 0.0, 1368: 0.01, 1370: 10.35, 1372: 15.4}",True
1368,47739,,,bottom,,,,,{},False
1370,47783,47839,47889,bottom,84.91,80.36,90.0,19.29,"{1370: 0.0, 1367: 10.38, 1372: 4.2}",True
1372,47807,47857,47901,bottom,95.74,90.0,102.27,27.89,"{1372: 0.0, 1370: 4.1, 1367: 15.35}",True
1373,47913,47959,47999,bottom,104.65,97.83,112.5,36.68,"{1373: 0.0, 1374: 13.83}",True
1374,47965,48008,48045,bottom,112.5,104.65,121.62,45.87,"{1374: 0.0, 1373: 13.78}",True
1375,48275,48326,48370,bottom,94.74,88.24,102.27,31.9,"{1375: 0.0, 1376: 12.9}",True
1376,48326,48382,48429,bottom,87.38,80.36,95.74,32.74,"{1376: 0.0, 1375: 13.0, 1377: 18.31}",True
1377,48408,48463,48509,bottom,89.11,81.82,97.83,34.8,"{1377: 0.0, 1376: 18.03}",True
1379,48540,48595,48642,bottom,88.24,81.82,95.74,29.63,"{1379: 0.0, 1380: 15.84}",True
1380,48608,48666,48717,bottom,82.57,77.59,88.24,20.88,"{1380: 0.0, 1379: 15.89, 1381: 9.81}",True
1381,48656,48710,48754,bottom,91.84,83.33,102.27,43.04,"{1381: 0.0, 1380: 9.7}",True
1385,48859,48912,48960,bottom,89.11,84.91,93.75,18.43,"{1385: 0.0, 1386: 1.9, 1387: 11.13, 1388: 10.91, 1391: 16.71}",True
1386,48871,48920,48963,bottom,97.83,91.84,104.65,29.8,"{1385: 1.86, 1386: 0.0, 1387: 9.83, 1388: 9.16, 1391: 15.75}",True
1387,48906,48961,49009,bottom,87.38,81.82,93.75,24.86,"{1385: 11.09, 1386: 9.87, 1387: 0.0, 1388: 0.0, 1391: 5.38}",True
1388,48908,,,bottom,,,,,{},False
1391,48933,48980,,bottom,,,,,{},False
1401,49042,49101,49152,bottom,81.82,76.27,88.24,23.46,"{1401: 0.0, 1400: 3.85}",True
1400,49134,,,top,,,,,{},False
1402,49183,49233,49275,bottom,97.83,90.0,107.14,40.82,"{1402: 0.0, 1403: 15.23}",True
1403,49242,49296,49342,bottom,90.0,83.33,97.83,31.51,"{1403: 0.0, 1402: 15.32, 1404: 13.02, 1405: 16.86}",True
1404,49298,49351,49401,bottom,87.38,84.91,90.0,10.19,"{1404: 0.0, 1403: 13.02, 1405: 4.3, 1406: 13.94, 1407: 18.01}",True
1405,49312,49371,,bottom,,,,,{},False
1406,49360,,,bottom,,,,,{},False
1407,49373,49430,,bottom,,,,,{},False
1412,49410,49471,49521,bottom,81.08,73.77,90.0,32.46,"{1412: 0.0, 1407: 8.41, 1413: 10.92, 1414: 15.02, 1415: 20.7}",True
1413,49466,49523,49570,bottom,86.54,78.95,95.74,35.74,"{1413: 0.0, 1412: 10.93, 1414: 4.36, 1415: 10.08, 1416: 12.78, 1417: 21.79}",True
1414,49481,49542,49594,bottom,79.65,73.77,86.54,24.55,"{1414: 0.0, 1412: 15.03, 1413: 4.43, 1415: 5.87, 1416: 8.11, 1417: 17.24}",True
1415,49508,49573,49628,bottom,75.0,69.23,81.82,22.89,"{1415: 0.0, 1412: 20.7, 1413: 10.21, 1414: 5.94, 1416: 1.63, 1417: 10.88, 1418: 18.94}",True
1416,49525,49579,49628,bottom,87.38,83.33,91.84,17.35,"{1416: 0.0, 1415: 1.62, 1414: 8.07, 1412: 23.76, 1413: 12.79, 1417: 10.1, 1418: 18.96}",True
1417,49563,49629,49681,bottom,76.27,68.18,86.54,35.3,"{1416: 10.22, 1417: 0.0, 1413: 22.0, 1415: 10.91, 1414: 17.34, 1418: 7.5, 1419: 17.37}",True
1418,49606,49667,49718,bottom,80.36,73.77,88.24,28.36,"{1418: 0.0, 1417: 7.49, 1415: 18.89, 1416: 18.93, 1419: 10.04, 1420: 17.62}",True
1419,49654,49712,49764,bottom,81.82,77.59,86.54,17.22,"{1419: 0.0, 1418: 10.02, 1417: 17.36, 1420: 7.82}",True
1420,49688,49750,49806,bottom,76.27,72.58,80.36,13.89,"{1419: 7.84, 1420: 0.0, 1418: 17.61, 1417: 24.35}",True
1434,49844,49902,49951,bottom,84.11,77.59,91.84,29.08,"{1434: 0.0, 906: 7.61, 1436: 19.03}",True
906,49877,,,bottom,,,,,{},False
1436,49929,49992,50041,bottom,80.36,71.43,91.84,41.65,"{1436: 0.0, 1434: 19.08, 1439: 14.24, 1442: 20.73}",True
1439,49999,50062,,bottom,,,,,{},False
1442,50029,50097,50141,bottom,80.36,66.18,102.27,82.04,"{1436: 20.97, 1442: 0.0, 1439: 6.36, 1443: 6.12, 1444: 14.31, 1445: 18.05}",True
1443,50063,50126,50175,bottom,80.36,71.43,91.84,41.65,"{1443: 0.0, 1442: 6.16, 1439: 12.39, 1444: 8.27, 1445: 11.9}",True
1444,50101,50174,50231,bottom,69.23,61.64,78.95,30.36,"{1444: 0.0, 1443: 8.45, 1442: 14.39, 1439: 20.32, 1445: 3.38, 1447: 18.5, 1448: 21.27}",True
1445,50119,50189,50256,bottom,65.69,64.29,67.16,4.3,"{1445: 0.0, 1444: 3.34, 1443: 12.04, 1442: 18.19, 1447: 14.95, 1448: 17.85}",True
1447,50205,50269,,bottom,,,,,{},False
1448,50218,50289,50351,bottom,67.67,63.38,72.58,14.84,"{1448: 0.0, 1444: 21.25, 1447: 3.49, 1445: 17.81, 1449: 20.47}",True
1449,50335,50401,50454,bottom,75.63,68.18,84.91,31.55,"{1449: 0.0, 1448: 20.35, 1450: 3.64, 1451: 14.79}",True
1450,50357,50419,50476,bottom,75.63,72.58,78.95,11.17,"{1450: 0.0, 1449: 3.64, 1448: 24.44, 1451: 11.32, 1454: 22.67}",True
1451,50415,50477,50531,bottom,77.59,72.58,83.33,19.91,"{1450: 11.24, 1451: 0.0, 1449: 14.79, 1454: 11.78}",True
1454,50473,50536,50595,bottom,73.77,71.43,76.27,8.21,"{1454: 0.0, 1451: 11.78, 1450: 22.49}",True
1456,50616,50669,50715,bottom,90.91,84.91,97.83,28.09,{1456: 0.0},True
1457,50800,50856,50907,bottom,84.11,80.36,88.24,15.45,"{1457: 0.0, 1458: 5.09, 1459: 20.01}",True
1458,50820,50880,50930,bottom,81.82,75.0,90.0,30.0,"{1458: 0.0, 1457: 5.1, 1459: 14.72, 1460: 19.26}",True
1459,50891,50946,,bottom,,,,,{},False
1460,50911,50967,,bottom,,,,,{},False
1461,50935,50986,51027,bottom,97.83,88.24,109.76,52.49,"{1461: 0.0, 1460: 4.74, 1459: 10.24, 1458: 24.15, 1462: 9.56, 1463: 20.59}",True
1462,50973,51024,51069,bottom,93.75,88.24,100.0,26.14,"{1461: 9.63, 1462: 0.0, 1460: 13.88, 1463: 11.09, 1467: 21.47}",True
1463,51016,51073,51123,bottom,84.11,78.95,90.0,22.11,"{1463: 0.0, 1462: 11.15, 1461: 20.77, 1467: 10.11, 1469: 14.06}",True
1467,51062,51120,51170,bottom,83.33,77.59,90.0,24.83,"{1463: 10.14, 1467: 0.0, 1462: 21.53, 1469: 2.48, 1472: 14.36}",True
1469,51085,51130,51169,bottom,107.14,100.0,115.38,39.45,"{1469: 0.0, 1463: 13.85, 1467: 2.45, 1472: 13.29}",True
1472,51130,51183,51234,bottom,86.54,84.91,88.24,6.53,"{1472: 0.0, 1469: 13.44, 1467: 14.28}",True
1473,51262,51314,51359,bottom,92.78,86.54,100.0,29.91,{1473: 0.0},True
1474,51361,51425,51485,bottom,72.58,70.31,75.0,7.81,"{1474: 0.0, 1473: 23.83, 1475: 1.45, 1484: 12.34, 1486: 19.64, 1487: 21.94}",True
1475,51374,51431,51481,bottom,84.11,78.95,90.0,22.11,"{1474: 1.47, 1475: 0.0, 1484: 11.42, 1486: 19.43, 1487: 22.62}",True
1484,51422,51489,51548,bottom,71.43,67.16,76.27,15.44,"{1484: 0.0, 1474: 12.35, 1475: 11.54, 1486: 6.9, 1487: 9.2}",True
1486,51464,51528,51584,bottom,75.0,70.31,80.36,17.94,"{1484: 6.86, 1486: 0.0, 1475: 19.25, 1474: 19.54, 1487: 2.08}",True
1487,51478,51536,51586,bottom,83.33,77.59,90.0,24.83,"{1487: 0.0, 1486: 2.05, 1484: 9.07, 1475: 22.45, 1474: 22.1}",True
1489,51607,51665,51720,bottom,79.65,77.59,81.82,7.69,"{1489: 0.0, 1490: 6.86, 1491: 17.53, 1492: 21.0}",True
1490,51640,51697,51747,bottom,84.11,78.95,90.0,22.11,"{1490: 0.0, 1489: 6.78, 1491: 10.71, 1492: 14.87}",True
1491,51690,51747,51792,bottom,88.24,78.95,100.0,46.78,"{1491: 0.0, 1490: 10.59, 1489: 17.32, 1492: 4.53, 1493: 17.4}",True
1492,51708,51767,51820,bottom,80.36,76.27,84.91,16.29,"{1492: 0.0, 1491: 4.55, 1490: 14.77, 1489: 20.8, 1493: 12.01}",True
1493,51767,51823,51872,bottom,85.71,80.36,91.84,23.43,"{1493: 0.0, 1492: 11.92, 1491: 17.19, 1494: 14.86, 1495: 19.73}",True
1494,51834,51890,51934,bottom,90.0,80.36,102.27,49.81,"{1494: 0.0, 1493: 14.86, 1495: 5.74, 1496: 11.13}",True
1495,51855,51916,51962,bottom,84.11,73.77,97.83,52.29,"{1494: 5.86, 1495: 0.0, 1493: 19.78, 1496: 4.83, 1498: 17.54}",True
1496,51881,51938,51989,bottom,83.33,78.95,88.24,18.21,"{1496: 0.0, 1494: 11.13, 1495: 4.72, 1498: 12.98}",True
1498,51940,51998,52051,bottom,81.08,77.59,84.91,13.81,"{1498: 0.0, 1496: 12.95, 1494: 23.72, 1495: 17.4}",True
1501,52152,52218,52270,bottom,76.27,68.18,86.54,35.3,{1501: 0.0},True
1502,52338,52396,52445,bottom,84.11,77.59,91.84,29.08,"{1502: 0.0, 1515: 14.21}",True
1515,52403,52460,,bottom,,,,,{},False
1523,52493,52542,52589,bottom,93.75,91.84,95.74,8.31,"{1523: 0.0, 1515: 18.73, 1525: 20.67}",True
1525,52578,52632,52678,bottom,90.0,83.33,97.83,31.51,"{1525: 0.0, 1523: 20.56, 1526: 8.71}",True
1526,52609,52675,52733,bottom,72.58,68.18,77.59,16.21,"{1526: 0.0, 1525: 8.87, 1527: 15.43}",True
1527,52694,52751,52802,bottom,83.33,78.95,88.24,18.21,"{1526: 15.38, 1527: 0.0, 1529: 14.46}",True
1529,52762,52814,52859,bottom,92.78,86.54,100.0,29.91,"{1529: 0.0, 1527: 14.39}",True
1533,52976,53031,53078,bottom,88.24,81.82,95.74,29.63,{1533: 0.0},True
1534,53182,53236,53285,bottom,87.38,83.33,91.84,17.35,"{1534: 0.0, 1535: 2.77, 1536: 13.86}",True
1535,53192,53248,53296,bottom,86.54,80.36,93.75,27.9,"{1535: 0.0, 1534: 2.79, 1536: 10.97}",True
1536,53241,53296,53350,bottom,82.57,81.82,83.33,2.81,"{1536: 0.0, 1535: 10.96, 1534: 13.9, 1537: 14.55}",True
1537,53304,53364,53411,bottom,84.11,75.0,95.74,44.14,"{1537: 0.0, 1536: 14.58}",True
1538,53411,53470,53517,bottom,84.91,76.27,95.74,41.43,"{1537: 23.36, 1538: 0.0, 1540: 13.26, 1548: 16.72, 1550: 17.95}",True
1540,53414,53526,,bottom,,,,,{},False
1548,53492,53537,53578,bottom,104.65,100.0,109.76,23.8,"{1548: 0.0, 1540: 3.37, 1538: 16.49, 1550: 3.34, 1560: 18.27, 1563: 19.75}",True
1550,53496,53555,53609,bottom,79.65,76.27,83.33,13.08,"{1548: 3.41, 1540: 4.98, 1550: 0.0, 1538: 18.05, 1560: 12.59, 1563: 13.46, 1562: 5.89}",True
1560,53557,53615,53665,bottom,83.33,77.59,90.0,24.83,"{1560: 0.0, 1550: 12.51, 1548: 18.4, 1563: 0.73, 1562: 18.4, 1564: 17.18}",True
1563,53563,53616,53660,bottom,92.78,84.91,102.27,39.47,"{1560: 0.7, 1563: 0.0, 1550: 13.26, 1548: 19.8, 1562: 19.38, 1564: 18.07}",True
1562,53579,,,top,,,,,{},False
1564,53636,53696,53745,bottom,82.57,75.0,91.84,34.36,"{1564: 0.0, 1563: 18.19, 1560: 17.19, 1565: 7.25}",True
1565,53678,53727,53769,bottom,98.9,91.84,107.14,36.44,"{1565: 0.0, 1564: 7.15}",True
1566,53859,53916,53966,bottom,84.11,78.95,90.0,22.11,"{1566: 0.0, 1567: 16.94}",True
1567,53935,53996,54050,bottom,78.26,73.77,83.33,17.71,"{1567: 0.0, 1566: 16.97, 1568: 9.39}",True
1568,53978,54044,54099,bottom,74.38,68.18,81.82,24.79,"{1567: 9.44, 1568: 0.0}",True
1569,54123,54183,54235,bottom,80.36,75.0,86.54,22.19,{1569: 0.0},True
1570,54303,54355,54400,bottom,92.78,86.54,100.0,29.91,"{1570: 0.0, 1571: 6.8}",True
1571,54329,54385,54435,bottom,84.91,80.36,90.0,19.29,"{1571: 0.0, 1570: 6.87, 1573: 17.11}",True
1573,54409,54460,54506,bottom,92.78,88.24,97.83,20.85,"{1571: 16.97, 1573: 0.0, 1574: 8.13}",True
1574,54442,54494,54538,bottom,93.75,86.54,102.27,35.76,"{1574: 0.0, 1571: 24.33, 1573: 8.13}",True
1575,54620,54671,54718,bottom,91.84,88.24,95.74,15.98,"{1575: 0.0, 1576: 12.89}",True
1576,54671,54730,54780,bottom,82.57,76.27,90.0,27.46,"{1576: 0.0, 1575: 12.97}",True
1577,54797,54847,54890,bottom,96.77,90.0,104.65,34.07,"{1577: 0.0, 1578: 11.12}",True
1578,54841,54892,54936,bottom,94.74,88.24,102.27,31.9,"{1578: 0.0, 1577: 11.13, 1579: 16.07}",True
1579,54905,54963,55013,bottom,83.33,77.59,90.0,24.83,"{1579: 0.0, 1578: 16.15}",True
1580,55062,55120,55171,bottom,82.57,77.59,88.24,20.88,"{1580: 0.0, 1581: 15.72}",True
1581,55135,55194,,bottom,,,,,{},False
1582,55527,55586,55637,bottom,81.82,76.27,88.24,23.46,"{1582: 0.0, 1588: 15.36}",True
1588,55597,55662,55717,bottom,75.0,69.23,81.82,22.89,"{1588: 0.0, 1582: 15.46, 1590: 16.07, 1591: 8.77, 1592: 8.48, 1593: 17.63}",True
1590,55637,,,top,,,,,{},False
1591,55641,55705,55761,bottom,75.0,70.31,80.36,17.94,"{1591: 0.0, 1588: 7.75, 1592: 0.74, 1593: 8.5, 1594: 14.8}",True
1592,55648,55703,,bottom,,,,,{},False
1593,55689,55747,,bottom,,,,,{},False
1594,55720,55777,55825,bottom,85.71,78.95,93.75,30.84,"{1593: 6.53, 1594: 0.0, 1591: 14.67, 1588: 18.51, 1592: 16.25, 1595: 16.29}",True
1595,55795,55847,55892,bottom,92.78,86.54,100.0,29.91,"{1595: 0.0, 1594: 16.13, 1596: 23.28}",True
1596,55891,55953,56006,bottom,78.26,72.58,84.91,23.25,"{1596: 0.0, 1595: 23.58, 1597: 3.91}",True
1597,55926,55970,56006,bottom,112.5,102.27,125.0,63.13,"{1597: 0.0, 1596: 3.87}",True
1598,56105,56159,56205,bottom,90.0,83.33,97.83,31.51,"{1598: 0.0, 1599: 10.0, 1600: 15.61}",True
1599,56148,56202,56248,bottom,90.0,83.33,97.83,31.51,"{1598: 10.08, 1599: 0.0, 1600: 5.2}",True
1600,56171,56224,56268,bottom,92.78,84.91,102.27,39.47,"{1600: 0.0, 1598: 15.67, 1599: 5.12, 1601: 20.64}",True
1601,56257,56311,56357,bottom,90.0,83.33,97.83,31.51,"{1601: 0.0, 1600: 20.65}",True
1602,56560,56611,56657,bottom,92.78,88.24,97.83,20.85,{1602: 0.0},True
1603,56741,56795,56841,bottom,90.0,83.33,97.83,31.51,"{1603: 0.0, 1604: 3.19}",True
1604,56755,56810,56857,bottom,88.24,81.82,95.74,29.63,"{1603: 3.14, 1604: 0.0}",True
1605,56887,56938,56984,bottom,92.78,88.24,97.83,20.85,{1605: 0.0},True
1606,57122,57170,57210,bottom,102.27,93.75,112.5,46.88,"{1606: 0.0, 1607: 17.13}",True
1607,57184,57244,57299,bottom,78.26,75.0,81.82,12.4,"{1606: 17.34, 1607: 0.0, 1608: 8.26}",True
1608,57227,57283,57332,bottom,85.71,80.36,91.84,23.43,"{1607: 8.19, 1608: 0.0}",True
1609,57347,57396,57437,bottom,100.0,91.84,109.76,43.71,"{1609: 0.0, 1610: 12.43}",True
1610,57393,57448,57498,bottom,85.71,81.82,90.0,16.36,"{1610: 0.0, 1609: 12.57}",True
1611,57584,57641,,bottom,,,,,{},False
1612,57700,57751,57796,bottom,93.75,88.24,100.0,26.14,"{1612: 0.0, 1613: 11.56}",True
1613,57747,57799,57849,bottom,88.24,86.54,90.0,6.92,"{1612: 11.58, 1613: 0.0, 1614: 15.74}",True
1614,57814,57867,57911,bottom,92.78,84.91,102.27,39.47,"{1614: 0.0, 1613: 15.66}",True
1615,58045,58099,58145,bottom,90.0,83.33,97.83,31.51,"{1615: 0.0, 1616: 14.11}",True
1616,58105,58159,58208,bottom,87.38,83.33,91.84,17.35,"{1616: 0.0, 1615: 14.11, 1617: 14.09, 1618: 18.57}",True
1617,58167,58219,58262,bottom,94.74,86.54,104.65,42.12,"{1617: 0.0, 1616: 14.03, 1618: 5.41}",True
1618,58186,58243,58302,bottom,77.59,78.95,76.27,-4.54,"{1618: 0.0, 1617: 5.56, 1616: 18.61}",True
1621,58335,58381,58421,bottom,104.65,97.83,112.5,36.68,{1621: 0.0},True
1622,58609,58663,58710,bottom,89.11,83.33,95.74,26.41,"{1622: 0.0, 1623: 13.0, 1624: 19.66}",True
1623,58665,58720,58766,bottom,89.11,81.82,97.83,34.8,"{1623: 0.0, 1622: 13.03, 1624: 5.74, 1625: 12.89}",True
1624,58694,58744,58791,bottom,92.78,90.0,95.74,12.22,"{1624: 0.0, 1623: 5.67, 1622: 19.54, 1625: 7.78}",True
1625,58722,58777,58823,bottom,89.11,81.82,97.83,34.8,"{1625: 0.0, 1624: 7.8, 1623: 12.93, 1626: 22.56}",True
1626,58819,58891,58949,bottom,69.23,62.5,77.59,26.01,"{1626: 0.0, 1625: 22.85, 1627: 6.95, 1628: 13.24, 1629: 13.12}",True
1627,58861,58923,,bottom,,,,,{},False
1628,58897,,,bottom,,,,,{},False
1629,58901,58955,58997,bottom,93.75,83.33,107.14,56.69,"{1627: 6.96, 1629: 0.0, 1626: 13.08, 1628: 0.36, 1638: 20.83, 1635: 2.34}",True
1638,58990,59043,59090,bottom,90.0,84.91,95.74,23.06,"{1638: 0.0, 1635: 23.03, 1629: 21.17, 1633: 20.51, 1639: 19.31}",True
1635,58990,,,top,,,,,{},False
1633,59002,,,top,,,,,{},False
1639,59075,59120,59167,bottom,97.83,100.0,95.74,-9.05,"{1639: 0.0, 1638: 19.15}",True
1640,59559,59619,59672,bottom,79.65,75.0,84.91,18.69,{1640: 0.0},True
1641,59738,59777,59812,bottom,121.62,115.38,128.57,37.68,"{1641: 0.0, 1642: 3.38}",True
1642,59744,59790,59830,bottom,104.65,97.83,112.5,36.68,"{1642: 0.0, 1641: 3.46}",True
1643,59862,59913,59958,bottom,93.75,88.24,100.0,26.14,"{1643: 0.0, 1644: 12.82}",True
1644,59914,59966,,bottom,,,,,{},False
1645,59916,,,bottom,,,,,{},False
1652,59976,60018,60055,bottom,113.92,107.14,121.62,39.13,"{1652: 0.0, 1644: 14.45, 1653: 16.94}",True
1653,60031,60082,60130,bottom,90.91,88.24,93.75,11.49,"{1653: 0.0, 1652: 17.09, 1655: 8.68, 1654: 8.76, 1656: 8.88}",True
1654,60067,60115,60156,bottom,101.12,93.75,109.76,39.04,"{1655: 0.17, 1653: 8.73, 1654: 0.0, 1656: 0.01}",True
1655,60068,60115,60157,bottom,101.12,95.74,107.14,27.14,"{1655: 0.0, 1653: 8.64, 1654: 0.17, 1656: 0.11, 1664: 23.09}",True
1656,60070,,,bottom,,,,,{},False
1664,60156,60211,60258,bottom,88.24,81.82,95.74,29.63,"{1664: 0.0, 1655: 23.11, 1654: 23.34, 1665: 8.66, 1666: 10.41}",True
1665,60194,60250,60303,bottom,82.57,80.36,84.91,8.58,"{1664: 8.65, 1665: 0.0, 1666: 1.47, 1667: 14.51, 1668: 16.58}",True
1666,60209,60252,60289,bottom,112.5,104.65,121.62,45.87,"{1665: 1.4, 1664: 10.03, 1666: 0.0, 1667: 15.96, 1668: 17.78}",True
1667,60263,60308,60347,bottom,107.14,100.0,115.38,39.45,"{1667: 0.0, 1666: 15.99, 1665: 14.38, 1664: 23.69, 1668: 4.16}",True
1668,60266,60330,60380,bottom,78.95,70.31,90.0,39.38,"{1668: 0.0, 1667: 4.39, 1666: 18.14, 1665: 16.61}",True
1669,60409,60458,60501,bottom,97.83,91.84,104.65,29.8,"{1669: 0.0, 1670: 20.83}",True
1670,60489,60548,60602,bottom,79.65,76.27,83.33,13.08,"{1670: 0.0, 1669: 20.94, 1671: 11.87, 1672: 20.88, 1673: 21.6}",True
1671,60549,60601,60646,bottom,92.78,86.54,100.0,29.91,"{1671: 0.0, 1670: 11.83, 1672: 11.2, 1673: 11.75}",True
1672,60590,60652,60702,bottom,80.36,72.58,90.0,34.84,"{1671: 11.33, 1672: 0.0, 1670: 20.94, 1673: 0.44, 1674: 14.04, 1675: 18.08}",True
1673,60598,60651,60702,bottom,86.54,84.91,88.24,6.53,"{1671: 11.79, 1673: 0.0, 1672: 0.44, 1670: 21.92, 1674: 14.85, 1675: 18.79}",True
1674,60662,60711,60750,bottom,102.27,91.84,115.38,60.38,"{1672: 13.8, 1674: 0.0, 1673: 14.64, 1675: 5.59, 1676: 12.94, 1677: 19.5}",True
1675,60678,60737,60786,bottom,83.33,76.27,91.84,31.77,"{1675: 0.0, 1674: 5.8, 1672: 18.04, 1673: 18.67, 1676: 5.6, 1677: 11.27}",True
1676,60710,60759,60805,bottom,94.74,91.84,97.83,13.02,"{1675: 5.39, 1676: 0.0, 1674: 13.03, 1677: 6.02}",True
1677,60736,60783,60825,bottom,101.12,95.74,107.14,27.14,"{1677: 0.0, 1676: 5.95, 1675: 10.9, 1674: 19.55}",True
1679,60866,60917,60961,bottom,94.74,88.24,102.27,31.9,"{1679: 0.0, 1680: 6.02}",True
1680,60888,60943,60988,bottom,90.0,81.82,100.0,40.4,"{1680: 0.0, 1679: 6.07}",True
1681,61251,61303,61346,bottom,94.74,86.54,104.65,42.12,"{1681: 0.0, 1682: 10.49, 1683: 20.68}",True
1682,61294,61344,61388,bottom,95.74,90.0,102.27,27.89,"{1681: 10.51, 1682: 0.0, 1683: 10.49, 1684: 17.57}",True
1683,61334,61389,61439,bottom,85.71,81.82,90.0,16.36,"{1683: 0.0, 1682: 10.55, 1681: 20.75, 1684: 6.62, 1685: 22.74}",True
1684,61364,61417,61464,bottom,90.0,84.91,95.74,23.06,"{1683: 6.59, 1684: 0.0, 1682: 17.6, 1685: 17.48}",True
1685,61438,61495,61544,bottom,84.91,78.95,91.84,26.3,"{1685: 0.0, 1684: 17.49, 1683: 23.35}",True
1686,61667,61728,61783,bottom,77.59,73.77,81.82,14.63,"{1686: 0.0, 1687: 14.79}",True
1687,61744,61796,61839,bottom,94.74,86.54,104.65,42.12,"{1687: 0.0, 1686: 14.57, 1688: 11.96, 1689: 17.05}",True
1688,61795,,,bottom,,,,,{},False
1689,61816,61865,61907,bottom,98.9,91.84,107.14,36.44,"{1688: 5.89, 1687: 16.8, 1689: 0.0, 1692: 4.63}",True
1692,61890,,,top,,,,,{},False
1695,62021,62071,62117,bottom,93.75,90.0,97.83,17.01,{1695: 0.0},True
1697,62273,62327,62373,bottom,90.0,83.33,97.83,31.51,{1697: 0.0},True
1698,62707,62754,62792,bottom,105.88,95.74,118.42,59.67,"{1698: 0.0, 1699: 8.25}",True
1699,62732,62789,62840,bottom,83.33,78.95,88.24,18.21,"{1699: 0.0, 1698: 8.44}",True
1700,62949,63004,63052,bottom,87.38,81.82,93.75,24.86,"{1700: 0.0, 1701: 10.57, 1702: 22.23}",True
1701,62997,63050,63098,bottom,89.11,84.91,93.75,18.43,"{1700: 10.55, 1701: 0.0, 1702: 11.5}",True
1702,63048,63099,63143,bottom,94.74,88.24,102.27,31.9,"{1702: 0.0, 1701: 11.44, 1700: 22.16, 1703: 22.22}",True
1703,63136,63189,63236,bottom,90.0,84.91,95.74,23.06,"{1703: 0.0, 1702: 22.28, 1704: 6.11}",True
1704,63163,63214,63259,bottom,93.75,88.24,100.0,26.14,"{1704: 0.0, 1703: 6.06}",True
1710,63291,63340,63403,bottom,80.36,91.84,71.43,-32.39,"{1710: 0.0, 1711: 3.65, 1712: 3.89, 1713: 15.54}",True
1711,63305,63367,63424,bottom,75.63,72.58,78.95,11.17,"{1711: 0.0, 1710: 3.6, 1712: 1.56, 1713: 12.17}",True
1712,63320,63367,63405,bottom,105.88,95.74,118.42,59.67,"{1711: 1.45, 1712: 0.0, 1710: 3.77, 1713: 13.56}",True
1713,63365,63427,63479,bottom,78.95,72.58,86.54,26.84,"{1713: 0.0, 1712: 13.87, 1711: 12.16, 1710: 15.57, 1714: 12.39, 1715: 15.24}",True
1714,63429,63488,63536,bottom,84.11,76.27,93.75,36.41,"{1714: 0.0, 1713: 12.11, 1715: 3.35}",True
1715,63441,63504,63557,bottom,77.59,71.43,84.91,25.43,"{1715: 0.0, 1714: 3.4, 1713: 15.04}",True
1717,63584,63631,63674,bottom,100.0,95.74,104.65,20.71,{1717: 0.0},True
1721,63758,63818,63867,bottom,82.57,75.0,91.84,34.36,"{1721: 0.0, 1722: 5.74, 1723: 9.74}",True
1722,63795,63842,63880,bottom,105.88,95.74,118.42,59.67,"{1722: 0.0, 1721: 5.37, 1723: 4.66}",True
1723,63807,63862,63910,bottom,87.38,81.82,93.75,24.86,"{1723: 0.0, 1722: 4.86, 1721: 9.65, 1724: 19.3}",True
1724,63892,63948,63997,bottom,85.71,80.36,91.84,23.43,"{1724: 0.0, 1723: 19.09, 1726: 16.37}",True
1726,63964,64022,64068,bottom,86.54,77.59,97.83,44.0,"{1726: 0.0, 1724: 16.31, 1727: 14.75}",True
1727,64029,64089,64140,bottom,81.08,75.0,88.24,25.95,"{1727: 0.0, 1726: 14.85, 1728: 12.1}",True
1728,64087,64145,64194,bottom,84.11,77.59,91.84,29.08,"{1728: 0.0, 1727: 12.05, 1729: 14.21}",True
1729,64155,64206,64254,bottom,90.91,88.24,93.75,11.49,"{1729: 0.0, 1728: 14.09, 1731: 13.92, 1732: 16.66}",True
1731,64210,64270,,bottom,,,,,{},False
1732,64226,64274,64314,bottom,102.27,93.75,112.5,46.88,"{1731: 1.43, 1732: 0.0, 1729: 16.62}",True
1734,64320,,,top,,,,,{},False
1735,64375,64429,64479,bottom,86.54,83.33,90.0,13.33,"{1735: 0.0, 1736: 7.88}",True
1736,64409,64464,64509,bottom,90.0,81.82,100.0,40.4,"{1736: 0.0, 1735: 7.78}",True
1437,64625,,,bottom,,,,,{},False
1738,64664,64715,64756,bottom,97.83,88.24,109.76,52.49,{1738: 0.0},True
1742,64845,64912,64980,bottom,66.67,67.16,66.18,-1.45,"{1742: 0.0, 1743: 3.65}",True
1743,64877,64934,64988,bottom,81.08,78.95,83.33,8.12,"{1742: 3.63, 1743: 0.0}",True
1747,64994,65047,65091,bottom,92.78,84.91,102.27,39.47,"{1747: 0.0, 1748: 2.37, 1749: 13.11}",True
1748,65001,65059,65108,bottom,84.11,77.59,91.84,29.08,"{1748: 0.0, 1747: 2.38, 1749: 10.48}",True
1749,65049,65104,65148,bottom,90.91,81.82,102.27,46.49,"{1748: 10.38, 1749: 0.0, 1747: 13.15, 1751: 20.61}",True
1751,65138,65192,65239,bottom,89.11,83.33,95.74,26.41,"{1751: 0.0, 1749: 20.62, 1752: 4.37, 1753: 6.76, 1756: 22.31}",True
1752,65154,65214,65264,bottom,81.82,75.0,90.0,30.0,"{1752: 0.0, 1751: 4.49, 1749: 24.05, 1753: 1.77, 1756: 16.98}",True
1753,65170,65221,65263,bottom,96.77,88.24,107.14,45.02,"{1752: 1.78, 1751: 6.65, 1753: 0.0, 1756: 16.47}",True
1756,65235,65290,65338,bottom,87.38,81.82,93.75,24.86,"{1756: 0.0, 1752: 16.89, 1753: 16.53, 1751: 22.32, 1760: 11.1}",True
1760,65281,65341,65391,bottom,81.82,75.0,90.0,30.0,"{1756: 11.14, 1760: 0.0}",True
1761,65421,65467,,bottom,,,,,{},False
1762,65473,65521,65561,bottom,102.27,93.75,112.5,46.88,"{1763: 2.49, 1762: 0.0, 1761: 14.32, 1764: 20.44}",True
1763,65474,65533,65584,bottom,81.82,76.27,88.24,23.46,"{1763: 0.0, 1762: 2.68, 1761: 15.23, 1764: 16.03}",True
1764,65549,65609,65664,bottom,78.26,75.0,81.82,12.4,"{1763: 16.04, 1762: 20.64, 1764: 0.0}",True
1781,65819,65863,65901,bottom,109.76,102.27,118.42,42.5,{1781: 0.0},True
1739,65966,,,bottom,,,,,{},False
1782,66007,66060,66101,bottom,95.74,84.91,109.76,60.61,"{1782: 0.0, 1784: 18.78}",True
1784,66082,66139,,bottom,,,,,{},False
1785,66129,66181,66226,bottom,92.78,86.54,100.0,29.91,"{1785: 0.0, 1784: 9.91, 1786: 14.39}",True
1786,66191,66238,66275,bottom,107.14,95.74,121.62,69.94,"{1786: 0.0, 1785: 14.3, 1784: 23.69}",True
1788,66322,,,top,,,,,{},False
1803,66326,,,top,,,,,{},False
1804,66358,66418,66469,bottom,81.08,75.0,88.24,25.95,{1804: 0.0},True
1805,66487,66536,66580,bottom,96.77,91.84,102.27,23.72,"{1805: 0.0, 1808: 22.44}",True
1808,66576,66632,66679,bottom,87.38,80.36,95.74,32.74,"{1808: 0.0, 1805: 22.51, 1809: 5.44}",True
1809,66603,66656,66700,bottom,92.78,84.91,102.27,39.47,"{1809: 0.0, 1808: 5.42, 1811: 19.75, 1812: 21.33}",True
1811,66684,66748,66808,bottom,72.58,70.31,75.0,7.81,"{1811: 0.0, 1808: 24.47, 1809: 19.87, 1812: 0.72, 1813: 13.36, 1822: 18.26}",True
1812,66692,66750,66800,bottom,83.33,77.59,90.0,24.83,"{1812: 0.0, 1811: 0.69, 1809: 21.36, 1813: 13.53, 1822: 18.52}",True
1813,66757,66807,66850,bottom,96.77,90.0,104.65,34.07,"{1812: 13.33, 1811: 13.22, 1813: 0.0, 1822: 5.53, 1839: 22.58}",True
1822,66781,66829,66869,bottom,102.27,93.75,112.5,46.88,"{1812: 18.35, 1822: 0.0, 1813: 5.53, 1811: 18.0, 1839: 17.22}",True
1839,66846,66898,66945,bottom,90.91,86.54,95.74,19.59,"{1839: 0.0, 1822: 17.31, 1813: 22.59, 1843: 17.11}",True
1843,66873,,,top,,,,,{},False
1783,66969,,,bottom,,,,,{},False
1848,67010,67081,67136,bottom,71.43,63.38,81.82,33.52,"{1848: 0.0, 1850: 4.59, 1851: 7.8}",True
1850,67048,67102,67153,bottom,85.71,83.33,88.24,9.61,"{1848: 4.39, 1850: 0.0, 1851: 3.64}",True
1851,67055,67122,67179,bottom,72.58,67.16,78.95,20.67,"{1848: 7.81, 1851: 0.0, 1850: 3.76}",True
1852,67281,67330,67372,bottom,98.9,91.84,107.14,36.44,{1852: 0.0},True
1853,67444,67496,67542,bottom,91.84,86.54,97.83,24.54,{1853: 0.0},True
1854,67929,67984,68037,bottom,83.33,81.82,84.91,5.83,"{1854: 0.0, 1855: 12.1}",True
1855,67984,68037,68083,bottom,90.91,84.91,97.83,28.09,"{1855: 0.0, 1854: 12.06}",True
1857,68105,68154,68198,bottom,96.77,91.84,102.27,23.72,{1857: 0.0},True
1858,68268,68324,68376,bottom,83.33,80.36,86.54,11.89,"{1858: 0.0, 1859: 15.24, 1860: 20.48}",True
1859,68332,68394,68462,bottom,69.23,72.58,66.18,-9.42,"{1859: 0.0, 1858: 15.32, 1860: 2.96, 1861: 14.53, 1862: 18.88}",True
1860,68359,68415,68461,bottom,88.24,80.36,97.83,37.98,"{1860: 0.0, 1859: 2.96, 1858: 20.37, 1861: 13.04, 1862: 17.98}",True
1861,68417,68476,68524,bottom,84.11,76.27,93.75,36.41,"{1861: 0.0, 1860: 13.1, 1859: 14.31, 1862: 5.06}",True
1862,68438,68500,68553,bottom,78.26,72.58,84.91,23.25,"{1861: 5.12, 1862: 0.0, 1859: 18.7, 1860: 18.07}",True
1863,68644,68716,68778,bottom,67.16,62.5,72.58,16.26,"{1863: 0.0, 1864: 16.96}",True
1864,68744,68804,68855,bottom,81.08,75.0,88.24,25.95,"{1864: 0.0, 1863: 16.79, 1865: 8.29, 1866: 11.1, 1867: 19.34}",True
1865,68788,68843,68890,bottom,88.24,81.82,95.74,29.63,"{1864: 8.25, 1865: 0.0, 1866: 2.98, 1867: 11.35, 1868: 16.5}",True
1866,68798,68856,68907,bottom,82.57,77.59,88.24,20.88,"{1864: 11.09, 1865: 2.99, 1866: 0.0, 1867: 7.92, 1868: 13.03}",True
1867,68836,68892,,bottom,,,,,{},False
1868,68860,68915,68952,bottom,97.83,81.82,121.62,107.58,"{1867: 5.27, 1868: 0.0, 1866: 12.93, 1865: 16.52, 1864: 24.02, 1872: 3.82}",True
1872,68941,,,top,,,,,{},False
1874,68977,69034,69088,bottom,81.08,78.95,83.33,8.12,"{1874: 0.0, 1875: 12.7, 1876: 20.82}",True
1875,69036,69095,69149,bottom,79.65,76.27,83.33,13.08,"{1875: 0.0, 1874: 12.68, 1876: 7.96, 1877: 11.27}",True
1876,69073,69134,69192,bottom,75.63,73.77,77.59,6.58,"{1875: 7.98, 1876: 0.0, 1874: 20.5, 1877: 2.9, 1878: 19.91}",True
1877,69091,69147,69197,bottom,84.91,80.36,90.0,19.29,"{1877: 0.0, 1876: 2.81, 1875: 11.2, 1878: 17.73}",True
1878,69171,69227,69276,bottom,85.71,80.36,91.84,23.43,"{1878: 0.0, 1877: 17.7, 1876: 19.66}",True
1879,69295,69341,69380,bottom,105.88,97.83,115.38,45.02,{1879: 0.0},True
1880,69542,69596,69649,bottom,84.11,83.33,84.91,2.97,"{1880: 0.0, 1881: 8.79, 1882: 16.86}",True
1881,69573,69641,69699,bottom,71.43,66.18,77.59,19.67,"{1881: 0.0, 1880: 8.87, 1882: 7.13, 1883: 18.26}",True
1882,69613,69679,69735,bottom,73.77,68.18,80.36,21.74,"{1882: 0.0, 1881: 7.11, 1880: 16.94, 1883: 11.09}",True
1883,69672,69735,69789,bottom,76.92,71.43,83.33,22.05,"{1882: 11.06, 1881: 18.2, 1883: 0.0, 1890: 15.04}",True
1890,69749,69807,,bottom,,,,,{},False
1891,69916,69976,70029,bottom,79.65,75.0,84.91,18.69,"{1891: 0.0, 1849: 17.79}",True
1849,70000,,,bottom,,,,,{},False
1893,70041,,,bottom,,,,,{},False
1892,70041,70100,70149,bottom,83.33,76.27,91.84,31.77,"{1892: 0.0, 1898: 1.11}",True
1898,70053,70100,70138,bottom,105.88,95.74,118.42,59.67,"{1898: 0.0, 1892: 1.02}",True
1911,70225,70291,70351,bottom,71.43,68.18,75.0,11.36,"{1911: 0.0, 1912: 12.49, 1913: 19.89}",True
1912,70292,70357,70419,bottom,70.87,69.23,72.58,5.4,"{1912: 0.0, 1911: 12.44, 1913: 7.26, 1917: 17.17}",True
1913,70330,70393,,bottom,,,,,{},False
1917,70382,70442,,bottom,,,,,{},False
1918,70424,70489,70549,bottom,72.0,69.23,75.0,9.62,"{1918: 0.0, 1917: 9.07, 1913: 18.16, 1919: 7.19}",True
1919,70462,70529,,bottom,,,,,{},False
1921,70552,70616,70671,bottom,75.63,70.31,81.82,20.92,"{1921: 0.0, 1918: 23.83, 1922: 21.5}",True
1922,70663,70717,70761,bottom,91.84,83.33,102.27,43.04,"{1922: 0.0, 1921: 21.21, 1923: 6.35, 1924: 10.36, 1925: 18.65}",True
1923,70686,70746,70797,bottom,81.08,75.0,88.24,25.95,"{1922: 6.49, 1923: 0.0, 1924: 3.12, 1925: 11.42}",True
1924,70708,70759,70805,bottom,92.78,88.24,97.83,20.85,"{1923: 3.01, 1922: 10.37, 1924: 0.0, 1925: 8.94}",True
1925,70740,70801,70854,bottom,78.95,73.77,84.91,21.01,"{1925: 0.0, 1924: 9.08, 1923: 11.43, 1922: 18.78}",True
1895,71028,,,bottom,,,,,{},False
1926,71055,71109,71155,bottom,90.0,83.33,97.83,31.51,{1926: 0.0},True
1928,71155,71210,71259,bottom,86.54,81.82,91.84,20.45,"{1928: 0.0, 1926: 23.39, 1929: 10.26}",True
1929,71199,71259,71313,bottom,78.95,75.0,83.33,15.43,"{1929: 0.0, 1928: 10.28, 1930: 13.95}",True
1930,71270,71319,71360,bottom,100.0,91.84,109.76,43.71,"{1930: 0.0, 1929: 13.7, 1931: 12.72}",True
1931,71319,71370,71413,bottom,95.74,88.24,104.65,38.18,"{1931: 0.0, 1930: 12.81, 1932: 13.08}",True
1932,71366,71436,71496,bottom,69.23,64.29,75.0,17.86,"{1931: 13.38, 1932: 0.0, 1933: 21.16}",True
1933,71485,71541,71591,bottom,84.91,80.36,90.0,19.29,"{1933: 0.0, 1932: 20.91}",True
1934,71611,71660,71706,bottom,94.74,91.84,97.83,13.02,{1934: 0.0},True
1935,71867,71930,71980,bottom,79.65,71.43,90.0,37.14,"{1935: 0.0, 1936: 0.74, 1938: 9.79}",True
1936,71877,71931,71985,bottom,83.33,83.33,83.33,,"{1936: 0.0, 1935: 0.74, 1938: 9.59}",True
1938,71919,71974,72022,bottom,87.38,81.82,93.75,24.86,"{1938: 0.0, 1936: 9.55, 1935: 9.75, 1939: 18.64}",True
1939,72001,72056,72104,bottom,87.38,81.82,93.75,24.86,"{1939: 0.0, 1938: 18.63}",True
1955,72150,72206,72255,bottom,85.71,80.36,91.84,23.43,"{1955: 0.0, 1956: 23.17}",True
1956,72254,72306,72349,bottom,94.74,86.54,104.65,42.12,"{1956: 0.0, 1955: 23.21}",True
1957,72672,72736,72790,bottom,76.27,70.31,83.33,24.11,"{1957: 0.0, 1958: 21.32}",True
1958,72781,72836,72890,bottom,82.57,81.82,83.33,2.81,"{1958: 0.0, 1957: 21.17, 1959: 18.07}",True
1959,72861,72923,72975,bottom,78.95,72.58,86.54,26.84,"{1959: 0.0, 1958: 18.06, 1960: 20.55}",True
1960,72963,73022,73074,bottom,81.08,76.27,86.54,19.74,"{1960: 0.0, 1959: 20.39, 1962: 2.8, 1967: 22.25}",True
1962,72977,73035,73084,bottom,84.11,77.59,91.84,29.08,"{1962: 0.0, 1960: 2.78, 1959: 23.23, 1967: 19.89}",True
1967,73069,73120,73169,bottom,90.0,88.24,91.84,7.35,"{1967: 0.0, 1962: 19.67, 1960: 22.06, 1927: 4.13, 1971: 14.72}",True
1927,73085,,,bottom,,,,,{},False
1971,73128,73184,73228,bottom,90.0,80.36,102.27,49.81,"{1967: 14.75, 1973: 0.0, 1971: 0.0, 1981: 16.85}",True
1973,73129,,,bottom,,,,,{},False
1981,73201,73258,73315,bottom,78.95,78.95,78.95,,"{1981: 0.0, 1971: 16.95}",True
1972,73293,,,bottom,,,,,{},False
1988,73321,73372,73415,bottom,95.74,88.24,104.65,38.18,"{1988: 0.0, 1990: 15.73}",True
1990,73385,73435,73480,bottom,94.74,90.0,100.0,22.22,"{1990: 0.0, 1988: 15.74, 1991: 13.08}",True
1991,73438,73488,73533,bottom,94.74,90.0,100.0,22.22,"{1991: 0.0, 1990: 13.04}",True
1992,73542,73592,73637,bottom,94.74,90.0,100.0,22.22,{1992: 0.0},True
1993,73640,73692,73742,bottom,88.24,86.54,90.0,6.92,"{1993: 0.0, 1994: 1.59, 1995: 14.07}",True
1994,73652,73699,73740,bottom,102.27,95.74,109.76,34.17,"{1993: 1.59, 1994: 0.0, 1995: 13.38}",True
1995,73700,73753,,bottom,,,,,{},False
1996,73877,73930,73976,bottom,90.91,84.91,97.83,28.09,"{1996: 0.0, 1997: 17.42}",True
1997,73947,74013,74072,bottom,72.0,68.18,76.27,13.71,"{1997: 0.0, 1996: 17.6}",True
1998,74074,74129,74177,bottom,87.38,81.82,93.75,24.86,"{1998: 0.0, 1997: 23.58}",True
1999,74204,74261,74311,bottom,84.11,78.95,90.0,22.11,"{1999: 0.0, 2000: 18.32}",True
2000,74288,74343,74389,bottom,89.11,81.82,97.83,34.8,"{2000: 0.0, 1999: 18.24, 2001: 16.41}",True
2001,74360,74416,74471,bottom,81.08,80.36,81.82,2.66,"{2001: 0.0, 2000: 16.35, 2002: 5.47, 2004: 17.51}",True
2002,74390,74439,74482,bottom,97.83,91.84,104.65,29.8,"{2001: 5.34, 2002: 0.0, 2000: 22.71, 2004: 13.04}",True
2004,74440,74491,74536,bottom,93.75,88.24,100.0,26.14,"{2004: 0.0, 2002: 13.06, 2001: 17.31}",True
2005,74585,74636,74691,bottom,84.91,88.24,81.82,-11.67,"{2005: 0.0, 2006: 3.96, 2007: 17.68, 2008: 20.03}",True
2006,74607,74657,,bottom,,,,,{},False
2007,74666,,,bottom,,,,,{},False
2008,74676,74730,74776,bottom,90.0,83.33,97.83,31.51,"{2008: 0.0, 2005: 19.89, 2006: 17.04}",True
2010,74776,74830,74884,bottom,83.33,83.33,83.33,,"{2010: 0.0, 2008: 22.93, 2009: 19.87, 2011: 14.21}",True
2009,74790,,,top,,,,,{},False
2011,74837,74890,74936,bottom,90.91,84.91,97.83,28.09,"{2011: 0.0, 2010: 14.15}",True
2012,75239,75292,75338,bottom,90.91,84.91,97.83,28.09,"{2012: 0.0, 2013: 13.11}",True
2013,75294,75350,75396,bottom,88.24,80.36,97.83,37.98,"{2013: 0.0, 2012: 13.15}",True
2014,75573,75629,75677,bottom,86.54,80.36,93.75,27.9,{2014: 0.0},True
2015,75823,75884,75936,bottom,79.65,73.77,86.54,24.55,"{2015: 0.0, 2017: 16.36}",True
2017,75901,75964,76018,bottom,76.92,71.43,83.33,22.05,"{2017: 0.0, 2015: 16.43, 2019: 12.31}",True
2019,75962,76025,,bottom,,,,,{},False
2026,76018,76081,76138,bottom,75.0,71.43,78.95,13.19,"{2026: 0.0, 2017: 23.29, 2019: 11.05, 2031: 4.39, 2035: 16.65}",True
2031,76039,76104,76164,bottom,72.0,69.23,75.0,9.62,"{2031: 0.0, 2026: 4.37, 2019: 15.36, 2035: 11.59, 2040: 20.88}",True
2035,76103,76162,76212,bottom,82.57,76.27,90.0,27.46,"{2031: 11.53, 2035: 0.0, 2026: 16.43, 2040: 10.05, 2046: 16.16, 2052: 17.86}",True
2040,76149,76211,,bottom,,,,,{},False
2046,76178,76244,76298,bottom,75.0,68.18,83.33,28.06,"{2040: 6.57, 2046: 0.0, 2035: 16.25, 2052: 1.42, 2054: 8.4, 2056: 16.66, 2057: 20.97}",True
2052,76186,76251,76302,bottom,77.59,69.23,88.24,37.26,"{2040: 8.17, 2046: 1.38, 2052: 0.0, 2035: 17.95, 2054: 7.11, 2056: 15.5, 2057: 19.66}",True
2054,76223,76289,,bottom,,,,,{},False
2056,76263,76324,76390,bottom,70.87,73.77,68.18,-8.47,"{2054: 8.08, 2056: 0.0, 2052: 15.55, 2046: 16.57, 2057: 3.78, 2062: 11.36, 2061: 8.16, 1989: 17.54, 2064: 20.44, 2065: 23.23}",True
2057,76284,76348,76407,bottom,73.17,70.31,76.27,10.1,"{2056: 3.69, 2057: 0.0, 2054: 12.02, 2052: 19.74, 2046: 20.67, 2062: 7.81, 2061: 11.76, 1989: 14.07, 2064: 17.74, 2065: 20.98}",True
2062,76322,76390,76448,bottom,71.43,66.18,77.59,19.67,"{2062: 0.0, 2057: 7.81, 2056: 11.29, 2061: 19.49, 1989: 6.55, 2064: 9.36, 2065: 11.2}",True
2061,76339,,,top,,,,,{},False
1989,76356,,,bottom,,,,,{},False
2064,76373,76441,76508,bottom,66.67,66.18,67.16,1.47,"{2062: 9.35, 2064: 0.0, 2056: 20.34, 2057: 17.65, 2065: 1.32, 2067: 19.95}",True
2065,76388,76445,76494,bottom,84.91,78.95,91.84,26.3,"{2065: 0.0, 2064: 1.29, 2062: 10.93, 2056: 23.0, 2057: 20.41, 2067: 21.18}",True
2067,76484,76545,76596,bottom,80.36,73.77,88.24,28.36,"{2065: 21.24, 2067: 0.0, 2064: 19.29}",True
2069,76613,76679,76723,bottom,81.82,68.18,102.27,77.48,{2069: 0.0},True
2088,76828,76886,76934,bottom,84.91,77.59,93.75,33.67,"{2088: 0.0, 2089: 16.95}",True
2089,76905,76963,,bottom,,,,,{},False
2091,76942,76997,77043,bottom,89.11,81.82,97.83,34.8,"{2089: 7.26, 2091: 0.0}",True
2092,77151,77212,77264,bottom,79.65,73.77,86.54,24.55,"{2092: 0.0, 2093: 13.34, 2094: 21.13}",True
2093,77220,77269,77311,bottom,98.9,91.84,107.14,36.44,"{2093: 0.0, 2092: 13.1, 2094: 9.76, 2095: 18.42}",True
2094,77253,77312,77361,bottom,83.33,76.27,91.84,31.77,"{2094: 0.0, 2093: 9.9, 2092: 21.04, 2095: 6.83, 2096: 14.03}",True
2095,77290,77341,77382,bottom,97.83,88.24,109.76,52.49,"{2095: 0.0, 2094: 6.65, 2093: 18.5, 2096: 8.3, 2097: 18.41, 2098: 19.74}",True
2096,77319,77379,77431,bottom,80.36,75.0,86.54,22.19,"{2096: 0.0, 2095: 8.47, 2094: 14.09, 2097: 8.98, 2098: 10.55, 2099: 18.45}",True
2097,77362,77422,77472,bottom,81.82,75.0,90.0,30.0,"{2097: 0.0, 2096: 8.97, 2095: 18.62, 2094: 23.21, 2098: 1.86, 2099: 9.53}",True
2098,77366,77431,77483,bottom,76.92,69.23,86.54,33.28,"{2097: 1.88, 2096: 10.59, 2098: 0.0, 2095: 19.99, 2094: 24.25, 2099: 7.4}",True
2099,77406,77468,77526,bottom,75.0,72.58,77.59,8.63,"{2098: 7.43, 2099: 0.0, 2097: 9.51, 2096: 18.4, 2100: 15.78}",True
2100,77485,77542,,bottom,,,,,{},False
2102,77526,77580,77628,bottom,88.24,83.33,93.75,21.7,"{2102: 0.0, 2100: 8.82, 2099: 24.37, 2103: 18.57}",True
2103,77606,77661,77706,bottom,90.0,81.82,100.0,40.4,"{2103: 0.0, 2102: 18.57, 2104: 6.47, 2105: 13.53}",True
2104,77634,77689,77731,bottom,92.78,81.82,107.14,60.3,"{2103: 6.53, 2104: 0.0, 2102: 24.29, 2105: 7.06, 2106: 21.74}",True
2105,77663,77720,77769,bottom,84.91,78.95,91.84,26.3,"{2104: 7.1, 2105: 0.0, 2103: 13.62, 2106: 13.71}",True
2106,77727,77780,77827,bottom,90.0,84.91,95.74,23.06,"{2106: 0.0, 2105: 13.63, 2104: 21.32, 2107: 18.64}",True
2107,77805,77864,77915,bottom,81.82,76.27,88.24,23.46,"{2107: 0.0, 2106: 18.68}",True
2108,77965,78018,78063,bottom,91.84,84.91,100.0,33.54,{2108: 0.0},True
2109,78102,78151,78193,bottom,98.9,91.84,107.14,36.44,{2109: 0.0},True
2110,78517,78568,78619,bottom,88.24,88.24,88.24,,"{2110: 0.0, 2111: 2.6, 2112: 12.46}",True
2111,78524,78581,78630,bottom,84.91,78.95,91.84,26.3,"{2110: 2.61, 2111: 0.0, 2112: 9.51, 2115: 22.96}",True
2112,78568,78623,78671,bottom,87.38,81.82,93.75,24.86,"{2111: 9.49, 2112: 0.0, 2110: 12.45, 2115: 13.19}",True
2115,78629,78678,78719,bottom,100.0,91.84,109.76,43.71,"{2115: 0.0, 2112: 13.05, 2111: 22.98}",True
2120,78817,78870,78917,bottom,90.0,84.91,95.74,23.06,{2120: 0.0},True
2121,79008,79064,79113,bottom,85.71,80.36,91.84,23.43,"{2121: 0.0, 2123: 19.59}",True
2123,79096,79153,79205,bottom,82.57,78.95,86.54,14.6,"{2123: 0.0, 2121: 19.54, 2124: 5.22}",True
2124,79119,79177,79228,bottom,82.57,77.59,88.24,20.88,"{2123: 5.21, 2124: 0.0}",True
2140,79388,79439,79482,bottom,95.74,88.24,104.65,38.18,"{2140: 0.0, 2149: 15.74}",True
2149,79451,79502,79546,bottom,94.74,88.24,102.27,31.9,"{2149: 0.0, 2140: 15.78, 2155: 17.74}",True
2155,79524,79573,79617,bottom,96.77,91.84,102.27,23.72,"{2155: 0.0, 2149: 17.73, 2156: 12.12, 2157: 16.05}",True
2156,79571,79624,79669,bottom,91.84,84.91,100.0,33.54,"{2155: 12.22, 2156: 0.0, 2157: 3.48, 2158: 12.33}",True
2157,79587,79639,79685,bottom,91.84,86.54,97.83,24.54,"{2156: 3.34, 2157: 0.0, 2155: 16.11, 2158: 9.18}",True
2158,79624,79679,79726,bottom,88.24,81.82,95.74,29.63,"{2158: 0.0, 2157: 9.22, 2156: 12.23, 2159: 20.2}",True
2159,79712,79763,79812,bottom,90.0,88.24,91.84,7.35,"{2159: 0.0, 2158: 20.17, 2160: 3.73, 2162: 18.56, 2163: 22.89}",True
2160,79732,79780,,bottom,,,,,{},False
2162,79792,79844,79888,bottom,93.75,86.54,102.27,35.76,"{2162: 0.0, 2160: 15.83, 2159: 18.48, 2163: 5.71, 2164: 15.35}",True
2163,79810,79870,79917,bottom,84.11,75.0,95.74,44.14,"{2162: 5.78, 2163: 0.0, 2159: 22.86, 2160: 20.64, 2164: 9.26}",True
2164,79852,79914,79971,bottom,75.63,72.58,78.95,11.17,"{2163: 9.35, 2162: 15.45, 2164: 0.0, 2173: 16.23}",True
2173,79937,79990,80035,bottom,91.84,84.91,100.0,33.54,"{2173: 0.0, 2164: 16.04, 2176: 22.16}",True
2176,80031,80080,80124,bottom,96.77,91.84,102.27,23.72,"{2173: 22.17, 2176: 0.0, 2179: 18.95}",True
2179,80104,80165,,bottom,,,,,{},False
2180,80145,80199,80247,bottom,88.24,83.33,93.75,21.7,"{2180: 0.0, 2179: 8.09, 2181: 16.15, 2182: 17.96, 2186: 22.33}",True
2181,80214,80276,80329,bottom,78.26,72.58,84.91,23.25,"{2181: 0.0, 2180: 16.3, 2182: 0.87, 2186: 6.25, 2192: 17.58, 2193: 20.12}",True
2182,80223,80279,80331,bottom,83.33,80.36,86.54,11.89,"{2182: 0.0, 2180: 17.92, 2181: 0.85, 2186: 5.56, 2192: 17.49, 2193: 19.97}",True
2186,80243,80308,80364,bottom,74.38,69.23,80.36,19.87,"{2186: 0.0, 2182: 5.6, 2180: 22.48, 2181: 6.28, 2192: 11.04, 2193: 12.88, 2194: 19.46}",True
2192,80301,80366,80421,bottom,75.0,69.23,81.82,22.89,"{2186: 11.06, 2192: 0.0, 2181: 17.62, 2182: 17.53, 2193: 1.87, 2194: 8.12, 2195: 17.19, 2196: 17.74}",True
2193,80313,,,bottom,,,,,{},False
2194,80344,80407,80460,bottom,77.59,71.43,84.91,25.43,"{2193: 7.03, 2192: 8.12, 2194: 0.0, 2186: 19.45, 2195: 9.04, 2196: 9.5, 2189: 8.0}",True
2195,80390,80452,80505,bottom,78.26,72.58,84.91,23.25,"{2195: 0.0, 2194: 9.01, 2192: 17.2, 2196: 0.58, 2189: 17.06, 2199: 19.56}",True
2196,80394,80454,80508,bottom,78.95,75.0,83.33,15.43,"{2196: 0.0, 2195: 0.58, 2194: 9.49, 2192: 17.71, 2189: 17.42, 2199: 18.71, 2200: 22.97}",True
2189,80422,,,top,,,,,{},False
2199,80486,80548,80605,bottom,75.63,72.58,78.95,11.17,"{2199: 0.0, 2195: 19.56, 2196: 18.68, 2200: 4.14, 2201: 11.04, 2202: 16.96}",True
2200,80507,80569,80621,bottom,78.95,72.58,86.54,26.84,"{2200: 0.0, 2199: 4.05, 2195: 23.89, 2196: 22.96, 2201: 6.37, 2202: 13.12, 2203: 21.99}",True
2201,80552,80596,80634,bottom,109.76,102.27,118.42,42.5,"{2200: 5.96, 2199: 10.54, 2201: 0.0, 2202: 8.15, 2203: 18.4}",True
2202,80571,80634,80689,bottom,76.27,71.43,81.82,18.89,"{2202: 0.0, 2201: 8.38, 2200: 13.14, 2199: 16.86, 2203: 7.64, 2205: 21.42, 2206: 21.43}",True
2203,80614,80669,80717,bottom,87.38,81.82,93.75,24.86,"{2203: 0.0, 2202: 7.44, 2201: 18.55, 2200: 21.66, 2205: 15.75, 2206: 15.47}",True
2205,80681,80745,80799,bottom,76.27,70.31,83.33,24.11,"{2205: 0.0, 2203: 15.87, 2202: 21.46, 2206: 1.27, 2207: 21.9}",True
2206,80682,80738,80787,bottom,85.71,80.36,91.84,23.43,"{2205: 1.21, 2203: 15.46, 2206: 0.0, 2202: 21.33}",True
2207,80792,80844,80891,bottom,90.91,86.54,95.74,19.59,"{2207: 0.0, 2205: 21.35, 2206: 24.1, 2209: 8.84}",True
2209,80828,80883,80931,bottom,87.38,81.82,93.75,24.86,"{2209: 0.0, 2207: 8.88, 2210: 21.3}",True
2210,80924,80974,81019,bottom,94.74,90.0,100.0,22.22,"{2210: 0.0, 2209: 21.09, 2214: 20.08}",True
2214,81003,81056,81102,bottom,90.91,84.91,97.83,28.09,"{2214: 0.0, 2210: 19.97}",True
2215,81114,81168,81217,bottom,87.38,83.33,91.84,17.35,{2215: 0.0},True
2220,81235,81292,81341,bottom,84.91,78.95,91.84,26.3,{2220: 0.0},True
2225,81366,81422,81472,bottom,84.91,80.36,90.0,19.29,"{2225: 0.0, 2223: 14.0, 2066: 12.95, 2235: 23.35}",True
2223,81404,,,top,,,,,{},False
2066,81422,,,bottom,,,,,{},False
2235,81470,81525,81568,bottom,91.84,81.82,104.65,53.1,"{2235: 0.0, 2225: 23.22}",True
2238,81476,,,top,,,,,{},False
2239,81790,81844,81890,bottom,90.0,83.33,97.83,31.51,"{2239: 0.0, 2240: 15.84, 2242: 13.95}",True
2240,81835,81934,82003,bottom,53.57,45.45,65.22,28.64,"{2239: 16.35, 2240: 0.0, 2242: 5.08, 2247: 10.44, 2248: 12.58, 2250: 16.45}",True
2242,81851,81901,81946,bottom,94.74,90.0,100.0,22.22,"{2242: 0.0, 2239: 13.79, 2240: 4.85, 2247: 17.89, 2248: 22.46}",True
2247,81921,81999,,bottom,,,,,{},False
2248,81945,82000,,bottom,,,,,{},False
2250,81959,82031,82087,bottom,70.31,62.5,80.36,31.89,"{2248: 4.84, 2240: 16.39, 2247: 5.84, 2250: 0.0, 2252: 9.35}",True
2252,82019,82078,,bottom,,,,,{},False
2253,82132,82192,82240,bottom,83.33,75.0,93.75,39.06,"{2253: 0.0, 2254: 2.02, 2255: 8.59}",True
2254,82138,82182,82223,bottom,105.88,102.27,109.76,18.25,"{2254: 0.0, 2253: 1.98, 2255: 11.6}",True
2255,82174,82231,82278,bottom,86.54,78.95,95.74,35.74,"{2255: 0.0, 2253: 8.52, 2254: 11.76}",True
2257,82393,82453,82505,bottom,80.36,75.0,86.54,22.19,{2257: 0.0},True
2259,82616,82677,82727,bottom,81.08,73.77,90.0,32.46,"{2259: 0.0, 2260: 2.45, 2274: 12.19, 2276: 13.45}",True
2260,82619,82690,82745,bottom,71.43,63.38,81.82,33.52,"{2259: 2.49, 2260: 0.0, 2274: 8.63, 2276: 10.11}",True
2274,82673,82735,,bottom,,,,,{},False
2276,82681,82747,82808,bottom,70.87,68.18,73.77,9.16,"{2276: 0.0, 2259: 13.5, 2260: 10.24, 2274: 1.81, 2288: 10.54, 2289: 14.22, 2243: 17.63}",True
2288,82745,82799,82843,bottom,91.84,83.33,102.27,43.04,"{2288: 0.0, 2276: 10.19, 2260: 23.66, 2274: 14.44, 2289: 4.69, 2243: 7.15, 2291: 20.36, 2292: 20.76}",True
2289,82763,82820,82870,bottom,84.11,78.95,90.0,22.11,"{2289: 0.0, 2288: 4.81, 2276: 13.99, 2274: 18.05, 2243: 3.0, 2291: 15.12, 2292: 15.12, 2294: 21.84}",True
2243,82774,,,bottom,,,,,{},False
2291,82828,82892,82933,bottom,85.71,70.31,109.76,96.2,"{2291: 0.0, 2288: 20.65, 2289: 15.07, 2292: 0.35, 2294: 7.21}",True
2292,82833,82891,82949,bottom,77.59,77.59,77.59,,"{2291: 0.43, 2292: 0.0, 2289: 14.98, 2288: 20.96, 2294: 6.81}",True
2294,82865,82925,82976,bottom,81.08,75.0,88.24,25.95,"{2291: 7.34, 2294: 0.0, 2292: 6.78, 2289: 21.77}",True
2296,83024,83078,83124,bottom,90.0,83.33,97.83,31.51,"{2296: 0.0, 2300: 22.75}",True
2300,83120,83190,83249,bottom,69.77,64.29,76.27,20.31,"{2300: 0.0, 2296: 22.3, 2301: 7.48}",True
2301,83209,,,top,,,,,{},False
2304,83349,83410,83462,bottom,79.65,73.77,86.54,24.55,"{2304: 0.0, 2305: 11.52}",True
2305,83404,83466,83524,bottom,75.0,72.58,77.59,8.63,"{2305: 0.0, 2304: 11.43}",True
2308,83529,83582,83627,bottom,91.84,84.91,100.0,33.54,"{2308: 0.0, 2309: 13.02}",True
2309,83580,83642,83694,bottom,78.95,72.58,86.54,26.84,"{2309: 0.0, 2308: 13.15, 2310: 17.25}",True
2310,83669,83717,83756,bottom,103.45,93.75,115.38,55.47,"{2310: 0.0, 2309: 16.93, 2311: 17.83}",True
2311,83734,83793,83843,bottom,82.57,76.27,90.0,27.46,"{2311: 0.0, 2310: 18.03}",True
2312,83846,83896,,bottom,,,,,{},False
2319,83946,84001,84048,bottom,88.24,81.82,95.74,29.63,"{2319: 0.0, 2325: 12.0}",True
2325,84001,84052,84096,bottom,94.74,88.24,102.27,31.9,"{2325: 0.0, 2319: 11.91, 2327: 21.35}",True
2327,84087,84137,84179,bottom,97.83,90.0,107.14,40.82,"{2327: 0.0, 2325: 21.22, 2328: 21.78}",True
2328,84172,84223,84260,bottom,102.27,88.24,121.62,90.23,"{2328: 0.0, 2327: 21.83, 2329: 8.38}",True
2329,84204,84256,84302,bottom,91.84,86.54,97.83,24.54,"{2329: 0.0, 2328: 8.46, 2332: 22.58}",True
2332,84299,84352,84401,bottom,88.24,84.91,91.84,14.15,"{2332: 0.0, 2329: 22.68, 2333: 20.7}",True
2333,84388,84443,84490,bottom,88.24,81.82,95.74,29.63,"{2333: 0.0, 2332: 20.68}",True
2334,84508,84564,84616,bottom,83.33,80.36,86.54,11.89,{2334: 0.0},True
2335,84788,84842,84890,bottom,88.24,83.33,93.75,21.7,"{2335: 0.0, 2336: 17.68}",True
2336,84862,84932,84998,bottom,66.18,64.29,68.18,5.9,"{2336: 0.0, 2335: 17.83}",True
2340,84988,85048,85098,bottom,81.82,75.0,90.0,30.0,"{2340: 0.0, 2336: 22.15, 2341: 10.45}",True
2341,85035,85100,85154,bottom,75.63,69.23,83.33,26.12,"{2341: 0.0, 2340: 10.55}",True
2342,85271,85328,85376,bottom,85.71,78.95,93.75,30.84,"{2342: 0.0, 2343: 11.15, 2344: 21.65}",True
2343,85320,85377,85431,bottom,81.08,78.95,83.33,8.12,"{2343: 0.0, 2342: 11.16, 2344: 9.49, 2345: 12.43}",True
2344,85368,85420,85480,bottom,80.36,86.54,75.0,-19.23,"{2344: 0.0, 2343: 9.13, 2342: 21.52, 2345: 2.22}",True
2345,85379,,,bottom,,,,,{},False
2349,85488,85547,85599,bottom,81.08,76.27,86.54,19.74,"{2349: 0.0, 2350: 19.35}",True
2350,85579,85642,85698,bottom,75.63,71.43,80.36,15.94,"{2350: 0.0, 2349: 19.33, 2354: 18.43, 2355: 20.15}",True
2354,85673,85735,85788,bottom,78.26,72.58,84.91,23.25,"{2354: 0.0, 2350: 18.5, 2355: 0.93, 2356: 14.51}",True
2355,85683,85739,85793,bottom,81.82,80.36,83.33,5.51,"{2355: 0.0, 2354: 0.93, 2350: 19.8, 2356: 13.84}",True
2356,85743,85808,85865,bottom,73.77,69.23,78.95,17.05,"{2354: 14.55, 2356: 0.0, 2355: 13.85, 2357: 12.3, 2358: 16.34}",True
2357,85812,85866,85913,bottom,89.11,83.33,95.74,26.41,"{2357: 0.0, 2356: 12.1, 2358: 4.88, 2359: 16.73, 2360: 19.72}",True
2358,85828,85890,85944,bottom,77.59,72.58,83.33,19.91,"{2357: 4.97, 2358: 0.0, 2356: 16.26, 2359: 11.27, 2360: 13.21, 2361: 17.35, 2362: 19.61}",True
2359,85883,85948,,bottom,,,,,{},False
2360,85897,85950,85997,bottom,90.0,84.91,95.74,23.06,"{2359: 1.21, 2360: 0.0, 2358: 13.14, 2357: 19.52, 2361: 2.5, 2362: 8.27}",True
2361,85920,85960,85994,bottom,121.62,112.5,132.35,58.39,"{2360: 2.53, 2361: 0.0, 2359: 3.26, 2358: 17.08, 2357: 24.45, 2362: 5.83}",True
2362,85924,85993,86047,bottom,73.17,65.22,83.33,33.55,"{2362: 0.0, 2359: 8.42, 2361: 6.18, 2360: 8.47, 2358: 19.69, 2363: 18.26, 2364: 18.57}",True
2363,86023,86081,86130,bottom,84.11,77.59,91.84,29.08,"{2363: 0.0, 2362: 18.2, 2364: 0.53}",True
2364,86026,86084,,bottom,,,,,{},False
2365,86145,86207,86263,bottom,76.27,72.58,80.36,13.89,"{2365: 0.0, 2366: 12.38, 2367: 21.79}",True
2366,86212,86264,86312,bottom,90.0,86.54,93.75,15.02,"{2366: 0.0, 2365: 12.19, 2367: 10.96}",True
2367,86255,86314,86366,bottom,81.08,76.27,86.54,19.74,"{2367: 0.0, 2366: 11.03, 2365: 21.82, 2369: 22.97}",True
2369,86364,86421,86460,bottom,93.75,78.95,115.38,93.43,"{2369: 0.0, 2367: 22.73, 2370: 2.18, 2371: 7.79}",True
2370,86377,86428,86475,bottom,91.84,88.24,95.74,15.98,"{2370: 0.0, 2369: 2.17, 2371: 5.81}",True
2371,86400,86452,86497,bottom,92.78,86.54,100.0,29.91,"{2371: 0.0, 2370: 5.8, 2369: 7.83, 2372: 17.9, 2373: 22.79}",True
2372,86476,86523,86571,bottom,94.74,95.74,93.75,-4.16,"{2372: 0.0, 2371: 17.8, 2370: 23.28, 2373: 5.93}",True
2373,86496,86549,86594,bottom,91.84,84.91,100.0,33.54,"{2373: 0.0, 2372: 5.92, 2371: 22.92}",True
2374,86935,86993,87043,bottom,83.33,77.59,90.0,24.83,"{2374: 0.0, 2375: 13.87}",True
2375,87003,87052,87094,bottom,98.9,91.84,107.14,36.44,"{2375: 0.0, 2374: 13.76, 2376: 16.17, 2378: 17.71}",True
2376,87066,87118,87162,bottom,93.75,86.54,102.27,35.76,"{2375: 16.24, 2376: 0.0, 2378: 2.2, 2384: 10.63, 2388: 14.34}",True
2378,87070,87130,87177,bottom,84.11,75.0,95.74,44.14,"{2378: 0.0, 2376: 2.22, 2375: 17.89, 2384: 8.18, 2388: 12.06}",True
2384,87111,87164,87211,bottom,90.0,84.91,95.74,23.06,"{2384: 0.0, 2378: 8.06, 2376: 10.66, 2388: 4.52}",True
2388,87124,87186,87237,bottom,79.65,72.58,88.24,30.7,"{2388: 0.0, 2384: 4.62, 2378: 12.12, 2376: 14.42}",True
2392,87250,87306,87356,bottom,84.91,80.36,90.0,19.29,"{2392: 0.0, 2393: 8.31, 2394: 13.41}",True
2393,87288,87343,87383,bottom,94.74,81.82,112.5,76.7,"{2392: 8.31, 2393: 0.0, 2394: 5.16, 2395: 19.29}",True
2394,87311,87365,87411,bottom,90.0,83.33,97.83,31.51,"{2394: 0.0, 2393: 5.14, 2392: 13.39, 2395: 14.12}",True
2395,87370,87428,87477,bottom,84.11,77.59,91.84,29.08,"{2395: 0.0, 2394: 14.19, 2393: 19.29, 2396: 20.05}",True
2396,87463,87513,87558,bottom,94.74,90.0,100.0,22.22,"{2396: 0.0, 2395: 19.93, 2398: 20.62}",True
2398,87546,87602,87651,bottom,85.71,80.36,91.84,23.43,"{2398: 0.0, 2396: 20.61, 2399: 19.79, 2400: 21.88}",True
2399,87636,87699,87749,bottom,79.65,71.43,90.0,37.14,"{2398: 20.09, 2399: 0.0, 2400: 1.2}",True
2400,87645,87703,87754,bottom,82.57,77.59,88.24,20.88,"{2400: 0.0, 2398: 21.83, 2399: 1.19}",True
2401,87872,87932,,bottom,,,,,{},False
2402,87914,87971,88017,bottom,87.38,78.95,97.83,41.04,"{2402: 0.0, 2401: 8.63, 2403: 7.75, 2404: 20.67}",True
2403,87945,88007,88072,bottom,70.87,72.58,69.23,-5.15,"{2403: 0.0, 2402: 7.88, 2401: 15.24, 2404: 11.61, 2405: 22.3}",True
2404,88005,88063,88113,bottom,83.33,77.59,90.0,24.83,"{2404: 0.0, 2403: 11.56, 2402: 20.68, 2405: 10.44, 2406: 17.97}",True
2405,88058,88107,88153,bottom,94.74,91.84,97.83,13.02,"{2405: 0.0, 2404: 10.27, 2403: 21.78, 2406: 8.89, 2407: 14.76}",True
2406,88086,88145,88211,bottom,72.0,76.27,68.18,-12.26,"{2405: 8.93, 2406: 0.0, 2404: 18.13, 2407: 2.91}",True
2407,88118,88166,,bottom,,,,,{},False
2410,88220,88272,88316,bottom,93.75,86.54,102.27,35.76,"{2410: 0.0, 2413: 12.31}",True
2413,88271,88325,88373,bottom,88.24,83.33,93.75,21.7,"{2413: 0.0, 2410: 12.36, 2414: 14.73}",True
2414,88334,88389,88441,bottom,84.11,81.82,86.54,9.08,"{2413: 14.71, 2414: 0.0, 2418: 22.54}",True
2418,88433,88484,88528,bottom,94.74,88.24,102.27,31.9,"{2418: 0.0, 2414: 22.45, 2419: 14.34}",True
2419,88492,88539,88578,bottom,104.65,95.74,115.38,50.36,"{2419: 0.0, 2418: 14.25}",True
2420,88594,88648,88695,bottom,89.11,83.33,95.74,26.41,"{2420: 0.0, 2421: 4.22, 2422: 12.83}",True
2421,88608,88668,88718,bottom,81.82,75.0,90.0,30.0,"{2420: 4.27, 2421: 0.0, 2422: 8.08}",True
2422,88650,88704,88751,bottom,89.11,83.33,95.74,26.41,"{2421: 8.06, 2422: 0.0, 2420: 12.84}",True
2423,89034,89098,89155,bottom,74.38,70.31,78.95,15.15,"{2423: 0.0, 2424: 9.65}",True
2424,89091,89141,89186,bottom,94.74,90.0,100.0,22.22,"{2424: 0.0, 2423: 9.18}",True
2293,89212,,,bottom,,,,,{},False
2426,89234,89288,,bottom,,,,,{},False
2427,89243,89302,89349,bottom,84.91,76.27,95.74,41.43,"{2427: 0.0, 2426: 3.03, 2429: 1.88, 2430: 11.31, 2436: 19.86, 2437: 2.72}",True
2429,89255,89310,,bottom,,,,,{},False
2430,89295,89353,89405,bottom,81.82,77.59,86.54,17.22,"{2427: 11.38, 2429: 9.55, 2430: 0.0, 2426: 15.02, 2436: 8.04, 2437: 12.18}",True
2436,89334,89392,89442,bottom,83.33,77.59,90.0,24.83,"{2436: 0.0, 2430: 8.03, 2427: 19.98, 2429: 18.24, 2437: 20.31}",True
2437,89336,,,top,,,,,{},False
2442,89669,89723,89768,bottom,90.91,83.33,100.0,37.04,"{2442: 0.0, 2443: 10.68, 2449: 20.04}",True
2443,89714,89768,89810,bottom,93.75,83.33,107.14,56.69,"{2442: 10.7, 2443: 0.0, 2449: 9.75}",True
2449,89751,89815,89869,bottom,76.27,70.31,83.33,24.11,"{2449: 0.0, 2443: 9.95, 2442: 20.15, 2455: 18.19, 2456: 21.15}",True
2455,89844,89907,89957,bottom,79.65,71.43,90.0,37.14,"{2455: 0.0, 2449: 18.25, 2456: 2.12}",True
2456,89858,89916,89959,bottom,89.11,77.59,104.65,62.94,"{2449: 21.06, 2455: 2.11, 2456: 0.0}",True
2460,89999,90057,90105,bottom,84.91,77.59,93.75,33.67,"{2460: 0.0, 2461: 13.63, 2462: 16.83}",True
2461,90059,90125,90176,bottom,76.92,68.18,88.24,39.32,"{2461: 0.0, 2460: 13.74, 2462: 1.68, 2463: 8.11}",True
2462,90076,90131,90178,bottom,88.24,81.82,95.74,29.63,"{2462: 0.0, 2461: 1.63, 2460: 16.87, 2463: 7.2}",True
2463,90114,90159,90198,bottom,107.14,100.0,115.38,39.45,"{2462: 7.0, 2463: 0.0, 2461: 7.28, 2465: 18.85}",True
2465,90180,90236,90284,bottom,86.54,80.36,93.75,27.9,"{2463: 19.02, 2465: 0.0, 2462: 23.76, 2461: 22.75, 2466: 12.4, 2467: 14.71, 2468: 18.53}",True
2466,90234,90294,90344,bottom,81.82,75.0,90.0,30.0,"{2466: 0.0, 2465: 12.5, 2467: 1.29, 2468: 5.47}",True
2467,90247,90297,90339,bottom,97.83,90.0,107.14,40.82,"{2467: 0.0, 2465: 14.61, 2466: 1.26, 2468: 4.88}",True
2468,90261,90319,90369,bottom,83.33,77.59,90.0,24.83,"{2468: 0.0, 2467: 4.99, 2465: 18.55, 2466: 5.41, 2469: 18.88, 2470: 18.83, 2474: 21.66, 2475: 21.79}",True
2469,90348,90407,90459,bottom,81.08,76.27,86.54,19.74,"{2469: 0.0, 2468: 18.9, 2466: 23.71, 2470: 1.14, 2474: 1.65, 2475: 2.82}",True
2470,90349,90402,90446,bottom,92.78,84.91,102.27,39.47,"{2469: 1.03, 2468: 18.77, 2470: 0.0, 2466: 23.66, 2474: 2.97, 2475: 3.02}",True
2474,90362,90414,90461,bottom,90.91,86.54,95.74,19.59,"{2469: 1.65, 2470: 3.02, 2468: 21.62, 2474: 0.0, 2475: 0.04}",True
2475,90364,,,bottom,,,,,{},False
2490,90473,90526,90573,bottom,90.0,84.91,95.74,23.06,"{2490: 0.0, 2491: 6.13}",True
2491,90502,90551,90592,bottom,100.0,91.84,109.76,43.71,"{2491: 0.0, 2490: 6.02}",True
2492,90626,90684,90732,bottom,84.91,77.59,93.75,33.67,{2492: 0.0},True
2495,90961,91017,91061,bottom,90.0,80.36,102.27,49.81,{2495: 0.0},True
2513,91074,91128,91173,bottom,90.91,83.33,100.0,37.04,"{2513: 0.0, 2514: 9.63}",True
2514,91113,91172,91223,bottom,81.82,76.27,88.24,23.46,"{2513: 9.74, 2514: 0.0, 2516: 23.22}",True
2516,91221,91289,91347,bottom,71.43,66.18,77.59,19.67,"{2516: 0.0, 2514: 23.25}",True
2517,91486,91537,,bottom,,,,,{},False
2518,91548,91598,91643,bottom,94.74,90.0,100.0,22.22,"{2518: 0.0, 2517: 14.92, 2519: 17.61}",True
2519,91620,91666,91707,bottom,103.45,97.83,109.76,29.1,"{2519: 0.0, 2518: 17.45, 2520: 9.41}",True
2520,91652,91704,91752,bottom,90.0,86.54,93.75,15.02,"{2519: 9.52, 2520: 0.0}",True
2522,91952,,,bottom,,,,,{},False
2548,92052,,,top,,,,,{},False
2549,92115,92164,92207,bottom,97.83,91.84,104.65,29.8,"{2549: 0.0, 2545: 16.31}",True
2545,92141,,,top,,,,,{},False
2551,92244,92293,92337,bottom,96.77,91.84,102.27,23.72,{2551: 0.0},True
2552,92366,92419,92463,bottom,92.78,84.91,102.27,39.47,"{2552: 0.0, 2553: 9.42}",True
2553,92407,92458,92501,bottom,95.74,88.24,104.65,38.18,"{2552: 9.44, 2553: 0.0}",True
2561,92512,92563,92604,bottom,97.83,88.24,109.76,52.49,{2561: 0.0},True
2575,92679,92729,92772,bottom,96.77,90.0,104.65,34.07,{2575: 0.0},True
2583,92847,92901,92948,bottom,89.11,83.33,95.74,26.41,{2583: 0.0},True
2584,93010,93069,93121,bottom,81.08,76.27,86.54,19.74,{2584: 0.0},True
2585,93124,93182,93236,bottom,80.36,77.59,83.33,10.64,"{2585: 0.0, 2584: 23.55, 2586: 4.82, 2587: 18.9}",True
2586,93151,93202,93251,bottom,90.0,88.24,91.84,7.35,"{2585: 4.53, 2586: 0.0, 2587: 15.97}",True
2587,93215,93272,93320,bottom,85.71,78.95,93.75,30.84,"{2587: 0.0, 2585: 18.82, 2586: 15.99, 2589: 9.22, 2590: 18.89}",True
2589,93256,93313,93364,bottom,83.33,78.95,88.24,18.21,"{2589: 0.0, 2587: 9.22, 2590: 9.48}",True
2590,93300,93356,93407,bottom,84.11,80.36,88.24,15.45,"{2589: 9.48, 2590: 0.0, 2587: 18.84}",True
2591,93468,93524,93573,bottom,85.71,80.36,91.84,23.43,"{2591: 0.0, 2592: 9.21}",True
2592,93508,93566,93615,bottom,84.11,77.59,91.84,29.08,"{2592: 0.0, 2591: 9.12, 2593: 14.7}",True
2593,93577,93630,93677,bottom,90.0,84.91,95.74,23.06,"{2592: 14.68, 2593: 0.0, 2591: 23.42, 2595: 14.2}",True
2595,93637,93693,93743,bottom,84.91,80.36,90.0,19.29,"{2595: 0.0, 2593: 14.23, 2596: 18.98}",True
2596,93723,93779,93827,bottom,86.54,80.36,93.75,27.9,"{2596: 0.0, 2595: 18.94, 2597: 23.06}",True
2597,93826,93884,93935,bottom,82.57,77.59,88.24,20.88,"{2596: 22.99, 2597: 0.0}",True
2600,93971,94036,94097,bottom,71.43,69.23,73.77,7.44,"{2600: 0.0, 2601: 1.96, 2602: 19.61}",True
2601,93982,94046,94100,bottom,76.27,70.31,83.33,24.11,"{2600: 1.93, 2601: 0.0, 2602: 17.94}",True
2602,94072,94137,94193,bottom,74.38,69.23,80.36,19.87,"{2602: 0.0, 2601: 17.96, 2600: 19.48, 2603: 20.57}",True
2603,94179,94236,94283,bottom,86.54,78.95,95.74,35.74,"{2602: 20.43, 2603: 0.0, 2604: 15.08}",True
2604,94246,94303,94352,bottom,84.91,78.95,91.84,26.3,"{2604: 0.0, 2603: 15.14, 2605: 9.49}",True
2605,94290,94346,94391,bottom,89.11,80.36,100.0,43.65,"{2605: 0.0, 2604: 9.48, 2607: 15.55}",True
2607,94359,94413,94462,bottom,87.38,83.33,91.84,17.35,"{2607: 0.0, 2605: 15.57}",True
2610,94531,94590,94639,bottom,83.33,76.27,91.84,31.77,{2610: 0.0},True
2611,95191,95245,95291,bottom,90.0,83.33,97.83,31.51,{2611: 0.0},True
2612,95380,95440,95495,bottom,78.26,75.0,81.82,12.4,"{2612: 0.0, 2613: 8.44}",True
2613,95425,95477,95521,bottom,93.75,86.54,102.27,35.76,"{2613: 0.0, 2612: 8.25}",True
2614,95918,95970,96015,bottom,92.78,86.54,100.0,29.91,{2614: 0.0},True
2615,96027,96073,96111,bottom,107.14,97.83,118.42,54.2,{2615: 0.0},True
2616,96214,96267,96314,bottom,90.0,84.91,95.74,23.06,"{2616: 0.0, 2618: 8.34}",True
2618,96246,96306,96356,bottom,81.82,75.0,90.0,30.0,"{2618: 0.0, 2616: 8.42}",True
2619,96362,96413,96456,bottom,95.74,88.24,104.65,38.18,"{2619: 0.0, 2618: 23.96}",True
2622,96501,96558,96618,bottom,76.92,78.95,75.0,-6.58,"{2622: 0.0, 2623: 5.58, 2624: 13.44}",True
2623,96527,96590,96645,bottom,76.27,71.43,81.82,18.89,"{2623: 0.0, 2622: 5.6, 2624: 7.58}",True
2624,96570,96626,96673,bottom,87.38,80.36,95.74,32.74,"{2623: 7.48, 2624: 0.0, 2622: 13.34}",True
2625,96710,96762,96806,bottom,93.75,86.54,102.27,35.76,"{2625: 0.0, 2626: 16.6}",True
2626,96777,96834,96880,bottom,87.38,78.95,97.83,41.04,"{2626: 0.0, 2625: 16.68, 2627: 14.67}",True
2627,96843,96902,96954,bottom,81.08,76.27,86.54,19.74,"{2627: 0.0, 2626: 14.66, 2628: 16.99}",True
2628,96925,96974,97013,bottom,102.27,91.84,115.38,60.38,"{2628: 0.0, 2627: 16.69}",True
2630,97015,97069,97113,bottom,91.84,83.33,102.27,43.04,"{2630: 0.0, 2628: 23.78, 2631: 3.93}",True
2631,97034,97085,97127,bottom,96.77,88.24,107.14,45.02,"{2631: 0.0, 2630: 3.88}",True
2632,97383,97441,97490,bottom,84.11,77.59,91.84,29.08,"{2632: 0.0, 2633: 7.15, 2634: 8.3}",True
2633,97418,97471,97515,bottom,92.78,84.91,102.27,39.47,"{2632: 7.1, 2633: 0.0, 2634: 1.35}",True
2634,97424,97477,97524,bottom,90.0,84.91,95.74,23.06,"{2634: 0.0, 2632: 8.29, 2633: 1.35, 2635: 21.47}",True
2635,97515,97572,97625,bottom,81.82,78.95,84.91,11.24,"{2635: 0.0, 2633: 23.45, 2634: 21.41, 2636: 17.52}",True
2428,97541,,,bottom,,,,,{},False
2636,97593,97652,97696,bottom,87.38,76.27,102.27,59.09,"{2636: 0.0, 2635: 17.39, 2643: 11.32, 2645: 19.94}",True
2643,97644,97702,97750,bottom,84.91,77.59,93.75,33.67,"{2643: 0.0, 2636: 11.44, 2645: 7.33}",True
2645,97683,97732,97774,bottom,98.9,91.84,107.14,36.44,"{2645: 0.0, 2643: 7.2, 2636: 19.88, 2651: 17.95}",True
2651,97753,97804,97851,bottom,91.84,88.24,95.74,15.98,"{2651: 0.0, 2645: 17.97, 2643: 23.85}",True
2654,97913,97969,98017,bottom,86.54,80.36,93.75,27.9,"{2654: 0.0, 2655: 13.2, 2637: 14.91}",True
2655,97971,98027,98075,bottom,86.54,80.36,93.75,27.9,"{2655: 0.0, 2654: 13.16, 2637: 1.66, 2657: 9.59}",True
2637,97978,,,bottom,,,,,{},False
2657,98016,98066,98103,bottom,103.45,90.0,121.62,85.46,"{2657: 0.0, 2655: 9.4, 2654: 23.14}",True
2659,98114,98167,98213,bottom,90.91,84.91,97.83,28.09,{2659: 0.0},True
2667,98387,98441,98486,bottom,90.91,83.33,100.0,37.04,"{2667: 0.0, 2668: 4.41}",True
2668,98402,98459,98508,bottom,84.91,78.95,91.84,26.3,"{2667: 4.44, 2668: 0.0, 2669: 18.93}",True
2669,98489,98540,,bottom,,,,,{},False
2678,98514,98573,98621,bottom,84.11,76.27,93.75,36.41,"{2678: 0.0, 2669: 6.95, 2682: 4.31, 2687: 19.78}",True
2682,98536,98591,98642,bottom,84.91,81.82,88.24,12.58,"{2682: 0.0, 2678: 4.28, 2669: 11.57, 2687: 15.22}",True
2687,98606,98655,98696,bottom,100.0,91.84,109.76,43.71,"{2687: 0.0, 2678: 19.65, 2682: 14.95}",True
2689,98765,98807,98842,bottom,116.88,107.14,128.57,61.22,"{2689: 0.0, 2690: 5.69}",True
2690,98780,98829,98874,bottom,95.74,91.84,100.0,18.14,"{2689: 5.84, 2690: 0.0, 2692: 21.71}",True
2692,98866,98918,98962,bottom,93.75,86.54,102.27,35.76,"{2692: 0.0, 2690: 21.83, 2693: 15.51}",True
2693,98928,98985,99034,bottom,84.91,78.95,91.84,26.3,"{2692: 15.59, 2693: 0.0, 2702: 14.94, 2704: 18.6}",True
2702,99004,99040,99072,bottom,132.35,125.0,140.62,48.83,"{2702: 0.0, 2693: 14.52, 2704: 6.61}",True
2704,99011,99072,99125,bottom,78.95,73.77,84.91,21.01,"{2704: 0.0, 2702: 7.01, 2693: 18.66, 2715: 11.24}",True
2715,99074,,,top,,,,,{},False
2717,99231,99293,99346,bottom,78.26,72.58,84.91,23.25,{2717: 0.0},True
2718,99354,99415,99469,bottom,78.26,73.77,83.33,17.71,"{2718: 0.0, 2719: 0.5, 2724: 15.98}",True
2719,99355,99417,99471,bottom,77.59,72.58,83.33,19.91,"{2718: 0.5, 2719: 0.0, 2724: 15.41}",True
2724,99431,99493,,bottom,,,,,{},False
2725,99637,99707,,bottom,,,,,{},False
2727,99706,99750,99793,bottom,103.45,102.27,104.65,5.53,"{2727: 0.0, 2725: 10.57, 2728: 10.58}",True
2728,99738,99798,99861,bottom,73.17,75.0,71.43,-5.67,"{2727: 10.75, 2728: 0.0, 2725: 18.57}",True
2730,100040,100095,100142,bottom,88.24,81.82,95.74,29.63,"{2730: 0.0, 2731: 18.04}",True
2731,100120,100171,100215,bottom,94.74,88.24,102.27,31.9,"{2731: 0.0, 2730: 17.83, 2733: 16.82}",True
2733,100150,,,top,,,,,{},False
2734,100218,100276,100325,bottom,84.11,77.59,91.84,29.08,"{2731: 23.77, 2734: 0.0}",True
2738,100372,100429,100481,bottom,82.57,78.95,86.54,14.6,"{2738: 0.0, 2739: 17.82}",True
2739,100452,100510,100561,bottom,82.57,77.59,88.24,20.88,"{2739: 0.0, 2738: 17.77}",True
2742,100654,100709,,bottom,,,,,{},False
2746,100792,100843,100887,bottom,94.74,88.24,102.27,31.9,"{2746: 0.0, 2747: 9.31}",True
2747,100827,100884,100929,bottom,88.24,78.95,100.0,46.78,"{2746: 9.38, 2747: 0.0}",True
2748,101036,101089,101134,bottom,91.84,84.91,100.0,33.54,"{2748: 0.0, 2749: 22.8}",True
2749,101132,101177,101216,bottom,107.14,100.0,115.38,39.45,"{2749: 0.0, 2748: 22.59, 2753: 17.63}",True
2753,101195,101242,101282,bottom,103.45,95.74,112.5,41.89,"{2753: 0.0, 2749: 17.7}",True
2754,101313,101361,101403,bottom,100.0,93.75,107.14,31.89,"{2754: 0.0, 2755: 19.77}",True
2755,101389,101440,101484,bottom,94.74,88.24,102.27,31.9,"{2755: 0.0, 2754: 19.8}",True
2756,101508,101553,101592,bottom,107.14,100.0,115.38,39.45,{2756: 0.0},True
2757,101632,101682,,bottom,,,,,{},False
2758,101903,101954,101997,bottom,95.74,88.24,104.65,38.18,"{2758: 0.0, 2759: 3.1}",True
2759,101913,101967,102014,bottom,89.11,83.33,95.74,26.41,"{2759: 0.0, 2758: 3.14, 2765: 21.01, 2766: 21.44}",True
2765,102003,102063,102114,bottom,81.08,75.0,88.24,25.95,"{2759: 21.02, 2765: 0.0, 2766: 0.57, 2658: 18.96, 2769: 9.08, 2770: 9.82, 2774: 15.07, 2775: 20.5}",True
2766,102005,102065,,bottom,,,,,{},False
2658,102043,,,bottom,,,,,{},False
2769,102049,102105,102160,bottom,81.08,80.36,81.82,2.66,"{2769: 0.0, 2766: 8.96, 2765: 9.1, 2770: 0.41, 2658: 15.27, 2774: 6.14, 2775: 11.61, 2776: 19.81}",True
2770,102051,,,bottom,,,,,{},False
2774,102075,102136,102187,bottom,80.36,73.77,88.24,28.36,"{2774: 0.0, 2769: 6.09, 2658: 12.79, 2765: 15.14, 2775: 5.35, 2776: 13.44, 2778: 20.79}",True
2775,102102,102160,102204,bottom,88.24,77.59,102.27,56.11,"{2774: 5.23, 2775: 0.0, 2769: 11.58, 2658: 12.2, 2765: 20.68, 2776: 8.09, 2778: 16.47}",True
2776,102139,102197,102250,bottom,81.08,77.59,84.91,13.81,"{2775: 8.11, 2776: 0.0, 2658: 12.91, 2774: 13.31, 2769: 19.67, 2778: 8.46, 2779: 21.87}",True
2778,102177,102238,102291,bottom,78.95,73.77,84.91,21.01,"{2778: 0.0, 2776: 8.48, 2774: 20.89, 2775: 16.5, 2658: 12.69, 2779: 12.77, 2780: 17.63}",True
2779,102243,102296,102338,bottom,94.74,84.91,107.14,52.95,"{2779: 0.0, 2658: 12.61, 2778: 12.42, 2776: 21.88, 2780: 5.77}",True
2780,102263,102321,,bottom,,,,,{},False
2781,102387,102439,102484,bottom,92.78,86.54,100.0,29.91,"{2781: 0.0, 2658: 12.09, 2782: 18.29}",True
2782,102461,102524,102577,bottom,77.59,71.43,84.91,25.43,"{2781: 18.47, 2658: 12.66, 2782: 0.0, 2789: 13.51, 2790: 20.88}",True
2789,102533,102585,102630,bottom,92.78,86.54,100.0,29.91,"{2782: 13.39, 2789: 0.0, 2658: 11.54, 2790: 8.63, 2791: 15.31, 2792: 20.16}",True
2790,102565,102626,102674,bottom,82.57,73.77,93.75,41.62,"{2782: 20.89, 2790: 0.0, 2789: 8.69, 2658: 12.53, 2791: 6.81, 2792: 10.32}",True
2791,102594,102659,,bottom,,,,,{},False
2792,102615,102671,102719,bottom,86.54,80.36,93.75,27.9,"{2791: 2.81, 2790: 10.31, 2792: 0.0, 2658: 12.7, 2789: 20.16}",True
2811,102742,102806,102858,bottom,77.59,70.31,86.54,31.2,"{2811: 0.0, 2658: 12.49}",True
2813,102879,102946,103007,bottom,70.31,67.16,73.77,10.83,"{2813: 0.0, 2658: 12.19, 2814: 7.84, 2815: 15.39, 2816: 14.49}",True
2814,102919,102989,103053,bottom,67.16,64.29,70.31,9.42,"{2814: 0.0, 2658: 12.63, 2813: 7.84, 2815: 7.6, 2816: 5.22}",True
2815,102960,103032,103079,bottom,75.63,62.5,95.74,70.73,"{2815: 0.0, 2814: 7.59, 2658: 11.03, 2813: 15.4, 2816: 2.82, 2820: 7.55, 2821: 21.88}",True
2816,102962,103015,103060,bottom,91.84,84.91,100.0,33.54,"{2815: 2.78, 2816: 0.0, 2658: 12.65, 2813: 14.23, 2814: 4.98, 2820: 1.94}",True
2820,103055,,,top,,,,,{},False
2821,103077,103138,103193,bottom,77.59,73.77,81.82,14.63,"{2821: 0.0, 2658: 11.25, 2815: 20.56}",True
2822,103544,103585,103621,bottom,116.88,109.76,125.0,42.34,"{2658: 12.74, 2822: 0.0, 2827: 22.28}",True
2827,103617,103661,103700,bottom,108.43,102.27,115.38,33.62,"{2827: 0.0, 2822: 22.23, 2658: 12.77, 2828: 18.2}",True
2828,103679,103735,103780,bottom,89.11,80.36,100.0,43.65,"{2658: 12.35, 2828: 0.0, 2827: 18.32, 2829: 7.73, 2830: 16.59, 2831: 18.38}",True
2829,103719,103768,103810,bottom,98.9,91.84,107.14,36.44,"{2829: 0.0, 2828: 7.64, 2658: 12.15, 2830: 10.26, 2831: 11.46}",True
2830,103754,103811,103860,bottom,84.91,78.95,91.84,26.3,"{2830: 0.0, 2829: 10.38, 2658: 12.8, 2828: 16.67, 2831: 0.85}",True
2831,103762,103810,103855,bottom,96.77,93.75,100.0,13.89,"{2831: 0.0, 2829: 11.47, 2658: 13.08, 2830: 0.82, 2828: 18.08}",True
2832,103885,103946,103996,bottom,81.08,73.77,90.0,32.46,"{2832: 0.0, 2658: 12.24, 2833: 8.45}",True
2833,103929,103985,104031,bottom,88.24,80.36,97.83,37.98,"{2833: 0.0, 2832: 8.3, 2658: 12.54}",True
2836,104139,104188,104227,bottom,102.27,91.84,115.38,60.38,"{2836: 0.0, 2658: 12.44}",True
2837,104257,104314,104364,bottom,84.11,78.95,90.0,22.11,"{2837: 0.0, 2658: 11.9, 2838: 2.58, 2839: 18.84}",True
2838,104277,104323,104365,bottom,102.27,97.83,107.14,22.18,"{2837: 2.53, 2838: 0.0, 2658: 13.0, 2839: 17.88}",True
2839,104342,104396,104441,bottom,90.91,83.33,100.0,37.04,"{2839: 0.0, 2838: 17.94, 2658: 12.28, 2837: 18.62, 2840: 14.93}",True
2840,104403,104469,104525,bottom,73.77,68.18,80.36,21.74,"{2840: 0.0, 2658: 12.68, 2839: 15.2}",True
2845,104525,104579,104627,bottom,88.24,83.33,93.75,21.7,"{2845: 0.0, 2658: 12.86, 2840: 23.21}",True
2846,104687,104740,104788,bottom,89.11,84.91,93.75,18.43,"{2658: 13.11, 2846: 0.0, 2848: 2.34, 2855: 11.39, 2859: 14.24}",True
2848,104691,104750,104812,bottom,74.38,76.27,72.58,-5.95,"{2658: 13.04, 2846: 2.38, 2848: 0.0, 2855: 8.25, 2859: 10.3, 2866: 0.69}",True
2855,104731,104791,104844,bottom,79.65,75.0,84.91,18.69,"{2855: 0.0, 2848: 8.08, 2658: 12.82, 2846: 11.45, 2859: 1.53, 2866: 7.66, 2867: 21.38}",True
2859,104747,104797,104838,bottom,98.9,90.0,109.76,48.19,"{2855: 1.53, 2859: 0.0, 2658: 12.53, 2848: 9.84, 2846: 14.11, 2866: 8.29, 2867: 22.32}",True
2866,104804,,,top,,,,,{},False
2867,104834,104892,104946,bottom,80.36,77.59,83.33,10.64,"{2867: 0.0, 2859: 22.56, 2855: 21.09, 2658: 12.84, 2868: 11.2, 2869: 14.04}",True
2868,104889,104948,104998,bottom,82.57,76.27,90.0,27.46,"{2868: 0.0, 2658: 12.9, 2867: 11.15, 2869: 2.69, 2870: 21.5}",True
2869,104902,104959,105007,bottom,85.71,78.95,93.75,30.84,"{2869: 0.0, 2867: 13.93, 2868: 2.62, 2658: 12.64, 2870: 19.36}",True
2870,104990,105041,105084,bottom,95.74,88.24,104.65,38.18,"{2870: 0.0, 2869: 19.31, 2658: 12.58, 2868: 21.36, 2871: 5.22}",True
2871,105008,105064,105115,bottom,84.11,80.36,88.24,15.45,"{2870: 5.3, 2869: 23.54, 2871: 0.0, 2658: 12.96, 2872: 21.88}",True
2872,105108,105161,105207,bottom,90.91,84.91,97.83,28.09,"{2872: 0.0, 2658: 12.87, 2871: 21.82, 2873: 16.17, 2874: 19.03}",True
2873,105177,105230,105273,bottom,93.75,84.91,104.65,45.92,"{2873: 0.0, 2658: 12.62, 2872: 16.18, 2874: 2.78, 2877: 19.76}",True
2874,105188,105241,105288,bottom,90.0,84.91,95.74,23.06,"{2874: 0.0, 2658: 12.91, 2873: 2.82, 2872: 18.92, 2877: 16.46}",True
2877,105259,105307,105347,bottom,102.27,93.75,112.5,46.88,"{2877: 0.0, 2873: 19.82, 2874: 16.33, 2658: 12.61}",True
2878,105482,105540,105590,bottom,83.33,77.59,90.0,24.83,"{2878: 0.0, 2658: 12.82, 2879: 18.09}",True
2879,105566,105621,105669,bottom,87.38,81.82,93.75,24.86,"{2879: 0.0, 2878: 17.98, 2658: 12.86, 2880: 12.59}",True
2880,105622,105674,105727,bottom,85.71,86.54,84.91,-3.08,"{2879: 12.52, 2880: 0.0, 2658: 13.36, 2881: 13.69}",True
2881,105682,105734,105780,bottom,91.84,86.54,97.83,24.54,"{2881: 0.0, 2658: 12.87, 2880: 13.53, 2882: 11.05, 2883: 22.68}",True
2882,105727,105782,105830,bottom,87.38,81.82,93.75,24.86,"{2882: 0.0, 2658: 12.91, 2881: 11.07, 2880: 23.03, 2883: 11.6, 2884: 15.04}",True
2883,105777,105834,105884,bottom,84.11,78.95,90.0,22.11,"{2882: 11.62, 2883: 0.0, 2658: 12.37, 2881: 22.51, 2884: 3.16, 2885: 12.61, 2886: 16.18}",True
2884,105792,105848,105897,bottom,85.71,80.36,91.84,23.43,"{2883: 3.07, 2882: 15.05, 2884: 0.0, 2658: 12.77, 2885: 9.77, 2886: 13.39}",True
2885,105834,105893,105945,bottom,81.08,76.27,86.54,19.74,"{2884: 9.81, 2883: 12.6, 2658: 12.7, 2885: 0.0, 2886: 3.28}",True
2886,105851,105909,105959,bottom,83.33,77.59,90.0,24.83,"{2886: 0.0, 2884: 13.41, 2885: 3.19, 2658: 12.74, 2883: 16.13, 2889: 23.14}",True
2889,105958,106010,106059,bottom,89.11,86.54,91.84,10.81,"{2889: 0.0, 2886: 22.94, 2658: 12.84, 2890: 21.97}",True
2890,106052,106105,106159,bottom,84.11,84.91,83.33,-2.91,"{2890: 0.0, 2658: 13.16, 2889: 21.91, 2891: 1.8}",True
2891,106058,106115,106164,bottom,84.91,78.95,91.84,26.3,"{2890: 1.78, 2891: 0.0, 2658: 12.9, 2889: 23.27}",True
2894,106176,106238,106293,bottom,76.92,72.58,81.82,16.8,"{2894: 0.0, 2658: 12.95, 2895: 8.94}",True
2895,106227,106279,106324,bottom,92.78,86.54,100.0,29.91,"{2895: 0.0, 2894: 8.66, 2658: 12.8}",True
2896,106340,106394,106439,bottom,90.91,83.33,100.0,37.04,"{2896: 0.0, 2658: 12.61, 2897: 15.26}",True
2897,106407,106457,106501,bottom,95.74,90.0,102.27,27.89,"{2897: 0.0, 2896: 15.17, 2658: 7.55, 2898: 19.7}",True
2898,106484,106540,106587,bottom,87.38,80.36,95.74,32.74,"{2898: 0.0, 2897: 19.65}",True
2900,106607,106652,,bottom,,,,,{},False
2901,106618,106672,106708,bottom,100.0,83.33,125.0,115.74,"{2901: 0.0, 2900: 4.36}",True
2903,107097,107157,107209,bottom,80.36,75.0,86.54,22.19,"{2903: 0.0, 2904: 15.22}",True
2904,107172,107227,107278,bottom,84.91,81.82,88.24,12.58,"{2904: 0.0, 2903: 15.1, 2905: 16.91}",True
2905,107247,107304,107355,bottom,83.33,78.95,88.24,18.21,"{2904: 16.83, 2905: 0.0, 2910: 9.95, 2911: 16.41}",True
2910,107296,107349,107396,bottom,90.0,84.91,95.74,23.06,"{2910: 0.0, 2905: 9.86, 2911: 7.07}",True
2911,107323,107382,107434,bottom,81.08,76.27,86.54,19.74,"{2911: 0.0, 2910: 7.14, 2905: 16.39, 2912: 22.33}",True
2912,107428,107483,107530,bottom,88.24,81.82,95.74,29.63,"{2912: 0.0, 2911: 21.58, 2913: 11.98, 2914: 22.95}",True
2913,107481,107535,,bottom,,,,,{},False
2914,107528,107578,107620,bottom,97.83,90.0,107.14,40.82,"{2914: 0.0, 2912: 22.75, 2913: 10.45, 2916: 12.52, 2917: 18.01}",True
2916,107577,107629,107672,bottom,94.74,86.54,104.65,42.12,"{2916: 0.0, 2914: 12.6, 2917: 7.89, 2918: 12.71}",True
2917,107592,107686,107771,bottom,50.28,47.87,52.94,5.96,"{2916: 8.32, 2914: 18.38, 2917: 0.0, 2918: 2.26, 2921: 22.47}",True
2918,107622,107696,107766,bottom,62.5,60.81,64.29,4.96,"{2918: 0.0, 2917: 2.26, 2916: 13.03, 2914: 24.12}",True
2921,107761,107821,107872,bottom,81.08,75.0,88.24,25.95,"{2921: 0.0, 2917: 21.67, 2922: 2.48, 2918: 23.41, 2924: 13.51, 2925: 21.26}",True
2922,107764,107837,107901,bottom,65.69,61.64,70.31,13.54,"{2921: 2.66, 2922: 0.0, 2918: 24.13, 2917: 22.48, 2924: 9.5, 2925: 16.42, 2926: 23.07}",True
2924,107826,107889,107945,bottom,75.63,71.43,80.36,15.94,"{2924: 0.0, 2922: 9.37, 2921: 13.46, 2925: 7.4, 2926: 14.15, 2927: 15.24, 2930: 21.6}",True
2925,107865,107926,107976,bottom,81.08,73.77,90.0,32.46,"{2925: 0.0, 2924: 7.38, 2922: 16.28, 2921: 21.0, 2926: 6.34, 2927: 7.92, 2930: 13.89}",True
2926,107900,107955,107997,bottom,92.78,81.82,107.14,60.3,"{2926: 0.0, 2925: 6.04, 2924: 13.94, 2922: 23.19, 2927: 2.14, 2930: 8.38, 2933: 19.3}",True
2927,107904,107965,108024,bottom,75.0,73.77,76.27,4.24,"{2927: 0.0, 2926: 2.3, 2925: 7.87, 2924: 15.16, 2922: 23.8, 2930: 5.45, 2933: 15.17}",True
2930,107936,107990,108038,bottom,88.24,83.33,93.75,21.7,"{2930: 0.0, 2926: 8.49, 2927: 5.36, 2925: 13.61, 2924: 21.25, 2933: 10.41}",True
2933,107980,108039,108092,bottom,80.36,76.27,84.91,16.29,"{2933: 0.0, 2930: 10.45, 2926: 19.48, 2927: 15.09, 2925: 22.24, 2936: 14.94, 2899: 16.52}",True
2936,108051,108106,108155,bottom,86.54,81.82,91.84,20.45,"{2936: 0.0, 2933: 14.84, 2899: 1.97, 2938: 12.88}",True
2899,108058,,,bottom,,,,,{},False
2938,108102,108170,108223,bottom,74.38,66.18,84.91,35.34,"{2938: 0.0, 2936: 13.05, 2943: 12.4}",True
2943,108174,108226,108273,bottom,90.91,86.54,95.74,19.59,"{2943: 0.0, 2938: 12.28}",True
2946,108416,108469,108519,bottom,87.38,84.91,90.0,10.19,"{2946: 0.0, 2947: 12.19, 2948: 21.61}",True
2947,108469,108522,108570,bottom,89.11,84.91,93.75,18.43,"{2947: 0.0, 2946: 12.13, 2948: 10.11, 2949: 12.84}",True
2948,108510,108572,108625,bottom,78.26,72.58,84.91,23.25,"{2947: 10.24, 2948: 0.0, 2946: 21.45, 2949: 1.97, 2950: 22.12}",True
2949,108522,108581,108633,bottom,81.08,76.27,86.54,19.74,"{2949: 0.0, 2947: 12.87, 2948: 1.94, 2946: 24.31, 2950: 20.96}",True
2950,108618,108679,108731,bottom,79.65,73.77,86.54,24.55,"{2950: 0.0, 2948: 22.06, 2949: 20.83, 2951: 20.0}",True
2951,108716,108768,108814,bottom,91.84,86.54,97.83,24.54,"{2951: 0.0, 2950: 19.85}",True
2952,108819,108877,108929,bottom,81.82,77.59,86.54,17.22,"{2952: 0.0, 2951: 24.18, 2953: 9.44, 2955: 12.54}",True
2953,108865,108925,108976,bottom,81.08,75.0,88.24,25.95,"{2953: 0.0, 2952: 9.46, 2955: 3.16, 2968: 20.83}",True
2955,108879,108938,108992,bottom,79.65,76.27,83.33,13.08,"{2955: 0.0, 2952: 12.56, 2953: 3.14, 2968: 17.79}",True
2968,108964,109023,109074,bottom,81.82,76.27,88.24,23.46,"{2968: 0.0, 2955: 17.75, 2953: 20.82, 2971: 13.95}",True
2971,109029,109087,109137,bottom,83.33,77.59,90.0,24.83,"{2971: 0.0, 2968: 13.93, 2973: 10.77, 2974: 13.66}",True
2973,109084,,,bottom,,,,,{},False
2974,109091,109154,109210,bottom,75.63,71.43,80.36,15.94,"{2974: 0.0, 2971: 13.7, 2973: 2.83}",True
2977,109268,109336,109395,bottom,70.87,66.18,76.27,17.11,"{2977: 0.0, 2978: 8.44, 2979: 18.57, 2980: 21.64}",True
2978,109311,109379,109430,bottom,75.63,66.18,88.24,43.25,"{2978: 0.0, 2977: 8.44, 2979: 10.03, 2980: 13.23, 2982: 20.37}",True
2979,109363,109434,109495,bottom,68.18,63.38,73.77,17.03,"{2979: 0.0, 2978: 10.11, 2977: 18.52, 2980: 2.6, 2982: 9.47, 2987: 16.13}",True
2980,109382,109448,109501,bottom,75.63,68.18,84.91,31.55,"{2979: 2.52, 2980: 0.0, 2978: 13.2, 2977: 21.43, 2982: 7.03, 2987: 14.07}",True
2982,109418,109490,,bottom,,,,,{},False
2987,109451,,,bottom,,,,,{},False
2993,109518,109585,109643,bottom,72.0,67.16,77.59,17.97,"{2993: 0.0, 2982: 17.55, 2987: 11.86, 2994: 5.51, 2989: 11.33}",True
2994,109547,109614,109679,bottom,68.18,67.16,69.23,3.18,"{2993: 5.51, 2994: 0.0, 2989: 16.71}",True
2989,109581,,,top,,,,,{},False
2995,109686,109739,109785,bottom,90.91,84.91,97.83,28.09,"{2995: 0.0, 2996: 16.13}",True
2996,109755,109808,109856,bottom,89.11,84.91,93.75,18.43,"{2996: 0.0, 2995: 15.9, 2937: 22.18, 2997: 22.5}",True
2937,109842,,,bottom,,,,,{},False
2997,109853,109903,109954,bottom,89.11,90.0,88.24,-3.46,"{2997: 0.0, 2996: 22.65, 2937: 13.14, 2999: 6.13}",True
2999,109876,109933,109984,bottom,83.33,78.95,88.24,18.21,"{2999: 0.0, 2997: 6.17, 2937: 12.85, 3000: 16.54}",True
3000,109954,110007,110052,bottom,91.84,84.91,100.0,33.54,"{2999: 16.39, 3000: 0.0, 2937: 12.69, 2997: 23.23, 3004: 15.26}",True
3004,110017,110073,110122,bottom,85.71,80.36,91.84,23.43,"{3004: 0.0, 2937: 12.85, 3000: 15.3}",True
3006,110404,110448,110486,bottom,109.76,102.27,118.42,42.5,"{3006: 0.0, 2937: 12.56}",True
3007,110533,110578,110618,bottom,105.88,100.0,112.5,31.25,"{3007: 0.0, 2937: 13.0, 3008: 13.45}",True
3008,110580,110629,110674,bottom,95.74,91.84,100.0,18.14,"{3008: 0.0, 2937: 12.89, 3007: 13.48}",True
3010,110696,110750,110798,bottom,88.24,83.33,93.75,21.7,"{3010: 0.0, 2937: 13.27, 3011: 15.9}",True
3011,110757,,,bottom,,,,,{},False
3013,110804,110859,110905,bottom,89.11,81.82,97.83,34.8,"{3013: 0.0, 2937: 12.67, 3012: 10.18}",True
3012,110860,,,top,,,,,{},False
3015,110977,111039,111086,bottom,82.57,72.58,95.74,49.29,{3015: 0.0},True
3017,111243,111299,111350,bottom,84.11,80.36,88.24,15.45,"{3017: 0.0, 3018: 13.47}",True
3018,111306,111358,111410,bottom,86.54,86.54,86.54,,"{3018: 0.0, 3017: 13.31, 3021: 11.79}",True
3021,111356,111410,111458,bottom,88.24,83.33,93.75,21.7,"{3021: 0.0, 3018: 11.75, 3017: 23.84}",True
3025,111549,111606,111653,bottom,86.54,78.95,95.74,35.74,"{3025: 0.0, 3026: 7.84}",True
3026,111589,111639,111682,bottom,96.77,90.0,104.65,34.07,"{3026: 0.0, 3025: 7.7}",True
3028,111688,111739,,bottom,,,,,{},False
3032,111838,111891,111940,bottom,88.24,84.91,91.84,14.15,"{3032: 0.0, 3033: 20.31}",True
3033,111927,111980,112025,bottom,91.84,84.91,100.0,33.54,"{3033: 0.0, 3032: 20.16}",True
3034,112064,112116,112161,bottom,92.78,86.54,100.0,29.91,"{3034: 0.0, 3035: 8.34, 3037: 12.88, 3039: 20.61}",True
3035,112097,112152,112200,bottom,87.38,81.82,93.75,24.86,"{3035: 0.0, 3034: 8.39, 3037: 5.04, 3039: 12.45}",True
3037,112113,112177,112235,bottom,73.77,70.31,77.59,12.54,"{3035: 5.18, 3034: 13.01, 3037: 0.0, 3039: 6.72, 3040: 18.11}",True
3039,112148,112212,112266,bottom,76.27,70.31,83.33,24.11,"{3039: 0.0, 3035: 12.58, 3037: 6.67, 3034: 20.78, 3040: 11.63}",True
3040,112207,112270,112325,bottom,76.27,71.43,81.82,18.89,"{3039: 11.62, 3040: 0.0, 3037: 18.02, 3035: 24.45}",True
3041,112364,112425,112476,bottom,80.36,73.77,88.24,28.36,{3041: 0.0},True
3042,112477,112533,112582,bottom,85.71,80.36,91.84,23.43,"{3042: 0.0, 3041: 23.48}",True
3043,113119,113167,113211,bottom,97.83,93.75,102.27,19.37,"{3043: 0.0, 3045: 1.45}",True
3045,113125,113172,113213,bottom,102.27,95.74,109.76,34.17,"{3043: 1.43, 3045: 0.0}",True
3052,113287,113343,113390,bottom,87.38,80.36,95.74,32.74,{3052: 0.0},True
3054,113519,113572,113619,bottom,90.0,84.91,95.74,23.06,{3054: 0.0},True
3055,113714,113776,113834,bottom,75.0,72.58,77.59,8.63,"{3055: 0.0, 3056: 13.74, 3057: 16.45}",True
3056,113784,113842,113896,bottom,80.36,77.59,83.33,10.64,"{3055: 13.5, 3056: 0.0, 3057: 1.99}",True
3057,113785,113850,113894,bottom,82.57,69.23,102.27,75.1,"{3057: 0.0, 3056: 1.99, 3055: 15.91}",True
3067,113951,114002,114047,bottom,93.75,88.24,100.0,26.14,{3067: 0.0},True
3068,114066,114114,114154,bottom,102.27,93.75,112.5,46.88,{3068: 0.0},True
3069,114196,114259,114313,bottom,76.92,71.43,83.33,22.05,"{3069: 0.0, 3070: 15.96}",True
3070,114276,114337,114389,bottom,79.65,73.77,86.54,24.55,"{3070: 0.0, 3069: 15.96, 3071: 7.69}",True
3071,114316,114374,114408,bottom,97.83,77.59,132.35,161.08,"{3071: 0.0, 3070: 7.67, 3069: 23.74}",True
3072,114484,114537,114583,bottom,90.91,84.91,97.83,28.09,"{3072: 0.0, 3073: 8.2, 3074: 15.54}",True
3073,114517,114573,114620,bottom,87.38,80.36,95.74,32.74,"{3073: 0.0, 3072: 8.25, 3074: 7.23, 3075: 22.23}",True
3074,114549,114606,114652,bottom,87.38,78.95,97.83,41.04,"{3074: 0.0, 3073: 7.24, 3072: 15.61, 3075: 14.74, 3076: 17.24}",True
3075,114616,114670,114713,bottom,92.78,83.33,104.65,49.58,"{3075: 0.0, 3074: 14.63, 3073: 22.1, 3076: 2.58}",True
3076,114626,114681,114725,bottom,90.91,81.82,102.27,46.49,"{3076: 0.0, 3075: 2.53, 3074: 17.14, 3073: 24.07}",True
3077,114797,114860,114913,bottom,77.59,71.43,84.91,25.43,{3077: 0.0},True
3078,114927,114990,,bottom,,,,,{},False
3079,114968,115030,115085,bottom,76.92,72.58,81.82,16.8,"{3080: 0.22, 3078: 8.13, 3079: 0.0, 3081: 9.36, 3082: 16.1, 3083: 19.34}",True
3080,114969,115032,115088,bottom,75.63,71.43,80.36,15.94,"{3080: 0.0, 3078: 8.27, 3079: 0.24, 3081: 9.2, 3082: 15.93, 3083: 19.15, 3084: 22.88}",True
3081,115014,115076,115131,bottom,76.92,72.58,81.82,16.8,"{3081: 0.0, 3080: 9.14, 3079: 9.34, 3078: 17.12, 3082: 6.46, 3083: 10.12, 3084: 14.4}",True
3082,115051,115106,115160,bottom,82.57,81.82,83.33,2.81,"{3081: 6.4, 3079: 15.99, 3082: 0.0, 3080: 15.74, 3083: 3.94, 3084: 8.03, 3090: 22.59}",True
3083,115063,115126,115186,bottom,73.17,71.43,75.0,5.95,"{3083: 0.0, 3081: 10.11, 3082: 3.96, 3079: 19.34, 3080: 19.04, 3084: 3.74, 3090: 18.3}",True
3084,115087,115145,115195,bottom,83.33,77.59,90.0,24.83,"{3084: 0.0, 3083: 3.64, 3079: 23.94, 3081: 14.29, 3082: 8.0, 3080: 23.24, 3090: 15.08}",True
3090,115155,115216,115269,bottom,78.95,73.77,84.91,21.01,"{3090: 0.0, 3084: 15.09, 3082: 22.75, 3083: 18.13, 3091: 7.46, 3092: 11.36}",True
3091,115195,115246,115307,bottom,80.36,88.24,73.77,-23.71,"{3090: 7.53, 3091: 0.0, 3084: 23.31, 3092: 3.89, 3094: 20.14}",True
3092,115210,115274,115312,bottom,88.24,70.31,118.42,126.6,"{3092: 0.0, 3091: 3.81, 3090: 11.37, 3094: 16.65}",True
3094,115293,115346,115392,bottom,90.91,84.91,97.83,28.09,"{3094: 0.0, 3091: 19.96, 3092: 16.7, 3095: 10.16}",True
3095,115335,115390,115440,bottom,85.71,81.82,90.0,16.36,"{3095: 0.0, 3094: 10.23, 3096: 22.62}",True
3096,115437,115499,115553,bottom,77.59,72.58,83.33,19.91,"{3096: 0.0, 3095: 22.02, 3097: 1.11, 3098: 10.12}",True
3097,115447,115500,115544,bottom,92.78,84.91,102.27,39.47,"{3097: 0.0, 3096: 1.07, 3098: 10.74}",True
3098,115490,115547,115598,bottom,83.33,78.95,88.24,18.21,"{3098: 0.0, 3096: 10.04, 3097: 10.78, 3099: 18.95, 3100: 19.76}",True
3099,115578,115627,115669,bottom,98.9,91.84,107.14,36.44,"{3099: 0.0, 3098: 18.67, 3100: 0.71, 3016: 16.43}",True
3100,115580,115630,115671,bottom,98.9,90.0,109.76,48.19,"{3100: 0.0, 3099: 0.71, 3098: 19.51, 3016: 15.89}",True
3016,115641,,,bottom,,,,,{},False
3101,115695,115760,115811,bottom,77.59,69.23,88.24,37.26,"{3101: 0.0, 3104: 6.11, 3105: 9.9, 3106: 18.56}",True
3104,115734,115785,115830,bottom,93.75,88.24,100.0,26.14,"{3104: 0.0, 3101: 5.9, 3105: 4.53, 3106: 13.33}",True
3105,115747,115809,115855,bottom,83.33,72.58,97.83,54.88,"{3104: 4.74, 3105: 0.0, 3101: 9.87, 3106: 8.08}",True
3106,115791,115846,115892,bottom,89.11,81.82,97.83,34.8,"{3101: 18.23, 3106: 0.0, 3105: 8.11, 3104: 13.23, 3109: 19.95}",True
3109,115877,115935,115987,bottom,81.82,77.59,86.54,17.22,"{3109: 0.0, 3106: 19.95}",True
3110,116051,116105,116151,bottom,90.0,83.33,97.83,31.51,{3110: 0.0},True
3112,116209,116271,116326,bottom,76.92,72.58,81.82,16.8,"{3112: 0.0, 3118: 8.13}",True
3118,116256,116308,116354,bottom,91.84,86.54,97.83,24.54,"{3118: 0.0, 3112: 7.84}",True
3131,116545,116599,116646,bottom,89.11,83.33,95.74,26.41,"{3130: 0.1, 3131: 0.0, 3132: 0.86, 3136: 10.17}",True
3130,116545,,,bottom,,,,,{},False
3132,116550,116603,,bottom,,,,,{},False
3136,116588,116644,116691,bottom,87.38,80.36,95.74,32.74,"{3136: 0.0, 3132: 9.21, 3131: 10.23}",True
3139,116774,116834,116883,bottom,82.57,75.0,91.84,34.36,{3139: 0.0},True
3143,116945,117004,117052,bottom,84.11,76.27,93.75,36.41,"{3143: 0.0, 3144: 14.99}",True
3144,117014,117074,117126,bottom,80.36,75.0,86.54,22.19,"{3144: 0.0, 3143: 14.96}",True
3149,117144,117205,,bottom,,,,,{},False
3150,117145,117189,,bottom,,,,,{},False
3152,117192,117242,117285,bottom,96.77,90.0,104.65,34.07,"{3152: 0.0, 3149: 8.32, 3150: 13.5}",True
3154,117285,117343,117392,bottom,84.11,77.59,91.84,29.08,"{3154: 0.0, 3152: 23.39}",True
3160,117444,117494,117535,bottom,98.9,90.0,109.76,48.19,{3160: 0.0},True
3161,117622,117686,117741,bottom,75.63,70.31,81.82,20.92,{3161: 0.0},True
3162,117945,117980,,bottom,,,,,{},False
3164,118063,118113,118154,bottom,98.9,90.0,109.76,48.19,{3164: 0.0},True
3165,118582,118649,118707,bottom,72.0,67.16,77.59,17.97,"{3165: 0.0, 3166: 4.93}",True
3166,118615,118673,118721,bottom,84.91,77.59,93.75,33.67,"{3166: 0.0, 3165: 4.77}",True
3170,118760,118814,118868,bottom,83.33,83.33,83.33,,"{3170: 0.0, 3171: 9.41}",True
3171,118802,118859,118910,bottom,83.33,78.95,88.24,18.21,"{3171: 0.0, 3170: 9.36}",True
3173,118914,118967,119010,bottom,93.75,84.91,104.65,45.92,"{3173: 0.0, 3171: 24.13, 3174: 22.7}",True
3174,119008,119055,119096,bottom,102.27,95.74,109.76,34.17,"{3174: 0.0, 3173: 22.66}",True
3175,119127,119189,119241,bottom,78.95,72.58,86.54,26.84,"{3175: 0.0, 3176: 0.43, 3177: 6.39, 3178: 7.9}",True
3176,119133,119187,,bottom,,,,,{},False
3177,119163,119216,,bottom,,,,,{},False
3178,119166,119226,119279,bottom,79.65,75.0,84.91,18.69,"{3177: 1.64, 3176: 7.93, 3175: 7.82, 3178: 0.0, 3179: 17.86}",True
3179,119255,119304,119347,bottom,97.83,91.84,104.65,29.8,"{3178: 17.63, 3179: 0.0, 3175: 21.73, 3187: 8.52}",True
3187,119291,119335,119373,bottom,109.76,102.27,118.42,42.5,"{3187: 0.0, 3179: 8.4, 3192: 17.27}",True
3192,119348,119408,119455,bottom,84.11,75.0,95.74,44.14,"{3192: 0.0, 3187: 17.55, 3179: 23.93}",True
3193,119467,,,top,,,,,{},False
3195,119549,119599,119646,bottom,92.78,90.0,95.74,12.22,"{3195: 0.0, 3213: 10.36}",True
3213,119588,119648,119700,bottom,80.36,75.0,86.54,22.19,"{3213: 0.0, 3195: 10.45}",True
3214,119710,119768,119816,bottom,84.91,77.59,93.75,33.67,"{3214: 0.0, 3215: 8.96, 3220: 17.08}",True
3215,119750,119811,119859,bottom,82.57,73.77,93.75,41.62,"{3215: 0.0, 3214: 9.03, 3220: 7.56}",True
3220,119790,119845,119893,bottom,87.38,81.82,93.75,24.86,"{3220: 0.0, 3215: 7.52, 3214: 17.08}",True
3225,119956,120013,120065,bottom,82.57,78.95,86.54,14.6,"{3225: 0.0, 3226: 1.99, 3227: 11.01}",True
3226,119960,120004,120041,bottom,111.11,102.27,121.62,52.29,"{3226: 0.0, 3225: 1.8, 3227: 15.11}",True
3227,120013,120056,120095,bottom,109.76,104.65,115.38,27.52,"{3226: 15.15, 3225: 10.76, 3227: 0.0, 3238: 20.29}",True
3238,120084,120137,,bottom,,,,,{},False
3243,120121,120175,120223,bottom,88.24,83.33,93.75,21.7,"{3238: 8.89, 3243: 0.0}",True
3244,120555,120613,120660,bottom,85.71,77.59,95.74,38.64,"{3244: 0.0, 3245: 13.54}",True
3245,120617,120675,,bottom,,,,,{},False
3246,120663,120713,120758,bottom,94.74,90.0,100.0,22.22,"{3246: 0.0, 3245: 9.01, 3244: 22.71, 3247: 12.55, 3248: 19.88}",True
3247,120714,120764,120808,bottom,95.74,90.0,102.27,27.89,"{3247: 0.0, 3246: 12.53, 3245: 20.45, 3248: 6.82, 3249: 16.24}",True
3248,120744,120790,120832,bottom,102.27,97.83,107.14,22.18,"{3248: 0.0, 3247: 6.71, 3246: 19.75, 3249: 10.44}",True
3249,120778,120832,120884,bottom,84.91,83.33,86.54,6.16,"{3248: 10.5, 3247: 16.28, 3249: 0.0, 3260: 13.98}",True
3260,120842,120890,120931,bottom,101.12,93.75,109.76,39.04,"{3260: 0.0, 3249: 13.74}",True
3264,120972,121027,121075,bottom,87.38,81.82,93.75,24.86,{3264: 0.0},True
3265,121102,121155,121203,bottom,89.11,84.91,93.75,18.43,"{3265: 0.0, 3266: 23.31}",True
3266,121202,121260,121308,bottom,84.91,77.59,93.75,33.67,"{3266: 0.0, 3265: 23.42, 3267: 19.19}",True
3267,121290,121343,121385,bottom,94.74,84.91,107.14,52.95,"{3267: 0.0, 3266: 19.13}",True
3268,121434,121494,,bottom,,,,,{},False
3269,121458,,121572,bottom,78.95,,,,{},True
3273,121472,121530,121574,bottom,88.24,77.59,102.27,56.11,"{3269: 2.75, 3273: 0.0, 3268: 7.9, 3103: 8.7, 3278: 15.73}",True
3103,121511,,,bottom,,,,,{},False
3278,121542,121597,121643,bottom,89.11,81.82,97.83,34.8,"{3278: 0.0, 3273: 15.4, 3269: 17.23, 3282: 14.58}",True
3282,121604,121660,121709,bottom,85.71,80.36,91.84,23.43,"{3282: 0.0, 3278: 14.63, 3283: 17.0}",True
3283,121680,121737,121787,bottom,84.11,78.95,90.0,22.11,"{3283: 0.0, 3282: 16.99}",True
3284,121788,121848,121896,bottom,83.33,75.0,93.75,39.06,"{3284: 0.0, 3283: 23.48, 3285: 10.82, 3287: 20.9}",True
3285,121840,121899,121957,bottom,76.92,76.27,77.59,2.27,"{3284: 10.83, 3285: 0.0, 3287: 10.11, 3288: 17.09, 3290: 20.36}",True
3287,121886,121949,121995,bottom,82.57,71.43,97.83,57.39,"{3287: 0.0, 3285: 10.1, 3284: 20.89, 3288: 6.76, 3290: 10.48, 3291: 13.0, 3292: 17.62}",True
3288,121921,121981,122029,bottom,83.33,75.0,93.75,39.06,"{3288: 0.0, 3287: 6.81, 3285: 17.02, 3290: 4.08, 3291: 5.93, 3292: 10.9}",True
3290,121936,122001,,bottom,,,,,{},False
3291,121954,122004,122044,bottom,100.0,90.0,112.5,56.25,"{3290: 1.36, 3291: 0.0, 3287: 13.02, 3288: 5.69, 3285: 23.24, 3292: 5.92}",True
3292,121972,122030,122080,bottom,83.33,77.59,90.0,24.83,"{3292: 0.0, 3290: 6.23, 3291: 6.1, 3287: 17.78, 3288: 10.89}",True
3293,122164,122221,122267,bottom,87.38,78.95,97.83,41.04,{3293: 0.0},True
3294,122454,122518,122571,bottom,76.92,70.31,84.91,27.53,"{3294: 0.0, 3295: 1.32, 3297: 19.65}",True
3295,122468,122520,122564,bottom,93.75,86.54,102.27,35.76,"{3294: 1.29, 3295: 0.0, 3297: 21.12}",True
3297,122553,122610,122655,bottom,88.24,78.95,100.0,46.78,"{3297: 0.0, 3295: 21.23, 3294: 19.43}",True
3299,122715,122762,,bottom,,,,,{},False
3300,122718,,,bottom,,,,,{},False
3306,122744,122801,122850,bottom,84.91,78.95,91.84,26.3,"{3306: 0.0, 3299: 7.83, 3312: 8.84, 3313: 22.31}",True
3312,122812,,,top,,,,,{},False
3313,122846,122897,122941,bottom,94.74,88.24,102.27,31.9,"{3313: 0.0, 3306: 22.17, 3314: 21.49}",True
3314,122933,122999,123055,bottom,73.77,68.18,80.36,21.74,"{3314: 0.0, 3313: 21.81}",True
3315,123162,123217,123268,bottom,84.91,81.82,88.24,12.58,"{3315: 0.0, 3316: 3.37}",True
3316,123177,123232,123280,bottom,87.38,81.82,93.75,24.86,"{3315: 3.34, 3316: 0.0}",True
3318,123451,123507,123557,bottom,84.91,80.36,90.0,19.29,"{3318: 0.0, 3319: 16.57}",True
3319,123526,123581,123629,bottom,87.38,81.82,93.75,24.86,"{3319: 0.0, 3318: 16.55}",True
3320,123630,123681,123723,bottom,96.77,88.24,107.14,45.02,"{3319: 23.43, 3320: 0.0, 3321: 12.57, 3322: 13.93}",True
3321,123681,123733,,bottom,,,,,{},False
3322,123687,123738,123783,bottom,93.75,88.24,100.0,26.14,"{3321: 1.12, 3320: 13.95, 3322: 0.0, 3333: 14.57, 3334: 20.18}",True
3333,123746,123799,,bottom,,,,,{},False
3334,123770,,,bottom,,,,,{},False
3327,123868,,,top,,,,,{},False
3351,123897,123954,124002,bottom,85.71,78.95,93.75,30.84,"{3351: 0.0, 3352: 10.54}",True
3352,123944,124001,124048,bottom,86.54,78.95,95.74,35.74,"{3352: 0.0, 3351: 10.5}",True
3353,124202,124261,124313,bottom,81.08,76.27,86.54,19.74,"{3353: 0.0, 3354: 22.58}",True
3354,124309,,124409,bottom,90.0,,,,{},True
3361,124542,124603,124655,bottom,79.65,73.77,86.54,24.55,"{3361: 0.0, 3362: 12.67, 3363: 15.79}",True
3362,124599,124675,124739,bottom,64.29,59.21,70.31,17.35,"{3362: 0.0, 3361: 12.88, 3363: 1.41, 3365: 10.43, 3366: 15.99, 3367: 18.55}",True
3363,124618,124678,124737,bottom,75.63,75.0,76.27,2.15,"{3363: 0.0, 3362: 1.42, 3361: 15.8, 3365: 10.23, 3366: 16.34, 3367: 19.27}",True
3365,124662,124735,,bottom,,,,,{},False
3366,124695,124766,124821,bottom,71.43,63.38,81.82,33.52,"{3366: 0.0, 3365: 5.89, 3362: 15.94, 3363: 16.33, 3367: 2.17, 3368: 9.28, 3369: 17.7, 3370: 20.45}",True
3367,124711,124777,124835,bottom,72.58,68.18,77.59,16.21,"{3366: 2.12, 3365: 8.27, 3367: 0.0, 3362: 18.4, 3363: 19.18, 3368: 7.45, 3369: 15.85, 3370: 18.22}",True
3368,124744,124821,,bottom,,,,,{},False
3369,124793,124868,124921,bottom,70.31,60.0,84.91,46.99,"{3369: 0.0, 3367: 15.95, 3368: 7.88, 3366: 17.74, 3370: 1.35}",True
3370,124807,124874,124933,bottom,71.43,67.16,76.27,15.44,"{3369: 1.27, 3370: 0.0, 3367: 18.25, 3368: 9.55, 3366: 20.2}",True
3372,124950,125011,125065,bottom,78.26,73.77,83.33,17.71,"{3372: 0.0, 3373: 7.52}",True
3373,124994,125044,125086,bottom,97.83,90.0,107.14,40.82,"{3373: 0.0, 3372: 7.35}",True
3374,125126,125184,125233,bottom,84.11,77.59,91.84,29.08,"{3374: 0.0, 3375: 12.59, 3377: 16.33}",True
3375,125184,125243,125291,bottom,84.11,76.27,93.75,36.41,"{3374: 12.6, 3375: 0.0, 3377: 3.64}",True
3377,125201,125259,125310,bottom,82.57,77.59,88.24,20.88,"{3377: 0.0, 3374: 16.32, 3375: 3.63, 3385: 21.18}",True
3385,125299,125358,125408,bottom,82.57,76.27,90.0,27.46,"{3385: 0.0, 3377: 21.09, 3375: 24.28, 3386: 6.26, 3388: 15.63}",True
3386,125333,125386,125420,bottom,103.45,84.91,132.35,139.55,"{3385: 6.15, 3386: 0.0, 3388: 9.95}",True
3388,125374,125426,125471,bottom,92.78,86.54,100.0,29.91,"{3385: 15.38, 3386: 10.09, 3388: 0.0, 3397: 15.27}",True
3397,125438,125493,125542,bottom,86.54,81.82,91.84,20.45,"{3397: 0.0, 3388: 15.3}",True
3279,125519,,,bottom,,,,,{},False
3408,125568,125629,125676,bottom,83.33,73.77,95.74,46.75,{3408: 0.0},True
3410,125697,125747,,bottom,,,,,{},False
3411,125791,125846,125895,bottom,86.54,81.82,91.84,20.45,"{3411: 0.0, 3412: 12.25}",True
3412,125847,125898,125941,bottom,95.74,88.24,104.65,38.18,"{3411: 12.14, 3412: 0.0}",True
3414,126120,126180,126231,bottom,81.08,75.0,88.24,25.95,"{3414: 0.0, 3415: 8.12}",True
3415,126156,126220,126276,bottom,75.0,70.31,80.36,17.94,"{3414: 8.17, 3415: 0.0}",True
3419,126344,126410,126467,bottom,73.17,68.18,78.95,18.89,{3419: 0.0},True
3420,126481,126522,126559,bottom,115.38,109.76,121.62,32.07,{3420: 0.0},True
3422,126600,126648,126690,bottom,100.0,93.75,107.14,31.89,{3422: 0.0},True
3423,126868,126925,126975,bottom,84.11,78.95,90.0,22.11,{3423: 0.0},True
3424,126994,127047,127093,bottom,90.91,84.91,97.83,28.09,"{3424: 0.0, 3425: 9.79}",True
3425,127036,127087,127133,bottom,92.78,88.24,97.83,20.85,"{3424: 9.74, 3425: 0.0}",True
3426,127244,127309,127362,bottom,76.27,69.23,84.91,29.58,"{3426: 0.0, 3427: 6.56, 3428: 8.46, 3429: 14.69, 3430: 19.37}",True
3427,127276,127343,127400,bottom,72.58,67.16,78.95,20.67,"{3427: 0.0, 3426: 6.61, 3428: 1.7, 3429: 8.19, 3430: 11.62}",True
3428,127287,127351,127407,bottom,75.0,70.31,80.36,17.94,"{3427: 1.67, 3428: 0.0, 3426: 8.44, 3429: 6.66, 3430: 10.03}",True
3429,127317,127389,127447,bottom,69.23,62.5,77.59,26.01,"{3428: 6.75, 3429: 0.0, 3427: 8.24, 3426: 14.79, 3430: 2.64}",True
3430,127343,127399,127448,bottom,85.71,80.36,91.84,23.43,"{3429: 2.61, 3428: 9.94, 3430: 0.0, 3427: 11.44, 3426: 19.09}",True
3431,127502,127550,,bottom,,,,,{},False
3432,127615,127663,127705,bottom,100.0,93.75,107.14,31.89,"{3432: 0.0, 3433: 21.76}",True
3433,127698,127775,127835,bottom,65.69,58.44,75.0,27.6,"{3433: 0.0, 3432: 22.02, 3434: 1.67, 3437: 10.61}",True
3434,127712,127783,127841,bottom,69.77,63.38,77.59,24.49,"{3434: 0.0, 3433: 1.66, 3437: 9.46}",True
3437,127772,127828,127876,bottom,86.54,80.36,93.75,27.9,"{3437: 0.0, 3434: 9.41, 3433: 10.48}",True
3442,128049,128103,128152,bottom,87.38,83.33,91.84,17.35,{3442: 0.0},True
3443,128332,128383,128427,bottom,94.74,88.24,102.27,31.9,"{3443: 0.0, 3444: 10.49, 3445: 15.16}",True
3444,128372,128429,128478,bottom,84.91,78.95,91.84,26.3,"{3443: 10.55, 3444: 0.0, 3445: 4.77, 3447: 22.59}",True
3445,128391,128452,128506,bottom,78.26,73.77,83.33,17.71,"{3445: 0.0, 3444: 4.82, 3443: 15.28, 3447: 17.26}",True
3447,128477,128533,128583,bottom,84.91,80.36,90.0,19.29,"{3447: 0.0, 3445: 17.15, 3444: 22.68, 3448: 9.54, 3449: 22.55}",True
3448,128523,128575,128619,bottom,93.75,86.54,102.27,35.76,"{3447: 9.45, 3448: 0.0, 3449: 13.73}",True
3449,128579,128631,,bottom,,,,,{},False
3450,128658,128713,128762,bottom,86.54,81.82,91.84,20.45,"{3450: 0.0, 3449: 18.97, 3409: 15.08, 3452: 2.17, 3453: 15.32}",True
3409,128659,,,bottom,,,,,{},False
3452,128678,128722,128758,bottom,112.5,102.27,125.0,63.13,"{3452: 0.0, 3450: 2.21, 3409: 12.72, 3453: 14.69}",True
3453,128725,128782,128836,bottom,81.08,78.95,83.33,8.12,"{3453: 0.0, 3450: 15.33, 3452: 14.9, 3409: 12.65, 3456: 12.79}",True
3456,128785,128838,128884,bottom,90.91,84.91,97.83,28.09,"{3456: 0.0, 3409: 12.55, 3453: 12.67}",True
3457,128947,128997,129043,bottom,93.75,90.0,97.83,17.01,"{3457: 0.0, 3409: 12.8, 3458: 11.42}",True
3458,128993,129043,129084,bottom,98.9,90.0,109.76,48.19,"{3409: 12.67, 3458: 0.0, 3457: 11.38, 3467: 19.44}",True
3467,129069,129123,129171,bottom,88.24,83.33,93.75,21.7,"{3467: 0.0, 3409: 13.05, 3458: 19.58}",True
3468,129175,129223,129264,bottom,101.12,93.75,109.76,39.04,"{3468: 0.0, 3409: 12.8, 3467: 24.04, 3469: 9.17}",True
3469,129204,129264,129315,bottom,81.08,75.0,88.24,25.95,"{3469: 0.0, 3468: 9.32, 3409: 12.88}",True
3470,129443,129502,129552,bottom,82.57,76.27,90.0,27.46,"{3470: 0.0, 3409: 12.55}",True
3474,129600,129655,129698,bottom,91.84,81.82,104.65,53.1,"{3474: 0.0, 3409: 12.44}",True
3475,130074,130129,130177,bottom,87.38,81.82,93.75,24.86,"{3475: 0.0, 3409: 12.84}",True
3476,130203,130265,130318,bottom,78.26,72.58,84.91,23.25,"{3476: 0.0, 3409: 12.77, 3477: 16.92}",True
3477,130286,130348,130405,bottom,75.63,72.58,78.95,11.17,"{3477: 0.0, 3409: 10.79, 3476: 16.97}",True
3479,130409,,,top,,,,,{},False
3480,130419,130476,130526,bottom,84.11,78.95,90.0,22.11,"{3480: 0.0, 3409: 12.67, 3481: 19.45}",True
3481,130505,130577,130635,bottom,69.23,62.5,77.59,26.01,"{3409: 12.53, 3481: 0.0, 3480: 19.53, 3490: 22.78}",True
3490,130632,130693,,bottom,,,,,{},False
3492,130709,130767,130825,bottom,77.59,77.59,77.59,,"{3492: 0.0, 3409: 10.06, 3490: 15.61, 3493: 5.4}",True
3493,130738,130790,130833,bottom,94.74,86.54,104.65,42.12,"{3492: 5.28, 3493: 0.0, 3409: 7.67}",True
3495,130848,130919,130973,bottom,72.0,63.38,83.33,36.95,"{3495: 0.0, 3499: 18.77}",True
3499,130952,131010,131066,bottom,78.95,77.59,80.36,4.95,"{3495: 18.61, 3499: 0.0}",True
3500,131291,131356,131417,bottom,71.43,69.23,73.77,7.44,"{3500: 0.0, 3501: 7.09, 3503: 10.51, 3505: 10.61}",True
3501,131328,131393,131442,bottom,78.95,69.23,91.84,46.13,"{3500: 7.08, 3501: 0.0, 3503: 4.04, 3505: 3.49}",True
3503,131337,131420,131487,bottom,60.0,54.22,67.16,19.32,"{3503: 0.0, 3500: 10.6, 3501: 4.37, 3505: 0.78}",True
3505,131349,,,bottom,,,,,{},False
3521,131487,,,top,,,,,{},False
3523,131509,131595,131661,bottom,59.21,52.33,68.18,24.02,"{3523: 0.0, 3524: 1.41, 3528: 1.48, 3531: 4.69, 3533: 11.47, 3534: 15.61, 3535: 22.99}",True
3524,131517,131582,,bottom,,,,,{},False
3528,131535,131589,131655,bottom,75.0,83.33,68.18,-22.96,"{3523: 1.51, 3528: 0.0, 3524: 3.25, 3531: 4.5, 3533: 11.45, 3534: 16.18}",True
3531,131561,131619,131667,bottom,84.91,77.59,93.75,33.67,"{3523: 4.46, 3531: 0.0, 3528: 4.35, 3524: 8.27, 3533: 7.62, 3534: 12.77, 3535: 21.6}",True
3533,131579,131673,,bottom,,,,,{},False
3534,131619,131676,131722,bottom,87.38,78.95,97.83,41.04,"{3533: 2.4, 3534: 0.0, 3531: 12.78, 3528: 16.03, 3523: 15.06, 3535: 11.22}",True
3535,131656,131753,131831,bottom,51.43,46.39,57.69,14.49,"{3535: 0.0, 3534: 11.59, 3533: 10.45, 3531: 21.9, 3528: 23.99, 3523: 22.51, 3538: 10.46, 3539: 14.11}",True
3538,131755,131815,131866,bottom,81.08,75.0,88.24,25.95,"{3538: 0.0, 3535: 9.48, 3539: 4.83, 3540: 17.05}",True
3539,131773,131842,131897,bottom,72.58,65.22,81.82,30.18,"{3538: 4.96, 3539: 0.0, 3535: 13.42, 3540: 11.7}",True
3540,131831,131908,131974,bottom,62.94,58.44,68.18,14.76,"{3540: 0.0, 3539: 11.85, 3535: 22.6, 3538: 17.26, 3541: 10.93, 3542: 10.72, 3498: 15.56, 3544: 21.92}",True
3541,131898,131980,132042,bottom,62.5,54.88,72.58,28.55,"{3540: 10.93, 3541: 0.0, 3539: 23.78, 3542: 1.68, 3498: 4.78, 3544: 8.13}",True
3542,131904,131970,132024,bottom,75.0,68.18,83.33,28.06,"{3540: 10.48, 3541: 1.52, 3542: 0.0, 3498: 4.57, 3544: 11.5}",True
3498,131928,,,bottom,,,,,{},False
3544,131969,132023,132062,bottom,96.77,83.33,115.38,82.18,"{3544: 0.0, 3542: 11.26, 3541: 7.12, 3540: 21.43, 3550: 22.8}",True
3550,132060,132118,132166,bottom,84.91,77.59,93.75,33.67,"{3550: 0.0, 3544: 23.09}",True
3551,132238,132294,132347,bottom,82.57,80.36,84.91,8.58,"{3551: 0.0, 3555: 15.19}",True
3555,132307,132365,132415,bottom,83.33,77.59,90.0,24.83,"{3555: 0.0, 3551: 15.18}",True
3577,132476,132527,132570,bottom,95.74,88.24,104.65,38.18,{3577: 0.0},True
3578,132605,132656,132702,bottom,92.78,88.24,97.83,20.85,{3578: 0.0},True
3579,132706,132764,132815,bottom,82.57,77.59,88.24,20.88,"{3579: 0.0, 3578: 24.15, 3580: 9.73, 3581: 22.29}",True
3580,132750,132811,132864,bottom,78.95,73.77,84.91,21.01,"{3580: 0.0, 3579: 9.76, 3581: 12.04}",True
3581,132810,132867,132916,bottom,84.91,78.95,91.84,26.3,"{3579: 22.3, 3581: 0.0, 3580: 11.99}",True
3582,133189,133244,133293,bottom,86.54,81.82,91.84,20.45,"{3582: 0.0, 3583: 9.77, 3584: 20.88}",True
3583,133231,133286,133333,bottom,88.24,81.82,95.74,29.63,"{3583: 0.0, 3582: 9.64, 3584: 11.05}",True
3584,133282,133334,,bottom,,,,,{},False
3585,133343,133393,133441,bottom,91.84,90.0,93.75,7.81,"{3585: 0.0, 3584: 14.62}",True
3588,133657,133715,133771,bottom,78.95,77.59,80.36,4.95,{3588: 0.0},True
3590,133903,133952,133997,bottom,95.74,91.84,100.0,18.14,"{3590: 0.0, 3591: 13.8}",True
3591,133956,134013,134062,bottom,84.91,78.95,91.84,26.3,"{3591: 0.0, 3590: 13.84}",True
3592,134142,134190,134233,bottom,98.9,93.75,104.65,25.35,"{3592: 0.0, 3593: 8.65}",True
3593,134174,134225,134268,bottom,95.74,88.24,104.65,38.18,"{3592: 8.68, 3593: 0.0, 3594: 19.59}",True
3594,134253,134309,,bottom,,,,,{},False
3596,134339,134393,134440,bottom,89.11,83.33,95.74,26.41,"{3596: 0.0, 3594: 19.37, 3597: 19.91}",True
3597,134425,134479,134524,bottom,90.91,83.33,100.0,37.04,"{3597: 0.0, 3596: 19.92, 3598: 11.14}",True
3598,134472,134529,134581,bottom,82.57,78.95,86.54,14.6,"{3598: 0.0, 3597: 11.2}",True
3602,134625,134681,134729,bottom,86.54,80.36,93.75,27.9,{3602: 0.0},True
3604,134808,134855,134898,bottom,100.0,95.74,104.65,20.71,{3604: 0.0},True
3605,135091,135143,135191,bottom,90.0,86.54,93.75,15.02,"{3605: 0.0, 3606: 9.57}",True
3606,135131,135185,135233,bottom,88.24,83.33,93.75,21.7,"{3605: 9.55, 3606: 0.0, 3608: 20.81}",True
3608,135223,135277,135324,bottom,89.11,83.33,95.74,26.41,"{3608: 0.0, 3606: 20.88}",True
3609,135337,135381,135421,bottom,107.14,102.27,112.5,25.57,{3609: 0.0},True
3610,135555,135614,135671,bottom,77.59,76.27,78.95,4.7,"{3610: 0.0, 3614: 11.12, 3615: 13.29}",True
3614,135607,135670,135721,bottom,78.95,71.43,88.24,32.95,"{3614: 0.0, 3610: 11.05, 3615: 1.39, 3616: 12.59, 3617: 16.01}",True
3615,135623,135674,135718,bottom,94.74,88.24,102.27,31.9,"{3614: 1.39, 3615: 0.0, 3610: 12.89, 3616: 12.74, 3617: 16.48}",True
3616,135674,135726,135778,bottom,86.54,86.54,86.54,,"{3616: 0.0, 3615: 12.74, 3614: 12.32, 3617: 4.13, 3618: 13.18, 3622: 20.89}",True
3617,135688,135748,135804,bottom,77.59,75.0,80.36,9.57,"{3616: 4.18, 3617: 0.0, 3615: 16.6, 3614: 15.94, 3618: 9.0, 3622: 16.22, 3623: 22.01}",True
3618,135731,135793,135846,bottom,78.26,72.58,84.91,23.25,"{3618: 0.0, 3617: 8.96, 3616: 13.28, 3622: 6.63, 3623: 15.08}",True
3622,135768,135823,135871,bottom,87.38,81.82,93.75,24.86,"{3622: 0.0, 3618: 6.48, 3617: 16.11, 3616: 20.98, 3623: 9.4, 3624: 20.2}",True
3623,135803,135871,135926,bottom,73.17,66.18,81.82,28.44,"{3623: 0.0, 3622: 9.58, 3618: 15.09, 3617: 23.02, 3624: 8.86, 3625: 14.91}",True
3624,135856,135915,,bottom,,,,,{},False
3625,135887,135942,135984,bottom,92.78,81.82,107.14,60.3,"{3625: 0.0, 3624: 6.5, 3623: 14.68, 3626: 12.29}",True
3626,135939,135999,136050,bottom,81.08,75.0,88.24,25.95,"{3626: 0.0, 3625: 12.41, 3624: 18.76, 3627: 19.04}",True
3627,136030,136084,136132,bottom,88.24,83.33,93.75,21.7,"{3627: 0.0, 3626: 18.93}",True
3628,136159,136219,136276,bottom,76.92,75.0,78.95,6.93,"{3628: 0.0, 3629: 8.92, 3631: 14.32}",True
3629,136204,136257,,bottom,,,,,{},False
3631,136227,136288,,bottom,,,,,{},False
3642,136294,136357,136409,bottom,78.26,71.43,86.54,29.06,"{3642: 0.0, 3631: 13.92, 3644: 20.74, 3645: 16.86}",True
3644,136308,,,top,,,,,{},False
3645,136381,136431,136479,bottom,91.84,90.0,93.75,7.81,"{3645: 0.0, 3642: 16.68, 3646: 16.96}",True
3646,136449,136511,136565,bottom,77.59,72.58,83.33,19.91,"{3646: 0.0, 3645: 17.03, 3647: 16.31}",True
3647,136532,136586,136640,bottom,83.33,83.33,83.33,,"{3647: 0.0, 3646: 16.09, 3648: 19.47}",True
3648,136620,136666,136706,bottom,104.65,97.83,112.5,36.68,"{3648: 0.0, 3647: 18.86}",True
3649,136780,136836,136886,bottom,84.91,80.36,90.0,19.29,"{3649: 0.0, 3650: 7.57}",True
3650,136812,136873,136927,bottom,78.26,73.77,83.33,17.71,"{3650: 0.0, 3649: 7.65, 3651: 20.09}",True
3651,136909,136967,137017,bottom,83.33,77.59,90.0,24.83,"{3651: 0.0, 3650: 20.01, 3649: 19.86, 3652: 3.19, 3653: 10.98}",True
3652,136932,136981,137024,bottom,97.83,91.84,104.65,29.8,"{3651: 3.07, 3652: 0.0, 3653: 8.38, 3662: 0.92}",True
3653,136961,137017,137066,bottom,85.71,80.36,91.84,23.43,"{3653: 0.0, 3651: 10.92, 3652: 8.46, 3662: 9.59}",True
3662,137021,,,top,,,,,{},False
3667,137313,137357,137394,bottom,111.11,102.27,121.62,52.29,"{3667: 0.0, 3668: 18.45}",True
3668,137377,137420,137460,bottom,108.43,104.65,112.5,19.62,"{3668: 0.0, 3667: 18.48, 3669: 5.76}",True
3669,137395,137441,137481,bottom,104.65,97.83,112.5,36.68,"{3669: 0.0, 3668: 5.78, 3667: 23.81}",True
3670,137559,137607,137648,bottom,101.12,93.75,109.76,39.04,"{3670: 0.0, 3671: 18.79}",True
3671,137632,137673,137708,bottom,118.42,109.76,128.57,53.76,"{3671: 0.0, 3670: 18.63}",True
3672,137755,137806,137849,bottom,95.74,88.24,104.65,38.18,"{3672: 0.0, 3673: 7.77}",True
3673,137787,137838,137884,bottom,92.78,88.24,97.83,20.85,"{3672: 7.79, 3673: 0.0}",True
3675,137930,137985,,bottom,,,,,{},False
3676,137977,138036,138091,bottom,78.95,76.27,81.82,10.09,"{3676: 0.0, 3675: 10.51, 3677: 16.54, 3679: 20.82}",True
3677,138052,138126,138209,bottom,57.32,60.81,54.22,-7.94,"{3677: 0.0, 3676: 16.62, 3679: 3.14}",True
3679,138075,138144,,bottom,,,,,{},False
3683,138210,,,top,,,,,{},False
3684,138371,138424,138467,bottom,93.75,84.91,104.65,45.92,"{3684: 0.0, 3685: 11.77}",True
3685,138421,138474,138517,bottom,93.75,84.91,104.65,45.92,"{3685: 0.0, 3684: 11.77, 3686: 16.62}",True
3686,138491,138547,138593,bottom,88.24,80.36,97.83,37.98,"{3686: 0.0, 3685: 16.75, 3687: 17.97}",True
3687,138571,138625,138674,bottom,87.38,83.33,91.84,17.35,"{3687: 0.0, 3686: 17.87, 3688: 12.13, 3689: 16.14, 3690: 22.6}",True
3688,138623,138677,138722,bottom,90.91,83.33,100.0,37.04,"{3688: 0.0, 3687: 12.07, 3689: 4.16, 3690: 11.18}",True
3689,138639,138696,138740,bottom,89.11,78.95,102.27,53.01,"{3688: 4.15, 3689: 0.0, 3687: 16.09, 3690: 7.12, 3691: 21.9}",True
3690,138670,138727,138771,bottom,89.11,78.95,102.27,53.01,"{3689: 7.19, 3688: 11.25, 3690: 0.0, 3687: 22.5, 3691: 14.79, 3692: 16.38}",True
3691,138736,138800,138853,bottom,76.92,70.31,84.91,27.53,"{3691: 0.0, 3689: 21.82, 3690: 15.11, 3692: 1.03, 3693: 20.4}",True
3692,138746,138798,138843,bottom,92.78,86.54,100.0,29.91,"{3692: 0.0, 3691: 0.98, 3690: 16.41, 3689: 23.14, 3693: 22.62}",True
3693,138839,138896,138948,bottom,82.57,78.95,86.54,14.6,"{3693: 0.0, 3691: 20.22, 3692: 22.08}",True
3694,138935,138984,139024,bottom,101.12,91.84,112.5,51.66,"{3694: 0.0, 3693: 20.05, 3695: 8.74, 3545: 17.81}",True
3695,138968,139019,139062,bottom,95.74,88.24,104.65,38.18,"{3694: 8.83, 3695: 0.0, 3545: 8.95, 3696: 16.34}",True
3545,139004,,,bottom,,,,,{},False
3696,139032,139085,139129,bottom,92.78,84.91,102.27,39.47,"{3696: 0.0, 3695: 16.35}",True
3699,139194,139252,139301,bottom,84.11,77.59,91.84,29.08,"{3699: 0.0, 3700: 17.99}",True
3700,139277,139336,,bottom,,,,,{},False
3702,139314,139372,139422,bottom,83.33,77.59,90.0,24.83,"{3702: 0.0, 3700: 7.86}",True
3697,139452,,,bottom,,,,,{},False
3704,139460,139516,,bottom,,,,,{},False
3706,139498,139558,139603,bottom,85.71,75.0,100.0,55.56,"{3704: 9.0, 3706: 0.0}",True
3711,139647,139705,139751,bottom,86.54,77.59,97.83,44.0,"{3711: 0.0, 3712: 13.69}",True
3712,139711,139762,139809,bottom,91.84,88.24,95.74,15.98,"{3712: 0.0, 3711: 13.63, 3713: 11.09}",True
3713,139757,139808,139854,bottom,92.78,88.24,97.83,20.85,"{3713: 0.0, 3712: 11.04, 3711: 23.96}",True
3714,139898,139953,140000,bottom,88.24,81.82,95.74,29.63,{3714: 0.0},True
3715,140394,140452,,bottom,,,,,{},False
3717,140543,140604,140656,bottom,79.65,73.77,86.54,24.55,"{3717: 0.0, 3718: 2.8, 3719: 20.49}",True
3718,140560,140614,,bottom,,,,,{},False
3719,140642,140697,140746,bottom,86.54,81.82,91.84,20.45,"{3719: 0.0, 3717: 20.3, 3718: 19.15}",True
3720,140765,140820,140868,bottom,87.38,81.82,93.75,24.86,{3720: 0.0},True
3726,140897,140952,141000,bottom,87.38,81.82,93.75,24.86,{3726: 0.0},True
3727,141040,141104,141159,bottom,75.63,70.31,81.82,20.92,"{3727: 0.0, 3734: 17.51}",True
3734,141130,141190,141241,bottom,81.08,75.0,88.24,25.95,"{3734: 0.0, 3727: 17.43, 3735: 7.14, 3736: 15.27}",True
3735,141165,141224,141273,bottom,83.33,76.27,91.84,31.77,"{3734: 7.1, 3735: 0.0, 3727: 24.17, 3736: 8.32}",True
3736,141204,141262,141313,bottom,82.57,77.59,88.24,20.88,"{3735: 8.34, 3736: 0.0, 3734: 15.22, 3737: 15.95, 3738: 15.54}",True
3737,141273,141345,141405,bottom,68.18,62.5,75.0,20.83,"{3736: 16.06, 3737: 0.0, 3735: 23.83, 3738: 2.29, 3739: 8.4, 3740: 15.79}",True
3738,141278,141333,141377,bottom,90.91,81.82,102.27,46.49,"{3738: 0.0, 3737: 2.06, 3736: 15.44, 3739: 12.22, 3740: 20.7}",True
3739,141330,141387,,bottom,,,,,{},False
3740,141367,141426,141473,bottom,84.91,76.27,95.74,41.43,"{3737: 15.09, 3739: 8.07, 3740: 0.0, 3738: 20.54, 3741: 11.68, 3742: 18.34}",True
3741,141422,141479,141525,bottom,87.38,78.95,97.83,41.04,"{3741: 0.0, 3740: 11.68, 3739: 19.95, 3737: 20.07, 3742: 7.33, 3744: 20.52}",True
3742,141450,141516,141573,bottom,73.17,68.18,78.95,18.89,"{3742: 0.0, 3741: 7.49, 3740: 18.42, 3744: 10.43}",True
3744,141516,141564,141609,bottom,96.77,93.75,100.0,13.89,"{3744: 0.0, 3742: 10.18, 3741: 20.34}",True
3745,142080,142121,142155,bottom,120.0,109.76,132.35,66.46,"{3745: 0.0, 3746: 13.45}",True
3746,142116,142183,142225,bottom,82.57,67.16,107.14,95.19,"{3746: 0.0, 3745: 13.78, 3747: 15.37}",True
3747,142198,142245,142290,bottom,97.83,95.74,100.0,9.46,"{3747: 0.0, 3746: 13.03}",True
3748,142310,142367,142415,bottom,85.71,78.95,93.75,30.84,"{3748: 0.0, 3750: 9.25}",True
3750,142352,142408,142455,bottom,87.38,80.36,95.74,32.74,"{3750: 0.0, 3748: 9.26, 3751: 14.87}",True
3751,142419,142471,142518,bottom,90.91,86.54,95.74,19.59,"{3751: 0.0, 3750: 14.81}",True
3752,142557,142611,142657,bottom,90.0,83.33,97.83,31.51,{3752: 0.0},True
3753,142734,142801,,bottom,,,,,{},False
3754,142839,142895,,bottom,,,,,{},False
3755,142888,142948,143010,bottom,73.77,75.0,72.58,-3.9,"{3755: 0.0, 3754: 11.1, 3756: 7.08, 3757: 15.08, 3758: 18.74}",True
3756,142924,142985,143037,bottom,79.65,73.77,86.54,24.55,"{3756: 0.0, 3755: 7.05, 3754: 18.9, 3757: 8.23, 3758: 12.03}",True
3757,142965,,,bottom,,,,,{},False
3758,142981,143041,143091,bottom,81.82,75.0,90.0,30.0,"{3758: 0.0, 3756: 11.95, 3755: 18.68, 3757: 4.28, 3761: 15.63}",True
3761,143056,143120,,bottom,,,,,{},False
3768,143151,143206,143248,bottom,92.78,81.82,107.14,60.3,"{3768: 0.0, 3761: 18.48, 3767: 20.05, 3769: 7.93}",True
3767,143165,,,top,,,,,{},False
3769,143184,143240,143287,bottom,87.38,80.36,95.74,32.74,"{3768: 8.0, 3769: 0.0, 3771: 18.11}",True
3771,143264,143320,143369,bottom,85.71,80.36,91.84,23.43,"{3771: 0.0, 3769: 18.12, 3772: 3.6, 3773: 15.91}",True
3772,143289,143335,143374,bottom,105.88,97.83,115.38,45.02,"{3772: 0.0, 3771: 3.44, 3769: 23.41, 3773: 13.61}",True
3773,143335,143393,143443,bottom,83.33,77.59,90.0,24.83,"{3773: 0.0, 3771: 15.92, 3772: 13.82, 3774: 12.4, 3776: 21.32}",True
3774,143394,143448,143495,bottom,89.11,83.33,95.74,26.41,"{3773: 12.32, 3774: 0.0, 3776: 9.42}",True
3776,143433,143490,143539,bottom,84.91,78.95,91.84,26.3,"{3776: 0.0, 3773: 21.27, 3774: 9.45}",True
3779,143726,143773,143814,bottom,102.27,95.74,109.76,34.17,"{3779: 0.0, 3783: 22.55}",True
3783,143809,143865,143909,bottom,90.0,80.36,102.27,49.81,"{3783: 0.0, 3779: 22.34, 3784: 19.35}",True
3784,143891,143948,143999,bottom,83.33,78.95,88.24,18.21,"{3784: 0.0, 3783: 19.44, 3785: 16.86}",True
3785,143970,144021,144068,bottom,91.84,88.24,95.74,15.98,"{3785: 0.0, 3784: 16.73, 3786: 22.49}",True
3786,144064,144117,,bottom,,,,,{},False
3789,144183,144235,144282,bottom,90.91,86.54,95.74,19.59,"{3789: 0.0, 3790: 17.17}",True
3790,144258,144301,144337,bottom,113.92,104.65,125.0,56.52,"{3790: 0.0, 3789: 16.95, 3796: 8.29}",True
3796,144285,144329,144373,bottom,102.27,102.27,102.27,,"{3790: 8.35, 3796: 0.0, 3789: 23.94}",True
3798,144582,144640,144692,bottom,81.82,77.59,86.54,17.22,"{3798: 0.0, 3799: 9.44}",True
3799,144627,144685,144737,bottom,81.82,77.59,86.54,17.22,"{3798: 9.4, 3799: 0.0}",True
3800,144831,144881,144926,bottom,94.74,90.0,100.0,22.22,"{3800: 0.0, 3801: 14.73, 3707: 22.05}",True
3801,144890,144942,144992,bottom,88.24,86.54,90.0,6.92,"{3801: 0.0, 3800: 14.75, 3707: 7.23, 3803: 17.22}",True
3707,144918,,,bottom,,,,,{},False
3803,144960,145017,145064,bottom,86.54,78.95,95.74,35.74,"{3803: 0.0, 3801: 17.22, 3805: 12.74}",True
3805,145021,145069,145110,bottom,101.12,93.75,109.76,39.04,"{3803: 12.68, 3805: 0.0}",True
3816,145158,145218,,bottom,,,,,{},False
3818,145195,145252,145302,bottom,84.11,78.95,90.0,22.11,"{3818: 0.0, 3816: 7.31, 3819: 5.65}",True
3819,145224,145277,145321,bottom,92.78,84.91,102.27,39.47,"{3819: 0.0, 3818: 5.51, 3816: 13.21}",True
3820,145419,145473,145516,bottom,92.78,83.33,104.65,49.58,"{3820: 0.0, 3821: 12.76}",True
3821,145471,145529,145579,bottom,83.33,77.59,90.0,24.83,"{3820: 12.89, 3821: 0.0}",True
3822,145617,145672,145715,bottom,91.84,81.82,104.65,53.1,"{3822: 0.0, 3823: 16.69, 3824: 18.52}",True
3823,145690,145745,145791,bottom,89.11,81.82,97.83,34.8,"{3823: 0.0, 3822: 16.57, 3824: 2.7, 3825: 6.53}",True
3824,145696,145760,145815,bottom,75.63,70.31,81.82,20.92,"{3824: 0.0, 3823: 2.85, 3822: 18.54, 3825: 2.91}",True
3825,145718,145773,145824,bottom,84.91,81.82,88.24,12.58,"{3825: 0.0, 3824: 2.84, 3823: 6.55, 3822: 22.5}",True
3826,145871,145934,145990,bottom,75.63,71.43,80.36,15.94,"{3826: 0.0, 3827: 10.45}",True
3827,145929,145982,146027,bottom,91.84,84.91,100.0,33.54,"{3827: 0.0, 3826: 10.24}",True
3828,146111,146182,146242,bottom,68.7,63.38,75.0,19.37,{3828: 0.0},True
3829,146250,146314,146368,bottom,76.27,70.31,83.33,24.11,"{3829: 0.0, 3828: 24.53, 3830: 17.5}",True
3830,146340,146397,146448,bottom,83.33,78.95,88.24,18.21,"{3830: 0.0, 3829: 17.4}",True
3831,146613,146663,146705,bottom,97.83,90.0,107.14,40.82,{3831: 0.0},True
3833,146752,146808,146857,bottom,85.71,80.36,91.84,23.43,"{3833: 0.0, 3834: 2.64, 3835: 21.69}",True
3834,146762,146819,146869,bottom,84.11,78.95,90.0,22.11,"{3833: 2.63, 3834: 0.0, 3835: 18.63}",True
3835,146848,146901,146948,bottom,90.0,84.91,95.74,23.06,"{3835: 0.0, 3834: 18.51, 3833: 21.52}",True
3836,146953,147005,147050,bottom,92.78,86.54,100.0,29.91,"{3836: 0.0, 3835: 24.69}",True
3837,147151,147203,147252,bottom,89.11,86.54,91.84,10.81,"{3837: 0.0, 3838: 6.02, 3839: 8.16}",True
3838,147170,147244,147302,bottom,68.18,60.81,77.59,28.92,"{3837: 6.02, 3838: 0.0, 3839: 2.11, 3849: 14.37}",True
3839,147187,147238,147284,bottom,92.78,88.24,97.83,20.85,"{3839: 0.0, 3837: 8.0, 3838: 2.06, 3849: 17.3}",True
3849,147259,147307,147347,bottom,102.27,93.75,112.5,46.88,"{3849: 0.0, 3839: 17.06, 3837: 23.64, 3838: 13.74, 3858: 11.33, 3860: 19.87}",True
3858,147305,,,top,,,,,{},False
3860,147334,147385,147435,bottom,89.11,88.24,90.0,3.53,"{3860: 0.0, 3849: 19.93}",True
3862,147562,147617,147671,bottom,82.57,81.82,83.33,2.81,"{3862: 0.0, 3863: 6.27, 3864: 13.79}",True
3863,147589,147645,147700,bottom,81.08,80.36,81.82,2.66,"{3863: 0.0, 3862: 6.27, 3864: 7.77, 3869: 22.5}",True
3804,147589,,,bottom,,,,,{},False
3864,147621,147682,147744,bottom,73.17,73.77,72.58,-1.92,"{3864: 0.0, 3863: 7.81, 3862: 13.96, 3869: 12.67}",True
3869,147692,147745,147790,bottom,91.84,84.91,100.0,33.54,"{3869: 0.0, 3864: 12.43, 3863: 22.35, 3872: 13.34, 3873: 22.31}",True
3872,147748,147800,147840,bottom,97.83,86.54,112.5,64.9,"{3869: 13.28, 3872: 0.0, 3873: 9.37}",True
3873,147786,147839,147885,bottom,90.91,84.91,97.83,28.09,"{3872: 9.45, 3873: 0.0, 3869: 22.2}",True
3877,147961,148014,148060,bottom,90.91,84.91,97.83,28.09,{3877: 0.0},True
3878,148084,148138,148182,bottom,91.84,83.33,102.27,43.04,{3878: 0.0},True
3879,148359,148415,148463,bottom,86.54,80.36,93.75,27.9,{3879: 0.0},True
3880,148580,148628,148669,bottom,101.12,93.75,109.76,39.04,"{3880: 0.0, 3881: 10.6}",True
3881,148617,148674,148723,bottom,84.91,78.95,91.84,26.3,"{3881: 0.0, 3880: 10.76, 3882: 11.62}",True
3882,148671,148724,148770,bottom,90.91,84.91,97.83,28.09,"{3882: 0.0, 3881: 11.56, 3880: 23.7, 3883: 20.33, 3884: 20.35}",True
3883,148759,148804,148846,bottom,103.45,100.0,107.14,17.01,"{3883: 0.0, 3884: 0.62, 3882: 20.2, 3885: 22.71}",True
3884,148759,148807,148849,bottom,100.0,93.75,107.14,31.89,"{3883: 0.61, 3884: 0.0, 3882: 20.3, 3885: 21.78}",True
3885,148843,148895,148942,bottom,90.91,86.54,95.74,19.59,"{3885: 0.0, 3884: 21.85, 3883: 22.35, 3886: 2.88}",True
3886,148857,148907,148952,bottom,94.74,90.0,100.0,22.22,"{3885: 2.84, 3886: 0.0}",True
3889,148980,149037,149087,bottom,84.11,78.95,90.0,22.11,{3889: 0.0},True
3890,149273,149335,149386,bottom,79.65,72.58,88.24,30.7,"{3890: 0.0, 3891: 9.98, 3893: 17.92}",True
3891,149324,149383,149433,bottom,82.57,76.27,90.0,27.46,"{3890: 9.94, 3891: 0.0, 3893: 6.98, 3895: 14.1}",True
3893,149362,149413,149458,bottom,93.75,88.24,100.0,26.14,"{3893: 0.0, 3891: 6.84, 3890: 17.54, 3895: 8.01, 3896: 4.89}",True
3895,149391,149450,149499,bottom,83.33,76.27,91.84,31.77,"{3893: 8.11, 3895: 0.0, 3891: 14.1, 3890: 23.65, 3896: 13.52}",True
3896,149440,,,top,,,,,{},False
3898,149500,,,top,,,,,{},False
3899,149519,149585,149644,bottom,72.0,68.18,76.27,13.71,"{3899: 0.0, 3900: 20.48}",True
3900,149629,149686,149732,bottom,87.38,78.95,97.83,41.04,"{3900: 0.0, 3899: 20.33}",True
3901,149851,149904,149949,bottom,91.84,84.91,100.0,33.54,"{3901: 0.0, 3902: 19.24}",True
3902,149931,150002,150062,bottom,68.7,63.38,75.0,19.37,"{3902: 0.0, 3901: 19.92}",True
3903,150096,150142,,bottom,,,,,{},False
3904,150142,150186,150227,bottom,105.88,102.27,109.76,18.25,"{3904: 0.0, 3903: 12.08, 3905: 3.83, 3906: 9.75}",True
3905,150148,150201,150255,bottom,84.11,84.91,83.33,-2.91,"{3905: 0.0, 3904: 4.06, 3903: 14.92, 3906: 4.79}",True
3906,150174,150225,150270,bottom,93.75,88.24,100.0,26.14,"{3905: 4.67, 3906: 0.0, 3904: 9.83, 3903: 20.94}",True
3907,150371,150428,150485,bottom,78.95,78.95,78.95,,"{3907: 0.0, 3908: 9.6}",True
3908,150414,150473,150522,bottom,83.33,76.27,91.84,31.77,"{3908: 0.0, 3907: 9.59, 3910: 19.81, 3911: 22.1}",True
3910,150507,150563,150606,bottom,90.91,80.36,104.65,56.5,"{3910: 0.0, 3908: 19.71, 3911: 1.86, 3914: 12.14}",True
3911,150518,150569,150615,bottom,92.78,88.24,97.83,20.85,"{3911: 0.0, 3910: 1.8, 3908: 21.96, 3914: 10.52}",True
3914,150560,150613,150660,bottom,90.0,84.91,95.74,23.06,"{3911: 10.54, 3910: 12.08, 3914: 0.0}",True
3915,150777,150833,150880,bottom,87.38,80.36,95.74,32.74,"{3915: 0.0, 3916: 18.88}",True
3916,150862,150910,150953,bottom,98.9,93.75,104.65,25.35,"{3916: 0.0, 3915: 18.71}",True
3917,150963,151018,151067,bottom,86.54,81.82,91.84,20.45,{3917: 0.0},True
3918,151297,151345,151385,bottom,102.27,93.75,112.5,46.88,"{3918: 0.0, 3919: 16.72}",True
3919,151360,151410,151455,bottom,94.74,90.0,100.0,22.22,"{3919: 0.0, 3918: 16.81, 3920: 12.63}",True
3920,151408,151465,151522,bottom,78.95,78.95,78.95,,"{3919: 12.7, 3920: 0.0, 3921: 14.92}",True
3921,151478,151533,151588,bottom,81.82,81.82,81.82,,"{3921: 0.0, 3920: 14.77, 3922: 11.59, 3923: 18.58}",True
3922,151532,151585,151631,bottom,90.91,84.91,97.83,28.09,"{3921: 11.49, 3922: 0.0, 3923: 7.75, 3927: 17.41, 3929: 21.71}",True
3923,151562,151624,151678,bottom,77.59,72.58,83.33,19.91,"{3923: 0.0, 3922: 7.82, 3921: 18.51, 3927: 8.13, 3929: 12.95}",True
3927,151607,151661,151706,bottom,90.91,83.33,100.0,37.04,"{3923: 7.93, 3927: 0.0, 3922: 17.36, 3929: 5.62, 3930: 18.97}",True
3929,151626,151688,151744,bottom,76.27,72.58,80.36,13.89,"{3929: 0.0, 3927: 5.77, 3923: 12.88, 3922: 21.62, 3930: 11.46, 3931: 19.48}",True
3930,151688,151741,151787,bottom,90.91,84.91,97.83,28.09,"{3930: 0.0, 3927: 18.97, 3929: 11.38, 3931: 9.14, 3932: 21.62}",True
3931,151725,151783,,bottom,,,,,{},False
3932,151779,,,bottom,,,,,{},False
3933,151805,151857,151902,bottom,92.78,86.54,100.0,29.91,"{3932: 3.44, 3933: 0.0, 3934: 5.89, 3935: 16.4, 3937: 15.31}",True
3934,151829,,,bottom,,,,,{},False
3935,151835,,,top,,,,,{},False
3937,151868,151922,151963,bottom,94.74,83.33,109.76,64.45,"{3937: 0.0, 3933: 15.39, 3932: 17.27, 3938: 4.78, 3939: 20.27}",True
3938,151944,,,top,,,,,{},False
3939,151949,152010,152062,bottom,79.65,73.77,86.54,24.55,"{3939: 0.0, 3937: 20.49, 3938: 24.18, 3940: 8.59, 3941: 15.36, 3942: 20.5}",True
3940,151987,152056,,bottom,,,,,{},False
3941,152022,152086,152124,bottom,88.24,70.31,118.42,126.6,"{3940: 5.99, 3941: 0.0, 3939: 15.42, 3942: 5.63, 3943: 8.86, 3944: 19.6}",True
3942,152048,152115,152171,bottom,73.17,67.16,80.36,23.56,"{3941: 5.93, 3942: 0.0, 3940: 11.03, 3939: 20.58, 3943: 3.32, 3944: 12.72, 3946: 19.06}",True
3943,152063,152132,152194,bottom,68.7,65.22,72.58,11.88,"{3942: 3.31, 3941: 9.26, 3939: 23.64, 3943: 0.0, 3940: 13.96, 3944: 9.01, 3946: 15.09, 3950: 20.0}",True
3944,152114,152181,152242,bottom,70.31,67.16,73.77,10.83,"{3944: 0.0, 3943: 9.01, 3942: 12.63, 3941: 19.5, 3946: 6.08, 3950: 11.13}",True
3946,152145,152216,152304,bottom,56.6,63.38,51.14,-13.91,"{3946: 0.0, 3944: 6.31, 3943: 15.1, 3941: 23.96, 3942: 18.89, 3950: 5.03, 3956: 4.72, 3960: 20.72}",True
3950,152174,152242,,bottom,,,,,{},False
3956,152273,,,top,,,,,{},False
3960,152284,152356,152417,bottom,67.67,62.5,73.77,18.48,"{3960: 0.0, 3946: 20.6}",True
3963,152539,152600,,bottom,,,,,{},False
3964,152614,152666,152712,bottom,91.84,86.54,97.83,24.54,"{3964: 0.0, 3963: 15.32, 3965: 9.7, 3966: 15.18}",True
3965,152645,152718,,bottom,,,,,{},False
3966,152675,152735,,bottom,,,,,{},False
3969,152725,152776,152819,bottom,95.74,88.24,104.65,38.18,"{3969: 0.0, 3965: 12.44, 3966: 9.07, 3980: 22.35}",True
3980,152815,152875,152931,bottom,77.59,75.0,80.36,9.57,"{3980: 0.0, 3969: 22.44, 3981: 15.5}",True
3981,152892,152949,153000,bottom,83.33,78.95,88.24,18.21,"{3981: 0.0, 3980: 15.42}",True
3982,153029,153090,153144,bottom,78.26,73.77,83.33,17.71,{3982: 0.0},True
3988,153184,153239,153288,bottom,86.54,81.82,91.84,20.45,"{3988: 0.0, 3995: 21.83}",True
3995,153281,153340,153393,bottom,80.36,76.27,84.91,16.29,"{3995: 0.0, 3988: 21.84, 3996: 8.17}",True
3996,153327,153376,153416,bottom,101.12,91.84,112.5,51.66,"{3996: 0.0, 3995: 7.91}",True
3997,153504,153563,153614,bottom,81.82,76.27,88.24,23.46,"{3997: 0.0, 3999: 15.96}",True
3999,153579,153638,153689,bottom,81.82,76.27,88.24,23.46,"{3999: 0.0, 3997: 15.95, 4000: 8.43, 4001: 14.84, 4002: 15.78}",True
4000,153622,153676,153722,bottom,90.0,83.33,97.83,31.51,"{3999: 8.39, 4000: 0.0, 4001: 6.98, 4002: 7.55, 4008: 19.51}",True
4001,153648,153708,153759,bottom,81.08,75.0,88.24,25.95,"{3999: 14.85, 4001: 0.0, 4000: 7.06, 4002: 0.61, 4008: 11.08}",True
4002,153656,153708,,bottom,,,,,{},False
4008,153706,153756,153800,bottom,95.74,90.0,102.27,27.89,"{4008: 0.0, 4001: 10.88, 4002: 11.81, 4000: 19.2, 4009: 23.25}",True
4009,153799,153850,,bottom,,,,,{},False
4010,154050,154093,154132,bottom,109.76,104.65,115.38,27.52,{4010: 0.0},True
4015,154161,154213,154263,bottom,88.24,86.54,90.0,6.92,{4015: 0.0},True
4016,154509,154559,,bottom,,,,,{},False
4018,154519,154574,154622,bottom,87.38,81.82,93.75,24.86,"{4018: 0.0, 4016: 3.45}",True
4024,154626,154682,154732,bottom,84.91,80.36,90.0,19.29,"{4024: 0.0, 4018: 24.03}",True
4026,154791,154842,154886,bottom,94.74,88.24,102.27,31.9,"{4026: 0.0, 4027: 9.24}",True
4027,154829,154881,154924,bottom,94.74,86.54,104.65,42.12,"{4027: 0.0, 4026: 9.28, 4028: 15.96}",True
4028,154897,154942,154983,bottom,104.65,100.0,109.76,23.8,"{4028: 0.0, 4027: 15.85}",True
4029,155261,155329,155389,bottom,70.31,66.18,75.0,14.71,"{4029: 0.0, 4030: 1.63}",True
4030,155271,155324,155367,bottom,93.75,84.91,104.65,45.92,"{4029: 1.47, 4030: 0.0}",True
4034,155429,155485,155535,bottom,84.91,80.36,90.0,19.29,"{4034: 0.0, 4035: 1.7, 4036: 16.32}",True
4035,155447,155488,155522,bottom,120.0,109.76,132.35,66.46,"{4035: 0.0, 4034: 1.65, 4036: 17.94}",True
4036,155504,155554,155595,bottom,98.9,90.0,109.76,48.19,"{4036: 0.0, 4034: 16.16, 4035: 18.07, 4037: 20.61}",True
4037,155584,155638,155683,bottom,90.91,83.33,100.0,37.04,"{4037: 0.0, 4036: 20.7}",True
4038,155713,155774,155826,bottom,79.65,73.77,86.54,24.55,"{4038: 0.0, 4039: 19.08}",True
4039,155807,155858,155902,bottom,94.74,88.24,102.27,31.9,"{4039: 0.0, 4038: 18.94}",True
4040,155958,156013,156060,bottom,88.24,81.82,95.74,29.63,"{4040: 0.0, 4041: 14.75, 4042: 17.27}",True
4041,156022,156079,156129,bottom,84.11,78.95,90.0,22.11,"{4041: 0.0, 4040: 14.79, 4042: 3.03}",True
4042,156031,156094,156145,bottom,78.95,71.43,88.24,32.95,"{4042: 0.0, 4041: 3.03, 4040: 17.38}",True
4043,156167,156227,156278,bottom,81.08,75.0,88.24,25.95,"{4043: 0.0, 4044: 4.74, 4045: 22.66}",True
4044,156196,156247,156290,bottom,95.74,88.24,104.65,38.18,"{4043: 4.59, 4044: 0.0, 4045: 19.78}",True
4045,156275,156336,156383,bottom,83.33,73.77,95.74,46.75,"{4045: 0.0, 4044: 19.87, 4043: 22.15, 4055: 15.1}",True
4055,156350,156399,156442,bottom,97.83,91.84,104.65,29.8,"{4055: 0.0, 4045: 14.92}",True
4059,156626,156672,156715,bottom,101.12,97.83,104.65,15.87,{4059: 0.0},True
4060,156812,156869,156920,bottom,83.33,78.95,88.24,18.21,"{4060: 0.0, 4061: 9.07}",True
4061,156860,156908,156947,bottom,103.45,93.75,115.38,55.47,"{4060: 8.82, 4061: 0.0}",True
4062,157004,157059,157103,bottom,90.91,81.82,102.27,46.49,"{4062: 0.0, 4064: 18.96, 4065: 23.02}",True
4064,157085,157145,157200,bottom,78.26,75.0,81.82,12.4,"{4064: 0.0, 4062: 19.11, 4065: 3.98}",True
4065,157102,157163,157216,bottom,78.95,73.77,84.91,21.01,"{4064: 3.98, 4065: 0.0, 4062: 23.12, 4066: 21.4}",True
4066,157206,157266,157318,bottom,80.36,75.0,86.54,22.19,"{4066: 0.0, 4065: 21.33}",True
4068,157437,157493,157539,bottom,88.24,80.36,97.83,37.98,{4068: 0.0},True
4073,157541,,,top,,,,,{},False
4074,157566,157623,157672,bottom,84.91,78.95,91.84,26.3,{4074: 0.0},True
4075,157740,,,bottom,,,,,{},False
4079,157794,157847,157891,bottom,92.78,84.91,102.27,39.47,"{4079: 0.0, 4078: 13.75}",True
4078,157834,,,top,,,,,{},False
4080,158273,158318,158359,bottom,104.65,100.0,109.76,23.8,"{4080: 0.0, 4081: 19.23}",True
4081,158343,158389,158430,bottom,103.45,97.83,109.76,29.1,"{4081: 0.0, 4080: 19.2, 4082: 9.22, 4083: 15.19}",True
4082,158377,158425,158463,bottom,104.65,93.75,118.42,64.92,"{4081: 9.22, 4082: 0.0, 4083: 6.33}",True
4083,158399,158449,158490,bottom,98.9,90.0,109.76,48.19,"{4083: 0.0, 4081: 15.22, 4082: 6.42}",True
4085,158516,158563,158604,bottom,102.27,95.74,109.76,34.17,{4085: 0.0},True
4087,158620,158668,158710,bottom,100.0,93.75,107.14,31.89,{4087: 0.0},True
4088,158838,158890,158936,bottom,91.84,86.54,97.83,24.54,"{4088: 0.0, 4089: 12.74, 4090: 15.45, 4091: 21.36}",True
4089,158892,158944,158986,bottom,95.74,86.54,107.14,49.06,"{4089: 0.0, 4088: 12.75, 4090: 3.86, 4091: 8.53, 4092: 14.64}",True
4090,158900,158959,159020,bottom,75.0,76.27,73.77,-4.1,"{4089: 4.03, 4090: 0.0, 4088: 15.57, 4091: 3.4, 4092: 9.61}",True
4091,158927,158980,159027,bottom,90.0,84.91,95.74,23.06,"{4090: 3.3, 4091: 0.0, 4089: 8.51, 4088: 21.34, 4092: 6.74}",True
4092,158950,159012,159066,bottom,77.59,72.58,83.33,19.91,"{4092: 0.0, 4090: 9.54, 4091: 6.78, 4089: 14.73}",True
4094,159071,159129,159181,bottom,81.82,77.59,86.54,17.22,"{4094: 0.0, 4092: 24.37, 4095: 7.25, 4096: 15.65}",True
4095,159111,159160,159202,bottom,98.9,91.84,107.14,36.44,"{4095: 0.0, 4094: 7.04, 4096: 9.52, 4097: 21.92, 4098: 23.2}",True
4096,159145,159200,159249,bottom,86.54,81.82,91.84,20.45,"{4096: 0.0, 4095: 9.64, 4094: 15.55, 4097: 11.24, 4098: 12.65, 4099: 19.35}",True
4097,159196,159249,,bottom,,,,,{},False
4098,159201,159257,159304,bottom,87.38,80.36,95.74,32.74,"{4098: 0.0, 4096: 12.63, 4095: 23.32, 4097: 1.53, 4099: 6.9, 4100: 12.24, 4101: 19.5}",True
4099,159231,159287,159336,bottom,85.71,80.36,91.84,23.43,"{4099: 0.0, 4097: 8.43, 4098: 6.94, 4096: 19.32, 4100: 5.11, 4101: 12.09}",True
4100,159256,159309,159358,bottom,88.24,84.91,91.84,14.15,"{4099: 5.1, 4100: 0.0, 4098: 12.24, 4097: 13.89, 4101: 7.09}",True
4101,159287,159341,159388,bottom,89.11,83.33,95.74,26.41,"{4100: 7.08, 4101: 0.0, 4099: 12.07, 4098: 19.45, 4097: 21.09, 4102: 18.69}",True
4102,159368,159421,159468,bottom,90.0,84.91,95.74,23.06,"{4102: 0.0, 4101: 18.65}",True
4103,159469,159524,159567,bottom,91.84,81.82,104.65,53.1,"{4103: 0.0, 4102: 24.04, 4104: 1.61}",True
4104,159485,159529,159569,bottom,107.14,102.27,112.5,25.57,"{4103: 1.6, 4104: 0.0}",True
4105,159600,159657,159706,bottom,84.91,78.95,91.84,26.3,{4105: 0.0},True
4106,159838,159899,159948,bottom,81.82,73.77,91.84,36.87,"{4106: 0.0, 4107: 16.62}",True
4107,159916,159974,160021,bottom,85.71,77.59,95.74,38.64,"{4106: 16.64, 4107: 0.0}",True
4111,160158,160209,160253,bottom,94.74,88.24,102.27,31.9,{4111: 0.0},True
4112,160274,160331,160382,bottom,83.33,78.95,88.24,18.21,"{4112: 0.0, 4113: 5.58, 4114: 7.52, 4116: 19.31}",True
4113,160298,160358,160406,bottom,83.33,75.0,93.75,39.06,"{4112: 5.53, 4113: 0.0, 4114: 1.92, 4116: 13.68}",True
4114,160307,160365,160419,bottom,80.36,77.59,83.33,10.64,"{4113: 1.9, 4114: 0.0, 4112: 7.49, 4116: 11.74}",True
4116,160362,160421,160470,bottom,83.33,76.27,91.84,31.77,"{4116: 0.0, 4114: 11.72, 4113: 13.7, 4112: 19.13}",True
4117,160565,160616,160662,bottom,92.78,88.24,97.83,20.85,"{4117: 0.0, 4118: 5.47}",True
4118,160590,160638,160681,bottom,98.9,93.75,104.65,25.35,"{4118: 0.0, 4117: 5.36}",True
4120,160836,160884,160927,bottom,98.9,93.75,104.65,25.35,"{4120: 0.0, 4121: 5.19}",True
4121,160846,160910,160968,bottom,73.77,70.31,77.59,12.54,"{4121: 0.0, 4120: 5.43, 4123: 22.43}",True
4123,160964,161014,161063,bottom,90.91,90.0,91.84,3.75,"{4123: 0.0, 4121: 22.47, 4124: 3.86}",True
4124,160982,161033,161075,bottom,96.77,88.24,107.14,45.02,"{4124: 0.0, 4123: 3.71}",True
4127,161107,161159,161204,bottom,92.78,86.54,100.0,29.91,"{4127: 0.0, 4128: 14.43}",True
4128,161166,161220,161266,bottom,90.0,83.33,97.83,31.51,"{4128: 0.0, 4127: 14.45, 4129: 9.63, 4130: 18.98}",True
4129,161204,161264,161316,bottom,80.36,75.0,86.54,22.19,"{4129: 0.0, 4128: 9.74, 4127: 23.46, 4130: 8.63, 4131: 21.93}",True
4130,161246,161304,161357,bottom,81.08,77.59,84.91,13.81,"{4130: 0.0, 4129: 8.58, 4128: 19.05, 4131: 13.52, 4132: 18.38, 4133: 22.83}",True
4131,161308,161369,161423,bottom,78.26,73.77,83.33,17.71,"{4131: 0.0, 4130: 13.48, 4129: 21.63, 4132: 4.91, 4133: 10.13, 4134: 12.57, 4135: 20.28, 4136: 20.99}",True
4132,161329,161394,,bottom,,,,,{},False
4133,161354,161422,161478,bottom,72.58,66.18,80.36,25.32,"{4132: 5.22, 4133: 0.0, 4131: 10.23, 4130: 22.78, 4134: 2.16, 4135: 9.75, 4136: 9.42}",True
4134,161367,161434,161488,bottom,74.38,67.16,83.33,29.94,"{4133: 2.12, 4134: 0.0, 4132: 7.63, 4131: 12.65, 4135: 7.79, 4136: 7.32}",True
4135,161406,161477,161537,bottom,68.7,63.38,75.0,19.37,"{4134: 7.9, 4135: 0.0, 4133: 9.8, 4132: 15.18, 4131: 20.37, 4136: 1.17, 4139: 18.32}",True
4136,161411,161470,161522,bottom,81.08,76.27,86.54,19.74,"{4134: 7.28, 4135: 1.16, 4136: 0.0, 4133: 9.28, 4132: 15.57, 4131: 20.81, 4139: 20.36}",True
4139,161507,161581,161650,bottom,62.94,60.81,65.22,6.39,"{4139: 0.0, 4136: 20.47, 4135: 18.29, 4141: 14.8, 4142: 20.75}",True
4141,161602,161668,161730,bottom,70.31,68.18,72.58,7.09,"{4141: 0.0, 4139: 14.39, 4142: 4.98, 4143: 21.73}",True
4142,161635,161695,161744,bottom,82.57,75.0,91.84,34.36,"{4141: 4.79, 4142: 0.0, 4139: 19.79, 4143: 18.62}",True
4143,161723,161782,161836,bottom,79.65,76.27,83.33,13.08,"{4143: 0.0, 4142: 18.62, 4141: 21.44, 4144: 20.11}",True
4144,161820,161876,161923,bottom,87.38,80.36,95.74,32.74,"{4144: 0.0, 4143: 20.03}",True
4145,161960,162005,162046,bottom,104.65,100.0,109.76,23.8,{4145: 0.0},True
4146,161961,,,bottom,,,,,{},False
4154,162076,162128,162171,bottom,94.74,86.54,104.65,42.12,{4154: 0.0},True
4155,162297,162359,,bottom,,,,,{},False
4160,162417,,,top,,,,,{},False
4161,162444,162493,162534,bottom,100.0,91.84,109.76,43.71,{4161: 0.0},True
4162,162535,162598,162646,bottom,81.08,71.43,93.75,46.5,"{4161: 23.51, 4162: 0.0, 4163: 0.67, 4166: 2.01, 4169: 7.12}",True
4163,162545,162601,162648,bottom,87.38,80.36,95.74,32.74,"{4163: 0.0, 4162: 0.64, 4166: 1.7, 4169: 6.64}",True
4166,162562,162604,162640,bottom,115.38,107.14,125.0,49.6,"{4166: 0.0, 4163: 1.66, 4162: 2.0, 4169: 5.97}",True
4169,162574,162630,162671,bottom,92.78,80.36,109.76,71.7,"{4169: 0.0, 4166: 6.19, 4162: 7.11, 4163: 6.64, 4182: 18.86}",True
4182,162656,162712,162761,bottom,85.71,80.36,91.84,23.43,"{4182: 0.0, 4169: 19.17, 4183: 21.01}",True
4183,162751,162803,162850,bottom,90.91,86.54,95.74,19.59,"{4183: 0.0, 4182: 20.92}",True
4184,162944,162994,163036,bottom,97.83,90.0,107.14,40.82,"{4184: 0.0, 4185: 7.91, 4186: 20.78}",True
4185,162977,163025,,bottom,,,,,{},False
4186,163027,163072,163110,bottom,108.43,100.0,118.42,48.48,"{4186: 0.0, 4184: 20.64, 4185: 12.36, 4189: 10.98}",True
4189,163067,,,top,,,,,{},False
4190,163137,163188,163231,bottom,95.74,88.24,104.65,38.18,"{4190: 0.0, 4192: 16.51}",True
4192,163203,163261,163311,bottom,83.33,77.59,90.0,24.83,"{4192: 0.0, 4190: 16.69, 4193: 12.18, 4194: 13.88}",True
4193,163259,163317,,bottom,,,,,{},False
4194,163270,163320,163363,bottom,96.77,90.0,104.65,34.07,"{4193: 1.09, 4194: 0.0, 4192: 13.75}",True
4195,163392,,,bottom,,,,,{},False
4196,163502,,,top,,,,,{},False
4197,163549,163600,163642,bottom,96.77,88.24,107.14,45.02,{4197: 0.0},True
4202,163794,163844,163884,bottom,100.0,90.0,112.5,56.25,"{4202: 0.0, 4203: 1.48}",True
4203,163797,163851,163898,bottom,89.11,83.33,95.74,26.41,"{4202: 1.49, 4203: 0.0}",True
4204,164083,164160,164223,bottom,64.29,58.44,71.43,20.61,"{4204: 0.0, 4205: 9.56, 4206: 18.61}",True
4205,164133,164218,164278,bottom,62.07,52.94,75.0,36.76,"{4205: 0.0, 4204: 9.62, 4206: 8.19}",True
4206,164195,164264,164320,bottom,72.0,65.22,80.36,27.04,"{4206: 0.0, 4205: 7.78, 4204: 18.61, 4208: 6.55, 4209: 21.69}",True
4208,164291,,,top,,,,,{},False
4209,164313,164361,164401,bottom,102.27,93.75,112.5,46.88,"{4209: 0.0, 4206: 21.41, 4217: 14.55}",True
4217,164368,164419,164462,bottom,95.74,88.24,104.65,38.18,"{4217: 0.0, 4209: 14.66, 4220: 11.58, 4221: 10.61}",True
4220,164406,164489,164553,bottom,61.22,54.22,70.31,25.15,"{4217: 11.58, 4209: 24.27, 4220: 0.0, 4221: 3.92, 4222: 10.09, 4223: 10.85, 4224: 22.93}",True
4221,164411,164461,164504,bottom,96.77,90.0,104.65,34.07,"{4221: 0.0, 4217: 10.62, 4220: 3.42, 4222: 15.79, 4223: 16.82}",True
4222,164463,164554,164621,bottom,56.96,49.45,67.16,26.44,"{4222: 0.0, 4221: 16.16, 4217: 24.45, 4220: 10.14, 4223: 0.7, 4224: 12.41, 4225: 19.52, 4226: 19.91}",True
4223,164474,164556,,bottom,,,,,{},False
4224,164549,164633,164696,bottom,61.22,53.57,71.43,28.34,"{4224: 0.0, 4222: 12.44, 4220: 23.07, 4223: 12.26, 4225: 7.62, 4226: 5.58, 4227: 16.79, 4228: 19.18}",True
4225,164594,164682,,bottom,,,,,{},False
4226,164604,164662,164714,bottom,81.82,77.59,86.54,17.22,"{4224: 5.53, 4226: 0.0, 4225: 2.53, 4222: 19.74, 4227: 12.58, 4228: 15.61}",True
4227,164662,164722,164768,bottom,84.91,75.0,97.83,49.62,"{4227: 0.0, 4225: 8.29, 4226: 12.58, 4224: 16.76, 4228: 4.75}",True
4228,164671,164756,164828,bottom,57.32,52.94,62.5,13.28,"{4225: 11.07, 4227: 5.17, 4226: 15.92, 4224: 19.31, 4228: 0.0, 4233: 15.73, 4234: 20.2}",True
4233,164780,164845,164924,bottom,62.5,69.23,56.96,-15.53,"{4233: 0.0, 4228: 15.52, 4227: 24.07, 4234: 3.05, 4239: 11.31, 4235: 10.51, 4241: 18.75}",True
4234,164810,164874,164930,bottom,75.0,70.31,80.36,17.94,"{4233: 2.97, 4234: 0.0, 4228: 19.87, 4235: 8.17, 4239: 9.18, 4241: 17.35, 4243: 22.98}",True
4235,164847,164920,164974,bottom,70.87,61.64,83.33,40.17,"{4235: 0.0, 4234: 8.24, 4239: 0.92, 4233: 10.45, 4241: 7.55, 4243: 14.13, 4244: 19.82}",True
4239,164859,164919,,bottom,,,,,{},False
4241,164900,164958,165007,bottom,84.11,77.59,91.84,29.08,"{4241: 0.0, 4239: 8.18, 4235: 7.5, 4233: 18.47, 4234: 17.11, 4243: 7.49, 4244: 13.19, 4245: 7.64, 4246: 18.69}",True
4243,164927,164995,165058,bottom,68.7,66.18,71.43,8.34,"{4243: 0.0, 4235: 14.26, 4241: 7.59, 4233: 23.89, 4239: 15.03, 4234: 22.78, 4244: 4.54, 4245: 15.69, 4246: 10.65}",True
4244,164960,165022,165066,bottom,84.91,72.58,102.27,67.48,"{4243: 4.35, 4244: 0.0, 4241: 13.25, 4235: 19.91, 4239: 21.03, 4245: 20.65, 4246: 6.55}",True
4245,164974,,,top,,,,,{},False
4246,164983,165059,165122,bottom,64.75,59.21,71.43,19.39,"{4243: 10.69, 4244: 6.77, 4246: 0.0, 4241: 18.93, 4264: 21.4}",True
4264,165111,165182,165237,bottom,71.43,63.38,81.82,33.52,"{4264: 0.0, 4246: 21.31, 4265: 8.51}",True
4265,165162,165226,165281,bottom,75.63,70.31,81.82,20.92,"{4265: 0.0, 4264: 8.33}",True
4266,165311,165383,165432,bottom,74.38,62.5,91.84,59.87,"{4267: 0.03, 4266: 0.0}",True
4267,165312,,,bottom,,,,,{},False
4270,165327,,,bottom,,,,,{},False
4274,165454,165515,165566,bottom,80.36,73.77,88.24,28.36,"{4274: 0.0, 4275: 22.17}",True
4275,165562,165612,165657,bottom,94.74,90.0,100.0,22.22,"{4275: 0.0, 4274: 21.59}",True
4276,165684,165747,165802,bottom,76.27,71.43,81.82,18.89,"{4276: 0.0, 4277: 0.28, 4278: 19.0}",True
4277,165687,165747,165802,bottom,78.26,75.0,81.82,12.4,"{4277: 0.0, 4276: 0.28, 4278: 19.36}",True
4278,165781,165836,165885,bottom,86.54,81.82,91.84,20.45,"{4278: 0.0, 4276: 18.81, 4277: 19.16, 4286: 20.55}",True
4286,165873,165928,165977,bottom,86.54,81.82,91.84,20.45,"{4286: 0.0, 4278: 20.59, 4288: 20.42, 4289: 10.16, 4290: 20.25}",True
4288,165889,,,top,,,,,{},False
4289,165919,165973,166024,bottom,85.71,83.33,88.24,9.61,"{4286: 10.12, 4289: 0.0, 4290: 10.35, 4291: 15.85}",True
4290,165963,166020,166073,bottom,81.82,78.95,84.91,11.24,"{4290: 0.0, 4289: 10.36, 4286: 20.25, 4291: 5.05, 4292: 13.57}",True
4291,165989,166043,,bottom,,,,,{},False
4292,166024,166083,166131,bottom,84.11,76.27,93.75,36.41,"{4292: 0.0, 4291: 8.92, 4290: 13.56, 4289: 23.83, 4295: 16.08, 4296: 16.65}",True
4295,166100,166152,166200,bottom,90.0,86.54,93.75,15.02,"{4292: 15.98, 4295: 0.0, 4296: 0.81, 4297: 14.68}",True
4296,166102,166156,166203,bottom,89.11,83.33,95.74,26.41,"{4295: 0.82, 4296: 0.0, 4292: 16.61, 4297: 13.81}",True
4297,166164,166211,166248,bottom,107.14,95.74,121.62,69.94,"{4297: 0.0, 4296: 13.6, 4295: 14.51}",True
4298,166345,166398,166449,bottom,86.54,84.91,88.24,6.53,"{4298: 0.0, 4299: 3.82}",True
4299,166361,166415,166462,bottom,89.11,83.33,95.74,26.41,"{4298: 3.77, 4299: 0.0}",True
4300,166483,166530,166573,bottom,100.0,95.74,104.65,20.71,"{4300: 0.0, 4301: 7.37}",True
4301,166516,166557,166591,bottom,120.0,109.76,132.35,66.46,"{4300: 7.17, 4301: 0.0}",True
4302,166689,166750,,bottom,,,,,{},False
4309,166754,166803,166848,bottom,95.74,91.84,100.0,18.14,"{4309: 0.0, 4302: 12.6, 4312: 21.22}",True
4312,166839,166890,166935,bottom,93.75,88.24,100.0,26.14,"{4312: 0.0, 4309: 21.2}",True
4314,167014,167079,167135,bottom,74.38,69.23,80.36,19.87,"{4314: 0.0, 4315: 14.36}",True
4315,167090,167150,,bottom,,,,,{},False
4316,167142,167211,167282,bottom,64.29,65.22,63.38,-2.59,"{4315: 10.65, 4316: 0.0, 4317: 6.13, 4318: 11.22, 4321: 15.34, 4323: 15.91}",True
4317,167176,,,bottom,,,,,{},False
4318,167211,,,top,,,,,{},False
4321,167233,167302,167359,bottom,71.43,65.22,78.95,24.09,"{4321: 0.0, 4323: 0.74, 4316: 15.16, 4320: 12.67, 4331: 13.85}",True
4323,167240,167306,167365,bottom,72.0,68.18,76.27,13.71,"{4321: 0.74, 4323: 0.0, 4316: 15.76, 4320: 13.39, 4331: 12.96}",True
4322,167240,,,bottom,,,,,{},False
4320,167291,,,top,,,,,{},False
4331,167313,167369,167416,bottom,87.38,80.36,95.74,32.74,"{4331: 0.0, 4321: 13.61, 4323: 12.69, 4332: 21.27}",True
4332,167407,167461,,bottom,,,,,{},False
4333,167534,167590,167636,bottom,88.24,80.36,97.83,37.98,"{4333: 0.0, 4335: 1.09}",True
4335,167544,167594,167637,bottom,96.77,90.0,104.65,34.07,"{4335: 0.0, 4333: 1.06}",True
4336,167806,167869,167925,bottom,75.63,71.43,80.36,15.94,{4336: 0.0},True
4345,167925,167976,168020,bottom,94.74,88.24,102.27,31.9,"{4345: 0.0, 4336: 23.27, 4346: 9.0, 4347: 21.49}",True
4346,167961,168014,168057,bottom,93.75,84.91,104.65,45.92,"{4345: 9.02, 4346: 0.0, 4347: 12.31}",True
4347,168012,168067,168114,bottom,88.24,81.82,95.74,29.63,"{4347: 0.0, 4346: 12.37, 4345: 21.52, 4348: 16.7}",True
4348,168084,168141,168188,bottom,86.54,78.95,95.74,35.74,"{4348: 0.0, 4347: 16.72}",True
4363,168218,168277,,bottom,,,,,{},False
4364,168447,168496,168545,bottom,91.84,91.84,91.84,,"{4364: 0.0, 4365: 10.54}",True
4365,168486,168542,168588,bottom,88.24,80.36,97.83,37.98,"{4365: 0.0, 4364: 10.57}",True
4366,168609,168686,168743,bottom,67.16,58.44,78.95,35.98,"{4366: 0.0, 4368: 2.85, 4375: 18.51}",True
4368,168615,168672,168719,bottom,86.54,78.95,95.74,35.74,"{4368: 0.0, 4366: 2.82, 4375: 22.93}",True
4375,168717,168784,,bottom,,,,,{},False
4376,168762,168826,168885,bottom,73.17,70.31,76.27,10.1,"{4375: 8.14, 4376: 0.0, 4382: 7.88, 4383: 12.47, 4388: 18.21}",True
4382,168812,168863,168905,bottom,96.77,88.24,107.14,45.02,"{4382: 0.0, 4376: 7.44, 4375: 17.22, 4383: 5.63, 4388: 11.57, 4390: 20.43}",True
4383,168823,168894,168951,bottom,70.31,63.38,78.95,27.31,"{4383: 0.0, 4382: 5.9, 4376: 12.45, 4375: 20.35, 4388: 3.25, 4390: 10.6, 4391: 17.59, 4392: 18.34}",True
4388,168858,168910,168952,bottom,95.74,86.54,107.14,49.06,"{4383: 3.19, 4388: 0.0, 4382: 11.66, 4376: 17.69, 4390: 8.55, 4391: 16.55, 4392: 17.4}",True
4390,168895,168943,168986,bottom,98.9,93.75,104.65,25.35,"{4388: 8.56, 4390: 0.0, 4383: 10.29, 4382: 20.6, 4376: 23.89, 4391: 8.56, 4392: 9.2}",True
4391,168924,168980,169028,bottom,86.54,80.36,93.75,27.9,"{4391: 0.0, 4390: 8.67, 4383: 17.47, 4388: 16.68, 4392: 0.41, 4407: 21.45}",True
4392,168927,168981,169026,bottom,90.91,83.33,100.0,37.04,"{4391: 0.41, 4390: 9.26, 4388: 17.49, 4392: 0.0, 4383: 18.16, 4407: 21.7}",True
4407,169020,169074,169118,bottom,91.84,83.33,102.27,43.04,"{4391: 21.39, 4407: 0.0, 4392: 21.8, 4409: 6.87}",True
4409,169053,169101,169144,bottom,98.9,93.75,104.65,25.35,"{4409: 0.0, 4407: 6.63}",True
4417,169301,169354,169399,bottom,91.84,84.91,100.0,33.54,{4417: 0.0},True
4418,169575,169629,169674,bottom,90.91,83.33,100.0,37.04,"{4418: 0.0, 4419: 12.17}",True
4419,169620,169694,169756,bottom,66.18,60.81,72.58,18.98,"{4418: 12.33, 4419: 0.0, 4427: 11.52, 4430: 17.59}",True
4427,169689,169757,169819,bottom,69.23,66.18,72.58,10.33,"{4427: 0.0, 4419: 11.39, 4430: 6.05, 4433: 14.77, 4434: 17.64, 4435: 22.39}",True
4430,169722,169790,169850,bottom,70.31,66.18,75.0,14.71,"{4430: 0.0, 4427: 6.04, 4419: 17.29, 4433: 8.7, 4434: 9.89, 4435: 16.45}",True
4433,169770,169838,169896,bottom,71.43,66.18,77.59,19.67,"{4433: 0.0, 4430: 8.68, 4427: 14.73, 4434: 2.0, 4435: 8.0, 4437: 14.09, 4438: 17.18}",True
4434,169790,169837,169876,bottom,104.65,95.74,115.38,50.36,"{4433: 1.92, 4434: 0.0, 4430: 9.37, 4427: 17.29, 4435: 8.84, 4437: 17.67, 4438: 20.11}",True
4435,169812,169882,169944,bottom,68.18,64.29,72.58,13.38,"{4434: 9.13, 4435: 0.0, 4433: 8.02, 4430: 16.44, 4427: 22.25, 4437: 3.56, 4438: 8.94, 4439: 14.97, 4440: 18.42}",True
4437,169859,169893,169922,bottom,142.86,132.35,155.17,78.69,"{4435: 3.42, 4437: 0.0, 4433: 12.81, 4434: 17.38, 4438: 7.0, 4430: 23.37, 4439: 18.1, 4440: 22.11}",True
4438,169862,169933,,bottom,,,,,{},False
4439,169905,169955,169996,bottom,98.9,90.0,109.76,48.19,"{4438: 3.99, 4439: 0.0, 4437: 18.44, 4435: 14.3, 4433: 23.93, 4440: 5.58}",True
4440,169917,169984,170043,bottom,71.43,67.16,76.27,15.44,"{4440: 0.0, 4439: 5.85, 4438: 8.77, 4437: 22.54, 4435: 18.12, 4441: 15.73, 4442: 18.54}",True
4441,170005,170067,170116,bottom,81.08,72.58,91.84,39.3,"{4440: 15.51, 4441: 0.0, 4442: 2.35}",True
4442,170019,170077,170126,bottom,84.11,77.59,91.84,29.08,"{4442: 0.0, 4441: 2.26, 4440: 18.23}",True
4446,170434,170489,170542,bottom,83.33,81.82,84.91,5.83,"{4446: 0.0, 4447: 5.66, 4450: 14.19}",True
4447,170457,170515,170565,bottom,83.33,77.59,90.0,24.83,"{4447: 0.0, 4446: 5.67, 4450: 8.64, 4451: 18.8}",True
4450,170496,170556,170609,bottom,79.65,75.0,84.91,18.69,"{4447: 8.7, 4450: 0.0, 4446: 14.24, 4451: 10.05}",True
4451,170543,170605,170656,bottom,79.65,72.58,88.24,30.7,"{4451: 0.0, 4447: 18.91, 4450: 10.0, 4446: 24.51}",True
4452,170701,170768,170824,bottom,73.17,67.16,80.36,23.56,"{4452: 0.0, 4453: 2.95, 4454: 21.05}",True
4453,170720,170779,170827,bottom,84.11,76.27,93.75,36.41,"{4452: 2.89, 4453: 0.0, 4454: 19.83}",True
4454,170811,170882,170943,bottom,68.18,63.38,73.77,17.03,"{4454: 0.0, 4452: 21.01, 4453: 19.76, 4455: 6.86, 4456: 14.59}",True
4455,170858,170915,170964,bottom,84.91,78.95,91.84,26.3,"{4455: 0.0, 4454: 6.5, 4456: 9.02, 4457: 20.66}",True
4456,170894,170961,171021,bottom,70.87,67.16,75.0,13.06,"{4456: 0.0, 4455: 9.2, 4454: 14.45, 4457: 10.36}",True
4457,170951,171017,171073,bottom,73.77,68.18,80.36,21.74,"{4457: 0.0, 4456: 10.29, 4455: 20.78, 4454: 24.27, 4458: 14.67}",True
4458,171029,171096,171154,bottom,72.0,67.16,77.59,17.97,"{4458: 0.0, 4457: 14.6, 4456: 24.07, 4460: 10.64}",True
4460,171092,171149,171198,bottom,84.91,78.95,91.84,26.3,"{4460: 0.0, 4458: 10.32, 4461: 16.44}",True
4461,171166,171226,171273,bottom,84.11,75.0,95.74,44.14,"{4461: 0.0, 4460: 16.47, 4458: 24.39}",True
4462,171281,171338,171393,bottom,80.36,78.95,81.82,5.22,"{4462: 0.0, 4461: 23.17}",True
4464,171428,171478,171521,bottom,96.77,90.0,104.65,34.07,"{4464: 0.0, 4465: 21.93}",True
4465,171515,171572,171623,bottom,83.33,78.95,88.24,18.21,"{4465: 0.0, 4464: 22.0}",True
4466,171629,171690,171743,bottom,78.95,73.77,84.91,21.01,"{4465: 24.36, 4466: 0.0, 4467: 0.6, 4476: 20.63}",True
4467,171637,171691,171737,bottom,90.0,83.33,97.83,31.51,"{4467: 0.0, 4466: 0.57, 4476: 21.98}",True
4476,171730,171781,171828,bottom,91.84,88.24,95.74,15.98,"{4476: 0.0, 4466: 20.37, 4467: 21.46, 4477: 16.18}",True
4477,171794,171853,171902,bottom,83.33,76.27,91.84,31.77,"{4477: 0.0, 4476: 16.23, 4478: 15.47}",True
4478,171871,171917,171957,bottom,104.65,97.83,112.5,36.68,"{4478: 0.0, 4477: 15.17, 4479: 10.03}",True
4479,171906,171955,171998,bottom,97.83,91.84,104.65,29.8,"{4478: 10.06, 4479: 0.0, 4477: 23.77}",True
4480,172062,172111,172154,bottom,97.83,91.84,104.65,29.8,"{4480: 0.0, 4481: 18.9}",True
4481,172135,172190,172236,bottom,89.11,81.82,97.83,34.8,"{4481: 0.0, 4480: 18.78}",True
4482,172269,172323,172379,bottom,81.82,83.33,80.36,-5.31,"{4482: 0.0, 4484: 21.65}",True
4484,172364,172430,172489,bottom,72.0,68.18,76.27,13.71,"{4484: 0.0, 4482: 21.63}",True
4501,172521,172584,172636,bottom,78.26,71.43,86.54,29.06,"{4501: 0.0, 4502: 1.48, 4511: 19.67}",True
4502,172539,172590,172633,bottom,95.74,88.24,104.65,38.18,"{4502: 0.0, 4501: 1.48, 4511: 19.81}",True
4511,172617,172682,172735,bottom,76.27,69.23,84.91,29.58,"{4511: 0.0, 4501: 19.75, 4502: 19.96, 4514: 6.26, 4515: 17.26}",True
4514,172656,172709,172755,bottom,90.91,84.91,97.83,28.09,"{4511: 6.11, 4514: 0.0, 4515: 11.95}",True
4515,172710,172757,,bottom,,,,,{},False
4517,172795,172847,172894,bottom,90.91,86.54,95.74,19.59,"{4517: 0.0, 4518: 16.11}",True
4518,172862,172918,172965,bottom,87.38,80.36,95.74,32.74,"{4517: 16.14, 4518: 0.0}",True
4528,172989,173047,173095,bottom,84.91,77.59,93.75,33.67,{4528: 0.0},True
4529,173240,173291,173336,bottom,93.75,88.24,100.0,26.14,"{4529: 0.0, 4530: 3.97}",True
4530,173246,173312,173367,bottom,74.38,68.18,81.82,24.79,"{4529: 4.15, 4530: 0.0}",True
4532,173521,173582,173636,bottom,78.26,73.77,83.33,17.71,"{4532: 0.0, 4533: 7.78}",True
4533,173570,173616,173657,bottom,103.45,97.83,109.76,29.1,"{4533: 0.0, 4532: 7.31, 4534: 18.45}",True
4534,173636,173694,173745,bottom,82.57,77.59,88.24,20.88,"{4534: 0.0, 4533: 18.64, 4532: 22.98, 4536: 9.49}",True
4536,173683,173737,173785,bottom,88.24,83.33,93.75,21.7,"{4534: 9.47, 4536: 0.0, 4537: 18.66}",True
4537,173767,173815,173857,bottom,100.0,93.75,107.14,31.89,"{4537: 0.0, 4536: 18.5}",True
4538,173949,173995,174035,bottom,104.65,97.83,112.5,36.68,{4538: 0.0},True
4539,174036,174091,174138,bottom,88.24,81.82,95.74,29.63,"{4538: 23.86, 4539: 0.0}",True
4542,174165,174215,,bottom,,,,,{},False
4543,174215,174257,174302,bottom,103.45,107.14,100.0,-15.87,"{4543: 0.0, 4544: 9.83, 4545: 23.24}",True
4544,174263,,,top,,,,,{},False
4545,174301,174364,174427,bottom,71.43,71.43,71.43,,"{4545: 0.0, 4543: 23.35, 4546: 3.93, 4549: 14.08}",True
4546,174327,174387,,bottom,,,,,{},False
4549,174379,174441,174490,bottom,81.08,72.58,91.84,39.3,"{4549: 0.0, 4545: 14.04, 4546: 11.28, 4550: 10.06, 4551: 14.77}",True
4550,174431,174486,174534,bottom,87.38,81.82,93.75,24.86,"{4550: 0.0, 4549: 9.8, 4545: 24.24, 4546: 22.59, 4551: 5.16, 4552: 14.33}",True
4551,174454,174509,174558,bottom,86.54,81.82,91.84,20.45,"{4551: 0.0, 4550: 5.16, 4549: 14.62, 4552: 8.88, 4554: 20.77, 4555: 22.38}",True
4552,174494,174548,174596,bottom,88.24,83.33,93.75,21.7,"{4552: 0.0, 4551: 8.73, 4550: 14.25, 4549: 22.7, 4554: 12.5, 4555: 12.74}",True
4554,174543,174611,174662,bottom,75.63,66.18,88.24,43.25,"{4554: 0.0, 4552: 12.71, 4551: 20.47, 4555: 2.4, 4559: 18.4, 4561: 20.78}",True
4555,174553,174600,174639,bottom,104.65,95.74,115.38,50.36,"{4554: 2.23, 4555: 0.0, 4552: 12.43, 4551: 21.33}",True
4559,174642,174694,174738,bottom,93.75,86.54,102.27,35.76,"{4559: 0.0, 4555: 24.08, 4554: 18.07, 4561: 3.18, 4563: 15.07}",True
4561,174651,174709,174758,bottom,84.11,77.59,91.84,29.08,"{4561: 0.0, 4559: 3.24, 4554: 20.61, 4563: 11.35, 4564: 20.75}",True
4563,174706,174757,,bottom,,,,,{},False
4564,174746,174801,174849,bottom,87.38,81.82,93.75,24.86,"{4564: 0.0, 4563: 9.71, 4561: 20.67, 4559: 23.98, 4565: 20.62}",True
4565,174836,174897,174949,bottom,79.65,73.77,86.54,24.55,"{4565: 0.0, 4564: 20.61, 4566: 16.87}",True
4566,174917,174980,175032,bottom,78.26,71.43,86.54,29.06,"{4566: 0.0, 4565: 16.9}",True
4567,175220,,,top,,,,,{},False
4568,175409,175466,175514,bottom,85.71,78.95,93.75,30.84,"{4568: 0.0, 4569: 7.56}",True
4569,175445,175499,175547,bottom,88.24,83.33,93.75,21.7,"{4569: 0.0, 4568: 7.43, 4572: 22.02}",True
4572,175540,175613,175675,bottom,66.67,61.64,72.58,17.64,"{4572: 0.0, 4569: 22.21, 4580: 19.72, 4581: 20.61}",True
4580,175654,175723,175783,bottom,69.77,65.22,75.0,16.3,"{4580: 0.0, 4572: 19.66, 4581: 2.54, 4583: 4.7, 4584: 8.55}",True
4581,175662,175710,175750,bottom,102.27,93.75,112.5,46.88,"{4581: 0.0, 4580: 2.36, 4572: 20.14, 4583: 7.72, 4584: 12.35}",True
4583,175685,175747,175805,bottom,75.0,72.58,77.59,8.63,"{4583: 0.0, 4581: 7.92, 4580: 4.67, 4584: 4.01, 4589: 22.15}",True
4584,175703,175767,175806,bottom,87.38,70.31,115.38,115.57,"{4584: 0.0, 4581: 12.58, 4583: 4.01, 4580: 8.52, 4589: 19.92}",True
4589,175800,175861,175911,bottom,81.08,73.77,90.0,32.46,"{4589: 0.0, 4583: 21.9, 4584: 21.15, 4592: 10.63}",True
4592,175856,175909,175953,bottom,92.78,84.91,102.27,39.47,"{4592: 0.0, 4589: 10.27}",True
4593,175968,176028,176078,bottom,81.82,75.0,90.0,30.0,"{4593: 0.0, 4594: 1.44, 4596: 17.49}",True
4594,175981,176034,176080,bottom,90.91,84.91,97.83,28.09,"{4594: 0.0, 4593: 1.41, 4596: 16.88}",True
4596,176053,176105,176152,bottom,90.91,86.54,95.74,19.59,"{4596: 0.0, 4593: 17.38, 4594: 16.81, 4597: 11.29}",True
4597,176095,176160,176217,bottom,73.77,69.23,78.95,17.05,"{4597: 0.0, 4596: 11.41}",True
4616,176253,176312,176364,bottom,81.08,76.27,86.54,19.74,"{4616: 0.0, 4628: 17.6}",True
4628,176337,176393,176441,bottom,86.54,80.36,93.75,27.9,"{4628: 0.0, 4616: 17.51}",True
4629,176517,176572,176618,bottom,89.11,81.82,97.83,34.8,"{4629: 0.0, 4631: 11.81, 4632: 19.1}",True
4631,176568,176622,176668,bottom,90.0,83.33,97.83,31.51,"{4631: 0.0, 4629: 11.79, 4632: 7.94, 4633: 21.62}",True
4632,176599,176659,176709,bottom,81.82,75.0,90.0,30.0,"{4631: 8.03, 4632: 0.0, 4629: 19.16, 4633: 12.62}",True
4633,176660,176718,176772,bottom,80.36,77.59,83.33,10.64,"{4633: 0.0, 4632: 12.66, 4631: 21.64}",True
4634,176954,177010,177065,bottom,81.08,80.36,81.82,2.66,"{4634: 0.0, 4635: 18.96, 4636: 22.78}",True
4635,177041,177100,177150,bottom,82.57,76.27,90.0,27.46,"{4635: 0.0, 4634: 18.85, 4636: 3.73, 4637: 11.73}",True
4636,177063,177116,177163,bottom,90.0,84.91,95.74,23.06,"{4635: 3.63, 4636: 0.0, 4634: 22.78, 4637: 8.4, 4639: 22.73}",True
4637,177098,177153,177201,bottom,87.38,81.82,93.75,24.86,"{4636: 8.43, 4637: 0.0, 4635: 11.67, 4639: 14.09}",True
4639,177160,177216,177265,bottom,85.71,80.36,91.84,23.43,"{4639: 0.0, 4637: 14.06, 4636: 22.75, 4640: 17.45}",True
4640,177238,177295,177344,bottom,84.91,78.95,91.84,26.3,"{4640: 0.0, 4639: 17.43, 4641: 7.7, 4642: 16.64}",True
4641,177274,177328,177376,bottom,88.24,83.33,93.75,21.7,"{4641: 0.0, 4640: 7.68, 4642: 9.17}",True
4642,177315,177369,177422,bottom,84.11,83.33,84.91,2.97,"{4641: 9.2, 4642: 0.0, 4640: 16.63}",True
4643,177473,177526,177574,bottom,89.11,84.91,93.75,18.43,{4643: 0.0},True
4644,177684,177740,177787,bottom,87.38,80.36,95.74,32.74,"{4644: 0.0, 4645: 8.62, 4646: 10.12, 4647: 19.78}",True
4645,177718,177781,177830,bottom,80.36,71.43,91.84,41.65,"{4645: 0.0, 4644: 8.71, 4646: 1.16, 4647: 10.59}",True
4646,177728,177785,177832,bottom,86.54,78.95,95.74,35.74,"{4646: 0.0, 4644: 10.18, 4645: 1.13, 4647: 9.67}",True
4647,177770,177830,177882,bottom,80.36,75.0,86.54,22.19,"{4646: 9.73, 4645: 10.62, 4647: 0.0, 4644: 19.92, 4648: 14.68}",True
4648,177844,177897,177945,bottom,89.11,84.91,93.75,18.43,"{4648: 0.0, 4647: 14.51, 4649: 13.73, 4650: 22.03}",True
4649,177903,177958,178005,bottom,88.24,81.82,95.74,29.63,"{4649: 0.0, 4648: 13.73, 4650: 8.65, 4651: 21.99}",True
4650,177939,177997,,bottom,,,,,{},False
4651,177998,,,bottom,,,,,{},False
