tracking_id,start_frame,middle_frame,end_frame,first_crossed,speed,start_to_mid_speed,mid_to_end_speed,acceleration,average_vertical_distances,valid
1,22,53,80,top,124.14,116.13,133.33,63.72,"{1: 0.0, 2: 2.29}",True
2,66,92,116,bottom,144.0,138.46,150.0,48.08,"{1: 2.72, 2: 0.0, 3: 0.48}",True
3,113,141,166,top,135.85,128.57,144.0,61.71,"{2: 1.07, 3: 0.0}",True
7,229,257,282,bottom,135.85,128.57,144.0,61.71,"{7: 0.0, 8: 3.1, 9: 13.92, 10: 2.28}",True
8,231,269,302,bottom,101.41,94.74,109.09,43.5,"{7: 3.24, 8: 0.0, 9: 8.77, 10: 4.62}",True
9,268,299,327,bottom,122.03,116.13,128.57,44.44,"{9: 0.0, 8: 8.66, 7: 14.01, 10: 8.99}",True
10,269,301,328,top,122.03,112.5,133.33,77.16,"{9: 9.14, 10: 0.0, 7: 2.49, 8: 5.29}",True
13,404,444,479,bottom,96.0,90.0,102.86,36.73,"{13: 0.0, 14: 0.75}",True
14,476,508,536,top,120.0,112.5,128.57,57.4,"{14: 0.0, 13: 0.98, 15: 5.45}",True
15,497,535,568,bottom,101.41,94.74,109.09,43.5,"{14: 5.45, 15: 0.0, 20: 6.29}",True
20,542,569,593,top,141.18,133.33,150.0,69.44,"{20: 0.0, 15: 7.4, 18: 13.19}",True
18,575,,,top,,,,,{},False
21,668,696,720,top,138.46,128.57,150.0,89.29,"{21: 0.0, 24: 2.49}",True
24,705,733,759,bottom,133.33,128.57,138.46,38.04,"{24: 0.0, 21: 2.86}",True
25,764,800,833,bottom,104.35,100.0,109.09,27.55,{25: 0.0},True
26,900,929,954,top,133.33,124.14,144.0,79.45,{26: 0.0},True
28,1108,1132,1154,top,156.52,150.0,163.64,61.98,"{28: 0.0, 29: 2.07}",True
29,1112,1137,1160,top,150.0,144.0,156.52,54.44,"{28: 2.09, 29: 0.0}",True
32,1172,1202,1228,top,128.57,120.0,138.46,71.01,{32: 0.0},True
33,1299,1331,1358,top,122.03,112.5,133.33,77.16,{33: 0.0},True
34,1364,1404,1440,bottom,94.74,90.0,100.0,27.78,"{34: 0.0, 35: 0.86}",True
35,1433,1463,1490,top,126.32,120.0,133.33,49.38,"{34: 1.81, 35: 0.0, 38: 5.59}",True
38,1452,1494,1531,bottom,91.14,85.71,97.3,31.31,"{38: 0.0, 35: 5.67, 43: 15.6}",True
43,1518,1561,1599,bottom,88.89,83.72,94.74,28.99,"{43: 0.0, 38: 15.6, 44: 11.52, 45: 1.33, 46: 16.34}",True
44,1569,1609,1649,bottom,90.0,90.0,90.0,,"{44: 0.0, 43: 11.5, 45: 8.96, 46: 2.31, 48: 3.1}",True
45,1590,1620,1645,top,130.91,120.0,144.0,96.0,"{44: 8.4, 43: 2.33, 45: 0.0, 46: 9.01, 48: 12.76}",True
46,1592,1620,1646,bottom,133.33,128.57,138.46,38.04,"{46: 0.0, 44: 2.41, 45: 9.0, 43: 15.91, 48: 3.21}",True
48,1627,1658,1684,top,126.32,116.13,138.46,85.89,"{45: 12.79, 46: 3.47, 48: 0.0, 44: 3.69}",True
50,1696,1730,1759,top,114.29,105.88,124.14,62.95,"{50: 0.0, 51: 8.38, 52: 16.67}",True
51,1699,1738,1773,bottom,97.3,92.31,102.86,30.14,"{50: 8.55, 51: 0.0, 52: 3.01}",True
52,1752,1783,1811,top,122.03,116.13,128.57,44.44,"{52: 0.0, 50: 16.63, 51: 3.77}",True
53,1908,1940,1968,top,120.0,112.5,128.57,57.4,"{53: 0.0, 54: 13.51}",True
54,1950,1984,2014,top,112.5,105.88,120.0,47.06,"{53: 13.53, 54: 0.0, 55: 6.74, 56: 3.61}",True
55,1969,2001,2030,bottom,118.03,112.5,124.14,40.13,"{55: 0.0, 54: 7.05, 56: 5.91, 57: 17.88}",True
56,1991,2020,2046,bottom,130.91,124.14,138.46,55.09,"{56: 0.0, 54: 4.02, 55: 5.86, 57: 13.47}",True
57,2027,2075,2118,bottom,79.12,75.0,83.72,20.28,"{57: 0.0, 56: 13.72, 55: 18.06, 58: 7.4, 59: 10.08, 61: 2.51, 62: 17.12, 63: 18.37}",True
58,2055,2092,2125,top,102.86,97.3,109.09,35.74,"{58: 0.0, 57: 8.3, 59: 5.84, 61: 11.12, 62: 1.67, 63: 0.92}",True
59,2077,2123,2162,bottom,84.71,78.26,92.31,36.02,"{59: 0.0, 58: 6.12, 57: 10.03, 61: 8.0, 62: 5.96, 63: 8.46}",True
61,2097,2133,2165,top,105.88,100.0,112.5,39.06,"{58: 11.11, 61: 0.0, 59: 8.31, 57: 3.35, 62: 7.34, 63: 6.15}",True
62,2112,2147,,bottom,,,,,{},False
63,2117,2161,2200,bottom,86.75,81.82,92.31,26.9,"{58: 1.25, 62: 3.11, 61: 6.29, 63: 0.0, 59: 8.47, 57: 18.35, 65: 4.14, 67: 14.57, 68: 0.86}",True
65,2171,2200,2226,top,130.91,124.14,138.46,55.09,"{65: 0.0, 63: 5.22, 62: 1.16, 67: 6.59, 68: 9.33, 70: 3.72}",True
67,2183,2233,2259,bottom,94.74,72.0,138.46,255.62,"{67: 0.0, 65: 6.45, 63: 14.45, 68: 7.76, 70: 3.99, 72: 3.22, 73: 13.33}",True
68,2195,2231,2263,top,105.88,100.0,112.5,39.06,"{67: 8.4, 68: 0.0, 63: 1.4, 65: 9.43, 70: 9.53, 72: 12.22, 73: 2.83}",True
70,2204,,,bottom,,,,,{},False
72,2238,2278,2312,top,97.3,90.0,105.88,46.71,"{68: 12.25, 72: 0.0, 67: 3.57, 73: 8.96, 74: 6.89, 76: 9.99, 77: 1.56}",True
73,2241,2280,2315,bottom,97.3,92.31,102.86,30.14,"{73: 0.0, 68: 3.2, 72: 9.19, 67: 13.54, 74: 12.88, 76: 4.73, 77: 14.17}",True
74,2263,,,top,,,,,{},False
76,2280,2314,2344,top,112.5,105.88,120.0,47.06,"{72: 9.93, 76: 0.0, 73: 5.53, 77: 6.46, 78: 2.0}",True
77,2300,2331,2359,bottom,122.03,116.13,128.57,44.44,"{76: 6.95, 72: 2.09, 77: 0.0, 73: 13.92, 78: 10.06, 79: 1.11}",True
78,2329,2369,2404,bottom,96.0,90.0,102.86,36.73,"{76: 2.31, 78: 0.0, 77: 10.24, 79: 7.01}",True
79,2353,2385,2413,top,120.0,112.5,128.57,57.4,"{79: 0.0, 78: 7.87, 77: 1.69, 80: 0.93}",True
80,2406,2437,2464,bottom,124.14,116.13,133.33,63.72,"{79: 1.5, 78: 18.85, 80: 0.0, 82: 7.42, 85: 10.01, 87: 2.9}",True
82,2414,2453,2487,top,98.63,92.31,105.88,39.93,"{79: 19.15, 82: 0.0, 80: 7.68, 85: 6.87, 87: 8.09, 89: 18.25}",True
85,2435,2472,2504,bottom,104.35,97.3,112.5,47.51,"{82: 7.15, 85: 0.0, 80: 10.12, 87: 7.7, 89: 2.72}",True
87,2445,2484,2518,top,98.63,92.31,105.88,39.93,"{82: 8.09, 85: 8.2, 87: 0.0, 80: 3.11, 89: 9.46}",True
89,2485,2519,2549,top,112.5,105.88,120.0,47.06,"{82: 18.12, 87: 9.38, 89: 0.0, 85: 3.22}",True
90,2628,2661,,bottom,,,,,{},False
94,2679,2710,2739,top,120.0,116.13,124.14,27.62,"{94: 0.0, 92: 7.76, 99: 4.02}",True
92,2701,,,top,,,,,{},False
99,2711,2752,2787,bottom,94.74,87.8,102.86,43.01,"{99: 0.0, 94: 4.04}",True
103,2829,2869,2903,bottom,97.3,90.0,105.88,46.71,"{103: 0.0, 104: 3.03}",True
104,2882,2912,2939,top,126.32,120.0,133.33,49.38,"{104: 0.0, 103: 3.82}",True
105,3008,3040,3068,top,120.0,112.5,128.57,57.4,"{105: 0.0, 106: 4.05}",True
106,3042,3074,3104,bottom,116.13,112.5,120.0,25.0,"{106: 0.0, 105: 4.34, 108: 9.4}",True
108,3070,3110,3144,bottom,97.3,90.0,105.88,46.71,"{108: 0.0, 106: 9.5, 109: 0.77}",True
109,3143,3176,3204,top,118.03,109.09,128.57,69.57,"{109: 0.0, 108: 0.66}",True
110,3278,3313,3343,top,110.77,102.86,120.0,57.14,"{110: 0.0, 111: 6.82, 112: 2.15}",True
111,3307,3333,3357,top,144.0,138.46,150.0,48.08,"{110: 6.7, 111: 0.0, 112: 5.1}",True
112,3327,3363,3394,bottom,107.46,100.0,116.13,52.03,"{110: 2.6, 111: 5.22, 112: 0.0}",True
113,3398,3434,3465,top,107.46,100.0,116.13,52.03,"{113: 0.0, 114: 8.68, 118: 14.51}",True
114,3404,3437,3467,bottom,114.29,109.09,120.0,36.36,"{114: 0.0, 113: 8.98, 118: 2.65}",True
118,3449,3486,3517,top,105.88,97.3,116.13,60.75,"{113: 14.53, 118: 0.0, 114: 2.83, 119: 4.44, 120: 8.08, 123: 12.78}",True
119,3482,3524,3561,bottom,91.14,85.71,97.3,31.31,"{118: 4.76, 120: 0.01, 119: 0.0, 123: 8.33, 132: 0.65}",True
120,3483,,,bottom,,,,,{},False
123,3498,3527,3554,top,128.57,124.14,133.33,34.06,"{118: 12.69, 123: 0.0, 119: 7.88}",True
132,3557,3589,3618,top,118.03,112.5,124.14,40.13,"{132: 0.0, 119: 1.34}",True
135,3640,3674,3704,top,112.5,105.88,120.0,47.06,"{135: 0.0, 136: 10.39}",True
136,3675,3709,3740,top,110.77,105.88,116.13,33.05,"{135: 10.39, 136: 0.0, 138: 10.3}",True
138,3711,3743,3770,top,122.03,112.5,133.33,77.16,"{138: 0.0, 136: 10.26, 139: 2.64}",True
139,3752,3790,3823,bottom,101.41,94.74,109.09,43.5,"{138: 2.98, 139: 0.0, 141: 6.12}",True
141,3776,3821,3858,top,87.8,80.0,97.3,46.75,"{141: 0.0, 139: 6.46, 142: 8.52, 143: 16.51}",True
142,3823,3851,3876,top,135.85,128.57,144.0,61.71,"{141: 8.28, 142: 0.0, 139: 0.75, 143: 10.51, 144: 3.12}",True
143,3848,3890,3926,top,92.31,85.71,100.0,39.68,"{141: 16.49, 143: 0.0, 142: 10.68, 144: 8.34}",True
144,3858,3900,3935,bottom,93.51,85.71,102.86,48.98,"{144: 0.0, 141: 0.38, 142: 3.08, 143: 8.68}",True
145,3990,4028,4061,bottom,101.41,94.74,109.09,43.5,"{145: 0.0, 146: 10.27}",True
146,4032,4064,4093,bottom,118.03,112.5,124.14,40.13,"{146: 0.0, 145: 10.15}",True
148,4105,4140,4171,bottom,109.09,102.86,116.13,42.81,{148: 0.0},True
151,4331,4363,4392,bottom,118.03,112.5,124.14,40.13,"{151: 0.0, 152: 1.77}",True
152,4381,4410,4436,top,130.91,124.14,138.46,55.09,"{152: 0.0, 151: 2.16}",True
153,4456,4487,4514,bottom,124.14,116.13,133.33,63.72,{153: 0.0},True
154,4658,4691,4721,bottom,114.29,109.09,120.0,36.36,{154: 0.0},True
155,4748,4781,4810,bottom,116.13,109.09,124.14,51.89,{155: 0.0},True
156,4828,4856,4881,top,135.85,128.57,144.0,61.71,"{156: 0.0, 157: 4.15}",True
157,4835,4869,4898,top,114.29,105.88,124.14,62.95,"{156: 4.21, 157: 0.0}",True
170,4898,,,bottom,,,,,{},False
171,4938,4971,5001,top,114.29,109.09,120.0,36.36,"{171: 0.0, 172: 6.37, 173: 15.21}",True
172,4961,4991,5018,top,126.32,120.0,133.33,49.38,"{171: 6.34, 172: 0.0, 173: 9.57}",True
173,4988,5022,5051,top,114.29,105.88,124.14,62.95,"{171: 15.21, 172: 9.6, 173: 0.0}",True
180,5129,5164,5194,bottom,110.77,102.86,120.0,57.14,"{180: 0.0, 181: 9.33, 182: 11.23}",True
181,5165,5194,5221,bottom,128.57,124.14,133.33,34.06,"{182: 2.92, 180: 9.19, 181: 0.0}",True
182,5166,5206,5239,bottom,98.63,90.0,109.09,57.85,"{182: 0.0, 180: 11.3, 181: 3.06}",True
192,5251,5284,5312,top,118.03,109.09,128.57,69.57,"{192: 0.0, 193: 16.76}",True
193,5305,5339,5367,top,116.13,105.88,128.57,81.03,"{192: 16.76, 193: 0.0, 194: 6.81, 195: 18.03}",True
194,5320,5354,5385,bottom,110.77,105.88,116.13,33.05,"{194: 0.0, 193: 7.23, 195: 3.11}",True
195,5364,5398,5427,top,114.29,105.88,124.14,62.95,"{193: 18.04, 195: 0.0, 194: 3.54, 196: 2.43}",True
196,5414,5436,5457,bottom,167.44,163.64,171.43,37.11,"{196: 0.0, 195: 3.1}",True
197,5504,5539,5569,top,110.77,102.86,120.0,57.14,"{197: 0.0, 198: 1.77}",True
198,5557,5598,5633,bottom,94.74,87.8,102.86,43.01,"{198: 0.0, 197: 1.86}",True
199,5639,5667,5692,top,135.85,128.57,144.0,61.71,"{199: 0.0, 200: 14.78}",True
200,5680,5713,5742,top,116.13,109.09,124.14,51.89,"{199: 14.87, 200: 0.0, 201: 5.33, 202: 8.18}",True
201,5704,5746,5783,bottom,91.14,85.71,97.3,31.31,"{200: 5.35, 201: 0.0, 202: 7.46, 203: 2.76}",True
202,5713,5736,5757,top,163.64,156.52,171.43,70.98,"{200: 8.07, 201: 7.24, 202: 0.0}",True
203,5763,5794,5822,top,122.03,116.13,128.57,44.44,"{203: 0.0, 201: 3.55, 204: 1.25}",True
204,5813,5857,5895,bottom,87.8,81.82,94.74,34.0,"{203: 1.48, 204: 0.0, 208: 9.56, 210: 4.75}",True
208,5859,5895,5925,bottom,109.09,100.0,120.0,66.67,"{208: 0.0, 204: 9.41, 210: 8.73}",True
210,5863,5891,5917,top,133.33,128.57,138.46,38.04,"{208: 8.43, 210: 0.0, 204: 5.65}",True
213,5954,6000,6039,bottom,84.71,78.26,92.31,36.02,"{213: 0.0, 215: 11.47}",True
215,6012,6045,6075,bottom,114.29,109.09,120.0,36.36,"{215: 0.0, 213: 11.27, 217: 5.17}",True
217,6041,6074,6102,top,118.03,109.09,128.57,69.57,"{217: 0.0, 215: 5.61, 213: 0.68}",True
218,6182,6213,6239,top,126.32,116.13,138.46,85.89,{218: 0.0},True
219,6250,6292,6329,bottom,91.14,85.71,97.3,31.31,"{219: 0.0, 220: 6.85, 221: 5.06, 222: 4.36}",True
220,6282,6321,6356,bottom,97.3,92.31,102.86,30.14,"{219: 6.81, 220: 0.0, 221: 8.76, 222: 8.46, 224: 12.53, 223: 13.51, 227: 14.57, 229: 1.4}",True
221,6290,6324,6355,top,110.77,105.88,116.13,33.05,"{219: 5.85, 221: 0.0, 220: 8.61, 222: 1.28, 224: 7.89, 223: 3.52, 227: 2.16, 229: 16.52}",True
222,6298,6328,6355,top,126.32,120.0,133.33,49.38,"{219: 5.28, 222: 0.0, 220: 8.29, 221: 1.25, 224: 8.93, 223: 3.98, 227: 2.17, 229: 16.42}",True
223,6329,6385,6429,bottom,72.0,64.29,81.82,39.85,"{219: 19.25, 222: 4.0, 221: 3.61, 220: 13.68, 224: 0.03, 223: 0.0, 227: 1.95, 229: 8.21, 235: 5.52, 236: 4.15}",True
224,6329,,,bottom,,,,,{},False
227,6340,6376,6409,bottom,104.35,100.0,109.09,27.55,"{222: 2.44, 223: 1.86, 227: 0.0, 220: 14.47, 221: 2.42, 229: 8.86, 235: 3.7}",True
229,6346,6383,6414,top,105.88,97.3,116.13,60.75,"{222: 16.46, 229: 0.0, 221: 16.53, 223: 7.98, 227: 9.14, 220: 1.94, 235: 9.85, 236: 17.6}",True
235,6381,6419,6453,top,100.0,94.74,105.88,32.78,"{229: 9.87, 235: 0.0, 223: 6.42, 227: 3.94, 236: 7.5, 237: 12.51, 238: 1.64}",True
236,6409,,,top,,,,,{},False
237,6430,6466,6498,top,105.88,100.0,112.5,39.06,"{223: 0.82, 235: 12.46, 237: 0.0, 238: 7.82, 241: 5.39}",True
238,6440,,,bottom,,,,,{},False
241,6458,6494,6529,bottom,101.41,100.0,102.86,8.16,"{237: 5.8, 241: 0.0, 238: 3.8, 246: 10.98, 251: 17.04}",True
246,6498,,,bottom,,,,,{},False
251,6522,6561,6596,bottom,97.3,92.31,102.86,30.14,"{241: 17.02, 251: 0.0, 249: 15.3, 255: 14.78}",True
249,6534,,,top,,,,,{},False
255,6579,6752,6668,bottom,80.9,73.47,90.0,41.33,"{255: 0.0, 251: 14.87, 258: 7.73, 259: 6.15, 260: 15.02}",True
258,6616,6643,6668,top,138.46,133.33,144.0,42.67,"{258: 0.0, 255: 7.66, 259: 8.23, 260: 1.98}",True
259,6618,6653,6685,bottom,107.46,102.86,112.5,30.13,"{259: 0.0, 255: 5.95, 258: 8.27, 260: 9.94}",True
260,6655,6689,6720,bottom,110.77,105.88,116.13,33.05,"{258: 2.29, 260: 0.0, 255: 14.46, 259: 9.9, 262: 10.67, 261: 12.84}",True
262,6691,6728,6761,bottom,102.86,97.3,109.09,35.74,"{260: 10.7, 262: 0.0, 261: 3.52, 255: 5.98, 269: 3.12}",True
261,6695,6746,6789,bottom,76.6,70.59,83.72,30.54,"{261: 0.0, 260: 13.05, 262: 3.69, 255: 7.65, 269: 6.39}",True
269,6739,6771,6800,top,118.03,112.5,124.14,40.13,"{261: 7.46, 269: 0.0, 255: 6.47, 262: 3.64, 278: 18.14}",True
276,6762,,,top,,,,,{},False
278,6797,6831,6860,top,114.29,105.88,124.14,62.95,"{269: 18.14, 278: 0.0}",True
280,6878,6918,6953,bottom,96.0,90.0,102.86,36.73,"{280: 0.0, 285: 6.23, 287: 3.33, 290: 16.64}",True
285,6909,6940,6968,bottom,122.03,116.13,128.57,44.44,"{285: 0.0, 280: 6.09, 287: 6.07, 290: 11.46}",True
287,6929,6962,6991,top,116.13,109.09,124.14,51.89,"{287: 0.0, 285: 6.48, 280: 3.86, 290: 6.93, 294: 1.26}",True
290,6945,6978,7008,bottom,114.29,109.09,120.0,36.36,"{290: 0.0, 285: 11.52, 287: 7.22, 280: 16.52, 294: 10.95, 295: 13.86, 296: 1.33}",True
294,6983,7014,7043,bottom,120.0,116.13,124.14,27.62,"{294: 0.0, 287: 1.66, 290: 10.94, 295: 4.14, 296: 6.51}",True
295,6990,7031,7067,bottom,93.51,87.8,100.0,33.88,"{287: 0.55, 295: 0.0, 294: 4.32, 290: 13.97, 296: 8.52, 297: 12.5}",True
296,7001,7032,7059,top,124.14,116.13,133.33,63.72,"{295: 8.09, 296: 0.0, 294: 7.34, 290: 1.49, 297: 2.12}",True
297,7046,7077,7104,bottom,124.14,116.13,133.33,63.72,"{297: 0.0, 295: 12.25, 296: 2.48, 294: 18.94}",True
300,7251,7282,7309,top,124.14,116.13,133.33,63.72,{300: 0.0},True
301,7476,7511,7542,bottom,109.09,102.86,116.13,42.81,"{301: 0.0, 302: 2.28}",True
302,7526,7565,7598,top,100.0,92.31,109.09,50.86,"{302: 0.0, 301: 2.53, 303: 15.68, 304: 17.71}",True
303,7588,7618,7646,top,124.14,120.0,128.57,30.61,"{302: 15.54, 303: 0.0, 304: 3.9, 307: 5.17, 308: 5.36}",True
304,7593,7634,7669,top,94.74,87.8,102.86,43.01,"{302: 17.73, 303: 3.97, 304: 0.0, 307: 7.66, 308: 8.56, 313: 12.32, 314: 15.49}",True
307,7610,7647,7680,bottom,102.86,97.3,109.09,35.74,"{303: 5.52, 307: 0.0, 304: 8.09, 308: 1.64, 313: 5.02, 314: 3.2, 319: 14.97}",True
308,7612,7641,7667,bottom,130.91,124.14,138.46,55.09,"{308: 0.0, 303: 5.9, 307: 1.56, 304: 8.09, 313: 3.01, 314: 1.87}",True
313,7649,7675,7701,top,138.46,138.46,138.46,,"{304: 12.07, 313: 0.0, 308: 3.62, 307: 5.96, 314: 5.13, 319: 5.36}",True
314,7656,7695,7729,top,98.63,92.31,105.88,39.93,"{314: 0.0, 308: 1.95, 307: 3.68, 313: 5.31, 304: 15.47, 319: 8.97}",True
320,7668,,,bottom,,,,,{},False
319,7668,7697,7723,bottom,130.91,124.14,138.46,55.09,"{304: 0.91, 314: 8.47, 319: 0.0, 307: 14.77, 313: 5.94, 308: 18.93}",True
327,7725,,,top,,,,,{},False
328,7744,7776,7805,top,118.03,112.5,124.14,40.13,"{328: 0.0, 329: 3.25}",True
329,7781,7822,7857,bottom,94.74,87.8,102.86,43.01,"{329: 0.0, 328: 3.47}",True
333,7859,7894,7924,top,110.77,102.86,120.0,57.14,"{333: 0.0, 329: 0.39, 334: 0.04, 338: 6.23, 342: 12.28}",True
334,7860,,,top,,,,,{},False
338,7878,7922,7959,bottom,88.89,81.82,97.3,41.84,"{338: 0.0, 333: 6.34, 342: 7.62, 348: 10.88, 350: 15.02}",True
342,7902,7935,7965,top,114.29,109.09,120.0,36.36,"{338: 8.34, 342: 0.0, 333: 12.27, 348: 12.22, 350: 2.9}",True
348,7924,,,bottom,,,,,{},False
350,7943,7986,8024,bottom,88.89,83.72,94.74,28.99,"{338: 15.02, 342: 3.19, 350: 0.0}",True
352,8049,8081,8109,top,120.0,112.5,128.57,57.4,{352: 0.0},True
367,8142,8178,8210,bottom,105.88,100.0,112.5,39.06,"{367: 0.0, 368: 5.46}",True
368,8173,8204,8233,top,120.0,116.13,124.14,27.62,"{367: 6.15, 368: 0.0}",True
384,8233,,,bottom,,,,,{},False
385,8263,8307,8344,bottom,88.89,81.82,97.3,41.84,"{385: 0.0, 386: 8.31}",True
386,8283,8311,8336,top,135.85,128.57,144.0,61.71,"{386: 0.0, 385: 7.67}",True
387,8448,8475,8500,top,138.46,133.33,144.0,42.67,{387: 0.0},True
388,8542,8576,8607,bottom,110.77,105.88,116.13,33.05,"{388: 0.0, 389: 8.02, 390: 5.66}",True
389,8552,8584,8613,top,118.03,112.5,124.14,40.13,"{388: 8.67, 389: 0.0, 390: 5.42}",True
390,8569,8602,8631,top,116.13,109.09,124.14,51.89,"{389: 5.42, 390: 0.0, 388: 6.14, 392: 1.79}",True
392,8618,8651,8681,bottom,114.29,109.09,120.0,36.36,"{392: 0.0, 390: 2.11, 393: 6.06}",True
393,8638,8677,8710,top,100.0,92.31,109.09,50.86,"{392: 6.37, 393: 0.0, 396: 17.62}",True
396,8705,8744,8777,top,100.0,92.31,109.09,50.86,"{393: 17.61, 396: 0.0, 397: 7.89, 398: 2.51, 399: 17.41}",True
397,8720,8742,8763,bottom,167.44,163.64,171.43,37.11,"{397: 0.0, 396: 7.2, 398: 16.76}",True
398,8758,8792,8822,bottom,112.5,105.88,120.0,47.06,"{396: 3.14, 398: 0.0, 397: 17.02, 399: 7.24, 400: 16.64}",True
399,8771,8810,8842,top,101.41,92.31,112.5,63.1,"{396: 17.4, 399: 0.0, 398: 7.57, 400: 3.54}",True
400,8815,8850,8882,bottom,107.46,102.86,112.5,30.13,"{399: 4.13, 400: 0.0, 398: 16.64}",True
401,8891,8926,8957,top,109.09,102.86,116.13,42.81,"{401: 0.0, 402: 1.33}",True
402,8901,8926,8948,top,153.19,144.0,163.64,89.26,"{402: 0.0, 401: 1.22}",True
403,8957,8996,9031,bottom,97.3,92.31,102.86,30.14,"{401: 0.63, 404: 1.84, 403: 0.0}",True
404,8958,8988,9015,bottom,126.32,120.0,133.33,49.38,"{401: 0.75, 404: 0.0, 403: 1.73}",True
408,9062,9100,9134,bottom,100.0,94.74,105.88,32.78,"{408: 0.0, 409: 8.97, 410: 1.63, 413: 12.35}",True
409,9066,9101,9133,top,107.46,102.86,112.5,30.13,"{408: 8.83, 409: 0.0, 410: 8.68, 413: 3.11}",True
410,9074,9106,9134,bottom,120.0,112.5,128.57,57.4,"{410: 0.0, 408: 1.61, 409: 8.7, 413: 11.73}",True
413,9112,9143,9172,bottom,120.0,116.13,124.14,27.62,"{413: 0.0, 409: 3.48, 410: 11.7, 408: 12.24, 415: 13.07}",True
415,9154,9185,9214,bottom,120.0,116.13,124.14,27.62,"{415: 0.0, 413: 13.08, 418: 7.55, 420: 4.16}",True
418,9172,9215,9251,bottom,91.14,83.72,100.0,45.22,"{418: 0.0, 415: 7.69, 413: 19.34, 420: 8.48, 421: 15.4, 422: 0.56}",True
420,9188,9219,9246,top,124.14,116.13,133.33,63.72,"{418: 8.16, 420: 0.0, 415: 4.49, 421: 0.78}",True
421,9240,9270,9297,bottom,126.32,120.0,133.33,49.38,"{418: 15.11, 420: 1.23, 421: 0.0, 422: 8.01}",True
422,9246,9277,9304,top,124.14,116.13,133.33,63.72,"{420: 18.78, 418: 1.58, 421: 8.67, 422: 0.0}",True
423,9327,9359,9388,bottom,118.03,112.5,124.14,40.13,"{423: 0.0, 424: 8.39, 425: 4.1, 426: 14.5}",True
424,9332,9366,9396,top,112.5,105.88,120.0,47.06,"{424: 0.0, 423: 8.8, 425: 8.35, 426: 2.99}",True
425,9361,9394,9424,top,114.29,109.09,120.0,36.36,"{424: 8.34, 425: 0.0, 423: 4.52, 426: 7.27, 427: 16.13, 428: 1.06}",True
426,9375,9407,9436,bottom,118.03,112.5,124.14,40.13,"{424: 3.48, 425: 7.75, 426: 0.0, 423: 14.48, 427: 3.2, 428: 12.25}",True
427,9415,9447,9476,top,118.03,112.5,124.14,40.13,"{425: 16.1, 427: 0.0, 426: 3.51, 428: 9.19, 429: 4.02}",True
428,9416,9446,9474,bottom,124.14,120.0,128.57,30.61,"{425: 1.69, 428: 0.0, 427: 8.88, 426: 12.23, 429: 10.57}",True
429,9449,9480,9508,bottom,122.03,116.13,128.57,44.44,"{427: 4.5, 429: 0.0, 428: 10.58, 430: 5.16}",True
430,9475,9508,9537,top,116.13,109.09,124.14,51.89,"{427: 18.54, 429: 5.56, 430: 0.0, 428: 0.34}",True
431,9561,9602,9638,bottom,93.51,87.8,100.0,33.88,"{431: 0.0, 432: 7.92}",True
432,9580,9613,9641,top,118.03,109.09,128.57,69.57,"{431: 8.41, 432: 0.0}",True
433,9643,9677,9708,bottom,110.77,105.88,116.13,33.05,{433: 0.0},True
434,9771,9801,9827,top,128.57,120.0,138.46,71.01,"{434: 0.0, 435: 7.62, 443: 16.66}",True
435,9777,9814,9847,bottom,102.86,97.3,109.09,35.74,"{435: 0.0, 434: 7.8, 443: 3.79}",True
443,9821,9852,9879,top,124.14,116.13,133.33,63.72,"{443: 0.0, 435: 4.35, 434: 16.68, 445: 2.21}",True
445,9864,9895,9924,bottom,120.0,116.13,124.14,27.62,"{443: 2.71, 445: 0.0, 446: 11.56, 450: 16.35}",True
446,9898,9935,,bottom,,,,,{},False
450,9916,9949,9978,bottom,116.13,109.09,124.14,51.89,"{450: 0.0, 446: 4.05, 445: 16.38, 452: 3.73}",True
452,9953,9988,10018,top,110.77,102.86,120.0,57.14,"{452: 0.0, 450: 3.96, 453: 3.48, 454: 13.7}",True
453,9992,10030,10064,bottom,100.0,94.74,105.88,32.78,"{452: 3.85, 453: 0.0, 454: 8.49}",True
454,10003,10030,10055,top,138.46,133.33,144.0,42.67,"{454: 0.0, 452: 13.54, 453: 7.87}",True
463,10079,10119,10153,bottom,97.3,90.0,105.88,46.71,"{463: 0.0, 464: 8.15}",True
464,10104,10128,10151,top,153.19,150.0,156.52,28.36,"{464: 0.0, 463: 7.71}",True
465,10161,10197,10229,top,105.88,100.0,112.5,39.06,"{465: 0.0, 466: 1.84, 468: 4.29}",True
466,10164,10191,10215,top,141.18,133.33,150.0,69.44,"{466: 0.0, 465: 1.76, 468: 2.63}",True
468,10198,10234,10266,bottom,105.88,100.0,112.5,39.06,"{466: 2.86, 468: 0.0, 465: 4.55, 469: 5.65}",True
469,10233,10258,10281,top,150.0,144.0,156.52,54.44,"{469: 0.0, 468: 6.39}",True
474,10303,10339,10370,bottom,107.46,100.0,116.13,52.03,"{474: 0.0, 475: 10.14}",True
475,10339,10377,10411,bottom,100.0,94.74,105.88,32.78,"{475: 0.0, 474: 10.2, 476: 18.27}",True
476,10410,10443,10474,bottom,112.5,109.09,116.13,22.7,"{476: 0.0, 475: 18.15, 477: 9.46, 478: 8.6, 479: 14.82}",True
477,10415,,,top,,,,,{},False
478,10417,10445,10470,top,135.85,128.57,144.0,61.71,"{476: 8.21, 477: 0.8, 478: 0.0, 479: 2.22}",True
479,10457,10504,10542,bottom,84.71,76.6,94.74,47.74,"{479: 0.0, 476: 14.93, 478: 2.08, 480: 8.07, 481: 14.33, 482: 1.11}",True
480,10495,10542,10582,bottom,82.76,76.6,90.0,33.51,"{479: 8.11, 480: 0.0, 481: 4.82, 482: 6.65, 486: 1.04}",True
481,10526,10560,10590,bottom,112.5,105.88,120.0,47.06,"{479: 14.06, 481: 0.0, 480: 4.4, 482: 8.49, 486: 2.38}",True
482,10534,10559,10583,top,146.94,144.0,150.0,25.0,"{479: 2.71, 480: 6.93, 481: 8.14, 482: 0.0, 486: 16.15}",True
486,10575,10604,10629,top,133.33,124.14,144.0,79.45,"{486: 0.0, 482: 16.2, 481: 2.95, 480: 2.37, 491: 4.37}",True
491,10600,,10673,bottom,98.63,,,,{},True
492,10631,10653,10674,top,167.44,163.64,171.43,37.11,"{492: 0.0, 491: 8.25}",True
493,10706,10740,10772,bottom,109.09,105.88,112.5,20.68,{493: 0.0},True
495,10772,10804,10832,top,120.0,112.5,128.57,57.4,"{495: 0.0, 493: 0.88}",True
497,10853,10880,10904,bottom,141.18,133.33,150.0,69.44,{497: 0.0},True
498,11086,11119,11148,top,116.13,109.09,124.14,51.89,"{498: 0.0, 499: 4.79, 500: 8.34}",True
499,11115,11152,11185,bottom,102.86,97.3,109.09,35.74,"{499: 0.0, 498: 4.98, 500: 8.45}",True
500,11117,11145,11172,top,130.91,128.57,133.33,17.64,"{499: 8.2, 498: 8.28, 500: 0.0}",True
501,11188,11226,11259,bottom,101.41,94.74,109.09,43.5,"{501: 0.0, 502: 12.69}",True
502,11236,11276,11310,bottom,97.3,90.0,105.88,46.71,"{502: 0.0, 501: 12.73, 503: 15.96}",True
503,11300,11336,11367,bottom,107.46,100.0,116.13,52.03,"{503: 0.0, 502: 15.85}",True
504,11372,11404,11432,top,120.0,112.5,128.57,57.4,"{504: 0.0, 505: 4.8, 506: 1.96}",True
505,11401,11432,11461,bottom,120.0,116.13,124.14,27.62,"{505: 0.0, 504: 5.12, 506: 7.97}",True
506,11420,11465,11504,bottom,85.71,80.0,92.31,31.56,"{506: 0.0, 504: 1.93, 505: 8.14, 510: 2.64}",True
510,11482,11518,11550,top,105.88,100.0,112.5,39.06,"{506: 3.4, 510: 0.0, 511: 0.57}",True
511,11545,11577,11606,bottom,118.03,112.5,124.14,40.13,"{510: 1.15, 511: 0.0, 512: 7.26}",True
512,11567,11604,11635,bottom,105.88,97.3,116.13,60.75,"{512: 0.0, 511: 7.35}",True
517,11722,11755,,bottom,,,,,{},False
522,11756,11788,11817,bottom,118.03,112.5,124.14,40.13,"{522: 0.0, 524: 6.49, 515: 10.22}",True
524,11779,11806,11830,top,141.18,133.33,150.0,69.44,"{524: 0.0, 522: 6.93, 515: 2.59}",True
515,11784,,,top,,,,,{},False
525,11851,11880,11905,top,133.33,124.14,144.0,79.45,{525: 0.0},True
526,11915,11949,11979,top,112.5,105.88,120.0,47.06,"{526: 0.0, 527: 5.7}",True
527,11935,11968,11996,top,118.03,109.09,128.57,69.57,"{526: 5.67, 527: 0.0, 528: 18.41}",True
528,11994,12031,12063,top,104.35,97.3,112.5,47.51,"{527: 18.5, 528: 0.0, 529: 8.49}",True
529,12002,12036,12067,bottom,110.77,105.88,116.13,33.05,"{529: 0.0, 528: 8.95}",True
530,12068,12093,12115,bottom,153.19,144.0,163.64,89.26,"{530: 0.0, 529: 18.47}",True
531,12167,12207,12242,bottom,96.0,90.0,102.86,36.73,"{531: 0.0, 537: 0.9}",True
537,12236,12268,12296,top,120.0,112.5,128.57,57.4,"{537: 0.0, 531: 1.66, 540: 2.2}",True
540,12281,12320,12353,bottom,100.0,92.31,109.09,50.86,"{540: 0.0, 537: 2.4}",True
544,12476,12509,12537,top,118.03,109.09,128.57,69.57,"{544: 0.0, 545: 8.4}",True
545,12488,12513,12537,bottom,146.94,144.0,150.0,25.0,"{544: 8.4, 545: 0.0}",True
546,12584,12616,12645,top,118.03,112.5,124.14,40.13,"{546: 0.0, 547: 14.34}",True
547,12631,12662,12690,top,122.03,116.13,128.57,44.44,"{547: 0.0, 546: 14.33, 548: 9.73}",True
548,12661,12693,12722,top,118.03,112.5,124.14,40.13,"{547: 9.74, 548: 0.0}",True
549,12725,12756,12784,top,122.03,116.13,128.57,44.44,"{549: 0.0, 550: 6.43, 551: 10.42}",True
550,12739,12778,12812,bottom,98.63,92.31,105.88,39.93,"{549: 6.65, 550: 0.0, 551: 7.62}",True
551,12757,12789,12818,top,118.03,112.5,124.14,40.13,"{549: 10.44, 550: 8.28, 551: 0.0}",True
554,12926,12959,12988,top,116.13,109.09,124.14,51.89,"{554: 0.0, 556: 4.16, 559: 0.32}",True
556,12959,12997,,bottom,,,,,{},False
559,12985,13014,13041,bottom,128.57,124.14,133.33,34.06,"{554: 1.03, 556: 5.87, 559: 0.0, 566: 17.65}",True
566,13038,13078,13113,bottom,96.0,90.0,102.86,36.73,"{566: 0.0, 559: 17.87, 567: 10.74, 568: 2.82, 569: 16.85}",True
567,13081,13121,13154,bottom,98.63,90.0,109.09,57.85,"{567: 0.0, 566: 10.75, 568: 8.06, 569: 4.83, 570: 13.79}",True
568,13095,13121,13145,top,144.0,138.46,150.0,48.08,"{567: 7.72, 568: 0.0, 566: 3.85, 569: 6.55, 570: 1.27}",True
569,13107,13137,13164,bottom,126.32,120.0,133.33,49.38,"{567: 4.54, 568: 6.86, 566: 16.67, 569: 0.0, 570: 9.88}",True
570,13137,13167,13194,bottom,126.32,120.0,133.33,49.38,"{568: 1.61, 570: 0.0, 569: 9.89, 567: 13.27}",True
571,13195,13229,13259,bottom,112.5,105.88,120.0,47.06,"{571: 0.0, 570: 18.97, 573: 12.45, 572: 12.98}",True
572,13238,13277,13313,bottom,96.0,92.31,100.0,21.37,"{573: 1.84, 571: 13.03, 572: 0.0, 574: 11.41}",True
573,13239,13270,13297,bottom,124.14,116.13,133.33,63.72,"{571: 12.37, 573: 0.0, 572: 1.73, 574: 15.33}",True
574,13288,13317,13344,bottom,128.57,124.14,133.33,34.06,"{574: 0.0, 572: 11.23, 573: 15.34, 575: 2.94}",True
575,13325,13356,13383,top,124.14,116.13,133.33,63.72,"{575: 0.0, 574: 3.41, 578: 6.27}",True
578,13344,13375,13402,bottom,124.14,116.13,133.33,63.72,"{578: 0.0, 575: 6.56, 574: 18.75, 580: 1.74}",True
580,13392,13423,13451,top,122.03,116.13,128.57,44.44,"{580: 0.0, 578: 2.12, 581: 5.64, 582: 7.82}",True
581,13411,13453,13489,bottom,92.31,85.71,100.0,39.68,"{580: 5.82, 581: 0.0, 582: 8.19, 583: 1.6}",True
582,13418,13446,13471,top,135.85,128.57,144.0,61.71,"{580: 7.78, 581: 7.84, 582: 0.0}",True
583,13478,13508,13535,top,126.32,120.0,133.33,49.38,"{583: 0.0, 581: 2.37, 584: 12.84}",True
584,13517,13548,13576,top,122.03,116.13,128.57,44.44,"{583: 12.84, 584: 0.0, 589: 16.36}",True
589,13567,13602,13634,top,107.46,102.86,112.5,30.13,"{589: 0.0, 584: 16.39, 592: 6.83}",True
591,13577,,,bottom,,,,,{},False
592,13583,13623,13658,bottom,96.0,90.0,102.86,36.73,"{592: 0.0, 589: 7.03, 594: 2.24}",True
594,13642,13674,13703,top,118.03,112.5,124.14,40.13,"{594: 0.0, 592: 2.78, 595: 6.27}",True
595,13658,13701,13740,bottom,87.8,83.72,92.31,22.02,"{594: 6.36, 595: 0.0, 592: 18.85, 596: 0.68, 597: 17.87}",True
596,13735,13768,13796,top,118.03,109.09,128.57,69.57,"{596: 0.0, 595: 1.25, 597: 8.3, 598: 8.55, 599: 15.69}",True
597,13736,13776,13811,bottom,96.0,90.0,102.86,36.73,"{596: 8.62, 597: 0.0, 595: 17.64, 598: 1.7, 599: 3.43}",True
598,13745,13772,13796,bottom,141.18,133.33,150.0,69.44,"{598: 0.0, 596: 8.41, 597: 1.56, 599: 1.86}",True
599,13786,13820,13850,top,112.5,105.88,120.0,47.06,"{596: 15.71, 599: 0.0, 598: 1.98, 597: 3.92, 600: 6.41, 601: 2.35}",True
600,13811,13837,13860,bottom,146.94,138.46,156.52,78.52,"{599: 7.05, 600: 0.0, 597: 18.14, 601: 9.74}",True
601,13832,13872,13907,bottom,96.0,90.0,102.86,36.73,"{599: 2.71, 601: 0.0, 600: 9.99, 602: 5.72}",True
602,13866,13898,13926,top,120.0,112.5,128.57,57.4,"{602: 0.0, 601: 6.41, 603: 1.77}",True
603,13915,13947,13975,bottom,120.0,112.5,128.57,57.4,"{603: 0.0, 602: 2.06}",True
606,13975,14019,14056,bottom,88.89,81.82,97.3,41.84,"{606: 0.0, 603: 18.79, 607: 1.25}",True
607,13986,14019,14048,bottom,116.13,109.09,124.14,51.89,"{607: 0.0, 606: 1.19}",True
608,14113,14135,14156,top,167.44,163.64,171.43,37.11,{608: 0.0},True
609,14219,14256,14288,bottom,104.35,97.3,112.5,47.51,"{609: 0.0, 610: 3.38}",True
610,14265,14294,14320,top,130.91,124.14,138.46,55.09,"{609: 4.13, 610: 0.0, 611: 4.47}",True
611,14292,14327,14358,bottom,109.09,102.86,116.13,42.81,"{610: 4.54, 611: 0.0, 612: 0.61}",True
612,14355,14386,14413,top,124.14,116.13,133.33,63.72,"{612: 0.0, 611: 1.11, 613: 8.81}",True
613,14359,14389,14415,bottom,128.57,120.0,138.46,71.01,"{613: 0.0, 612: 8.98, 611: 18.71}",True
617,14415,14446,14473,top,124.14,116.13,133.33,63.72,"{613: 0.64, 617: 0.0, 625: 3.18}",True
625,14452,14491,14526,bottom,97.3,92.31,102.86,30.14,"{625: 0.0, 617: 3.34}",True
630,14547,14577,14605,top,124.14,120.0,128.57,30.61,"{630: 0.0, 632: 3.99}",True
632,14578,14618,14653,bottom,96.0,90.0,102.86,36.73,"{630: 4.01, 632: 0.0}",True
633,14693,14720,14744,top,141.18,133.33,150.0,69.44,{633: 0.0},True
634,14758,14787,14813,top,130.91,124.14,138.46,55.09,"{634: 0.0, 635: 2.53}",True
635,14796,14832,14863,bottom,107.46,100.0,116.13,52.03,"{634: 2.91, 635: 0.0, 639: 9.96}",True
639,14831,14869,14903,bottom,100.0,94.74,105.88,32.78,"{635: 10.0, 639: 0.0, 644: 9.77, 646: 3.97}",True
644,14865,,,top,,,,,{},False
646,14879,14904,14926,top,153.19,144.0,163.64,89.26,"{646: 0.0, 639: 5.04, 647: 0.66}",True
647,14922,14961,14996,bottom,97.3,92.31,102.86,30.14,"{646: 0.81, 647: 0.0}",True
648,15036,15073,,bottom,,,,,{},False
649,15047,15087,15122,bottom,96.0,90.0,102.86,36.73,"{648: 2.87, 649: 0.0, 650: 1.07, 656: 3.3, 657: 1.83}",True
650,15054,15086,15114,bottom,120.0,112.5,128.57,57.4,"{650: 0.0, 649: 0.98, 648: 3.97, 657: 0.97, 656: 1.67}",True
656,15109,,,top,,,,,{},False
657,15110,15139,15164,top,133.33,124.14,144.0,79.45,"{657: 0.0, 650: 1.14, 649: 2.6}",True
658,15349,15382,15412,bottom,114.29,109.09,120.0,36.36,"{658: 0.0, 659: 11.88}",True
659,15390,15420,15447,bottom,126.32,120.0,133.33,49.38,"{659: 0.0, 658: 11.84}",True
661,15605,15631,15654,top,146.94,138.46,156.52,78.52,"{661: 0.0, 662: 7.22, 664: 0.71}",True
662,15611,15655,,bottom,,,,,{},False
664,15649,15677,15703,bottom,133.33,128.57,138.46,38.04,"{661: 1.13, 664: 0.0, 662: 6.95, 669: 16.4, 668: 2.77}",True
668,15693,,,top,,,,,{},False
669,15695,15736,15771,bottom,94.74,87.8,102.86,43.01,"{669: 0.0, 664: 16.51, 668: 19.02, 670: 8.37, 671: 2.9, 672: 2.28}",True
670,15711,15743,15770,top,122.03,112.5,133.33,77.16,"{669: 8.21, 670: 0.0, 671: 12.62, 672: 13.93}",True
671,15749,15785,15815,top,109.09,100.0,120.0,66.67,"{670: 12.67, 671: 0.0, 669: 3.49, 672: 0.93, 673: 11.83}",True
672,15756,15784,15809,top,135.85,128.57,144.0,61.71,"{670: 13.89, 672: 0.0, 671: 0.89, 669: 3.19, 673: 13.39}",True
673,15793,15822,15847,top,133.33,124.14,144.0,79.45,"{671: 11.75, 672: 13.4, 673: 0.0, 674: 14.54}",True
674,15834,15864,15890,top,128.57,120.0,138.46,71.01,"{673: 14.54, 674: 0.0, 675: 5.71}",True
675,15853,15892,15927,bottom,97.3,92.31,102.86,30.14,"{675: 0.0, 674: 5.81, 676: 2.12, 677: 2.09}",True
676,15912,15945,15974,top,116.13,109.09,124.14,51.89,"{676: 0.0, 675: 2.65, 677: 0.41, 678: 16.24}",True
677,15913,15944,15971,top,124.14,116.13,133.33,63.72,"{676: 0.39, 677: 0.0, 675: 2.64, 678: 17.09}",True
678,15965,15999,16029,top,112.5,105.88,120.0,47.06,"{676: 16.24, 678: 0.0, 677: 17.12, 679: 14.93}",True
679,16017,16048,16076,top,122.03,116.13,128.57,44.44,"{678: 14.88, 679: 0.0, 680: 6.75, 682: 5.43, 684: 5.08}",True
680,16038,16069,16096,top,124.14,116.13,133.33,63.72,"{680: 0.0, 679: 6.73, 682: 8.48, 684: 8.53, 687: 0.99, 688: 17.59}",True
682,16038,16079,16112,bottom,97.3,87.8,109.09,64.5,"{680: 8.69, 679: 5.63, 682: 0.0, 684: 1.51, 687: 11.49, 688: 2.99}",True
684,16045,16073,16099,bottom,133.33,128.57,138.46,38.04,"{684: 0.0, 680: 8.73, 679: 5.31, 682: 1.4, 687: 14.94, 688: 1.61}",True
687,16089,16118,16144,bottom,130.91,124.14,138.46,55.09,"{680: 1.44, 684: 14.98, 682: 11.31, 687: 0.0, 688: 8.77, 693: 5.79}",True
688,16091,16123,16150,top,122.03,112.5,133.33,77.16,"{680: 17.56, 688: 0.0, 684: 1.74, 682: 3.7, 687: 9.05, 693: 5.22, 697: 1.23}",True
693,16112,16137,16161,top,146.94,144.0,150.0,25.0,"{688: 5.13, 693: 0.0, 682: 1.15, 687: 6.25, 697: 2.93}",True
697,16145,16186,16221,bottom,94.74,87.8,102.86,43.01,"{697: 0.0, 688: 1.0, 693: 2.8, 687: 19.46, 698: 8.11, 699: 4.57}",True
698,16163,16195,16223,top,120.0,112.5,128.57,57.4,"{697: 8.43, 698: 0.0, 699: 8.16}",True
699,16173,16202,16229,bottom,128.57,124.14,133.33,34.06,"{697: 4.32, 699: 0.0, 698: 8.53}",True
705,16293,16336,16372,bottom,91.14,83.72,100.0,45.22,"{705: 0.0, 706: 4.27}",True
706,16342,16372,16398,top,128.57,120.0,138.46,71.01,"{706: 0.0, 705: 5.33}",True
707,16443,16472,16499,bottom,128.57,124.14,133.33,34.06,"{707: 0.0, 708: 8.5}",True
708,16448,16479,16505,top,126.32,116.13,138.46,85.89,"{708: 0.0, 707: 8.81}",True
711,16546,16586,16613,bottom,107.46,90.0,133.33,160.49,"{711: 0.0, 715: 12.49, 716: 17.37}",True
715,16592,16631,16669,bottom,93.51,92.31,94.74,6.39,"{715: 0.0, 711: 12.65, 716: 2.11, 713: 10.83, 719: 2.29}",True
716,16610,16641,16668,bottom,124.14,116.13,133.33,63.72,"{715: 2.15, 711: 17.43, 716: 0.0, 713: 14.59, 719: 2.49}",True
713,16622,,,top,,,,,{},False
719,16653,16685,16712,top,122.03,112.5,133.33,77.16,"{719: 0.0, 716: 2.88, 715: 3.0}",True
723,16728,16762,16792,top,112.5,105.88,120.0,47.06,"{723: 0.0, 724: 1.28}",True
724,16733,16759,16782,top,146.94,138.46,156.52,78.52,"{723: 1.21, 724: 0.0}",True
725,16878,16917,16951,bottom,98.63,92.31,105.88,39.93,"{725: 0.0, 726: 1.54}",True
726,16941,16969,16995,top,133.33,128.57,138.46,38.04,"{726: 0.0, 725: 2.25}",True
727,17002,17032,17059,top,126.32,120.0,133.33,49.38,"{727: 0.0, 728: 4.89}",True
728,17026,17064,17095,bottom,104.35,94.74,116.13,69.01,"{727: 5.12, 728: 0.0}",True
729,17154,17185,17214,top,120.0,116.13,124.14,27.62,"{729: 0.0, 730: 8.84, 731: 1.14}",True
730,17183,17213,17240,top,126.32,120.0,133.33,49.38,"{730: 0.0, 729: 8.81, 731: 5.0, 732: 16.29}",True
731,17205,17245,17280,bottom,96.0,90.0,102.86,36.73,"{729: 1.39, 730: 5.21, 731: 0.0, 732: 6.89, 733: 9.46}",True
732,17232,17262,17288,top,128.57,120.0,138.46,71.01,"{730: 16.26, 732: 0.0, 731: 7.81, 733: 6.47, 734: 17.56}",True
733,17249,17278,17304,bottom,130.91,124.14,138.46,55.09,"{733: 0.0, 732: 6.81, 731: 9.17, 734: 3.11, 735: 1.93}",True
734,17285,17318,17346,top,118.03,109.09,128.57,69.57,"{732: 17.69, 734: 0.0, 733: 3.32, 735: 1.14, 736: 1.03}",True
735,17294,17320,17343,top,146.94,138.46,156.52,78.52,"{734: 1.16, 735: 0.0, 733: 2.25, 736: 1.42}",True
736,17340,17385,17422,bottom,87.8,80.0,97.3,46.75,"{734: 1.08, 736: 0.0, 735: 0.76, 737: 7.94}",True
737,17361,17396,17425,top,112.5,102.86,124.14,73.38,"{736: 8.4, 737: 0.0}",True
738,17424,17459,17489,top,110.77,102.86,120.0,57.14,"{737: 18.32, 738: 0.0, 736: 0.65, 741: 9.39}",True
741,17463,17492,17514,top,141.18,124.14,163.64,179.54,"{738: 9.41, 741: 0.0, 743: 1.67, 742: 13.18}",True
742,17497,17530,17560,top,114.29,109.09,120.0,36.36,"{742: 0.0, 743: 15.15, 741: 13.31, 745: 11.19}",True
743,17499,,,bottom,,,,,{},False
745,17534,17568,17599,top,110.77,105.88,116.13,33.05,"{742: 11.2, 745: 0.0, 746: 3.24, 744: 13.6}",True
746,17574,17614,17649,bottom,96.0,90.0,102.86,36.73,"{745: 3.58, 746: 0.0, 744: 17.62}",True
744,17578,,,top,,,,,{},False
747,17662,17698,17730,bottom,105.88,100.0,112.5,39.06,{747: 0.0},True
748,17733,17777,17814,top,88.89,81.82,97.3,41.84,"{748: 0.0, 747: 0.41}",True
750,17821,17870,17911,top,80.0,73.47,87.8,34.96,"{750: 0.0, 753: 10.19}",True
753,17878,17910,17939,top,118.03,112.5,124.14,40.13,"{753: 0.0, 750: 9.95, 756: 10.65}",True
756,17911,17946,17977,top,109.09,102.86,116.13,42.81,"{753: 10.66, 756: 0.0, 750: 18.98}",True
757,18041,18087,18128,bottom,82.76,78.26,87.8,23.28,"{757: 0.0, 758: 17.35}",True
758,18121,18166,18205,bottom,85.71,80.0,92.31,31.56,"{758: 0.0, 757: 17.31, 759: 17.34}",True
759,18199,18240,18276,bottom,93.51,87.8,100.0,33.88,"{759: 0.0, 758: 17.25, 760: 6.02, 761: 13.78, 762: 15.55}",True
760,18233,18265,18292,top,122.03,112.5,133.33,77.16,"{760: 0.0, 759: 6.9, 761: 5.13, 762: 4.03}",True
761,18259,18289,18316,bottom,126.32,120.0,133.33,49.38,"{760: 5.65, 761: 0.0, 759: 13.55, 762: 3.8}",True
762,18263,18306,18344,bottom,88.89,83.72,94.74,28.99,"{760: 4.32, 762: 0.0, 761: 4.01, 759: 15.59, 763: 12.41, 764: 16.46, 765: 0.29}",True
763,18323,18351,18377,bottom,133.33,128.57,138.46,38.04,"{763: 0.0, 762: 11.99, 764: 6.53, 765: 5.81}",True
764,18335,18377,18414,bottom,91.14,85.71,97.3,31.31,"{763: 6.75, 764: 0.0, 762: 16.4, 765: 8.56, 770: 8.12, 772: 10.22}",True
765,18341,18371,18401,top,120.0,120.0,120.0,,"{764: 8.16, 763: 6.32, 762: 1.27, 765: 0.0, 770: 3.6, 772: 2.45}",True
770,18378,18406,18434,bottom,128.57,128.57,128.57,,"{770: 0.0, 765: 4.18, 764: 7.86, 763: 19.08, 772: 2.5, 773: 2.22}",True
772,18385,18414,18440,bottom,130.91,124.14,138.46,55.09,"{764: 10.11, 770: 2.48, 772: 0.0, 765: 3.03, 773: 3.37}",True
773,18421,18447,18470,top,146.94,138.46,156.52,78.52,"{773: 0.0, 770: 2.7, 772: 4.05}",True
774,18488,18520,18549,top,118.03,112.5,124.14,40.13,"{774: 0.0, 775: 0.01, 778: 5.37, 779: 7.83}",True
775,18489,,,top,,,,,{},False
778,18511,18549,18582,bottom,101.41,94.74,109.09,43.5,"{778: 0.0, 774: 5.57, 779: 8.55, 785: 10.45, 786: 15.87}",True
779,18515,18544,18570,top,130.91,124.14,138.46,55.09,"{778: 8.16, 779: 0.0, 774: 7.77, 785: 7.23}",True
785,18549,,,bottom,,,,,{},False
786,18573,18606,18635,bottom,116.13,109.09,124.14,51.89,"{786: 0.0, 778: 15.75}",True
787,18657,18694,18727,top,102.86,97.3,109.09,35.74,{787: 0.0},True
788,18730,18767,18798,top,105.88,97.3,116.13,60.75,"{788: 0.0, 789: 18.08}",True
789,18796,18831,18862,top,109.09,102.86,116.13,42.81,"{788: 18.17, 789: 0.0, 790: 10.18, 791: 13.62}",True
790,18833,18866,18895,top,116.13,109.09,124.14,51.89,"{789: 10.15, 790: 0.0, 791: 3.48}",True
791,18845,18877,18906,top,118.03,112.5,124.14,40.13,"{789: 13.59, 790: 3.47, 791: 0.0}",True
795,18969,18997,19023,top,133.33,128.57,138.46,38.04,"{795: 0.0, 796: 8.32, 798: 5.51}",True
796,18970,19004,19035,bottom,110.77,105.88,116.13,33.05,"{795: 8.72, 796: 0.0, 798: 7.73}",True
798,18982,19015,19045,top,114.29,109.09,120.0,36.36,"{795: 5.58, 798: 0.0, 796: 8.05}",True
799,19050,19093,19131,bottom,88.89,83.72,94.74,28.99,"{799: 0.0, 800: 8.76, 801: 2.08, 802: 0.73}",True
800,19063,19097,19126,top,114.29,105.88,124.14,62.95,"{799: 8.2, 800: 0.0, 801: 15.62}",True
801,19116,19146,19174,top,124.14,120.0,128.57,30.61,"{800: 15.58, 801: 0.0, 799: 3.09, 802: 3.37}",True
802,19126,19157,19186,top,120.0,116.13,124.14,27.62,"{800: 18.63, 801: 3.39, 802: 0.0, 799: 1.76, 803: 0.54}",True
803,19183,19227,19265,bottom,87.8,81.82,94.74,34.0,"{802: 0.62, 803: 0.0}",True
804,19265,19311,19347,bottom,87.8,78.26,100.0,60.39,"{804: 0.0, 803: 19.26, 805: 5.82, 806: 14.84}",True
805,19301,19333,19361,bottom,120.0,112.5,128.57,57.4,"{805: 0.0, 804: 5.47, 806: 10.31}",True
806,19334,19367,19397,bottom,114.29,109.09,120.0,36.36,"{806: 0.0, 804: 14.54, 805: 10.39, 807: 15.99}",True
807,19389,19420,19448,bottom,122.03,116.13,128.57,44.44,"{807: 0.0, 806: 15.96, 808: 2.04}",True
808,19435,19469,19499,top,112.5,105.88,120.0,47.06,"{808: 0.0, 807: 2.27, 809: 6.32, 810: 5.8, 811: 10.12, 812: 11.89, 813: 1.04}",True
809,19451,19492,19527,bottom,94.74,87.8,102.86,43.01,"{808: 6.64, 809: 0.0, 810: 1.03, 811: 7.77, 812: 7.22, 813: 8.8}",True
810,19460,19492,19521,bottom,118.03,112.5,124.14,40.13,"{810: 0.0, 808: 6.11, 809: 0.97, 811: 7.87, 812: 7.05, 813: 9.61}",True
811,19468,19505,19537,top,104.35,97.3,112.5,47.51,"{808: 10.14, 810: 8.2, 811: 0.0, 809: 8.34, 812: 0.97, 813: 6.55}",True
812,19476,19508,19537,top,118.03,112.5,124.14,40.13,"{808: 11.85, 812: 0.0, 810: 7.52, 809: 7.95, 811: 0.97, 813: 6.82}",True
813,19491,19524,19554,bottom,114.29,109.09,120.0,36.36,"{811: 6.88, 812: 7.12, 813: 0.0, 808: 1.5, 810: 9.65, 809: 8.66, 815: 13.66}",True
815,19537,19572,19604,bottom,107.46,102.86,112.5,30.13,"{811: 0.73, 812: 0.56, 815: 0.0, 813: 13.7, 816: 7.09}",True
816,19565,19597,19626,bottom,118.03,112.5,124.14,40.13,"{816: 0.0, 815: 6.99, 828: 2.38}",True
828,19610,19649,19683,top,98.63,92.31,105.88,39.93,"{828: 0.0, 816: 2.56, 833: 6.11, 818: 9.33, 835: 0.83}",True
833,19634,19673,19708,bottom,97.3,92.31,102.86,30.14,"{828: 6.49, 833: 0.0, 818: 15.8, 835: 9.82, 836: 14.5}",True
818,19644,,,top,,,,,{},False
835,19676,19705,19736,bottom,120.0,124.14,116.13,-25.84,"{828: 1.41, 835: 0.0, 833: 9.78, 836: 6.92, 838: 1.37}",True
836,19689,19734,19773,bottom,85.71,80.0,92.31,31.56,"{836: 0.0, 835: 7.17, 833: 14.56, 838: 5.35, 839: 4.36, 840: 12.0}",True
838,19728,19767,19801,top,98.63,92.31,105.88,39.93,"{836: 6.03, 838: 0.0, 835: 1.65, 839: 1.65, 840: 7.58, 850: 16.83}",True
839,19739,19773,19803,top,112.5,105.88,120.0,47.06,"{836: 5.19, 839: 0.0, 838: 1.59, 840: 8.23, 850: 16.13}",True
840,19746,19780,19810,bottom,112.5,105.88,120.0,47.06,"{836: 11.84, 839: 8.66, 838: 7.91, 840: 0.0, 850: 2.49, 852: 18.02}",True
850,19793,19833,19868,top,96.0,90.0,102.86,36.73,"{839: 16.18, 838: 16.84, 850: 0.0, 840: 2.61, 852: 8.36, 853: 15.36}",True
852,19808,19839,19868,bottom,120.0,116.13,124.14,27.62,"{850: 8.36, 852: 0.0, 840: 18.03, 853: 1.97}",True
853,19856,19887,19914,top,124.14,116.13,133.33,63.72,"{850: 15.25, 853: 0.0, 852: 2.45, 854: 13.49}",True
854,19897,19932,19962,top,110.77,102.86,120.0,57.14,"{853: 13.56, 854: 0.0, 855: 5.35, 856: 11.55, 857: 3.05, 858: 12.55}",True
855,19925,19956,19984,bottom,122.03,116.13,128.57,44.44,"{854: 6.04, 855: 0.0, 856: 6.93, 857: 6.12, 858: 6.55}",True
856,19936,19973,20005,top,104.35,97.3,112.5,47.51,"{854: 11.58, 855: 7.42, 856: 0.0, 857: 8.48, 858: 0.59}",True
857,19938,19981,20020,bottom,87.8,83.72,92.31,22.02,"{854: 3.47, 855: 6.29, 856: 8.74, 857: 0.0, 858: 8.47}",True
858,19941,19974,20002,top,118.03,109.09,128.57,69.57,"{854: 12.49, 855: 7.16, 857: 8.17, 856: 0.58, 858: 0.0}",True
863,20023,20054,20082,top,122.03,116.13,128.57,44.44,"{863: 0.0, 857: 0.54, 864: 9.73}",True
864,20052,20086,20115,top,114.29,105.88,124.14,62.95,"{863: 9.75, 864: 0.0, 865: 9.47}",True
865,20082,20120,20152,top,102.86,94.74,112.5,55.51,"{863: 19.01, 864: 9.5, 865: 0.0}",True
866,20191,20225,20254,top,114.29,105.88,124.14,62.95,{866: 0.0},True
867,20304,20341,20373,top,104.35,97.3,112.5,47.51,"{867: 0.0, 870: 14.72}",True
870,20359,20393,20423,top,112.5,105.88,120.0,47.06,"{867: 14.66, 870: 0.0, 872: 14.52, 873: 2.67}",True
872,20375,,,bottom,,,,,{},False
873,20404,20442,20477,bottom,98.63,94.74,102.86,23.2,"{873: 0.0, 870: 2.86}",True
874,20486,20516,20543,bottom,126.32,120.0,133.33,49.38,"{874: 0.0, 875: 8.23, 876: 2.4}",True
875,20490,20525,20556,top,109.09,102.86,116.13,42.81,"{875: 0.0, 874: 8.44, 876: 11.35}",True
876,20528,20567,20600,top,100.0,92.31,109.09,50.86,"{875: 11.38, 876: 0.0, 874: 2.48, 878: 4.52, 879: 4.11}",True
878,20562,20604,20641,bottom,91.14,85.71,97.3,31.31,"{876: 4.87, 878: 0.0, 879: 1.48, 880: 17.92}",True
879,20571,20601,20628,bottom,126.32,120.0,133.33,49.38,"{876: 4.63, 879: 0.0, 878: 1.34}",True
880,20638,20679,,bottom,,,,,{},False
881,20669,20698,20724,bottom,130.91,124.14,138.46,55.09,"{880: 5.87, 881: 0.0, 883: 9.75, 884: 9.55, 885: 4.16}",True
883,20692,20736,20773,bottom,88.89,81.82,97.3,41.84,"{883: 0.0, 880: 14.04, 881: 9.98, 884: 2.32, 885: 8.7, 888: 0.96}",True
884,20698,20726,20753,bottom,130.91,128.57,133.33,17.64,"{884: 0.0, 883: 2.21, 881: 9.56, 880: 14.35, 885: 8.7}",True
885,20699,20731,20759,top,120.0,112.5,128.57,57.4,"{884: 9.15, 885: 0.0, 883: 8.18, 880: 1.53, 881: 4.39}",True
888,20765,20797,20825,top,120.0,112.5,128.57,57.4,"{883: 1.65, 888: 0.0}",True
900,20827,,,bottom,,,,,{},False
901,20849,20888,20923,bottom,97.3,92.31,102.86,30.14,"{901: 0.0, 903: 6.62, 904: 18.22}",True
903,20877,20908,20936,top,122.03,116.13,128.57,44.44,"{903: 0.0, 901: 7.39, 904: 2.15}",True
904,20922,20950,20976,bottom,133.33,128.57,138.46,38.04,"{904: 0.0, 903: 2.74, 901: 17.96}",True
905,20977,21022,21059,bottom,87.8,80.0,97.3,46.75,"{905: 0.0, 904: 19.66, 910: 2.32, 915: 8.16}",True
910,20987,21014,21039,bottom,138.46,133.33,144.0,42.67,"{910: 0.0, 905: 2.15, 915: 6.17}",True
915,21005,21033,21057,top,138.46,128.57,150.0,89.29,"{915: 0.0, 910: 6.52, 905: 7.72}",True
912,21032,,,top,,,,,{},False
918,21112,21152,21188,bottom,94.74,90.0,100.0,27.78,"{918: 0.0, 919: 8.73, 920: 1.36}",True
919,21119,21156,21189,top,102.86,97.3,109.09,35.74,"{918: 8.86, 919: 0.0, 920: 16.0}",True
920,21179,21215,21247,top,105.88,100.0,112.5,39.06,"{920: 0.0, 919: 15.98, 918: 1.86}",True
923,21246,21278,21307,bottom,118.03,112.5,124.14,40.13,"{923: 0.0, 920: 0.63}",True
925,21314,21344,21371,bottom,126.32,120.0,133.33,49.38,{925: 0.0},True
926,21389,21424,21453,top,112.5,102.86,124.14,73.38,{926: 0.0},True
930,21470,21505,21536,top,109.09,102.86,116.13,42.81,"{930: 0.0, 931: 1.53}",True
931,21526,21568,21602,bottom,94.74,85.71,105.88,59.32,"{931: 0.0, 930: 1.62, 932: 5.18}",True
932,21563,21597,21626,top,114.29,105.88,124.14,62.95,"{931: 6.16, 932: 0.0, 933: 11.56, 934: 2.69}",True
933,21601,21636,21666,top,110.77,102.86,120.0,57.14,"{932: 11.56, 931: 0.95, 933: 0.0, 934: 8.26, 935: 1.88}",True
934,21606,21645,21679,bottom,98.63,92.31,105.88,39.93,"{931: 19.37, 932: 3.02, 934: 0.0, 933: 8.44, 935: 11.77}",True
935,21653,21692,21726,bottom,98.63,92.31,105.88,39.93,"{933: 2.06, 935: 0.0, 934: 11.78, 936: 15.13}",True
936,21714,21743,21769,bottom,130.91,124.14,138.46,55.09,"{935: 14.9, 936: 0.0, 944: 16.81}",True
944,21763,21799,21830,bottom,107.46,100.0,116.13,52.03,"{944: 0.0, 936: 16.96, 948: 8.52, 949: 5.79}",True
948,21776,21804,21828,top,138.46,128.57,150.0,89.29,"{944: 8.15, 948: 0.0, 949: 6.41}",True
949,21791,21824,21852,top,118.03,109.09,128.57,69.57,"{944: 6.46, 949: 0.0, 948: 6.5, 950: 17.0}",True
950,21846,21876,21903,top,126.32,120.0,133.33,49.38,"{949: 16.99, 950: 0.0}",True
952,22043,22073,22100,bottom,126.32,120.0,133.33,49.38,"{952: 0.0, 953: 8.53}",True
953,22065,22106,22142,bottom,93.51,87.8,100.0,33.88,"{953: 0.0, 952: 8.75, 955: 13.37}",True
955,22120,22162,22199,bottom,91.14,85.71,97.3,31.31,"{955: 0.0, 953: 13.38}",True
956,22210,22252,22287,bottom,93.51,85.71,102.86,48.98,"{956: 0.0, 957: 5.44, 958: 14.64}",True
957,22248,22279,22307,top,122.03,116.13,128.57,44.44,"{956: 6.31, 957: 0.0, 958: 5.32}",True
958,22270,22314,22353,bottom,86.75,81.82,92.31,26.9,"{958: 0.0, 957: 5.38, 956: 14.7, 959: 5.49, 960: 3.98, 961: 12.86}",True
959,22318,22344,22368,top,144.0,138.46,150.0,48.08,"{959: 0.0, 958: 6.49, 960: 3.39, 961: 6.67}",True
960,22325,22355,22381,top,128.57,120.0,138.46,71.01,"{959: 3.45, 960: 0.0, 958: 4.86, 961: 7.91, 962: 18.46}",True
961,22327,22372,22410,bottom,86.75,80.0,94.74,38.78,"{959: 6.64, 961: 0.0, 960: 7.95, 958: 12.87, 962: 4.19}",True
962,22380,22410,22437,top,126.32,120.0,133.33,49.38,"{962: 0.0, 960: 18.49, 961: 5.02, 963: 2.56, 964: 0.25}",True
963,22419,22464,22500,bottom,88.89,80.0,100.0,55.56,"{962: 2.81, 963: 0.0, 964: 1.33}",True
964,22435,,22497,bottom,116.13,,,,{},True
971,22658,22682,22704,top,156.52,150.0,163.64,61.98,"{972: 0.01, 971: 0.0}",True
972,22659,,,top,,,,,{},False
979,22712,22743,22770,top,124.14,116.13,133.33,63.72,{979: 0.0},True
980,22792,22822,22850,top,124.14,120.0,128.57,30.61,"{980: 0.0, 981: 10.12}",True
981,22822,22855,22884,top,116.13,109.09,124.14,51.89,"{980: 10.13, 981: 0.0, 982: 11.47, 983: 17.39}",True
982,22862,22888,22912,top,144.0,138.46,150.0,48.08,"{981: 11.4, 982: 0.0, 983: 7.49}",True
983,22879,22911,22940,top,118.03,112.5,124.14,40.13,"{981: 17.38, 983: 0.0, 982: 7.59}",True
984,22947,22983,23014,top,107.46,100.0,116.13,52.03,"{984: 0.0, 985: 7.36}",True
985,22957,22998,23035,bottom,92.31,87.8,97.3,25.66,"{984: 7.7, 985: 0.0}",True
986,23130,23166,23196,top,109.09,100.0,120.0,66.67,"{986: 0.0, 987: 1.53}",True
987,23135,23161,23184,top,146.94,138.46,156.52,78.52,"{987: 0.0, 986: 1.45}",True
992,23199,23234,23264,top,110.77,102.86,120.0,57.14,"{992: 0.0, 993: 11.35}",True
993,23237,23275,23308,top,101.41,94.74,109.09,43.5,"{992: 11.39, 993: 0.0, 994: 14.21}",True
994,23289,23331,23367,top,92.31,85.71,100.0,39.68,"{993: 14.24, 994: 0.0, 995: 4.77, 996: 10.95, 997: 16.17}",True
995,23328,23366,23399,bottom,101.41,94.74,109.09,43.5,"{994: 5.33, 995: 0.0, 996: 8.24, 997: 5.37, 1001: 2.58, 1002: 1.57}",True
996,23334,23375,23410,top,94.74,87.8,102.86,43.01,"{995: 8.73, 994: 10.93, 996: 0.0, 997: 5.2, 1001: 10.47, 1002: 13.67, 1006: 1.3}",True
997,23357,23396,23430,top,98.63,92.31,105.88,39.93,"{994: 16.15, 995: 5.9, 996: 5.19, 997: 0.0, 1001: 4.89, 1002: 8.82, 1006: 3.84, 1009: 0.89}",True
1001,23381,23413,23443,top,116.13,112.5,120.0,25.0,"{996: 10.36, 995: 3.15, 1001: 0.0, 997: 4.77, 1002: 4.55, 1006: 6.0, 1009: 2.92, 1011: 17.85}",True
1002,23388,23433,23472,top,85.71,80.0,92.31,31.56,"{1002: 0.0, 1001: 4.68, 995: 1.76, 996: 13.72, 997: 8.89, 1006: 8.37, 1009: 6.39, 1011: 10.72, 1012: 1.55}",True
1006,23400,23438,23472,bottom,100.0,94.74,105.88,32.78,"{1006: 0.0, 996: 1.74, 1002: 8.25, 1001: 6.2, 997: 4.24, 995: 18.92, 1009: 4.9, 1011: 4.38, 1012: 15.62}",True
1009,23424,23454,23481,bottom,126.32,120.0,133.33,49.38,"{1002: 7.34, 1001: 3.11, 1009: 0.0, 997: 1.58, 1006: 4.76, 1011: 6.94, 1012: 11.75, 1013: 16.93}",True
1011,23439,23476,23508,top,104.35,97.3,112.5,47.51,"{1002: 10.63, 1001: 17.86, 1011: 0.0, 1009: 7.3, 1006: 4.69, 1012: 7.25, 1013: 4.28, 1014: 13.18}",True
1012,23460,23490,23517,bottom,126.32,120.0,133.33,49.38,"{1002: 2.31, 1012: 0.0, 1011: 7.84, 1006: 15.25, 1009: 11.75, 1013: 6.77, 1014: 4.37}",True
1013,23475,23517,23554,bottom,91.14,85.71,97.3,31.31,"{1011: 4.56, 1013: 0.0, 1012: 6.96, 1006: 19.31, 1009: 17.22, 1014: 8.3, 1015: 0.59}",True
1014,23487,23526,23560,top,98.63,92.31,105.88,39.93,"{1011: 13.21, 1014: 0.0, 1013: 8.86, 1012: 4.5, 1015: 16.08}",True
1015,23549,23588,23620,top,101.41,92.31,112.5,63.1,"{1014: 16.05, 1015: 0.0, 1013: 1.2, 1016: 6.42}",True
1016,23571,23609,23643,bottom,100.0,94.74,105.88,32.78,"{1015: 6.66, 1016: 0.0, 1017: 2.82}",True
1017,23622,23661,23695,top,98.63,92.31,105.88,39.93,"{1017: 0.0, 1016: 3.27, 1018: 9.02, 1019: 9.95, 1020: 3.0, 1021: 0.3}",True
1018,23659,23694,23725,top,109.09,102.86,116.13,42.81,"{1017: 8.95, 1018: 0.0, 1019: 1.45, 1020: 7.3, 1021: 5.08}",True
1019,23660,23700,23735,top,96.0,90.0,102.86,36.73,"{1017: 9.96, 1018: 1.51, 1019: 0.0, 1020: 7.15, 1021: 6.35}",True
1020,23672,23708,23742,bottom,102.86,100.0,105.88,17.3,"{1017: 3.41, 1020: 0.0, 1018: 7.13, 1019: 6.97, 1021: 4.35}",True
1021,23692,23721,23747,bottom,130.91,124.14,138.46,55.09,"{1017: 1.24, 1018: 5.53, 1021: 0.0, 1019: 6.81, 1020: 4.02, 1024: 1.71}",True
1024,23738,23779,23814,top,94.74,87.8,102.86,43.01,"{1021: 1.82, 1024: 0.0, 1020: 1.16, 1026: 6.87}",True
1026,23760,23798,23831,bottom,101.41,94.74,109.09,43.5,"{1026: 0.0, 1024: 7.15}",True
1027,23952,23990,24024,top,100.0,94.74,105.88,32.78,"{1027: 0.0, 1029: 7.2}",True
1029,23970,24007,24039,bottom,104.35,97.3,112.5,47.51,"{1029: 0.0, 1027: 7.48, 1032: 0.6}",True
1032,24036,24071,24101,top,110.77,102.86,120.0,57.14,"{1032: 0.0, 1029: 0.97, 1033: 3.85}",True
1033,24049,24084,24116,top,107.46,102.86,112.5,30.13,"{1032: 3.87, 1033: 0.0, 1037: 14.62, 1039: 1.96}",True
1037,24100,24138,24172,top,100.0,94.74,105.88,32.78,"{1032: 18.61, 1033: 14.65, 1037: 0.0, 1039: 8.81, 1046: 7.03, 1051: 10.99}",True
1039,24100,24142,24179,bottom,91.14,85.71,97.3,31.31,"{1032: 0.54, 1033: 2.33, 1037: 9.26, 1039: 0.0, 1046: 6.5, 1051: 4.64, 1054: 0.87}",True
1046,24127,24165,24198,top,101.41,94.74,109.09,43.5,"{1046: 0.0, 1037: 7.01, 1039: 7.07, 1051: 3.66, 1054: 11.94}",True
1051,24144,24178,24208,top,112.5,105.88,120.0,47.06,"{1037: 10.92, 1051: 0.0, 1046: 3.61, 1039: 5.32, 1054: 8.83}",True
1054,24173,24210,24243,top,102.86,97.3,109.09,35.74,"{1037: 18.92, 1051: 8.87, 1046: 11.94, 1054: 0.0, 1039: 1.43, 1056: 4.01, 1057: 1.29}",True
1056,24214,24245,24273,bottom,122.03,116.13,128.57,44.44,"{1054: 4.71, 1056: 0.0, 1057: 6.21, 1058: 10.12, 1059: 2.28}",True
1057,24233,24265,24295,bottom,116.13,112.5,120.0,25.0,"{1054: 1.98, 1057: 0.0, 1056: 6.23, 1058: 4.66, 1059: 5.56}",True
1058,24242,24284,24321,bottom,91.14,85.71,97.3,31.31,"{1054: 0.67, 1058: 0.0, 1057: 4.77, 1056: 10.29, 1059: 8.32}",True
1059,24258,24292,24322,top,112.5,105.88,120.0,47.06,"{1059: 0.0, 1058: 8.36, 1056: 2.53, 1057: 5.69}",True
1061,24444,24480,24512,bottom,105.88,100.0,112.5,39.06,"{1061: 0.0, 1062: 9.21, 1066: 1.37}",True
1062,24447,24481,24510,top,114.29,105.88,124.14,62.95,"{1061: 8.92, 1063: 0.01, 1062: 0.0, 1066: 16.89}",True
1063,24448,,,top,,,,,{},False
1066,24503,24538,24569,top,109.09,102.86,116.13,42.81,"{1066: 0.0, 1061: 1.75, 1062: 16.9, 1067: 15.72}",True
1067,24558,24592,24621,top,114.29,105.88,124.14,62.95,"{1066: 15.68, 1067: 0.0, 1068: 1.09}",True
1068,24613,24641,24667,bottom,133.33,128.57,138.46,38.04,"{1067: 1.73, 1068: 0.0, 1069: 5.44}",True
1069,24623,24661,24694,bottom,101.41,94.74,109.09,43.5,"{1069: 0.0, 1068: 5.57, 1070: 11.01}",True
1070,24668,24700,24730,bottom,116.13,112.5,120.0,25.0,"{1070: 0.0, 1069: 10.92, 1068: 18.88, 1071: 9.68, 1072: 14.77}",True
1071,24695,24735,24774,bottom,91.14,90.0,92.31,5.92,"{1071: 0.0, 1069: 19.3, 1070: 9.77, 1072: 3.27, 1075: 16.26}",True
1072,24717,24749,24777,bottom,120.0,112.5,128.57,57.4,"{1071: 3.12, 1072: 0.0, 1070: 14.74, 1075: 14.86}",True
1075,24764,24797,24827,bottom,114.29,109.09,120.0,36.36,"{1071: 15.89, 1075: 0.0, 1072: 14.91, 1076: 7.63, 1077: 12.14}",True
1076,24778,24810,24837,top,122.03,112.5,133.33,77.16,"{1076: 0.0, 1071: 0.62, 1075: 7.97, 1072: 0.56, 1077: 5.0}",True
1077,24802,24844,24879,bottom,93.51,85.71,102.86,48.98,"{1076: 5.28, 1077: 0.0, 1075: 12.25, 1081: 2.57, 1082: 2.17, 1083: 15.42, 1080: 17.71}",True
1081,24862,24890,24915,top,135.85,128.57,144.0,61.71,"{1081: 0.0, 1077: 3.47, 1082: 1.68, 1083: 7.58, 1080: 14.35}",True
1082,24862,24896,24925,top,114.29,105.88,124.14,62.95,"{1081: 1.75, 1077: 2.96, 1082: 0.0, 1083: 8.64, 1080: 15.32}",True
1083,24868,24899,24928,bottom,120.0,116.13,124.14,27.62,"{1081: 8.03, 1083: 0.0, 1082: 8.97, 1077: 15.18, 1080: 2.42}",True
1080,24874,,,bottom,,,,,{},False
1088,24970,25015,25052,bottom,87.8,80.0,97.3,46.75,"{1088: 0.0, 1089: 8.47}",True
1089,24987,25019,25047,top,120.0,112.5,128.57,57.4,"{1088: 8.0, 1089: 0.0}",True
1090,25091,25134,25171,bottom,90.0,83.72,97.3,36.69,"{1090: 0.0, 1091: 8.63, 1092: 11.22, 1093: 0.57}",True
1091,25100,25134,25164,top,112.5,105.88,120.0,47.06,"{1091: 0.0, 1090: 8.36, 1092: 3.04}",True
1092,25142,25177,25208,bottom,109.09,102.86,116.13,42.81,"{1091: 3.31, 1090: 11.09, 1092: 0.0, 1093: 6.25, 1094: 1.17}",True
1093,25167,25197,25224,top,126.32,120.0,133.33,49.38,"{1093: 0.0, 1090: 1.42, 1092: 6.62, 1094: 13.04}",True
1094,25206,25238,25266,top,120.0,112.5,128.57,57.4,"{1093: 13.06, 1094: 0.0, 1092: 0.67, 1097: 4.75}",True
1097,25234,25267,25297,bottom,114.29,109.09,120.0,36.36,"{1094: 5.19, 1097: 0.0, 1105: 14.57}",True
1105,25282,25325,25362,bottom,90.0,83.72,97.3,36.69,"{1097: 14.73, 1105: 0.0, 1106: 10.09}",True
1106,25328,25363,25393,bottom,110.77,102.86,120.0,57.14,"{1106: 0.0, 1105: 9.97}",True
1113,25440,25473,25503,top,114.29,109.09,120.0,36.36,{1113: 0.0},True
1115,25508,,,top,,,,,{},False
1126,25514,25558,25595,bottom,88.89,81.82,97.3,41.84,{1126: 0.0},True
1127,25599,25643,25682,bottom,86.75,81.82,92.31,26.9,"{1127: 0.0, 1128: 5.4, 1132: 16.64}",True
1128,25642,25674,25703,top,118.03,112.5,124.14,40.13,"{1128: 0.0, 1127: 5.99, 1132: 4.14, 1133: 15.54, 1131: 0.62}",True
1132,25673,25713,25748,bottom,96.0,90.0,102.86,36.73,"{1132: 0.0, 1127: 16.54, 1128: 4.49, 1133: 8.21, 1131: 7.67, 1135: 11.97}",True
1133,25693,25722,25747,top,133.33,124.14,144.0,79.45,"{1132: 8.03, 1133: 0.0, 1128: 15.44, 1131: 15.97, 1135: 9.84}",True
1131,25701,,,bottom,,,,,{},False
1135,25719,,,bottom,,,,,{},False
1136,25791,25827,25858,bottom,107.46,100.0,116.13,52.03,"{1136: 0.0, 1137: 8.57, 1140: 4.65}",True
1137,25807,25833,25856,top,146.94,138.46,156.52,78.52,"{1137: 0.0, 1136: 8.05, 1140: 8.54}",True
1140,25827,25859,25886,top,122.03,112.5,133.33,77.16,"{1140: 0.0, 1137: 8.63, 1136: 5.19}",True
1141,25982,26013,26040,top,124.14,116.13,133.33,63.72,"{1141: 0.0, 1142: 5.14}",True
1142,26004,26044,26078,bottom,97.3,90.0,105.88,46.71,"{1141: 5.46, 1142: 0.0, 1143: 4.13}",True
1143,26048,26082,26112,top,112.5,105.88,120.0,47.06,"{1143: 0.0, 1142: 4.76}",True
1144,26147,26197,26238,bottom,79.12,72.0,87.8,38.55,"{1144: 0.0, 1145: 1.07, 1146: 16.89}",True
1145,26230,26261,26288,top,124.14,116.13,133.33,63.72,"{1145: 0.0, 1144: 1.89, 1146: 8.05, 1149: 15.7}",True
1146,26230,26276,26315,bottom,84.71,78.26,92.31,36.02,"{1145: 8.2, 1144: 16.86, 1146: 0.0, 1149: 5.49}",True
1149,26279,26306,26330,top,141.18,133.33,150.0,69.44,"{1145: 15.65, 1149: 0.0, 1146: 6.7}",True
1150,26335,26371,26401,top,109.09,100.0,120.0,66.67,"{1150: 0.0, 1152: 4.23}",True
1152,26369,26414,26453,bottom,85.71,80.0,92.31,31.56,"{1152: 0.0, 1150: 4.34, 1154: 4.77, 1155: 1.11}",True
1154,26403,26433,26459,bottom,128.57,120.0,138.46,71.01,"{1154: 0.0, 1152: 4.36, 1155: 2.06}",True
1155,26447,26481,26510,top,114.29,105.88,124.14,62.95,"{1155: 0.0, 1154: 2.36, 1152: 1.62}",True
1166,26512,26540,26568,bottom,128.57,128.57,128.57,,"{1166: 0.0, 1167: 1.82}",True
1167,26558,26589,26616,top,124.14,116.13,133.33,63.72,"{1167: 0.0, 1166: 2.04, 1168: 6.47}",True
1168,26572,26612,26646,bottom,97.3,90.0,105.88,46.71,"{1168: 0.0, 1167: 6.61, 1169: 12.21}",True
1169,26619,26662,26700,bottom,88.89,83.72,94.74,28.99,"{1169: 0.0, 1168: 12.27}",True
1170,26710,26738,26763,top,135.85,128.57,144.0,61.71,{1170: 0.0},True
1171,26779,26825,26864,bottom,84.71,78.26,92.31,36.02,{1171: 0.0},True
1172,26781,,,bottom,,,,,{},False
1179,26865,26898,26927,top,116.13,109.09,124.14,51.89,"{1171: 0.98, 1179: 0.0, 1189: 1.83}",True
1189,26915,26950,26982,bottom,107.46,102.86,112.5,30.13,"{1189: 0.0, 1179: 2.04}",True
1191,27065,27102,27134,bottom,104.35,97.3,112.5,47.51,"{1191: 0.0, 1195: 4.87}",True
1195,27101,27132,27159,top,124.14,116.13,133.33,63.72,"{1195: 0.0, 1191: 5.62}",True
1196,27167,27203,27236,bottom,104.35,100.0,109.09,27.55,"{1196: 0.0, 1197: 8.89}",True
1197,27168,27199,27227,top,122.03,116.13,128.57,44.44,"{1196: 8.63, 1197: 0.0}",True
1198,27264,27294,27321,top,126.32,120.0,133.33,49.38,"{1198: 0.0, 1199: 10.28}",True
1199,27297,27323,27347,top,144.0,138.46,150.0,48.08,"{1198: 10.21, 1199: 0.0, 1203: 0.84}",True
1203,27341,27382,27418,bottom,93.51,87.8,100.0,33.88,"{1203: 0.0, 1199: 1.06, 1204: 4.72}",True
1204,27385,27415,27442,top,126.32,120.0,133.33,49.38,"{1204: 0.0, 1203: 5.35}",True
1205,27480,27505,27529,top,146.94,144.0,150.0,25.0,"{1205: 0.0, 1206: 7.56, 1207: 1.08}",True
1206,27496,27528,27556,top,120.0,112.5,128.57,57.4,"{1206: 0.0, 1205: 7.65, 1207: 5.22}",True
1207,27522,27553,27581,bottom,122.03,116.13,128.57,44.44,"{1205: 1.41, 1206: 5.55, 1207: 0.0}",True
1208,27597,27626,27653,top,128.57,124.14,133.33,34.06,{1208: 0.0},True
1209,27663,27694,27722,top,122.03,116.13,128.57,44.44,"{1209: 0.0, 1210: 7.41}",True
1210,27684,27719,27749,top,110.77,102.86,120.0,57.14,"{1210: 0.0, 1209: 7.47, 1211: 16.31}",True
1211,27741,27771,27798,top,126.32,120.0,133.33,49.38,"{1210: 16.25, 1211: 0.0, 1212: 7.23, 1214: 0.96}",True
1212,27748,27786,27821,bottom,98.63,94.74,102.86,23.2,"{1210: 0.76, 1211: 7.56, 1212: 0.0, 1214: 11.19}",True
1214,27791,27831,27866,bottom,96.0,90.0,102.86,36.73,"{1211: 1.28, 1214: 0.0, 1212: 11.22}",True
1215,27880,27904,27926,bottom,156.52,150.0,163.64,61.98,"{1215: 0.0, 1216: 3.11, 1218: 14.83, 1217: 1.85}",True
1216,27911,27943,27971,top,120.0,112.5,128.57,57.4,"{1215: 3.23, 1216: 0.0, 1218: 8.29, 1217: 0.67}",True
1217,27912,27945,27973,top,118.03,109.09,128.57,69.57,"{1218: 8.07, 1215: 2.38, 1216: 0.67, 1217: 0.0}",True
1218,27914,27958,27995,bottom,88.89,81.82,97.3,41.84,"{1218: 0.0, 1215: 15.16, 1216: 8.43, 1217: 8.33, 1221: 14.37, 1224: 16.64}",True
1221,27977,,,bottom,,,,,{},False
1224,27987,28030,28068,bottom,88.89,83.72,94.74,28.99,"{1224: 0.0, 1218: 16.61, 1227: 15.69}",True
1227,28057,28088,28115,bottom,124.14,116.13,133.33,63.72,"{1227: 0.0, 1224: 15.42, 1228: 13.25}",True
1228,28095,28138,28174,bottom,91.14,83.72,100.0,45.22,"{1228: 0.0, 1227: 13.46, 1229: 5.99, 1230: 12.5}",True
1229,28135,28161,28185,top,144.0,138.46,150.0,48.08,"{1228: 7.07, 1229: 0.0, 1230: 5.91}",True
1230,28149,28191,28227,bottom,92.31,85.71,100.0,39.68,"{1228: 12.51, 1230: 0.0, 1229: 5.93, 1231: 3.99, 1232: 0.38, 1233: 0.38}",True
1231,28200,28229,28255,top,130.91,124.14,138.46,55.09,"{1231: 0.0, 1230: 4.86, 1232: 8.09, 1233: 8.54}",True
1233,28225,,,top,,,,,{},False
1232,28225,28251,28275,top,144.0,138.46,150.0,48.08,"{1231: 8.05, 1230: 1.32, 1232: 0.0, 1233: 0.0}",True
1243,28276,28307,28333,bottom,126.32,116.13,138.46,85.89,"{1243: 0.0, 1244: 8.57}",True
1244,28278,28302,28324,top,156.52,150.0,163.64,61.98,"{1243: 8.26, 1244: 0.0}",True
1247,28423,28453,28480,bottom,126.32,120.0,133.33,49.38,{1247: 0.0},True
1248,28506,28541,28571,top,110.77,102.86,120.0,57.14,{1248: 0.0},True
1250,28605,,,bottom,,,,,{},False
1251,28714,28748,28778,bottom,112.5,105.88,120.0,47.06,"{1251: 0.0, 1255: 4.97}",True
1255,28749,28775,28798,top,146.94,138.46,156.52,78.52,"{1255: 0.0, 1251: 5.68, 1257: 11.78}",True
1257,28778,28807,28832,top,133.33,124.14,144.0,79.45,"{1255: 11.82, 1257: 0.0, 1251: 0.62, 1258: 1.61}",True
1258,28821,28861,28896,bottom,96.0,90.0,102.86,36.73,"{1257: 1.82, 1258: 0.0, 1259: 5.63}",True
1259,28859,28888,28913,top,133.33,124.14,144.0,79.45,"{1259: 0.0, 1258: 6.32, 1260: 17.65}",True
1260,28909,28941,28970,top,118.03,112.5,124.14,40.13,"{1259: 17.65, 1260: 0.0, 1261: 3.52, 1262: 18.57}",True
1261,28945,28982,29014,bottom,104.35,97.3,112.5,47.51,"{1260: 3.77, 1261: 0.0, 1262: 6.42}",True
1262,28968,29004,29035,top,107.46,100.0,116.13,52.03,"{1260: 18.63, 1262: 0.0, 1261: 6.84}",True
1263,29059,29093,29123,top,112.5,105.88,120.0,47.06,{1263: 0.0},True
1265,29225,29262,29295,top,102.86,97.3,109.09,35.74,"{1265: 0.0, 1266: 8.41}",True
1266,29238,29263,29286,bottom,150.0,144.0,156.52,54.44,"{1266: 0.0, 1265: 7.73}",True
1267,29298,29341,29379,bottom,88.89,83.72,94.74,28.99,"{1267: 0.0, 1268: 4.16}",True
1268,29349,29381,29409,top,120.0,112.5,128.57,57.4,"{1268: 0.0, 1267: 4.75, 1269: 16.0}",True
1269,29400,29435,29466,top,109.09,102.86,116.13,42.81,"{1268: 16.03, 1269: 0.0, 1270: 18.0}",True
1270,29463,29498,29529,top,109.09,102.86,116.13,42.81,"{1269: 17.97, 1270: 0.0}",True
1272,29536,29571,29602,bottom,109.09,102.86,116.13,42.81,"{1272: 0.0, 1273: 5.9}",True
1273,29560,29595,29626,top,109.09,102.86,116.13,42.81,"{1272: 6.47, 1273: 0.0, 1275: 13.7}",True
1275,29608,29644,29676,top,105.88,100.0,112.5,39.06,"{1273: 13.73, 1275: 0.0}",True
1281,29707,29744,29777,bottom,102.86,97.3,109.09,35.74,"{1282: 9.3, 1281: 0.0}",True
1282,29707,29744,29777,top,102.86,97.3,109.09,35.74,"{1282: 0.0, 1281: 9.3}",True
1283,29855,29884,29909,top,133.33,124.14,144.0,79.45,{1283: 0.0},True
1284,29936,29975,30009,bottom,98.63,92.31,105.88,39.93,{1284: 0.0},True
1285,30142,30175,30203,top,118.03,109.09,128.57,69.57,{1285: 0.0},True
1286,30241,30279,30313,bottom,100.0,94.74,105.88,32.78,"{1286: 0.0, 1287: 5.6, 1289: 7.13, 1288: 6.92}",True
1287,30263,30301,30333,bottom,102.86,94.74,112.5,55.51,"{1287: 0.0, 1286: 5.58, 1288: 1.8, 1289: 8.79, 1291: 14.73}",True
1288,30263,30310,30349,bottom,83.72,76.6,92.31,40.29,"{1287: 1.89, 1289: 8.45, 1286: 7.03, 1288: 0.0, 1291: 11.73}",True
1289,30264,30295,30322,top,124.14,116.13,133.33,63.72,"{1286: 7.9, 1287: 8.42, 1289: 0.0, 1288: 8.04, 1291: 0.77}",True
1291,30317,30363,30401,bottom,85.71,78.26,94.74,43.36,"{1289: 0.9, 1291: 0.0, 1287: 14.86, 1288: 11.75, 1292: 0.96}",True
1292,30394,30425,30452,top,124.14,116.13,133.33,63.72,"{1292: 0.0, 1291: 1.52}",True
1293,30459,30491,30519,top,120.0,112.5,128.57,57.4,"{1293: 0.0, 1294: 3.24}",True
1294,30499,30528,30554,bottom,130.91,124.14,138.46,55.09,"{1294: 0.0, 1293: 3.62, 1295: 2.41}",True
1295,30540,30571,30599,top,122.03,116.13,128.57,44.44,"{1295: 0.0, 1294: 2.78}",True
1296,30612,30654,30690,bottom,92.31,85.71,100.0,39.68,"{1296: 0.0, 1297: 8.1, 1298: 5.76, 1299: 10.86, 1303: 10.15}",True
1297,30621,30649,30673,top,138.46,128.57,150.0,89.29,"{1297: 0.0, 1296: 7.72, 1298: 10.87, 1299: 2.67, 1303: 1.78}",True
1298,30650,30680,30706,top,128.57,120.0,138.46,71.01,"{1296: 6.7, 1297: 10.9, 1298: 0.0, 1299: 7.66, 1303: 7.62}",True
1299,30656,30699,30736,bottom,90.0,83.72,97.3,36.69,"{1297: 2.83, 1299: 0.0, 1296: 10.88, 1298: 7.61, 1303: 2.42, 1315: 12.45}",True
1303,30662,30690,30715,bottom,135.85,128.57,144.0,61.71,"{1297: 2.39, 1303: 0.0, 1296: 9.81, 1299: 2.34, 1298: 7.82, 1315: 17.0}",True
1315,30709,30752,30790,bottom,88.89,83.72,94.74,28.99,"{1315: 0.0, 1299: 12.47, 1303: 17.2, 1316: 1.73}",True
1316,30779,30804,30827,top,150.0,144.0,156.52,54.44,"{1316: 0.0, 1315: 2.76}",True
1317,30906,30951,30991,bottom,84.71,80.0,90.0,25.0,"{1317: 0.0, 1318: 1.8, 1319: 16.77}",True
1318,30926,30958,30985,bottom,122.03,112.5,133.33,77.16,"{1318: 0.0, 1317: 1.78, 1319: 18.12}",True
1319,30984,,,bottom,,,,,{},False
1327,31018,31051,31079,top,118.03,109.09,128.57,69.57,"{1327: 0.0, 1332: 13.59, 1333: 13.78, 1335: 1.55}",True
1332,31062,31096,31124,top,116.13,105.88,128.57,81.03,"{1327: 13.61, 1333: 0.16, 1332: 0.0, 1335: 8.07, 1340: 13.87, 1343: 1.93}",True
1333,31063,31095,31125,top,116.13,112.5,120.0,25.0,"{1327: 13.8, 1333: 0.0, 1332: 0.15, 1335: 8.07, 1340: 13.75, 1343: 2.06}",True
1335,31068,31107,31142,bottom,97.3,92.31,102.86,30.14,"{1327: 1.83, 1335: 0.0, 1332: 8.23, 1333: 8.23, 1340: 4.65, 1343: 9.45, 1348: 13.78, 1350: 1.59}",True
1340,31107,31144,31176,top,104.35,97.3,112.5,47.51,"{1333: 13.8, 1340: 0.0, 1335: 5.21, 1332: 13.95, 1343: 8.72, 1348: 7.05, 1350: 4.7}",True
1343,31112,31140,31167,bottom,130.91,128.57,133.33,17.64,"{1333: 2.53, 1343: 0.0, 1340: 8.27, 1335: 9.2, 1332: 2.36, 1348: 5.66, 1350: 6.0}",True
1348,31124,31160,31191,bottom,107.46,100.0,116.13,52.03,"{1333: 0.65, 1348: 0.0, 1343: 5.76, 1340: 7.32, 1332: 0.59, 1335: 13.72, 1350: 8.84}",True
1347,31124,,,bottom,,,,,{},False
1350,31130,31160,31187,top,126.32,120.0,133.33,49.38,"{1340: 4.62, 1348: 8.37, 1343: 6.34, 1335: 2.58, 1350: 0.0}",True
1357,31198,31235,31267,top,104.35,97.3,112.5,47.51,"{1357: 0.0, 1358: 7.93, 1359: 16.58}",True
1358,31226,31266,31299,top,98.63,90.0,109.09,57.85,"{1357: 7.95, 1358: 0.0, 1359: 8.43}",True
1359,31259,31298,31332,top,98.63,92.31,105.88,39.93,"{1357: 16.62, 1358: 8.43, 1359: 0.0, 1360: 15.42}",True
1360,31319,31359,31394,top,96.0,90.0,102.86,36.73,"{1360: 0.0, 1359: 15.42}",True
1361,31393,31432,31466,top,98.63,92.31,105.88,39.93,"{1360: 18.62, 1361: 0.0}",True
1362,31509,31543,31572,top,114.29,105.88,124.14,62.95,"{1362: 0.0, 1364: 1.95, 1365: 5.58, 1368: 13.9}",True
1364,31522,31549,31573,top,141.18,133.33,150.0,69.44,"{1364: 0.0, 1362: 1.91, 1365: 6.39, 1368: 13.13}",True
1365,31535,31568,31597,bottom,116.13,109.09,124.14,51.89,"{1365: 0.0, 1362: 5.87, 1364: 6.45, 1368: 6.22, 1370: 2.54}",True
1368,31556,31589,31618,top,116.13,109.09,124.14,51.89,"{1368: 0.0, 1364: 13.23, 1365: 6.68, 1362: 13.91, 1370: 6.62}",True
1370,31582,31609,31633,top,141.18,133.33,150.0,69.44,"{1368: 6.52, 1370: 0.0, 1365: 3.22, 1372: 1.69}",True
1372,31623,31660,31693,bottom,102.86,97.3,109.09,35.74,"{1372: 0.0, 1370: 1.72, 1373: 7.96, 1374: 10.41}",True
1373,31638,31669,31697,top,122.03,116.13,128.57,44.44,"{1372: 8.48, 1373: 0.0, 1374: 5.16}",True
1374,31661,31699,31733,bottom,100.0,94.74,105.88,32.78,"{1373: 5.5, 1374: 0.0, 1372: 10.43}",True
1375,31760,31803,31839,bottom,91.14,83.72,100.0,45.22,"{1375: 0.0, 1380: 1.58}",True
1380,31827,31861,31891,top,112.5,105.88,120.0,47.06,"{1380: 0.0, 1375: 2.11}",True
1383,31907,31943,31975,top,105.88,100.0,112.5,39.06,"{1383: 0.0, 1384: 1.6, 1386: 0.28}",True
1384,31962,32004,32044,bottom,87.8,85.71,90.0,10.71,"{1383: 1.94, 1384: 0.0, 1386: 2.27, 1388: 5.95, 1389: 1.88}",True
1386,31972,32014,32052,bottom,90.0,85.71,94.74,23.74,"{1383: 0.75, 1384: 2.26, 1386: 0.0, 1388: 8.42, 1389: 2.75}",True
1388,31993,32031,32064,top,101.41,94.74,109.09,43.5,"{1388: 0.0, 1384: 6.3, 1386: 8.62, 1389: 9.78}",True
1389,32026,32073,32111,top,84.71,76.6,94.74,47.74,"{1388: 9.85, 1389: 0.0, 1384: 2.09, 1386: 3.07, 1390: 8.22, 1391: 9.91}",True
1390,32064,32109,32149,top,84.71,80.0,90.0,25.0,"{1388: 18.84, 1389: 8.22, 1390: 0.0, 1391: 1.11, 1405: 11.9}",True
1391,32075,32112,32144,top,104.35,97.3,112.5,47.51,"{1389: 9.8, 1390: 1.09, 1391: 0.0, 1405: 12.17}",True
1405,32115,32165,32206,top,79.12,72.0,87.8,38.55,"{1405: 0.0, 1390: 11.94, 1391: 12.31, 1410: 6.4, 1411: 5.98, 1412: 15.05}",True
1410,32151,32190,32224,bottom,98.63,92.31,105.88,39.93,"{1390: 0.53, 1405: 6.85, 1410: 0.0, 1411: 9.26, 1412: 4.4, 1413: 1.72}",True
1411,32154,32190,32221,top,107.46,100.0,116.13,52.03,"{1405: 5.85, 1410: 8.87, 1411: 0.0, 1412: 10.83, 1413: 16.15}",True
1412,32188,32237,32279,top,79.12,73.47,85.71,29.15,"{1405: 15.09, 1411: 10.94, 1412: 0.0, 1410: 4.67, 1413: 4.34, 1414: 7.07, 1415: 2.41, 1417: 17.43, 1420: 18.2}",True
1413,32210,32257,32300,top,80.0,76.6,83.72,16.57,"{1411: 16.24, 1412: 4.33, 1410: 2.15, 1413: 0.0, 1414: 8.16, 1415: 4.63, 1417: 13.25, 1420: 13.17}",True
1414,32225,32257,32286,bottom,118.03,112.5,124.14,40.13,"{1412: 7.87, 1414: 0.0, 1410: 18.47, 1413: 7.61, 1415: 11.17, 1417: 2.05, 1420: 1.42}",True
1415,32255,32305,32346,bottom,79.12,72.0,87.8,38.55,"{1412: 2.87, 1415: 0.0, 1413: 4.89, 1414: 11.4, 1417: 7.45, 1420: 8.41, 1423: 8.97, 1424: 7.64}",True
1417,32272,32323,32366,top,76.6,70.59,83.72,30.54,"{1412: 17.45, 1417: 0.0, 1415: 7.93, 1414: 2.07, 1413: 13.27, 1420: 2.15, 1423: 6.73, 1424: 7.84, 1426: 17.41}",True
1420,32277,32312,32344,top,107.46,102.86,112.5,30.13,"{1412: 18.06, 1415: 8.12, 1420: 0.0, 1414: 1.69, 1413: 12.99, 1417: 2.09, 1423: 5.61, 1424: 5.63}",True
1423,32300,32349,32391,bottom,79.12,73.47,85.71,29.15,"{1423: 0.0, 1415: 8.93, 1413: 0.53, 1420: 5.61, 1417: 7.03, 1424: 2.72, 1426: 3.59, 1427: 14.18, 1428: 17.53}",True
1424,32308,32336,32361,bottom,135.85,128.57,144.0,61.71,"{1424: 0.0, 1420: 5.9, 1415: 7.4, 1423: 2.53, 1417: 7.18, 1426: 1.08}",True
1426,32360,32399,32433,top,98.63,92.31,105.88,39.93,"{1426: 0.0, 1417: 17.27, 1423: 4.32, 1424: 0.54, 1427: 7.66, 1428: 7.13, 1429: 8.86, 1430: 10.39, 1431: 16.46, 1432: 17.2}",True
1427,32369,32418,32461,bottom,78.26,73.47,83.72,23.84,"{1427: 0.0, 1426: 7.77, 1423: 14.09, 1428: 2.23, 1429: 7.37, 1430: 6.38, 1431: 4.0, 1432: 3.93}",True
1428,32387,32415,32439,bottom,138.46,128.57,150.0,89.29,"{1428: 0.0, 1426: 7.62, 1427: 2.06, 1423: 16.98, 1430: 6.95, 1429: 6.98, 1431: 2.75, 1432: 2.06}",True
1429,32394,32434,32470,top,94.74,90.0,100.0,27.78,"{1426: 8.88, 1430: 2.43, 1429: 0.0, 1428: 7.25, 1423: 0.73, 1427: 8.0, 1431: 8.16, 1432: 8.05, 1433: 17.71}",True
1430,32395,32447,32491,top,75.0,69.23,81.82,28.61,"{1426: 10.48, 1430: 0.0, 1429: 2.54, 1428: 6.84, 1423: 0.46, 1427: 6.78, 1431: 5.01, 1432: 4.23, 1433: 13.56}",True
1431,32423,32473,32519,top,75.0,72.0,78.26,13.61,"{1426: 16.57, 1430: 5.02, 1429: 8.23, 1431: 0.0, 1428: 2.64, 1427: 4.39, 1432: 1.33, 1433: 8.47, 1434: 3.12, 1435: 16.23}",True
1432,32427,32467,32502,top,96.0,90.0,102.86,36.73,"{1426: 17.2, 1430: 4.14, 1429: 8.04, 1432: 0.0, 1428: 2.1, 1431: 1.26, 1427: 4.52, 1433: 10.57, 1434: 1.19}",True
1433,32464,32517,32565,top,71.29,67.92,75.0,14.74,"{1430: 13.59, 1429: 17.75, 1432: 10.66, 1431: 8.47, 1433: 0.0, 1427: 0.31, 1434: 8.28, 1435: 6.63}",True
1434,32492,32527,32557,bottom,110.77,102.86,120.0,57.14,"{1430: 0.49, 1431: 3.75, 1432: 1.62, 1434: 0.0, 1433: 7.61, 1435: 6.73}",True
1435,32506,32549,32587,top,88.89,83.72,94.74,28.99,"{1433: 6.53, 1434: 7.13, 1431: 16.12, 1435: 0.0, 1440: 13.52, 1441: 15.05}",True
1440,32564,32607,32647,top,86.75,83.72,90.0,15.7,"{1433: 18.61, 1435: 13.5, 1440: 0.0, 1441: 3.2, 1448: 9.56, 1449: 5.15}",True
1441,32567,32627,32678,top,64.86,60.0,70.59,20.76,"{1433: 19.46, 1435: 15.15, 1441: 0.0, 1440: 3.33, 1448: 5.34, 1449: 8.14}",True
1448,32599,32657,32705,top,67.92,62.07,75.0,26.94,"{1441: 5.31, 1448: 0.0, 1440: 9.68, 1449: 8.15, 1451: 14.94}",True
1449,32606,32641,32672,bottom,109.09,102.86,116.13,42.81,"{1441: 7.48, 1449: 0.0, 1448: 7.71, 1440: 5.68}",True
1451,32681,32752,32813,top,54.55,50.7,59.02,13.63,"{1441: 19.46, 1448: 15.02, 1451: 0.0}",True
1452,32836,32868,32897,bottom,118.03,112.5,124.14,40.13,"{1452: 0.0, 1453: 6.92}",True
1453,32850,32887,32920,top,102.86,97.3,109.09,35.74,"{1453: 0.0, 1452: 7.23, 1454: 0.96}",True
1454,32912,32947,32979,bottom,107.46,102.86,112.5,30.13,"{1453: 1.43, 1454: 0.0, 1459: 3.33, 1460: 7.33}",True
1459,32955,32994,33028,top,98.63,92.31,105.88,39.93,"{1459: 0.0, 1454: 3.78, 1471: 2.36, 1475: 18.6}",True
1460,32955,,,top,,,,,{},False
1471,33011,33043,33073,bottom,116.13,112.5,120.0,25.0,"{1471: 0.0, 1459: 2.77, 1475: 6.68, 1476: 6.24, 1477: 11.91}",True
1475,33027,33063,33095,top,105.88,100.0,112.5,39.06,"{1475: 0.0, 1471: 6.92, 1459: 18.65, 1476: 18.64, 1477: 6.12, 1478: 2.15}",True
1476,33029,,,bottom,,,,,{},False
1477,33048,33089,,bottom,,,,,{},False
1478,33080,33109,33135,bottom,130.91,124.14,138.46,55.09,"{1475: 2.77, 1478: 0.0, 1477: 5.64}",True
1480,33198,33240,33277,bottom,91.14,85.71,97.3,31.31,"{1480: 0.0, 1481: 5.84}",True
1481,33230,33270,33303,top,98.63,90.0,109.09,57.85,"{1481: 0.0, 1480: 6.37, 1482: 2.99, 1483: 12.9}",True
1482,33278,33321,33359,bottom,88.89,83.72,94.74,28.99,"{1481: 3.31, 1482: 0.0, 1480: 18.77, 1483: 9.2, 1484: 11.94, 1485: 1.22}",True
1483,33281,33319,33353,top,100.0,94.74,105.88,32.78,"{1481: 12.9, 1483: 0.0, 1482: 8.72, 1484: 2.88, 1485: 18.23}",True
1484,33329,33373,33410,bottom,88.89,81.82,97.3,41.84,"{1483: 3.18, 1484: 0.0, 1482: 11.94, 1485: 7.79, 1486: 6.31, 1487: 18.44}",True
1485,33351,33377,33400,top,146.94,138.46,156.52,78.52,"{1483: 17.99, 1484: 7.43, 1485: 0.0, 1482: 2.26, 1486: 5.86}",True
1486,33360,33397,33430,top,102.86,97.3,109.09,35.74,"{1485: 5.98, 1486: 0.0, 1484: 6.91, 1482: 0.79, 1487: 2.68}",True
1487,33409,33447,33480,bottom,101.41,94.74,109.09,43.5,"{1486: 3.07, 1487: 0.0, 1484: 18.36, 1488: 13.88, 1489: 17.93}",True
1488,33462,33497,,bottom,,,,,{},False
1489,33478,33509,33537,bottom,122.03,116.13,128.57,44.44,"{1489: 0.0, 1488: 3.8, 1487: 17.75, 1496: 15.4, 1495: 0.64}",True
1496,33525,33564,33598,bottom,98.63,92.31,105.88,39.93,"{1496: 0.0, 1489: 15.48, 1495: 16.2, 1498: 7.76, 1500: 14.56}",True
1495,33534,,,top,,,,,{},False
1498,33548,,33605,top,126.32,,,,{},True
1500,33582,33620,33653,bottom,101.41,94.74,109.09,43.5,"{1500: 0.0, 1496: 14.55, 1498: 3.75, 1499: 6.06, 1505: 12.97}",True
1499,33603,,,bottom,,,,,{},False
1504,33625,,,bottom,,,,,{},False
1505,33631,33670,33704,bottom,98.63,92.31,105.88,39.93,"{1505: 0.0, 1500: 13.0, 1506: 13.31, 1509: 0.61}",True
1506,33683,33723,33758,bottom,96.0,90.0,102.86,36.73,"{1505: 13.34, 1506: 0.0, 1509: 8.58}",True
1509,33699,33730,33756,top,126.32,116.13,138.46,85.89,"{1509: 0.0, 1505: 1.6, 1506: 8.12}",True
1511,33775,33806,33833,top,124.14,116.13,133.33,63.72,{1511: 0.0},True
1520,33857,33890,33920,bottom,114.29,109.09,120.0,36.36,{1520: 0.0},True
1521,33930,33973,34010,bottom,90.0,83.72,97.3,36.69,"{1521: 0.0, 1522: 8.12, 1523: 10.57}",True
1522,33974,34003,34029,bottom,130.91,124.14,138.46,55.09,"{1521: 7.92, 1522: 0.0, 1523: 3.58}",True
1523,33976,34019,34058,bottom,87.8,83.72,92.31,22.02,"{1523: 0.0, 1521: 10.61, 1522: 3.79, 1526: 13.35, 1527: 1.23}",True
1526,34036,34073,34105,bottom,104.35,97.3,112.5,47.51,"{1526: 0.0, 1523: 13.22, 1527: 8.29, 1533: 16.92}",True
1527,34048,34079,34107,top,122.03,116.13,128.57,44.44,"{1526: 8.63, 1523: 2.14, 1527: 0.0, 1533: 1.38}",True
1533,34098,34141,34176,bottom,92.31,83.72,102.86,54.67,"{1526: 17.02, 1533: 0.0, 1527: 1.35, 1532: 2.19, 1534: 0.95, 1537: 6.08}",True
1532,34107,,,bottom,,,,,{},False
1534,34108,34142,34172,bottom,112.5,105.88,120.0,47.06,"{1534: 0.0, 1533: 0.91, 1537: 5.81}",True
1537,34137,34165,34189,top,138.46,128.57,150.0,89.29,"{1537: 0.0, 1533: 7.0, 1534: 6.25}",True
1539,34273,34302,34328,bottom,130.91,124.14,138.46,55.09,"{1539: 0.0, 1540: 6.01, 1543: 3.21}",True
1540,34286,34325,34359,bottom,98.63,92.31,105.88,39.93,"{1540: 0.0, 1539: 6.22, 1543: 7.44}",True
1543,34309,34338,34364,top,130.91,124.14,138.46,55.09,"{1540: 8.21, 1543: 0.0, 1539: 3.71}",True
1544,34390,34425,34455,bottom,110.77,102.86,120.0,57.14,"{1544: 0.0, 1545: 14.24}",True
1545,34439,34477,34510,bottom,101.41,94.74,109.09,43.5,"{1545: 0.0, 1544: 14.3, 1546: 5.05, 1547: 0.68}",True
1546,34475,34506,34534,top,122.03,116.13,128.57,44.44,"{1545: 5.75, 1546: 0.0, 1547: 9.83, 1548: 16.24}",True
1547,34506,34537,34564,top,124.14,116.13,133.33,63.72,"{1546: 9.83, 1547: 0.0, 1545: 1.28, 1548: 6.46, 1549: 1.87}",True
1548,34525,34557,34584,top,122.03,112.5,133.33,77.16,"{1546: 16.23, 1547: 6.46, 1548: 0.0, 1549: 4.61}",True
1549,34553,34599,34634,bottom,88.89,78.26,102.86,70.28,"{1549: 0.0, 1548: 4.55, 1547: 1.82, 1550: 6.74, 1551: 6.46, 1552: 4.08}",True
1550,34584,34615,34644,top,120.0,116.13,124.14,27.62,"{1548: 18.93, 1549: 8.17, 1550: 0.0, 1551: 8.05, 1552: 6.41}",True
1551,34591,34623,,bottom,,,,,{},False
1552,34604,34636,34665,top,118.03,112.5,124.14,40.13,"{1549: 6.88, 1551: 6.33, 1550: 6.41, 1552: 0.0, 1554: 12.52}",True
1554,34644,34676,34704,top,120.0,112.5,128.57,57.4,"{1549: 1.44, 1554: 0.0, 1550: 19.04, 1552: 12.5}",True
1555,34717,34747,34774,top,126.32,120.0,133.33,49.38,"{1555: 0.0, 1556: 17.14}",True
1556,34769,34803,34833,top,112.5,105.88,120.0,47.06,"{1555: 17.2, 1556: 0.0}",True
1557,34867,34908,34941,bottom,97.3,87.8,109.09,64.5,"{1557: 0.0, 1558: 8.37}",True
1558,34906,34937,34965,bottom,122.03,116.13,128.57,44.44,"{1558: 0.0, 1557: 8.2}",True
1559,34971,35004,35033,bottom,116.13,109.09,124.14,51.89,"{1559: 0.0, 1560: 5.3}",True
1560,34999,35029,35055,top,128.57,120.0,138.46,71.01,"{1559: 5.84, 1560: 0.0}",True
1561,35077,35108,35135,top,124.14,116.13,133.33,63.72,{1561: 0.0},True
1564,35176,35208,35237,top,118.03,112.5,124.14,40.13,"{1564: 0.0, 1565: 0.32}",True
1565,35234,35277,35315,bottom,88.89,83.72,94.74,28.99,"{1564: 0.54, 1565: 0.0, 1566: 8.37}",True
1566,35258,35288,35313,top,130.91,120.0,144.0,96.0,"{1566: 0.0, 1565: 7.91}",True
1567,35351,35394,35431,bottom,90.0,83.72,97.3,36.69,"{1567: 0.0, 1568: 8.45, 1569: 7.42, 1570: 5.05, 1571: 13.96}",True
1568,35367,35398,35425,top,124.14,116.13,133.33,63.72,"{1567: 7.97, 1568: 0.0, 1569: 3.49, 1570: 9.41, 1571: 2.09}",True
1569,35377,35409,35436,top,122.03,112.5,133.33,77.16,"{1568: 3.5, 1567: 8.31, 1569: 0.0, 1570: 5.79, 1571: 3.81}",True
1570,35396,35426,35453,top,126.32,120.0,133.33,49.38,"{1568: 9.4, 1570: 0.0, 1567: 5.87, 1569: 5.75, 1571: 6.33, 1572: 0.55}",True
1571,35410,35455,35494,bottom,85.71,80.0,92.31,31.56,"{1568: 2.34, 1570: 6.28, 1571: 0.0, 1569: 3.84, 1567: 13.99, 1572: 8.67}",True
1572,35449,35495,35535,bottom,83.72,78.26,90.0,29.35,"{1570: 0.66, 1572: 0.0, 1571: 8.68, 1573: 5.47}",True
1573,35495,35526,35553,top,124.14,116.13,133.33,63.72,"{1571: 0.95, 1573: 0.0, 1572: 6.4}",True
1574,35555,35586,35613,top,124.14,116.13,133.33,63.72,"{1574: 0.0, 1575: 5.45, 1576: 13.0}",True
1575,35574,35618,35657,bottom,86.75,81.82,92.31,26.9,"{1574: 5.71, 1575: 0.0, 1576: 8.44, 1577: 1.09}",True
1576,35595,35627,35654,top,122.03,112.5,133.33,77.16,"{1576: 0.0, 1574: 13.02, 1575: 7.94, 1577: 17.34}",True
1577,35649,35685,35716,top,107.46,100.0,116.13,52.03,"{1576: 17.38, 1577: 0.0, 1575: 1.83, 1578: 4.87}",True
1578,35679,35717,35750,bottom,101.41,94.74,109.09,43.5,"{1577: 5.37, 1578: 0.0, 1579: 2.07}",True
1579,35735,35773,35806,top,101.41,94.74,109.09,43.5,"{1579: 0.0, 1578: 2.42}",True
1580,35805,35843,35876,top,101.41,94.74,109.09,43.5,"{1579: 18.65, 1580: 0.0, 1581: 12.65}",True
1581,35852,35893,35929,top,93.51,87.8,100.0,33.88,"{1580: 12.68, 1581: 0.0}",True
1582,35945,35977,36006,top,118.03,112.5,124.14,40.13,"{1582: 0.0, 1583: 2.82, 1584: 6.12}",True
1583,35947,35990,36026,top,91.14,83.72,100.0,45.22,"{1582: 2.93, 1583: 0.0, 1584: 7.88}",True
1584,35963,35999,36031,bottom,105.88,100.0,112.5,39.06,"{1583: 8.45, 1584: 0.0, 1582: 6.49, 1586: 18.81}",True
1586,35964,36073,36109,bottom,49.66,33.03,100.0,186.03,"{1586: 0.0, 1584: 18.83, 1594: 8.37, 1595: 0.72}",True
1594,36038,36081,36118,top,90.0,83.72,97.3,36.69,"{1586: 8.96, 1594: 0.0, 1595: 16.31}",True
1595,36107,36149,36186,top,91.14,85.71,97.3,31.31,"{1594: 16.3, 1586: 0.85, 1595: 0.0, 1596: 5.93}",True
1596,36140,36171,36199,top,122.03,116.13,128.57,44.44,"{1595: 5.77, 1596: 0.0}",True
1597,36211,36246,36276,bottom,110.77,102.86,120.0,57.14,"{1597: 0.0, 1598: 5.08}",True
1598,36241,36277,36308,top,107.46,100.0,116.13,52.03,"{1598: 0.0, 1597: 5.47, 1599: 12.18, 1600: 2.68}",True
1599,36287,36316,36343,top,128.57,124.14,133.33,34.06,"{1598: 12.06, 1600: 8.62, 1599: 0.0}",True
1600,36288,36322,36353,bottom,110.77,105.88,116.13,33.05,"{1598: 3.29, 1600: 0.0, 1599: 8.7, 1603: 0.74}",True
1603,36349,36377,36402,top,135.85,128.57,144.0,61.71,"{1603: 0.0, 1600: 1.59}",True
1604,36431,36462,36490,bottom,122.03,116.13,128.57,44.44,"{1604: 0.0, 1605: 5.48, 1606: 1.07}",True
1605,36444,36484,36519,bottom,96.0,90.0,102.86,36.73,"{1605: 0.0, 1604: 5.66, 1606: 5.16}",True
1606,36483,36513,36540,top,126.32,120.0,133.33,49.38,"{1605: 6.09, 1606: 0.0, 1604: 1.76, 1607: 15.08, 1608: 17.38}",True
1607,36528,36561,36590,top,116.13,109.09,124.14,51.89,"{1606: 15.14, 1607: 0.0, 1608: 2.71}",True
1608,36535,36571,36602,top,107.46,100.0,116.13,52.03,"{1607: 2.74, 1608: 0.0, 1606: 17.49, 1609: 18.2}",True
1609,36600,36632,36660,top,120.0,112.5,128.57,57.4,"{1608: 18.17, 1609: 0.0, 1610: 0.54}",True
1610,36658,36698,36732,bottom,97.3,90.0,105.88,46.71,"{1609: 0.62, 1610: 0.0, 1611: 5.84}",True
1611,36689,36724,36754,top,110.77,102.86,120.0,57.14,"{1611: 0.0, 1610: 6.47}",True
1612,36781,36816,36847,top,109.09,102.86,116.13,42.81,"{1612: 0.0, 1613: 1.31, 1614: 13.89}",True
1613,36788,36821,36850,top,116.13,109.09,124.14,51.89,"{1612: 1.27, 1613: 0.0, 1614: 13.11}",True
1614,36830,36867,36898,top,105.88,97.3,116.13,60.75,"{1612: 13.91, 1613: 13.14, 1614: 0.0}",True
1615,36920,36955,36986,bottom,109.09,102.86,116.13,42.81,{1615: 0.0},True
1616,36992,37021,37047,top,130.91,124.14,138.46,55.09,{1616: 0.0},True
1617,37183,37213,37240,top,126.32,120.0,133.33,49.38,"{1617: 0.0, 1618: 3.97, 1620: 2.16}",True
1618,37216,37245,37271,bottom,130.91,124.14,138.46,55.09,"{1617: 4.16, 1618: 0.0, 1620: 5.9}",True
1620,37227,37266,37299,bottom,100.0,92.31,109.09,50.86,"{1617: 2.1, 1620: 0.0, 1618: 6.08, 1621: 4.31, 1622: 16.17}",True
1621,37271,37301,37327,top,128.57,120.0,138.46,71.01,"{1621: 0.0, 1618: 0.77, 1620: 4.89, 1622: 5.52}",True
1622,37290,37327,37360,bottom,102.86,97.3,109.09,35.74,"{1620: 16.13, 1621: 5.88, 1622: 0.0, 1633: 17.02}",True
1627,37299,,,top,,,,,{},False
1633,37355,37384,37411,bottom,128.57,124.14,133.33,34.06,"{1633: 0.0, 1622: 16.83}",True
1635,37453,37484,37510,top,126.32,116.13,138.46,85.89,"{1635: 0.0, 1636: 11.78, 1637: 16.65}",True
1636,37488,37519,37546,top,124.14,116.13,133.33,63.72,"{1635: 11.8, 1636: 0.0, 1637: 5.83, 1638: 10.57}",True
1637,37502,37540,37573,top,101.41,94.74,109.09,43.5,"{1635: 16.72, 1636: 5.92, 1637: 0.0, 1638: 3.54, 1639: 2.63}",True
1638,37520,37552,37580,top,120.0,112.5,128.57,57.4,"{1636: 10.58, 1637: 3.47, 1638: 0.0, 1639: 3.91, 1640: 1.06}",True
1639,37553,37587,37618,bottom,110.77,105.88,116.13,33.05,"{1637: 3.1, 1638: 4.34, 1639: 0.0, 1640: 4.02}",True
1640,37573,37599,37623,bottom,144.0,138.46,150.0,48.08,"{1638: 1.69, 1637: 0.71, 1640: 0.0, 1639: 3.74}",True
1643,37647,37677,37703,top,128.57,120.0,138.46,71.01,"{1643: 0.0, 1644: 3.28}",True
1644,37685,37710,37733,bottom,150.0,144.0,156.52,54.44,"{1643: 3.54, 1644: 0.0}",True
1645,37777,37811,37841,top,112.5,105.88,120.0,47.06,{1645: 0.0},True
1646,37866,37906,37941,bottom,96.0,90.0,102.86,36.73,{1646: 0.0},True
1647,37950,37992,38029,bottom,91.14,85.71,97.3,31.31,"{1647: 0.0, 1648: 13.51}",True
1648,38007,38052,38091,bottom,85.71,80.0,92.31,31.56,"{1648: 0.0, 1647: 13.57, 1649: 2.05}",True
1649,38074,38113,38147,top,98.63,92.31,105.88,39.93,"{1649: 0.0, 1648: 2.73, 1650: 7.74}",True
1650,38109,38140,38168,top,122.03,116.13,128.57,44.44,"{1649: 7.6, 1650: 0.0}",True
1651,38320,38354,38385,bottom,110.77,105.88,116.13,33.05,"{1651: 0.0, 1652: 15.99}",True
1652,38376,38409,38438,bottom,116.13,109.09,124.14,51.89,"{1651: 15.97, 1652: 0.0, 1661: 14.26}",True
1661,38424,38455,38483,bottom,122.03,116.13,128.57,44.44,"{1661: 0.0, 1652: 14.22, 1666: 10.76, 1672: 2.13}",True
1666,38455,38497,38533,bottom,92.31,85.71,100.0,39.68,"{1666: 0.0, 1661: 10.96, 1672: 8.52}",True
1672,38470,38500,38527,top,126.32,120.0,133.33,49.38,"{1672: 0.0, 1666: 7.92, 1661: 2.61}",True
1679,38552,38573,38594,top,171.43,171.43,171.43,,{1679: 0.0},True
1680,38663,38702,38735,bottom,100.0,92.31,109.09,50.86,"{1680: 0.0, 1681: 7.98}",True
1681,38679,38711,38739,top,120.0,112.5,128.57,57.4,"{1680: 8.52, 1681: 0.0}",True
1682,38875,38917,38953,bottom,92.31,85.71,100.0,39.68,"{1682: 0.0, 1687: 7.65}",True
1687,38902,38931,38956,top,133.33,124.14,144.0,79.45,"{1687: 0.0, 1682: 8.13}",True
1692,38988,39017,39043,top,130.91,124.14,138.46,55.09,"{1692: 0.0, 1698: 14.62}",True
1698,39031,39061,39088,top,126.32,120.0,133.33,49.38,"{1698: 0.0, 1692: 14.65, 1700: 2.76}",True
1700,39070,39109,39144,bottom,97.3,92.31,102.86,30.14,"{1700: 0.0, 1698: 2.78, 1701: 3.97}",True
1701,39117,39147,39174,top,126.32,120.0,133.33,49.38,"{1701: 0.0, 1700: 4.56}",True
1702,39191,39223,39251,bottom,120.0,112.5,128.57,57.4,{1702: 0.0},True
1703,39354,39382,39408,top,133.33,128.57,138.46,38.04,"{1704: 8.38, 1703: 0.0, 1705: 16.04}",True
1704,39355,39392,39424,bottom,104.35,97.3,112.5,47.51,"{1703: 8.41, 1704: 0.0, 1705: 3.75}",True
1705,39399,39430,39457,top,124.14,116.13,133.33,63.72,"{1703: 16.06, 1705: 0.0, 1704: 4.27, 1707: 0.54, 1706: 0.54}",True
1707,39455,,,bottom,,,,,{},False
1706,39455,39495,39530,bottom,96.0,90.0,102.86,36.73,"{1705: 0.59, 1707: 0.0, 1706: 0.0, 1710: 8.02}",True
1710,39466,39493,39517,top,141.18,133.33,150.0,69.44,"{1710: 0.0, 1706: 7.71}",True
1715,39589,39624,39655,bottom,109.09,102.86,116.13,42.81,{1715: 0.0},True
1717,39690,39723,39753,top,114.29,109.09,120.0,36.36,"{1717: 0.0, 1718: 2.85, 1719: 2.13}",True
1718,39732,39771,39803,bottom,101.41,92.31,112.5,63.1,"{1717: 3.18, 1718: 0.0, 1719: 0.76}",True
1719,39738,39769,39798,bottom,120.0,116.13,124.14,27.62,"{1717: 2.64, 1719: 0.0, 1718: 0.7}",True
1726,39806,39844,39877,bottom,101.41,94.74,109.09,43.5,"{1726: 0.0, 1718: 19.31, 1727: 14.52, 1728: 14.89}",True
1727,39862,39896,39926,bottom,112.5,105.88,120.0,47.06,"{1727: 0.0, 1728: 1.04, 1726: 14.44}",True
1728,39862,39899,39932,bottom,102.86,97.3,109.09,35.74,"{1727: 1.08, 1728: 0.0, 1726: 14.91}",True
1734,39933,39964,39991,top,124.14,116.13,133.33,63.72,"{1734: 0.0, 1728: 0.82, 1736: 4.71}",True
1736,39960,39997,40029,bottom,104.35,97.3,112.5,47.51,"{1736: 0.0, 1734: 4.88, 1737: 0.7}",True
1737,40027,40058,40085,top,124.14,116.13,133.33,63.72,"{1736: 1.14, 1737: 0.0}",True
1750,40096,,,bottom,,,,,{},False
1751,40101,40128,40153,top,138.46,133.33,144.0,42.67,"{1751: 0.0, 1753: 6.14}",True
1753,40114,40158,40196,bottom,87.8,81.82,94.74,34.0,"{1753: 0.0, 1751: 6.08, 1754: 16.18}",True
1754,40186,40225,40259,bottom,98.63,92.31,105.88,39.93,"{1754: 0.0, 1753: 16.1}",True
1755,40323,40356,40385,bottom,116.13,109.09,124.14,51.89,{1755: 0.0},True
1762,40396,40430,40459,bottom,114.29,105.88,124.14,62.95,"{1762: 0.0, 1763: 10.7, 1765: 15.73}",True
1763,40434,40465,40494,bottom,120.0,116.13,124.14,27.62,"{1763: 0.0, 1762: 10.69, 1765: 6.79, 1767: 4.65, 1768: 17.28}",True
1765,40448,40495,40533,bottom,84.71,76.6,94.74,47.74,"{1765: 0.0, 1762: 15.94, 1763: 6.98, 1767: 8.25, 1768: 6.96, 1769: 3.37}",True
1767,40464,40496,40523,top,122.03,112.5,133.33,77.16,"{1767: 0.0, 1765: 7.7, 1763: 4.96, 1768: 4.96, 1769: 13.89}",True
1768,40490,40521,40551,bottom,118.03,116.13,120.0,12.9,"{1767: 5.42, 1768: 0.0, 1765: 6.77, 1763: 17.35, 1769: 6.68}",True
1769,40508,40540,40568,top,120.0,112.5,128.57,57.4,"{1767: 13.9, 1769: 0.0, 1768: 7.01, 1765: 3.98, 1770: 18.46}",True
1770,40567,40600,40630,top,114.29,109.09,120.0,36.36,"{1770: 0.0, 1769: 18.5}",True
1771,40667,40702,40732,top,110.77,102.86,120.0,57.14,"{1771: 0.0, 1772: 9.48, 1773: 1.14}",True
1772,40667,40700,40729,bottom,116.13,109.09,124.14,51.89,"{1771: 9.06, 1772: 0.0, 1773: 17.26}",True
1773,40723,40767,40810,bottom,82.76,81.82,83.72,4.42,"{1771: 1.36, 1772: 17.42, 1773: 0.0, 1775: 2.46, 1777: 6.48, 1778: 2.61}",True
1775,40748,40778,40806,bottom,124.14,120.0,128.57,30.61,"{1775: 0.0, 1773: 2.51, 1777: 6.81, 1778: 2.0}",True
1777,40764,40797,40826,top,116.13,109.09,124.14,51.89,"{1777: 0.0, 1775: 7.22, 1773: 7.28, 1778: 6.96}",True
1778,40795,40817,40838,top,167.44,163.64,171.43,37.11,"{1778: 0.0, 1777: 6.7, 1775: 3.01, 1773: 3.93}",True
1780,40947,40981,41013,top,109.09,105.88,112.5,20.68,"{1780: 0.0, 1781: 1.52}",True
1781,40959,40985,41010,top,141.18,138.46,144.0,22.15,"{1780: 1.54, 1781: 0.0}",True
1782,41030,41060,41088,top,124.14,120.0,128.57,30.61,{1782: 0.0},True
1783,41088,41130,41170,bottom,87.8,85.71,90.0,10.71,"{1782: 0.17, 1783: 0.0, 1784: 3.45, 1785: 2.43}",True
1784,41114,41146,41174,bottom,120.0,112.5,128.57,57.4,"{1784: 0.0, 1783: 3.25, 1785: 3.42}",True
1785,41153,41179,41203,top,144.0,138.46,150.0,48.08,"{1783: 3.54, 1784: 3.83, 1785: 0.0, 1789: 3.99, 1792: 1.4, 1796: 18.75}",True
1789,41180,41211,,bottom,,,,,{},False
1792,41194,41225,41251,bottom,126.32,116.13,138.46,85.89,"{1789: 4.19, 1792: 0.0, 1785: 1.76, 1796: 7.87, 1797: 3.59, 1802: 13.12}",True
1796,41202,41237,41266,top,112.5,102.86,124.14,73.38,"{1796: 0.0, 1789: 5.44, 1785: 18.93, 1792: 8.41, 1797: 18.95, 1802: 4.9}",True
1797,41203,,,bottom,,,,,{},False
1802,41234,41265,41292,bottom,124.14,116.13,133.33,63.72,"{1802: 0.0, 1796: 5.24, 1792: 13.08, 1789: 17.12, 1804: 1.4}",True
1804,41285,41315,41342,top,126.32,120.0,133.33,49.38,"{1804: 0.0, 1802: 1.52}",True
1805,41356,41397,41433,bottom,93.51,87.8,100.0,33.88,{1805: 0.0},True
1806,41462,41492,41519,bottom,126.32,120.0,133.33,49.38,"{1806: 0.0, 1807: 11.98}",True
1807,41495,41538,41575,bottom,90.0,83.72,97.3,36.69,"{1807: 0.0, 1806: 12.18, 1808: 18.07}",True
1808,41572,,,bottom,,,,,{},False
1809,41589,41619,41645,bottom,128.57,120.0,138.46,71.01,"{1809: 0.0, 1808: 4.47, 1813: 17.85}",True
1813,41643,41682,41718,bottom,96.0,92.31,100.0,21.37,"{1813: 0.0, 1809: 18.08, 1811: 15.78, 1815: 16.01}",True
1811,41654,,,top,,,,,{},False
1815,41709,41745,41778,bottom,104.35,100.0,109.09,27.55,"{1813: 15.93, 1815: 0.0}",True
1824,41853,41891,41924,bottom,101.41,94.74,109.09,43.5,{1824: 0.0},True
1825,41973,42008,42039,bottom,109.09,102.86,116.13,42.81,"{1825: 0.0, 1826: 6.97}",True
1826,41997,42023,42047,top,144.0,138.46,150.0,48.08,"{1826: 0.0, 1825: 7.69}",True
1828,42095,42126,42154,bottom,122.03,116.13,128.57,44.44,"{1828: 0.0, 1832: 7.92, 1836: 4.91}",True
1832,42107,42135,42160,top,135.85,128.57,144.0,61.71,"{1832: 0.0, 1828: 8.34, 1836: 6.62}",True
1836,42124,42154,42181,top,126.32,120.0,133.33,49.38,"{1832: 6.64, 1836: 0.0, 1828: 5.24, 1839: 2.59}",True
1837,42154,,,top,,,,,{},False
1839,42164,42195,42223,bottom,122.03,116.13,128.57,44.44,"{1836: 3.09, 1839: 0.0, 1841: 3.79, 1842: 17.32}",True
1841,42199,42231,42259,top,120.0,112.5,128.57,57.4,"{1841: 0.0, 1839: 4.07, 1842: 6.19}",True
1842,42217,42257,42292,bottom,96.0,90.0,102.86,36.73,"{1842: 0.0, 1841: 6.2, 1839: 17.45, 1843: 2.73, 1845: 2.0}",True
1843,42273,42303,42329,top,128.57,120.0,138.46,71.01,"{1842: 3.5, 1843: 0.0, 1845: 0.91, 1844: 7.92}",True
1844,42275,42325,42351,top,94.74,72.0,138.46,255.62,"{1843: 7.91, 1845: 8.35, 1844: 0.0, 1847: 7.01}",True
1845,42279,42303,42325,top,156.52,150.0,163.64,61.98,"{1842: 3.01, 1843: 0.88, 1845: 0.0, 1844: 8.28}",True
1847,42332,,,bottom,,,,,{},False
1848,42415,42442,42466,top,141.18,133.33,150.0,69.44,"{1848: 0.0, 1849: 8.78}",True
1849,42438,42467,42492,top,133.33,124.14,144.0,79.45,"{1848: 8.8, 1849: 0.0}",True
1856,42509,42534,42557,top,150.0,144.0,156.52,54.44,{1856: 0.0},True
1862,42561,42598,42631,bottom,102.86,97.3,109.09,35.74,"{1862: 0.0, 1863: 11.49}",True
1863,42606,42639,42667,bottom,118.03,109.09,128.57,69.57,"{1863: 0.0, 1862: 11.43, 1864: 0.74}",True
1864,42665,42692,42716,top,141.18,133.33,150.0,69.44,"{1864: 0.0, 1863: 1.11}",True
1866,42728,42762,42793,bottom,110.77,105.88,116.13,33.05,"{1866: 0.0, 1867: 14.29}",True
1867,42776,42818,42854,bottom,92.31,85.71,100.0,39.68,"{1867: 0.0, 1866: 14.39, 1877: 12.32}",True
1877,42833,42860,42884,bottom,141.18,133.33,150.0,69.44,"{1877: 0.0, 1867: 11.98}",True
1878,42894,42933,42965,bottom,101.41,92.31,112.5,63.1,{1878: 0.0},True
1880,42990,43033,43069,bottom,91.14,83.72,100.0,45.22,"{1880: 0.0, 1881: 1.52, 1882: 8.23, 1883: 9.98, 1887: 0.64}",True
1881,43006,43035,43061,bottom,130.91,124.14,138.46,55.09,"{1880: 1.51, 1881: 0.0, 1882: 8.65, 1883: 10.41}",True
1882,43010,43038,43063,top,135.85,128.57,144.0,61.71,"{1880: 7.69, 1881: 9.0, 1882: 0.0, 1883: 4.53}",True
1883,43033,43074,43110,bottom,93.51,87.8,100.0,33.88,"{1883: 0.0, 1882: 4.8, 1881: 10.6, 1880: 9.98, 1887: 6.67}",True
1887,43065,43095,43120,top,130.91,120.0,144.0,96.0,"{1887: 0.0, 1883: 7.31, 1880: 1.06}",True
1888,43136,43168,43197,top,118.03,112.5,124.14,40.13,"{1888: 0.0, 1889: 2.46}",True
1889,43179,43216,43248,bottom,104.35,97.3,112.5,47.51,"{1888: 2.88, 1889: 0.0, 1890: 1.93}",True
1890,43235,43267,43295,top,120.0,112.5,128.57,57.4,"{1890: 0.0, 1889: 2.43}",True
1894,43332,43363,43390,top,124.14,116.13,133.33,63.72,"{1894: 0.0, 1893: 15.08, 1897: 16.3}",True
1893,43377,,,top,,,,,{},False
1897,43382,43418,43451,top,104.35,100.0,109.09,27.55,"{1897: 0.0, 1894: 16.39}",True
1898,43536,43567,43594,bottom,124.14,116.13,133.33,63.72,"{1898: 0.0, 1899: 5.92}",True
1899,43556,43591,43621,top,110.77,102.86,120.0,57.14,"{1899: 0.0, 1898: 6.26, 1900: 2.44}",True
1900,43602,43644,43681,bottom,91.14,85.71,97.3,31.31,"{1899: 2.86, 1900: 0.0, 1901: 8.38}",True
1901,43645,43675,43701,bottom,128.57,120.0,138.46,71.01,"{1901: 0.0, 1900: 8.08}",True
1904,43731,43761,43788,top,126.32,120.0,133.33,49.38,{1904: 0.0},True
1906,43808,43836,43860,bottom,138.46,128.57,150.0,89.29,"{1906: 0.0, 1907: 4.44}",True
1907,43833,43865,43893,top,120.0,112.5,128.57,57.4,"{1907: 0.0, 1906: 4.88, 1909: 2.85, 1911: 0.7}",True
1909,43872,43917,43956,bottom,85.71,80.0,92.31,31.56,"{1907: 3.13, 1909: 0.0, 1911: 4.12, 1912: 5.2}",True
1911,43889,43935,43974,bottom,84.71,78.26,92.31,36.02,"{1907: 0.81, 1911: 0.0, 1909: 4.11, 1912: 1.08}",True
1912,43894,43940,,bottom,,,,,{},False
1913,43987,44018,44046,bottom,122.03,116.13,128.57,44.44,"{1913: 0.0, 1914: 6.05, 1916: 5.49, 1920: 3.72}",True
1914,43999,44043,44081,bottom,87.8,81.82,94.74,34.0,"{1913: 6.19, 1914: 0.0, 1916: 8.42, 1920: 8.37}",True
1916,44012,44043,44070,top,124.14,116.13,133.33,63.72,"{1916: 0.0, 1913: 5.81, 1914: 7.87, 1920: 3.12}",True
1920,44023,44052,44079,top,128.57,124.14,133.33,34.06,"{1920: 0.0, 1916: 3.09, 1913: 4.11, 1914: 7.91}",True
1929,44118,44150,44178,bottom,120.0,112.5,128.57,57.4,"{1929: 0.0, 1930: 11.83, 1931: 3.95}",True
1930,44152,44199,44240,bottom,81.82,76.6,87.8,27.34,"{1929: 12.05, 1930: 0.0, 1931: 8.23, 1934: 17.67}",True
1931,44152,44183,44210,top,124.14,116.13,133.33,63.72,"{1929: 4.47, 1930: 8.01, 1931: 0.0}",True
1934,44237,44271,44300,bottom,114.29,105.88,124.14,62.95,"{1934: 0.0, 1930: 17.42, 1935: 3.87}",True
1935,44274,44308,44337,top,114.29,105.88,124.14,62.95,"{1935: 0.0, 1934: 4.31}",True
1937,44363,44392,44418,top,130.91,124.14,138.46,55.09,"{1937: 0.0, 1938: 3.78}",True
1938,44392,44435,44473,bottom,88.89,83.72,94.74,28.99,"{1937: 4.03, 1938: 0.0}",True
1939,44552,44590,44623,bottom,101.41,94.74,109.09,43.5,"{1939: 0.0, 1940: 1.63}",True
1940,44612,44657,44695,top,86.75,80.0,94.74,38.78,"{1940: 0.0, 1939: 1.86, 1941: 6.23, 1942: 12.15, 1943: 15.06}",True
1941,44646,44681,44712,bottom,109.09,102.86,116.13,42.81,"{1940: 6.59, 1941: 0.0, 1942: 5.95, 1943: 4.55}",True
1942,44669,44704,44735,top,109.09,102.86,116.13,42.81,"{1940: 12.08, 1941: 6.67, 1942: 0.0, 1943: 4.28}",True
1943,44677,44724,44762,top,84.71,76.6,94.74,47.74,"{1940: 15.06, 1941: 4.99, 1942: 4.37, 1943: 0.0, 1946: 14.27}",True
1946,44742,44786,44825,top,86.75,81.82,92.31,26.9,"{1946: 0.0, 1943: 14.27}",True
1949,44988,45027,45061,top,98.63,92.31,105.88,39.93,"{1949: 0.0, 1950: 8.55, 1951: 13.81}",True
1950,45027,45056,45081,top,133.33,124.14,144.0,79.45,"{1949: 8.41, 1950: 0.0, 1951: 6.74}",True
1951,45042,45079,45112,top,102.86,97.3,109.09,35.74,"{1949: 13.8, 1951: 0.0, 1950: 6.85}",True
1952,45127,45162,45192,bottom,110.77,102.86,120.0,57.14,"{1952: 0.0, 1953: 5.68, 1955: 2.14}",True
1953,45155,45186,45214,top,122.03,116.13,128.57,44.44,"{1953: 0.0, 1952: 6.2, 1955: 7.82, 1956: 3.15}",True
1955,45179,45210,45237,top,124.14,116.13,133.33,63.72,"{1953: 7.81, 1955: 0.0, 1952: 2.54, 1956: 6.87}",True
1956,45193,45225,45252,bottom,122.03,112.5,133.33,77.16,"{1953: 3.47, 1955: 7.18, 1952: 18.76, 1956: 0.0, 1962: 13.56}",True
1962,45236,45268,45296,bottom,120.0,112.5,128.57,57.4,"{1962: 0.0, 1955: 0.3, 1956: 13.58, 1963: 6.43, 1964: 3.92}",True
1963,45255,45288,45317,top,116.13,109.09,124.14,51.89,"{1963: 0.0, 1962: 6.7, 1964: 5.22}",True
1964,45270,45307,45339,top,104.35,97.3,112.5,47.51,"{1964: 0.0, 1963: 5.27, 1962: 4.11}",True
1965,45349,45381,45411,bottom,116.13,112.5,120.0,25.0,"{1965: 0.0, 1966: 4.05}",True
1966,45385,45414,45440,top,130.91,124.14,138.46,55.09,"{1965: 4.63, 1966: 0.0, 1968: 4.43}",True
1968,45411,45451,45486,bottom,96.0,90.0,102.86,36.73,"{1965: 18.96, 1966: 4.43, 1968: 0.0}",True
1974,45516,45549,45578,top,116.13,109.09,124.14,51.89,"{1974: 0.0, 1975: 4.56}",True
1975,45547,45582,45613,bottom,109.09,102.86,116.13,42.81,"{1974: 4.79, 1975: 0.0}",True
1978,45674,45703,45729,bottom,130.91,124.14,138.46,55.09,"{1978: 0.0, 1979: 9.29, 1980: 18.1, 1981: 0.47}",True
1979,45675,45703,45727,top,138.46,128.57,150.0,89.29,"{1978: 8.95, 1979: 0.0}",True
1980,45727,45769,45806,bottom,91.14,85.71,97.3,31.31,"{1979: 0.53, 1980: 0.0, 1978: 18.35, 1981: 8.54, 1985: 15.12, 1986: 1.7}",True
1981,45728,45759,45788,top,120.0,116.13,124.14,27.62,"{1979: 19.01, 1981: 0.0, 1980: 8.23, 1978: 0.54}",True
1985,45790,45833,45869,bottom,91.14,83.72,100.0,45.22,"{1985: 0.0, 1980: 15.14, 1986: 9.43, 1987: 8.47, 1988: 0.82}",True
1986,45793,45832,45866,top,98.63,92.31,105.88,39.93,"{1986: 0.0, 1985: 8.94, 1980: 2.08, 1987: 4.83}",True
1987,45832,45864,45891,bottom,122.03,112.5,133.33,77.16,"{1986: 5.21, 1987: 0.0, 1985: 8.2, 1988: 3.6}",True
1988,45868,45901,45931,top,114.29,109.09,120.0,36.36,"{1988: 0.0, 1987: 4.01, 1985: 1.23}",True
1989,45947,45983,46015,top,105.88,100.0,112.5,39.06,"{1989: 0.0, 1990: 8.1}",True
1990,45957,45991,46022,bottom,110.77,105.88,116.13,33.05,"{1989: 8.4, 1990: 0.0}",True
1993,46200,46239,46274,bottom,97.3,92.31,102.86,30.14,"{1993: 0.0, 1994: 0.93}",True
1994,46269,46301,46328,top,122.03,112.5,133.33,77.16,"{1994: 0.0, 1993: 1.39, 1995: 1.83, 1996: 18.03}",True
1995,46315,46354,46388,bottom,98.63,92.31,105.88,39.93,"{1994: 2.16, 1995: 0.0, 1996: 8.02, 1997: 10.81, 1998: 0.71}",True
1996,46326,46351,46375,top,146.94,144.0,150.0,25.0,"{1994: 17.92, 1995: 7.71, 1996: 0.0, 1997: 2.45}",True
1997,46360,46393,46421,bottom,118.03,109.09,128.57,69.57,"{1996: 2.75, 1995: 10.73, 1997: 0.0, 1998: 6.25, 1999: 16.77, 2000: 0.41}",True
1998,46384,46411,46436,top,138.46,133.33,144.0,42.67,"{1997: 6.87, 1998: 0.0, 1995: 1.28, 1999: 3.22, 2000: 12.21}",True
1999,46415,46453,46486,bottom,101.41,94.74,109.09,43.5,"{1998: 3.44, 1997: 16.88, 1999: 0.0, 2000: 8.43, 2001: 8.2}",True
2000,46418,46445,46470,top,138.46,133.33,144.0,42.67,"{1998: 12.21, 1999: 8.01, 2000: 0.0, 1997: 1.25, 2001: 5.92}",True
2001,46437,46461,46483,top,156.52,150.0,163.64,61.98,"{2001: 0.0, 2000: 5.87, 1999: 7.67}",True
2002,46518,46557,46592,top,97.3,92.31,102.86,30.14,"{2002: 0.0, 2014: 13.01, 2017: 2.64}",True
2014,46569,46608,46642,top,98.63,92.31,105.88,39.93,"{2002: 13.01, 2015: 0.02, 2014: 0.0, 2017: 9.23, 2022: 5.16}",True
2015,46570,,,top,,,,,{},False
2017,46572,46608,46641,bottom,104.35,100.0,109.09,27.55,"{2017: 0.0, 2014: 8.96, 2002: 2.95, 2022: 8.08}",True
2022,46605,46636,46663,bottom,124.14,116.13,133.33,63.72,"{2014: 5.88, 2022: 0.0, 2017: 7.96}",True
2026,46832,46865,46895,bottom,114.29,109.09,120.0,36.36,"{2026: 0.0, 2027: 5.28, 2028: 16.25}",True
2027,46844,46887,46923,bottom,91.14,83.72,100.0,45.22,"{2027: 0.0, 2026: 5.41, 2028: 8.95}",True
2028,46887,46920,46951,bottom,112.5,109.09,116.13,22.7,"{2028: 0.0, 2027: 8.79, 2026: 16.26, 2031: 15.92, 2035: 17.11}",True
2031,46939,46986,47026,bottom,82.76,76.6,90.0,33.51,"{2028: 16.03, 2031: 0.0, 2035: 1.06, 2038: 1.45, 2040: 1.46}",True
2035,46946,,,bottom,,,,,{},False
2038,46957,46989,47019,bottom,116.13,112.5,120.0,25.0,"{2038: 0.0, 2031: 1.38, 2040: 0.5}",True
2040,47016,47042,47067,top,141.18,138.46,144.0,22.15,"{2031: 2.73, 2040: 0.0, 2038: 1.35}",True
2041,47104,47148,47185,bottom,88.89,81.82,97.3,41.84,"{2041: 0.0, 2042: 0.0, 2043: 3.09, 2045: 7.55, 2046: 7.33}",True
2042,47106,,,bottom,,,,,{},False
2043,47118,47161,47200,bottom,87.8,83.72,92.31,22.02,"{2043: 0.0, 2041: 3.1, 2046: 8.43, 2045: 8.24, 2051: 17.77}",True
2045,47131,47163,47191,top,120.0,112.5,128.57,57.4,"{2046: 0.45, 2045: 0.0, 2043: 7.94, 2041: 8.15}",True
2046,47132,47164,47193,top,118.03,112.5,124.14,40.13,"{2046: 0.0, 2045: 0.46, 2043: 8.0, 2041: 7.92}",True
2051,47197,47227,47254,bottom,126.32,120.0,133.33,49.38,"{2051: 0.0, 2043: 17.56, 2052: 11.6, 2054: 1.4}",True
2052,47229,47271,47305,bottom,94.74,85.71,105.88,59.32,"{2052: 0.0, 2051: 11.78, 2054: 8.0, 2055: 6.96, 2059: 3.44}",True
2054,47246,47280,47309,top,114.29,105.88,124.14,62.95,"{2052: 8.36, 2054: 0.0, 2051: 1.59, 2055: 6.81, 2059: 10.4}",True
2055,47266,47295,47321,bottom,130.91,124.14,138.46,55.09,"{2052: 6.85, 2055: 0.0, 2054: 7.21, 2059: 6.59}",True
2059,47280,47315,47346,top,109.09,102.86,116.13,42.81,"{2059: 0.0, 2052: 3.71, 2054: 10.43, 2055: 6.77, 2062: 17.27}",True
2062,47340,47377,47409,top,104.35,97.3,112.5,47.51,"{2059: 17.29, 2062: 0.0, 2063: 0.7, 2064: 6.4, 2065: 14.83}",True
2063,47346,47379,47409,top,114.29,109.09,120.0,36.36,"{2059: 18.75, 2062: 0.7, 2063: 0.0, 2064: 6.74, 2065: 14.66}",True
2064,47358,47400,47437,bottom,91.14,85.71,97.3,31.31,"{2062: 6.72, 2064: 0.0, 2063: 7.04, 2065: 5.74}",True
2065,47395,47428,47457,top,116.13,109.09,124.14,51.89,"{2062: 14.78, 2063: 14.65, 2065: 0.0, 2064: 6.44}",True
2067,47470,47503,47533,top,114.29,109.09,120.0,36.36,"{2067: 0.0, 2068: 8.71}",True
2068,47473,47508,47539,bottom,109.09,102.86,116.13,42.81,"{2068: 0.0, 2067: 8.98}",True
2071,47539,47577,47610,top,101.41,94.74,109.09,43.5,"{2071: 0.0, 2068: 0.54, 2072: 3.45}",True
2072,47551,47590,47624,top,98.63,92.31,105.88,39.93,"{2072: 0.0, 2071: 3.46}",True
2073,47678,47711,47740,top,116.13,109.09,124.14,51.89,"{2073: 0.0, 2075: 13.89}",True
2075,47725,47753,47779,top,133.33,128.57,138.46,38.04,"{2073: 13.82, 2075: 0.0, 2079: 11.99, 2080: 15.23}",True
2079,47758,47792,47823,top,110.77,105.88,116.13,33.05,"{2075: 12.08, 2079: 0.0, 2080: 1.81, 2082: 11.7, 2081: 11.31, 2083: 3.42}",True
2080,47768,47798,47824,top,128.57,120.0,138.46,71.01,"{2079: 1.79, 2080: 0.0, 2075: 15.22, 2082: 10.12, 2081: 10.28, 2083: 3.88}",True
2081,47798,47829,47856,top,124.14,116.13,133.33,63.72,"{2079: 11.25, 2080: 10.3, 2082: 0.0, 2081: 0.0, 2083: 9.27, 2090: 18.52}",True
2082,47798,,,top,,,,,{},False
2083,47800,47829,47855,bottom,130.91,124.14,138.46,55.09,"{2079: 3.99, 2080: 4.4, 2083: 0.0, 2081: 8.93}",True
2090,47854,47891,47923,top,104.35,97.3,112.5,47.51,"{2081: 18.66, 2083: 0.61, 2090: 0.0, 2099: 2.1}",True
2099,47908,47942,47973,bottom,110.77,105.88,116.13,33.05,"{2099: 0.0, 2090: 2.42, 2102: 1.79}",True
2102,47960,47994,48023,top,114.29,105.88,124.14,62.95,"{2102: 0.0, 2099: 2.39, 2103: 3.73}",True
2103,47974,48006,48035,top,118.03,112.5,124.14,40.13,"{2099: 0.57, 2103: 0.0, 2102: 3.71, 2107: 18.32}",True
2107,48033,48067,48096,top,114.29,105.88,124.14,62.95,"{2103: 18.39, 2107: 0.0, 2108: 8.41}",True
2108,48038,48073,48105,bottom,107.46,102.86,112.5,30.13,"{2108: 0.0, 2107: 8.65}",True
2109,48206,48237,48264,top,124.14,116.13,133.33,63.72,{2109: 0.0},True
2112,48356,48389,48419,top,114.29,109.09,120.0,36.36,"{2112: 0.0, 2115: 7.83, 2116: 11.68, 2118: 6.4, 2119: 7.49, 2126: 10.44, 2131: 18.18}",True
2115,48359,48397,,bottom,,,,,{},False
2116,48361,,,bottom,,,,,{},False
2118,48368,48408,,bottom,,,,,{},False
2119,48374,48418,48456,bottom,87.8,81.82,94.74,34.0,"{2118: 1.87, 2112: 7.57, 2119: 0.0, 2116: 4.17, 2115: 4.21, 2126: 8.23, 2131: 5.65}",True
2126,48390,48425,48457,top,107.46,102.86,112.5,30.13,"{2112: 10.45, 2126: 0.0, 2119: 8.27, 2118: 8.85, 2115: 9.62, 2116: 9.93, 2131: 6.16}",True
2131,48417,48445,48470,top,135.85,128.57,144.0,61.71,"{2112: 18.15, 2126: 6.03, 2131: 0.0, 2119: 6.85}",True
2132,48494,48522,48547,top,135.85,128.57,144.0,61.71,"{2132: 0.0, 2133: 5.65, 2134: 4.23}",True
2133,48511,48545,48576,bottom,110.77,105.88,116.13,33.05,"{2132: 6.03, 2133: 0.0, 2134: 5.21, 2135: 2.16}",True
2134,48521,48569,48609,bottom,81.82,75.0,90.0,37.5,"{2134: 0.0, 2132: 4.14, 2133: 5.4, 2135: 6.68, 2142: 15.04}",True
2135,48561,48591,48617,top,128.57,120.0,138.46,71.01,"{2134: 7.86, 2133: 2.9, 2135: 0.0, 2142: 3.87}",True
2142,48592,48637,48676,bottom,85.71,80.0,92.31,31.56,"{2142: 0.0, 2134: 14.97, 2135: 3.8, 2145: 5.79, 2146: 5.8, 2147: 13.4}",True
2145,48617,,,bottom,,,,,{},False
2146,48631,48664,48694,top,114.29,109.09,120.0,36.36,"{2142: 6.8, 2146: 0.0, 2147: 5.73, 2148: 17.84}",True
2147,48659,48685,48708,bottom,146.94,138.46,156.52,78.52,"{2147: 0.0, 2146: 6.37, 2142: 12.88, 2148: 3.03}",True
2148,48691,48726,48758,top,107.46,102.86,112.5,30.13,"{2146: 17.87, 2148: 0.0, 2147: 3.13}",True
2150,48803,48834,48862,top,122.03,116.13,128.57,44.44,"{2150: 0.0, 2151: 9.74, 2152: 14.6}",True
2151,48833,48864,48892,top,122.03,116.13,128.57,44.44,"{2150: 9.74, 2151: 0.0, 2152: 5.13, 2153: 3.67}",True
2152,48848,48881,48909,top,118.03,109.09,128.57,69.57,"{2150: 14.61, 2152: 0.0, 2151: 5.15, 2153: 5.9, 2154: 16.42}",True
2153,48867,48912,48949,bottom,87.8,80.0,97.3,46.75,"{2153: 0.0, 2152: 5.96, 2151: 3.63, 2154: 6.3}",True
2154,48901,48935,48964,top,114.29,105.88,124.14,62.95,"{2152: 16.42, 2153: 7.28, 2154: 0.0}",True
2155,48990,49017,49043,top,135.85,133.33,138.46,19.72,"{2155: 0.0, 2156: 4.59}",True
2156,49003,,,top,,,,,{},False
2160,49049,49077,49102,top,135.85,128.57,144.0,61.71,"{2160: 0.0, 2157: 16.59}",True
2157,49055,,,bottom,,,,,{},False
2163,49132,49162,49189,top,126.32,120.0,133.33,49.38,{2163: 0.0},True
2165,49190,49237,49276,bottom,83.72,76.6,92.31,40.29,"{2165: 0.0, 2166: 7.2, 2167: 13.12}",True
2166,49222,49253,49282,top,120.0,116.13,124.14,27.62,"{2165: 8.27, 2166: 0.0, 2167: 4.15}",True
2167,49253,49294,49327,bottom,97.3,87.8,109.09,64.5,"{2165: 13.03, 2166: 4.18, 2167: 0.0, 2168: 6.36}",True
2168,49291,49314,49334,top,167.44,156.52,180.0,117.39,"{2167: 7.62, 2168: 0.0}",True
2169,49463,49500,49532,bottom,104.35,97.3,112.5,47.51,{2169: 0.0},True
2170,49593,49632,49666,bottom,98.63,92.31,105.88,39.93,{2170: 0.0},True
2177,49681,49719,49752,bottom,101.41,94.74,109.09,43.5,"{2177: 0.0, 2178: 1.32}",True
2178,49744,49775,49801,top,126.32,116.13,138.46,85.89,"{2177: 1.93, 2178: 0.0, 2180: 5.8}",True
2180,49764,49797,49828,bottom,112.5,109.09,116.13,22.7,"{2178: 6.05, 2180: 0.0}",True
2181,49874,49914,49949,bottom,96.0,90.0,102.86,36.73,"{2181: 0.0, 2182: 12.25}",True
2182,49928,49955,49979,bottom,141.18,133.33,150.0,69.44,"{2182: 0.0, 2181: 11.99}",True
2184,50089,50125,50157,top,105.88,100.0,112.5,39.06,"{2184: 0.0, 2189: 0.89}",True
2189,50154,50195,50229,bottom,96.0,87.8,105.88,53.17,"{2189: 0.0, 2184: 0.53, 2188: 0.76, 2190: 8.78, 2191: 2.53, 2192: 13.93, 2193: 2.07}",True
2188,50157,,,bottom,,,,,{},False
2190,50160,50192,50221,top,118.03,112.5,124.14,40.13,"{2189: 8.38, 2190: 0.0, 2191: 15.34, 2192: 1.07, 2193: 17.16}",True
2191,50210,50243,50273,top,114.29,109.09,120.0,36.36,"{2190: 15.34, 2191: 0.0, 2189: 3.36, 2192: 8.95, 2193: 1.96, 2195: 15.56}",True
2192,50213,50244,50273,bottom,120.0,116.13,124.14,27.62,"{2190: 1.62, 2189: 13.77, 2191: 8.95, 2192: 0.0, 2193: 8.32, 2195: 1.84}",True
2193,50217,50238,50258,top,175.61,171.43,180.0,42.86,"{2192: 7.79, 2190: 16.91, 2189: 3.45, 2193: 0.0, 2191: 1.83}",True
2195,50262,50293,50320,top,124.14,116.13,133.33,63.72,"{2191: 15.51, 2195: 0.0, 2192: 2.11}",True
2196,50346,50379,50408,top,116.13,109.09,124.14,51.89,"{2196: 0.0, 2202: 10.94, 2204: 12.57, 2207: 1.34}",True
2202,50384,50412,50439,top,130.91,128.57,133.33,17.64,"{2202: 0.0, 2196: 10.85, 2204: 2.52, 2207: 5.82, 2211: 10.03}",True
2204,50387,50421,50452,top,110.77,105.88,116.13,33.05,"{2202: 2.58, 2196: 12.58, 2204: 0.0, 2207: 6.98, 2211: 12.7}",True
2207,50400,50441,50476,bottom,94.74,87.8,102.86,43.01,"{2202: 5.89, 2207: 0.0, 2196: 1.37, 2204: 7.14, 2211: 2.57, 2220: 13.22, 2221: 14.85}",True
2211,50409,,,bottom,,,,,{},False
2220,50453,,,bottom,,,,,{},False
2221,50464,50492,50517,bottom,135.85,128.57,144.0,61.71,"{2221: 0.0, 2207: 14.62}",True
2223,50562,50595,50625,bottom,114.29,109.09,120.0,36.36,{2223: 0.0},True
2226,50651,50694,50731,bottom,90.0,83.72,97.3,36.69,"{2226: 0.0, 2227: 7.34, 2228: 2.81, 2229: 14.46}",True
2227,50676,50709,50738,top,116.13,109.09,124.14,51.89,"{2226: 8.35, 2227: 0.0, 2228: 10.21, 2229: 3.37}",True
2228,50713,50738,50761,top,150.0,144.0,156.52,54.44,"{2229: 7.95, 2227: 10.08, 2228: 0.0, 2226: 4.08}",True
2229,50714,50756,50793,bottom,91.14,85.71,97.3,31.31,"{2228: 7.85, 2229: 0.0, 2227: 3.4, 2226: 14.43, 2230: 3.05}",True
2230,50771,50802,50829,top,124.14,116.13,133.33,63.72,"{2230: 0.0, 2229: 3.81}",True
2231,50830,50862,50891,top,118.03,112.5,124.14,40.13,"{2230: 18.86, 2231: 0.0, 2232: 12.73}",True
2232,50870,50904,50934,top,112.5,105.88,120.0,47.06,"{2232: 0.0, 2231: 12.74, 2234: 11.58}",True
2234,50909,50944,50975,top,109.09,102.86,116.13,42.81,"{2232: 11.6, 2234: 0.0}",True
2235,50974,51011,51043,top,104.35,97.3,112.5,47.51,"{2234: 18.41, 2235: 0.0, 2236: 12.16, 2237: 1.09}",True
2236,51018,51056,51089,top,101.41,94.74,109.09,43.5,"{2235: 12.17, 2236: 0.0, 2237: 7.95}",True
2237,51036,51065,51090,bottom,133.33,124.14,144.0,79.45,"{2236: 8.13, 2235: 1.54, 2237: 0.0}",True
2238,51096,51127,51154,top,124.14,116.13,133.33,63.72,"{2238: 0.0, 2239: 5.78}",True
2239,51115,51151,51183,bottom,105.88,100.0,112.5,39.06,"{2238: 6.15, 2239: 0.0, 2240: 0.59}",True
2240,51181,51211,51238,top,126.32,120.0,133.33,49.38,"{2239: 0.98, 2240: 0.0, 2241: 2.82, 2242: 13.84}",True
2241,51221,51250,51276,bottom,130.91,124.14,138.46,55.09,"{2241: 0.0, 2240: 3.01, 2242: 8.68, 2244: 4.1, 2245: 2.06}",True
2242,51222,51254,51281,top,122.03,112.5,133.33,77.16,"{2242: 0.0, 2241: 9.14, 2240: 13.85, 2244: 9.17, 2245: 13.21}",True
2244,51249,51285,51317,top,105.88,100.0,112.5,39.06,"{2242: 9.22, 2241: 4.46, 2244: 0.0, 2245: 3.12, 2246: 11.3, 2247: 13.85}",True
2245,51264,51296,51325,top,118.03,112.5,124.14,40.13,"{2242: 13.21, 2244: 3.07, 2241: 2.19, 2245: 0.0, 2246: 8.72, 2247: 11.28, 2248: 0.93}",True
2246,51290,51325,51357,top,107.46,102.86,112.5,30.13,"{2246: 0.0, 2244: 11.29, 2245: 8.76, 2247: 1.81, 2248: 5.14, 2249: 0.08}",True
2247,51300,51331,51359,top,122.03,116.13,128.57,44.44,"{2244: 13.79, 2246: 1.77, 2247: 0.0, 2245: 11.27, 2248: 6.02, 2249: 0.49, 2250: 0.61}",True
2248,51319,51354,51386,bottom,107.46,102.86,112.5,30.13,"{2246: 5.57, 2248: 0.0, 2247: 6.22, 2245: 1.04, 2249: 9.07, 2250: 11.05}",True
2249,51355,51384,51411,bottom,128.57,124.14,133.33,34.06,"{2246: 0.86, 2247: 1.12, 2249: 0.0, 2248: 8.93, 2250: 3.49}",True
2250,51356,51401,51441,bottom,84.71,80.0,90.0,25.0,"{2246: 0.46, 2247: 0.68, 2249: 3.66, 2250: 0.0, 2248: 11.19, 2251: 11.64}",True
2251,51412,51449,51479,bottom,107.46,97.3,120.0,75.68,"{2251: 0.0, 2250: 11.53, 2249: 19.12, 2254: 15.01}",True
2254,51466,51506,51540,bottom,97.3,90.0,105.88,46.71,"{2251: 15.12, 2254: 0.0}",True
2262,51568,51599,51626,top,124.14,116.13,133.33,63.72,"{2262: 0.0, 2263: 8.18, 2264: 0.66}",True
2263,51570,51600,51626,bottom,128.57,120.0,138.46,71.01,"{2262: 8.18, 2263: 0.0, 2264: 8.18}",True
2264,51573,51600,51624,top,141.18,133.33,150.0,69.44,"{2262: 0.65, 2263: 7.95, 2264: 0.0}",True
2265,51661,51703,51738,bottom,93.51,85.71,102.86,48.98,"{2265: 0.0, 2266: 8.11, 2267: 8.35, 2268: 2.85, 2269: 1.84}",True
2266,51672,51701,51726,top,133.33,124.14,144.0,79.45,"{2265: 7.82, 2266: 0.0, 2267: 2.73, 2268: 16.31}",True
2267,51676,51710,51739,top,114.29,105.88,124.14,62.95,"{2265: 8.5, 2267: 0.0, 2266: 2.8, 2268: 12.19, 2269: 14.55}",True
2268,51719,51747,51773,top,133.33,128.57,138.46,38.04,"{2267: 12.14, 2266: 16.3, 2268: 0.0, 2265: 3.75, 2269: 3.03, 2270: 1.68}",True
2269,51725,51757,51785,top,120.0,112.5,128.57,57.4,"{2267: 14.54, 2266: 18.55, 2269: 0.0, 2268: 3.07, 2265: 2.53, 2270: 3.13}",True
2270,51763,51799,51830,bottom,107.46,100.0,116.13,52.03,"{2270: 0.0, 2269: 3.4, 2268: 1.71, 2271: 8.27}",True
2271,51791,51831,51866,bottom,96.0,90.0,102.86,36.73,"{2270: 8.35, 2271: 0.0, 2272: 3.46}",True
2272,51842,51872,51899,top,126.32,120.0,133.33,49.38,"{2272: 0.0, 2271: 4.23, 2273: 1.14}",True
2273,51891,51929,51962,bottom,101.41,94.74,109.09,43.5,"{2272: 1.49, 2273: 0.0, 2274: 8.02, 2275: 11.61, 2276: 0.6}",True
2274,51907,51939,51967,top,120.0,112.5,128.57,57.4,"{2273: 8.56, 2274: 0.0, 2275: 4.5, 2276: 15.45}",True
2275,51937,51969,51998,bottom,118.03,112.5,124.14,40.13,"{2275: 0.0, 2274: 4.95, 2273: 11.54, 2276: 6.95, 2277: 3.29, 2279: 17.63}",True
2276,51958,51983,52007,top,146.94,144.0,150.0,25.0,"{2274: 15.36, 2276: 0.0, 2273: 1.52, 2275: 7.45, 2277: 8.57, 2279: 1.92}",True
2277,51976,52011,52041,top,110.77,102.86,120.0,57.14,"{2276: 8.65, 2277: 0.0, 2275: 3.56, 2279: 6.69}",True
2279,51995,52026,52054,bottom,122.03,116.13,128.57,44.44,"{2276: 2.23, 2279: 0.0, 2277: 7.18, 2275: 17.71}",True
2278,51995,52124,52160,bottom,43.64,27.91,100.0,200.26,"{2278: 0.0, 2285: 4.42, 2286: 13.69}",True
2285,52127,52161,52192,top,110.77,105.88,116.13,33.05,"{2285: 0.0, 2278: 5.07, 2286: 7.13, 2287: 11.18, 2288: 3.77}",True
2286,52139,52182,52219,bottom,90.0,83.72,97.3,36.69,"{2286: 0.0, 2285: 7.3, 2278: 13.7, 2287: 6.88, 2288: 4.24, 2289: 3.36, 2290: 5.5, 2296: 16.76}",True
2287,52165,52201,52233,top,105.88,100.0,112.5,39.06,"{2285: 11.2, 2286: 7.65, 2288: 9.2, 2287: 0.0, 2289: 7.33, 2290: 7.44, 2296: 2.79}",True
2288,52166,52197,52225,bottom,122.03,116.13,128.57,44.44,"{2285: 4.28, 2288: 0.0, 2287: 8.66, 2286: 4.01, 2289: 4.91, 2290: 9.96, 2296: 14.78}",True
2289,52191,52227,52259,top,105.88,100.0,112.5,39.06,"{2285: 18.79, 2287: 7.33, 2286: 4.2, 2288: 5.28, 2290: 0.02, 2289: 0.0, 2296: 6.39}",True
2290,52192,,,top,,,,,{},False
2296,52211,52251,52286,bottom,96.0,90.0,102.86,36.73,"{2296: 0.0, 2287: 3.14, 2288: 14.88, 2286: 16.72, 2289: 6.57}",True
2304,52319,52354,52385,top,109.09,102.86,116.13,42.81,"{2304: 0.0, 2306: 3.08, 2307: 2.21}",True
2306,52363,52399,52431,bottom,105.88,100.0,112.5,39.06,"{2306: 0.0, 2304: 3.46, 2307: 1.95}",True
2307,52368,52407,52440,bottom,100.0,92.31,109.09,50.86,"{2304: 2.69, 2306: 1.98, 2307: 0.0}",True
2309,52450,52483,52511,top,118.03,109.09,128.57,69.57,"{2309: 0.0, 2310: 1.42, 2311: 3.86, 2312: 11.78}",True
2310,52451,52478,52502,top,141.18,133.33,150.0,69.44,"{2309: 1.33, 2310: 0.0, 2311: 2.95, 2312: 14.15}",True
2311,52485,52516,52545,bottom,120.0,116.13,124.14,27.62,"{2309: 4.35, 2310: 3.21, 2311: 0.0, 2312: 8.77}",True
2312,52488,52521,52550,top,116.13,109.09,124.14,51.89,"{2309: 11.79, 2312: 0.0, 2310: 14.24, 2311: 9.06}",True
2313,52556,52580,52603,top,153.19,150.0,156.52,28.36,"{2313: 0.0, 2314: 2.87}",True
2314,52586,52618,52646,bottom,120.0,112.5,128.57,57.4,"{2313: 3.16, 2314: 0.0}",True
2315,52645,52690,52729,bottom,85.71,80.0,92.31,31.56,"{2315: 0.0, 2314: 18.59, 2318: 8.96, 2326: 6.29}",True
2318,52652,52689,52721,top,104.35,97.3,112.5,47.51,"{2318: 0.0, 2315: 8.47, 2326: 8.21}",True
2326,52690,52715,52738,top,150.0,144.0,156.52,54.44,"{2318: 8.05, 2326: 0.0, 2315: 7.37, 2334: 1.05}",True
2334,52732,52776,52814,bottom,87.8,81.82,94.74,34.0,"{2326: 1.19, 2334: 0.0, 2315: 19.36, 2335: 8.33, 2336: 15.89}",True
2335,52776,52808,52838,bottom,116.13,112.5,120.0,25.0,"{2335: 0.0, 2334: 8.12, 2336: 9.29}",True
2336,52802,52846,52883,bottom,88.89,81.82,97.3,41.84,"{2336: 0.0, 2334: 15.87, 2335: 9.43}",True
2340,52891,52918,52942,bottom,141.18,133.33,150.0,69.44,"{2340: 0.0, 2341: 0.89}",True
2341,52941,52969,52994,top,135.85,128.57,144.0,61.71,"{2341: 0.0, 2340: 0.7, 2343: 4.92}",True
2343,52963,53005,53041,bottom,92.31,85.71,100.0,39.68,"{2341: 4.96, 2343: 0.0, 2344: 1.89, 2347: 17.26}",True
2344,53028,53058,53084,top,128.57,120.0,138.46,71.01,"{2344: 0.0, 2343: 2.46, 2347: 7.95, 2350: 4.42}",True
2347,53036,53067,53095,bottom,122.03,116.13,128.57,44.44,"{2347: 0.0, 2344: 8.24, 2343: 17.05, 2350: 8.16}",True
2350,53054,53100,53139,bottom,84.71,78.26,92.31,36.02,"{2344: 4.61, 2350: 0.0, 2347: 8.31, 2355: 2.87, 2356: 2.05}",True
2355,53115,53145,53171,top,128.57,120.0,138.46,71.01,"{2355: 0.0, 2350: 3.87, 2356: 2.07, 2354: 10.83, 2357: 14.31}",True
2356,53121,53151,53179,top,124.14,120.0,128.57,30.61,"{2355: 2.09, 2356: 0.0, 2350: 2.97, 2354: 8.72, 2357: 11.95}",True
2354,53147,,,top,,,,,{},False
2357,53158,53187,53213,top,130.91,124.14,138.46,55.09,"{2357: 0.0, 2356: 11.9, 2355: 14.29, 2358: 3.0}",True
2358,53194,53224,53251,bottom,126.32,120.0,133.33,49.38,"{2357: 3.51, 2358: 0.0, 2360: 5.98, 2362: 13.78}",True
2360,53214,53246,53274,top,120.0,112.5,128.57,57.4,"{2357: 19.04, 2360: 0.0, 2358: 6.28, 2362: 5.9, 2363: 18.35}",True
2362,53235,53270,53300,bottom,110.77,102.86,120.0,57.14,"{2360: 5.99, 2362: 0.0, 2358: 13.89, 2363: 4.13}",True
2363,53272,53305,53335,top,114.29,109.09,120.0,36.36,"{2360: 18.31, 2363: 0.0, 2362: 4.59}",True
2364,53395,53427,53456,bottom,118.03,112.5,124.14,40.13,"{2364: 0.0, 2365: 3.44}",True
2365,53434,53465,53493,top,122.03,116.13,128.57,44.44,"{2365: 0.0, 2364: 3.79, 2366: 6.69, 2367: 4.64}",True
2366,53457,53485,53511,top,133.33,128.57,138.46,38.04,"{2365: 6.66, 2366: 0.0, 2364: 0.97, 2367: 7.86}",True
2367,53460,53500,53535,bottom,96.0,90.0,102.86,36.73,"{2367: 0.0, 2365: 4.85, 2366: 7.85}",True
2368,53643,53685,53721,bottom,92.31,85.71,100.0,39.68,"{2368: 0.0, 2369: 0.73}",True
2369,53716,53746,53773,top,126.32,120.0,133.33,49.38,"{2369: 0.0, 2368: 1.46, 2370: 1.18}",True
2370,53765,53803,53837,bottom,100.0,94.74,105.88,32.78,"{2369: 1.46, 2370: 0.0, 2371: 8.3, 2372: 2.68, 2373: 2.37}",True
2371,53776,53812,53843,top,107.46,100.0,116.13,52.03,"{2371: 0.0, 2370: 8.75, 2372: 11.53, 2373: 12.45}",True
2372,53818,53851,53881,top,114.29,109.09,120.0,36.36,"{2371: 11.49, 2372: 0.0, 2370: 3.21, 2373: 1.39, 2374: 14.33}",True
2373,53820,53856,53889,top,104.35,100.0,109.09,27.55,"{2371: 12.45, 2372: 1.43, 2373: 0.0, 2370: 2.79, 2374: 12.3, 2375: 16.86}",True
2374,53865,53900,53931,top,109.09,102.86,116.13,42.81,"{2373: 12.26, 2372: 14.33, 2374: 0.0, 2375: 4.88, 2376: 15.2}",True
2375,53881,53917,53949,top,105.88,100.0,112.5,39.06,"{2372: 19.14, 2373: 16.84, 2375: 0.0, 2374: 4.88, 2376: 9.78, 2377: 14.35}",True
2376,53919,53950,53979,top,120.0,116.13,124.14,27.62,"{2374: 15.11, 2375: 9.71, 2376: 0.0, 2377: 5.59, 2378: 16.36, 2379: 17.2}",True
2377,53932,53970,54003,top,101.41,94.74,109.09,43.5,"{2375: 14.37, 2374: 19.17, 2377: 0.0, 2376: 5.66, 2378: 9.2, 2379: 10.84}",True
2378,53971,54001,54029,top,124.14,120.0,128.57,30.61,"{2377: 9.12, 2376: 16.31, 2379: 2.4, 2378: 0.0}",True
2379,53972,54011,54045,top,98.63,92.31,105.88,39.93,"{2377: 10.84, 2376: 17.25, 2378: 2.49, 2379: 0.0}",True
2382,54049,54080,54109,top,120.0,116.13,124.14,27.62,"{2382: 0.0, 2383: 4.77, 2384: 10.48, 2387: 2.31}",True
2383,54077,54109,,bottom,,,,,{},False
2384,54082,54114,54144,top,116.13,112.5,120.0,25.0,"{2382: 10.48, 2384: 0.0, 2383: 7.75, 2387: 8.34, 2389: 0.89}",True
2387,54094,54121,54145,bottom,141.18,133.33,150.0,69.44,"{2382: 2.95, 2387: 0.0, 2384: 8.4, 2383: 4.48, 2389: 16.25}",True
2389,54137,54177,54212,bottom,96.0,90.0,102.86,36.73,"{2384: 1.24, 2389: 0.0, 2387: 16.52, 2391: 8.91}",True
2391,54146,54179,54207,top,118.03,109.09,128.57,69.57,"{2389: 8.34, 2391: 0.0, 2387: 0.73}",True
2395,54217,54248,54277,top,120.0,116.13,124.14,27.62,"{2396: 0.81, 2395: 0.0, 2397: 6.9, 2401: 2.92}",True
2396,54218,54251,54281,top,114.29,109.09,120.0,36.36,"{2395: 0.83, 2396: 0.0, 2397: 7.24, 2401: 3.37}",True
2397,54227,54273,54312,bottom,84.71,78.26,92.31,36.02,"{2397: 0.0, 2396: 7.32, 2395: 6.96, 2401: 6.05, 2406: 1.08}",True
2401,54255,54301,54340,bottom,84.71,78.26,92.31,36.02,"{2396: 3.64, 2395: 3.19, 2397: 6.06, 2401: 0.0, 2406: 4.94}",True
2406,54303,54334,54363,top,120.0,116.13,124.14,27.62,"{2397: 2.19, 2401: 6.02, 2406: 0.0, 2419: 2.26}",True
2419,54347,54381,54412,bottom,110.77,105.88,116.13,33.05,"{2419: 0.0, 2406: 2.72, 2424: 8.0, 2427: 5.75}",True
2424,54371,54413,54449,bottom,92.31,85.71,100.0,39.68,"{2424: 0.0, 2419: 8.1, 2427: 8.48}",True
2427,54374,54406,54433,top,122.03,112.5,133.33,77.16,"{2424: 8.16, 2427: 0.0, 2419: 6.09}",True
2430,54523,54555,54584,top,118.03,112.5,124.14,40.13,"{2430: 0.0, 2431: 16.93}",True
2431,54578,54611,54639,top,118.03,109.09,128.57,69.57,"{2430: 16.94, 2431: 0.0}",True
2433,54645,54679,54708,top,114.29,105.88,124.14,62.95,{2433: 0.0},True
2434,54720,54759,54794,bottom,97.3,92.31,102.86,30.14,{2434: 0.0},True
2435,54808,54848,54883,bottom,96.0,90.0,102.86,36.73,"{2435: 0.0, 2436: 8.11, 2437: 1.3}",True
2436,54818,54857,54891,top,98.63,92.31,105.88,39.93,"{2436: 0.0, 2435: 8.76, 2437: 15.04}",True
2437,54875,54917,54953,top,92.31,85.71,100.0,39.68,"{2436: 15.08, 2437: 0.0, 2435: 1.49}",True
2440,54980,55010,55038,top,124.14,120.0,128.57,30.61,"{2440: 0.0, 2442: 8.48, 2444: 6.62}",True
2442,54980,55017,55049,bottom,104.35,97.3,112.5,47.51,"{2440: 8.85, 2442: 0.0, 2444: 7.02}",True
2444,54997,55033,55065,top,105.88,100.0,112.5,39.06,"{2440: 6.69, 2442: 7.58, 2445: 0.04, 2444: 0.0, 2456: 16.21}",True
2445,54998,,,top,,,,,{},False
2456,55056,55088,55116,top,120.0,112.5,128.57,57.4,"{2456: 0.0, 2444: 16.09, 2458: 3.04}",True
2458,55095,55129,55159,bottom,112.5,105.88,120.0,47.06,"{2456: 3.49, 2458: 0.0, 2459: 15.96}",True
2459,55148,55190,55226,bottom,92.31,85.71,100.0,39.68,"{2459: 0.0, 2458: 16.07, 2460: 3.38}",True
2460,55201,55234,55263,top,116.13,109.09,124.14,51.89,"{2459: 4.34, 2460: 0.0}",True
2462,55296,55330,55360,top,112.5,105.88,120.0,47.06,"{2462: 0.0, 2463: 8.59, 2466: 3.95}",True
2463,55299,55338,55372,bottom,98.63,92.31,105.88,39.93,"{2463: 0.0, 2462: 8.78, 2466: 7.75}",True
2466,55333,55366,55396,bottom,114.29,109.09,120.0,36.36,"{2463: 7.66, 2466: 0.0, 2462: 4.26, 2468: 14.69, 2469: 15.24}",True
2468,55382,55423,55459,bottom,93.51,87.8,100.0,33.88,"{2468: 0.0, 2466: 14.86, 2469: 0.93, 2470: 15.21, 2471: 1.94}",True
2469,55385,55419,55451,bottom,109.09,105.88,112.5,20.68,"{2469: 0.0, 2466: 15.3, 2468: 0.88, 2470: 16.98, 2471: 1.03}",True
2470,55445,55485,55521,bottom,94.74,90.0,100.0,27.78,"{2470: 0.0, 2471: 8.7, 2468: 15.2, 2469: 17.16, 2472: 7.45}",True
2471,55445,55477,55506,top,118.03,112.5,124.14,40.13,"{2470: 8.38, 2471: 0.0, 2468: 2.71, 2469: 1.36, 2472: 6.8}",True
2472,55467,55499,55527,top,120.0,112.5,128.57,57.4,"{2471: 6.79, 2472: 0.0, 2470: 8.31}",True
2473,55527,55566,55600,bottom,98.63,92.31,105.88,39.93,"{2472: 0.46, 2473: 0.0, 2474: 7.14, 2475: 3.15}",True
2474,55547,55581,55611,top,112.5,105.88,120.0,47.06,"{2473: 7.93, 2474: 0.0, 2475: 9.01}",True
2475,55577,55612,55643,top,109.09,102.86,116.13,42.81,"{2474: 9.02, 2475: 0.0, 2473: 3.74}",True
2476,55644,55680,55711,top,107.46,100.0,116.13,52.03,"{2475: 19.23, 2476: 0.0, 2480: 7.69, 2481: 10.36}",True
2480,55655,55692,55724,bottom,104.35,97.3,112.5,47.51,"{2480: 0.0, 2476: 7.94, 2481: 6.01}",True
2481,55680,55717,55750,top,102.86,97.3,109.09,35.74,"{2481: 0.0, 2480: 6.55, 2476: 10.37}",True
2483,55713,,,bottom,,,,,{},False
2484,55946,55979,56008,top,116.13,109.09,124.14,51.89,{2484: 0.0},True
2485,56010,56045,56076,bottom,109.09,102.86,116.13,42.81,{2485: 0.0},True
2486,56110,56138,56165,top,130.91,128.57,133.33,17.64,"{2486: 0.0, 2487: 6.93}",True
2487,56126,56152,56175,bottom,146.94,138.46,156.52,78.52,"{2487: 0.0, 2486: 7.18, 2490: 16.53}",True
2490,56169,56206,56238,bottom,104.35,97.3,112.5,47.51,"{2490: 0.0, 2487: 16.75, 2492: 5.73, 2493: 4.58}",True
2492,56196,56232,56263,top,107.46,100.0,116.13,52.03,"{2492: 0.0, 2490: 6.3, 2493: 1.58}",True
2493,56206,56237,56265,top,122.03,116.13,128.57,44.44,"{2492: 1.55, 2493: 0.0, 2490: 5.28}",True
2494,56289,56329,56363,bottom,97.3,90.0,105.88,46.71,"{2494: 0.0, 2496: 6.77}",True
2496,56316,56348,56375,top,122.03,112.5,133.33,77.16,"{2496: 0.0, 2494: 7.5, 2497: 16.8}",True
2497,56369,56401,56429,top,120.0,112.5,128.57,57.4,"{2496: 16.81, 2497: 0.0, 2498: 14.0}",True
2498,56413,56447,56476,top,114.29,105.88,124.14,62.95,"{2497: 14.03, 2498: 0.0, 2499: 7.04, 2500: 2.23, 2501: 16.96}",True
2499,56429,56461,56491,bottom,116.13,112.5,120.0,25.0,"{2497: 0.79, 2499: 0.0, 2498: 7.19, 2500: 9.17, 2501: 3.27}",True
2500,56461,56490,56517,bottom,128.57,124.14,133.33,34.06,"{2498: 2.59, 2499: 9.05, 2500: 0.0, 2501: 7.78}",True
2501,56470,56500,56527,top,126.32,120.0,133.33,49.38,"{2498: 16.92, 2501: 0.0, 2500: 8.27, 2499: 4.01}",True
2502,56536,56568,56596,top,120.0,112.5,128.57,57.4,{2502: 0.0},True
2503,56606,56638,56667,bottom,118.03,112.5,124.14,40.13,"{2503: 0.0, 2504: 5.68}",True
2504,56631,56663,56690,top,122.03,112.5,133.33,77.16,"{2503: 6.16, 2504: 0.0, 2505: 2.69}",True
2505,56672,56712,56748,bottom,94.74,90.0,100.0,27.78,"{2504: 2.83, 2505: 0.0}",True
2506,56774,56812,56846,bottom,100.0,94.74,105.88,32.78,"{2506: 0.0, 2507: 3.39, 2508: 2.18}",True
2507,56826,56850,56873,top,153.19,150.0,156.52,28.36,"{2507: 0.0, 2506: 3.99, 2508: 3.51}",True
2508,56831,56861,56888,top,126.32,120.0,133.33,49.38,"{2507: 3.62, 2508: 0.0, 2506: 2.61, 2509: 1.08}",True
2509,56880,56915,56946,bottom,109.09,102.86,116.13,42.81,"{2508: 1.54, 2509: 0.0, 2510: 8.35}",True
2510,56892,56920,56945,top,135.85,128.57,144.0,61.71,"{2510: 0.0, 2509: 7.94}",True
2511,56948,56984,57016,bottom,105.88,100.0,112.5,39.06,"{2509: 19.19, 2511: 0.0, 2512: 3.72}",True
2512,56992,57022,57048,top,128.57,120.0,138.46,71.01,"{2512: 0.0, 2511: 4.31}",True
2513,57054,57084,57110,top,128.57,120.0,138.46,71.01,"{2513: 0.0, 2514: 1.65}",True
2514,57100,57132,57161,bottom,118.03,112.5,124.14,40.13,"{2514: 0.0, 2513: 1.95}",True
2515,57161,57196,57227,bottom,109.09,102.86,116.13,42.81,"{2515: 0.0, 2514: 18.6, 2516: 7.78}",True
2516,57178,57206,57231,top,135.85,128.57,144.0,61.71,"{2515: 8.55, 2516: 0.0}",True
2525,57231,,,bottom,,,,,{},False
2526,57255,57294,57327,bottom,100.0,92.31,109.09,50.86,"{2526: 0.0, 2527: 0.84}",True
2527,57322,57350,57375,top,135.85,128.57,144.0,61.71,"{2527: 0.0, 2526: 1.69}",True
2528,57375,57404,57429,top,133.33,124.14,144.0,79.45,"{2527: 18.89, 2528: 0.0, 2529: 11.88}",True
2529,57410,57436,57459,top,146.94,138.46,156.52,78.52,"{2528: 11.8, 2529: 0.0, 2530: 2.76}",True
2530,57442,57476,57507,bottom,110.77,105.88,116.13,33.05,"{2529: 3.04, 2530: 0.0, 2531: 1.26}",True
2531,57499,57529,57556,top,126.32,120.0,133.33,49.38,"{2530: 1.65, 2531: 0.0}",True
2532,57567,57601,57630,top,114.29,105.88,124.14,62.95,{2532: 0.0},True
2533,57635,57669,57699,bottom,112.5,105.88,120.0,47.06,{2533: 0.0},True
2534,57747,57781,57810,bottom,114.29,105.88,124.14,62.95,"{2534: 0.0, 2542: 2.38}",True
2535,57748,,,bottom,,,,,{},False
2542,57795,57828,57857,top,116.13,109.09,124.14,51.89,"{2534: 2.85, 2542: 0.0}",True
2543,57867,57902,57932,top,110.77,102.86,120.0,57.14,"{2543: 0.0, 2544: 5.23}",True
2544,57885,57920,57950,top,110.77,102.86,120.0,57.14,"{2543: 5.23, 2544: 0.0}",True
2545,57973,58013,58047,bottom,97.3,90.0,105.88,46.71,"{2545: 0.0, 2546: 8.87, 2552: 3.0, 2553: 2.16, 2554: 14.96}",True
2546,57981,58015,58045,top,112.5,105.88,120.0,47.06,"{2545: 8.58, 2546: 0.0, 2552: 13.15, 2553: 14.53, 2554: 1.35}",True
2552,58025,58060,58090,top,110.77,102.86,120.0,57.14,"{2552: 0.0, 2546: 13.16, 2545: 3.58, 2553: 0.96, 2554: 8.51}",True
2553,58031,58063,58091,top,120.0,112.5,128.57,57.4,"{2546: 14.51, 2552: 0.95, 2545: 3.03, 2553: 0.0, 2554: 8.85}",True
2554,58036,58061,58084,bottom,150.0,144.0,156.52,54.44,"{2546: 2.09, 2554: 0.0, 2552: 7.95, 2545: 14.55, 2553: 8.16}",True
2564,58109,58140,58167,top,124.14,116.13,133.33,63.72,"{2564: 0.0, 2565: 5.58, 2568: 4.84, 2570: 0.5}",True
2565,58124,58159,58190,top,109.09,102.86,116.13,42.81,"{2564: 5.63, 2565: 0.0, 2568: 7.61, 2570: 4.04, 2572: 0.79}",True
2568,58133,58172,58208,bottom,96.0,92.31,100.0,21.37,"{2564: 5.17, 2565: 7.84, 2568: 0.0, 2570: 6.09, 2572: 12.5, 2573: 1.45}",True
2570,58163,,,bottom,,,,,{},False
2572,58183,58222,58257,bottom,97.3,92.31,102.86,30.14,"{2565: 1.2, 2572: 0.0, 2570: 7.51, 2568: 12.22, 2573: 7.37, 2575: 4.8}",True
2573,58200,58237,58269,top,104.35,97.3,112.5,47.51,"{2572: 8.09, 2573: 0.0, 2568: 1.95, 2575: 5.48}",True
2575,58222,58255,58284,top,116.13,109.09,124.14,51.89,"{2575: 0.0, 2572: 5.6, 2573: 5.41}",True
2576,58320,58351,58380,top,120.0,116.13,124.14,27.62,"{2576: 0.0, 2577: 16.92}",True
2577,58373,58409,58439,top,109.09,100.0,120.0,66.67,"{2576: 16.93, 2577: 0.0, 2578: 2.85}",True
2578,58417,58459,58495,bottom,92.31,85.71,100.0,39.68,"{2577: 3.15, 2578: 0.0, 2579: 7.17}",True
2579,58440,58476,58508,top,105.88,100.0,112.5,39.06,"{2577: 19.2, 2579: 0.0, 2578: 7.78}",True
2586,58537,58568,58595,bottom,124.14,116.13,133.33,63.72,"{2586: 0.0, 2591: 6.23}",True
2591,58555,58590,58621,top,109.09,102.86,116.13,42.81,"{2591: 0.0, 2586: 6.58, 2597: 13.99}",True
2597,58604,58640,58672,top,105.88,100.0,112.5,39.06,"{2597: 0.0, 2591: 14.01, 2598: 16.77, 2599: 17.25}",True
2598,58665,58702,58735,top,102.86,97.3,109.09,35.74,"{2597: 16.78, 2598: 0.0, 2599: 1.88}",True
2599,58667,58695,58720,top,135.85,128.57,144.0,61.71,"{2597: 17.05, 2598: 1.8, 2599: 0.0}",True
2600,58741,58778,58811,bottom,102.86,97.3,109.09,35.74,"{2600: 0.0, 2601: 8.58, 2602: 6.71}",True
2601,58747,58775,58801,top,133.33,128.57,138.46,38.04,"{2600: 8.29, 2601: 0.0, 2602: 6.53}",True
2602,58761,58798,58829,top,105.88,97.3,116.13,60.75,"{2600: 7.28, 2602: 0.0, 2601: 6.65}",True
2603,58829,58869,58904,top,96.0,90.0,102.86,36.73,"{2602: 19.07, 2603: 0.0, 2604: 7.5, 2605: 7.12, 2610: 0.78}",True
2604,58842,58883,58920,bottom,92.31,87.8,97.3,25.66,"{2603: 7.98, 2604: 0.0, 2605: 8.15, 2610: 13.21}",True
2605,58864,58894,58920,top,128.57,120.0,138.46,71.01,"{2603: 6.94, 2604: 8.15, 2605: 0.0, 2610: 3.32}",True
2610,58897,58939,58975,bottom,92.31,85.71,100.0,39.68,"{2603: 1.29, 2605: 3.51, 2604: 13.21, 2610: 0.0}",True
2613,58986,59027,59062,bottom,94.74,87.8,102.86,43.01,"{2613: 0.0, 2614: 3.2}",True
2614,59038,59074,59105,top,107.46,100.0,116.13,52.03,"{2614: 0.0, 2613: 3.77}",True
2615,59106,59147,59182,bottom,94.74,87.8,102.86,43.01,"{2614: 0.67, 2615: 0.0, 2616: 5.85}",True
2616,59138,59171,59201,top,114.29,109.09,120.0,36.36,"{2615: 6.66, 2616: 0.0}",True
2618,59255,59295,59330,bottom,96.0,90.0,102.86,36.73,"{2618: 0.0, 2619: 0.98}",True
2619,59324,59354,59381,top,126.32,120.0,133.33,49.38,"{2619: 0.0, 2618: 1.65}",True
2620,59431,59472,59506,bottom,96.0,87.8,105.88,53.17,"{2620: 0.0, 2621: 6.04, 2622: 12.05}",True
2621,59463,59494,59522,top,122.03,116.13,128.57,44.44,"{2620: 7.09, 2621: 0.0, 2622: 6.11, 2623: 13.56}",True
2622,59484,59514,59541,bottom,126.32,120.0,133.33,49.38,"{2620: 11.86, 2621: 6.27, 2622: 0.0, 2623: 5.81}",True
2623,59505,59538,59566,top,118.03,109.09,128.57,69.57,"{2621: 13.58, 2622: 6.06, 2623: 0.0, 2620: 1.04}",True
2624,59619,59647,59672,top,135.85,128.57,144.0,61.71,"{2624: 0.0, 2625: 1.96}",True
2625,59659,59697,59730,bottom,101.41,94.74,109.09,43.5,"{2625: 0.0, 2624: 2.16, 2626: 8.15}",True
2626,59676,59705,59731,top,130.91,124.14,138.46,55.09,"{2625: 8.34, 2626: 0.0}",True
2627,59785,59815,59842,top,126.32,120.0,133.33,49.38,{2627: 0.0},True
2628,59902,59949,59988,top,83.72,76.6,92.31,40.29,"{2628: 0.0, 2629: 0.83}",True
2629,59909,59947,59980,top,101.41,94.74,109.09,43.5,"{2628: 0.78, 2629: 0.0}",True
2630,59996,60030,,bottom,,,,,{},False
2631,60018,60048,60074,bottom,128.57,120.0,138.46,71.01,"{2631: 0.0, 2630: 6.21, 2632: 6.79, 2633: 4.97}",True
2632,60033,60074,60110,bottom,93.51,87.8,100.0,33.88,"{2632: 0.0, 2631: 6.98, 2630: 11.66, 2633: 8.71, 2634: 1.64, 2635: 0.74}",True
2633,60043,60079,60110,top,107.46,100.0,116.13,52.03,"{2632: 8.71, 2633: 0.0, 2631: 5.12, 2630: 3.38, 2634: 14.93, 2635: 16.76}",True
2634,60097,60130,60159,top,116.13,109.09,124.14,51.89,"{2633: 14.91, 2632: 2.48, 2634: 0.0, 2635: 1.0, 2637: 3.04}",True
2635,60104,60133,60159,top,130.91,124.14,138.46,55.09,"{2633: 16.69, 2635: 0.0, 2634: 1.0, 2632: 1.78, 2637: 3.28}",True
2637,60136,60178,60215,bottom,91.14,85.71,97.3,31.31,"{2634: 3.24, 2635: 3.57, 2637: 0.0}",True
2638,60223,60264,60299,bottom,94.74,87.8,102.86,43.01,"{2638: 0.0, 2639: 8.4, 2640: 1.29}",True
2639,60241,60271,60297,top,128.57,120.0,138.46,71.01,"{2638: 8.05, 2639: 0.0, 2640: 16.56}",True
2640,60290,60323,60351,top,118.03,109.09,128.57,69.57,"{2639: 16.58, 2640: 0.0, 2638: 1.77, 2641: 2.42, 2642: 15.68}",True
2641,60333,60377,,bottom,,,,,{},False
2642,60341,60373,60400,top,122.03,112.5,133.33,77.16,"{2640: 15.63, 2642: 0.0, 2641: 7.5, 2643: 6.81}",True
2643,60363,60394,60421,top,124.14,116.13,133.33,63.72,"{2643: 0.0, 2642: 6.81, 2641: 4.97}",True
2644,60424,60470,60508,bottom,85.71,78.26,94.74,43.36,"{2644: 0.0, 2645: 7.52}",True
2645,60435,60465,60492,top,126.32,120.0,133.33,49.38,"{2645: 0.0, 2644: 6.83}",True
2648,60526,,,top,,,,,{},False
2650,60532,60562,60588,top,128.57,120.0,138.46,71.01,"{2650: 0.0, 2653: 7.32}",True
2653,60543,60574,60602,bottom,122.03,116.13,128.57,44.44,"{2653: 0.0, 2650: 7.6, 2663: 14.36}",True
2663,60588,,,bottom,,,,,{},False
2664,60619,60648,60675,bottom,128.57,124.14,133.33,34.06,"{2664: 0.0, 2665: 10.22}",True
2665,60645,60688,60725,bottom,90.0,83.72,97.3,36.69,"{2665: 0.0, 2664: 10.42}",True
2666,60761,60793,60823,bottom,116.13,112.5,120.0,25.0,"{2666: 0.0, 2667: 4.76, 2668: 4.4, 2669: 14.25}",True
2667,60770,60812,60849,bottom,91.14,85.71,97.3,31.31,"{2667: 0.0, 2666: 4.83, 2668: 7.8, 2669: 7.95}",True
2668,60796,60824,60850,top,133.33,128.57,138.46,38.04,"{2668: 0.0, 2667: 7.99, 2666: 4.65, 2669: 6.72}",True
2669,60806,60844,60874,bottom,105.88,94.74,120.0,84.21,"{2667: 7.87, 2666: 14.31, 2668: 7.05, 2669: 0.0}",True
2677,60892,60931,60967,bottom,96.0,92.31,100.0,21.37,"{2677: 0.0, 2678: 2.59}",True
2678,60900,60923,60944,bottom,163.64,156.52,171.43,70.98,"{2678: 0.0, 2677: 2.44}",True
2679,61083,61114,61143,bottom,120.0,116.13,124.14,27.62,"{2679: 0.0, 2680: 5.39}",True
2680,61109,61140,61167,top,124.14,116.13,133.33,63.72,"{2680: 0.0, 2679: 5.56, 2681: 2.02, 2682: 0.62}",True
2681,61153,61187,61219,bottom,109.09,105.88,112.5,20.68,"{2680: 2.44, 2681: 0.0, 2682: 5.55, 2683: 5.98}",True
2682,61165,61212,61253,bottom,81.82,76.6,87.8,27.34,"{2680: 0.52, 2682: 0.0, 2681: 5.69, 2683: 7.94}",True
2683,61180,61210,61237,top,126.32,120.0,133.33,49.38,"{2682: 7.54, 2683: 0.0, 2681: 6.58}",True
2684,61326,61358,61387,bottom,118.03,112.5,124.14,40.13,"{2684: 0.0, 2685: 11.35}",True
2685,61359,61403,61442,bottom,86.75,81.82,92.31,26.9,"{2684: 11.52, 2685: 0.0, 2686: 10.64, 2687: 12.34, 2690: 2.49, 2689: 3.89}",True
2686,61414,61442,61469,bottom,130.91,128.57,133.33,17.64,"{2686: 0.0, 2685: 10.29, 2687: 3.21, 2690: 7.4, 2689: 14.92, 2695: 3.76}",True
2687,61414,61457,61494,bottom,90.0,83.72,97.3,36.69,"{2686: 3.32, 2685: 12.31, 2687: 0.0, 2690: 8.25, 2689: 16.27, 2695: 6.49, 2709: 15.94}",True
2689,61423,,,top,,,,,{},False
2690,61423,61454,61482,top,122.03,116.13,128.57,44.44,"{2686: 7.71, 2687: 8.0, 2685: 3.41, 2690: 0.0, 2689: 0.03, 2695: 7.19}",True
2695,61444,61478,61508,top,112.5,105.88,120.0,47.06,"{2685: 0.67, 2687: 7.29, 2686: 4.03, 2690: 7.23, 2695: 0.0, 2709: 7.68, 2715: 17.28, 2714: 17.3}",True
2709,61482,,,bottom,,,,,{},False
2715,61503,,,top,,,,,{},False
2714,61503,61540,61573,top,102.86,97.3,109.09,35.74,"{2695: 17.31, 2715: 0.03, 2714: 0.0, 2717: 8.59, 2720: 6.41, 2722: 2.63}",True
2717,61517,61545,61572,bottom,130.91,128.57,133.33,17.64,"{2717: 0.0, 2714: 8.28, 2720: 4.44, 2722: 12.86}",True
2720,61523,61562,,bottom,,,,,{},False
2722,61555,61583,61608,bottom,135.85,128.57,144.0,61.71,"{2714: 3.45, 2720: 6.19, 2717: 12.84, 2722: 0.0}",True
2726,61629,61662,61690,top,118.03,109.09,128.57,69.57,"{2726: 0.0, 2727: 4.71}",True
2727,61656,61694,61729,bottom,98.63,94.74,102.86,23.2,"{2726: 5.06, 2727: 0.0, 2728: 1.51}",True
2728,61718,61746,61771,top,135.85,128.57,144.0,61.71,"{2728: 0.0, 2727: 2.34, 2732: 4.05}",True
2732,61746,61784,61817,bottom,101.41,94.74,109.09,43.5,"{2732: 0.0, 2728: 4.16, 2736: 3.89, 2738: 14.74}",True
2736,61790,61821,61850,top,120.0,116.13,124.14,27.62,"{2736: 0.0, 2732: 4.63, 2738: 7.63}",True
2738,61805,61831,61856,bottom,141.18,138.46,144.0,22.15,"{2736: 7.88, 2738: 0.0, 2732: 14.42}",True
2740,61875,61912,61944,bottom,104.35,97.3,112.5,47.51,"{2740: 0.0, 2741: 1.95}",True
2741,61931,61967,61998,top,107.46,100.0,116.13,52.03,"{2741: 0.0, 2740: 2.45, 2742: 5.24, 2743: 11.5, 2744: 3.21}",True
2742,61961,61996,62031,bottom,102.86,102.86,102.86,,"{2741: 5.5, 2742: 0.0, 2743: 7.77, 2744: 3.38, 2745: 6.11}",True
2743,61972,62007,62037,top,110.77,102.86,120.0,57.14,"{2741: 11.48, 2742: 8.46, 2743: 0.0, 2744: 9.37, 2745: 7.91}",True
2744,61975,62007,62037,bottom,116.13,112.5,120.0,25.0,"{2744: 0.0, 2741: 3.67, 2742: 3.22, 2743: 9.21, 2745: 5.45}",True
2745,61998,62036,62068,top,102.86,94.74,112.5,55.51,"{2741: 18.7, 2743: 7.96, 2744: 5.84, 2745: 0.0, 2742: 6.81, 2749: 1.58}",True
2749,62057,62091,62121,bottom,112.5,105.88,120.0,47.06,"{2749: 0.0, 2745: 1.89, 2751: 2.95}",True
2751,62101,62135,62166,top,110.77,105.88,116.13,33.05,"{2751: 0.0, 2749: 3.21, 2752: 4.52}",True
2752,62131,62174,62213,bottom,87.8,83.72,92.31,22.02,"{2751: 4.71, 2752: 0.0}",True
2767,62217,62247,62273,bottom,128.57,120.0,138.46,71.01,"{2767: 0.0, 2752: 17.24, 2768: 2.17}",True
2768,62260,62294,62325,top,110.77,105.88,116.13,33.05,"{2767: 2.48, 2768: 0.0, 2769: 6.89}",True
2769,62280,62311,62337,bottom,126.32,116.13,138.46,85.89,"{2769: 0.0, 2768: 7.09, 2770: 1.62}",True
2770,62328,62360,62388,top,120.0,112.5,128.57,57.4,"{2770: 0.0, 2769: 1.8}",True
2771,62403,62442,62475,bottom,100.0,92.31,109.09,50.86,"{2771: 0.0, 2772: 3.52}",True
2772,62449,62485,62517,top,105.88,100.0,112.5,39.06,"{2772: 0.0, 2771: 3.95, 2773: 8.77}",True
2773,62480,62516,62548,top,105.88,100.0,112.5,39.06,"{2772: 8.77, 2773: 0.0, 2774: 1.23, 2775: 18.39}",True
2774,62540,62579,62612,bottom,100.0,92.31,109.09,50.86,"{2773: 1.52, 2774: 0.0, 2775: 8.62, 2778: 2.66}",True
2775,62546,62585,62618,top,100.0,92.31,109.09,50.86,"{2773: 18.39, 2774: 9.13, 2775: 0.0, 2778: 12.26}",True
2778,62592,62634,62670,top,92.31,85.71,100.0,39.68,"{2775: 12.29, 2778: 0.0, 2774: 3.04, 2779: 11.74}",True
2779,62640,62682,62720,top,90.0,85.71,94.74,23.74,"{2779: 0.0, 2778: 11.75, 2780: 7.12}",True
2780,62670,62712,62750,top,90.0,85.71,94.74,23.74,"{2778: 19.07, 2779: 7.11, 2780: 0.0, 2781: 12.48, 2782: 3.27}",True
2782,62722,62760,62794,bottom,100.0,94.74,105.88,32.78,"{2780: 3.82, 2781: 8.48, 2782: 0.0, 2783: 4.81, 2784: 1.03}",True
2781,62722,62769,62811,top,80.9,76.6,85.71,21.71,"{2780: 12.5, 2781: 0.0, 2782: 8.85, 2783: 6.65, 2784: 14.04}",True
2783,62755,62799,62839,top,85.71,81.82,90.0,20.45,"{2781: 6.61, 2783: 0.0, 2782: 5.22, 2784: 7.87}",True
2784,62788,62835,62878,top,80.0,76.6,83.72,16.57,"{2781: 14.02, 2783: 7.88, 2784: 0.0, 2782: 1.1, 2785: 2.27, 2786: 15.07, 2787: 18.65}",True
2785,62859,62892,62922,bottom,114.29,109.09,120.0,36.36,"{2784: 2.95, 2785: 0.0, 2786: 8.25, 2787: 6.24}",True
2786,62862,62900,62935,top,98.63,94.74,102.86,23.2,"{2784: 14.93, 2785: 8.73, 2786: 0.0, 2787: 4.87}",True
2787,62876,62921,62962,top,83.72,80.0,87.8,19.04,"{2784: 18.52, 2786: 4.94, 2787: 0.0, 2785: 6.41}",True
2788,62982,63023,63059,bottom,93.51,87.8,100.0,33.88,"{2788: 0.0, 2790: 7.36}",True
2790,62997,63041,63082,top,84.71,81.82,87.8,14.6,"{2790: 0.0, 2788: 7.75}",True
2794,63087,63135,63176,top,80.9,75.0,87.8,31.23,"{2794: 0.0, 2795: 5.54, 2796: 15.18}",True
2795,63116,63159,63195,top,91.14,83.72,100.0,45.22,"{2794: 5.48, 2795: 0.0, 2796: 10.48}",True
2796,63158,63207,63250,top,78.26,73.47,83.72,23.84,"{2796: 0.0, 2794: 15.18, 2795: 10.54, 2797: 10.78, 2798: 15.14}",True
2797,63209,63261,63306,top,74.23,69.23,80.0,23.93,"{2796: 10.79, 2797: 0.0, 2798: 4.38, 2804: 6.53, 2805: 4.61}",True
2798,63230,63284,63331,top,71.29,66.67,76.6,21.13,"{2796: 15.16, 2797: 4.39, 2798: 0.0, 2804: 8.17, 2805: 7.24, 2807: 15.75}",True
2804,63253,63287,63317,bottom,112.5,105.88,120.0,47.06,"{2797: 7.34, 2804: 0.0, 2798: 7.54, 2805: 4.48, 2807: 1.25}",True
2805,63263,63305,63341,bottom,92.31,85.71,100.0,39.68,"{2805: 0.0, 2797: 5.15, 2798: 7.81, 2804: 4.62, 2807: 3.01}",True
2807,63314,63368,63417,top,69.9,66.67,73.47,13.88,"{2805: 3.38, 2807: 0.0, 2798: 15.74, 2804: 0.79, 2808: 4.74, 2819: 14.69}",True
2808,63346,63392,63432,top,83.72,78.26,90.0,29.35,"{2807: 4.67, 2808: 0.0, 2819: 10.79}",True
2819,63396,63440,63481,top,84.71,81.82,87.8,14.6,"{2807: 14.58, 2819: 0.0, 2808: 10.74, 2822: 7.52}",True
2822,63433,63472,63507,top,97.3,92.31,102.86,30.14,"{2808: 19.01, 2819: 7.46, 2822: 0.0}",True
2824,63564,63596,63624,top,120.0,112.5,128.57,57.4,{2824: 0.0},True
2825,63647,63679,63708,top,118.03,112.5,124.14,40.13,{2825: 0.0},True
2826,63781,63810,63836,top,130.91,124.14,138.46,55.09,"{2826: 0.0, 2827: 10.33}",True
2827,63812,63839,63864,top,138.46,133.33,144.0,42.67,"{2826: 10.28, 2827: 0.0}",True
2828,63881,63911,63938,top,126.32,120.0,133.33,49.38,"{2828: 0.0, 2829: 17.22}",True
2829,63934,63957,63978,top,163.64,156.52,171.43,70.98,"{2828: 17.03, 2829: 0.0, 2830: 16.28}",True
2830,63971,64001,64028,top,126.32,120.0,133.33,49.38,"{2829: 16.42, 2830: 0.0}",True
2831,64134,64174,64208,bottom,97.3,90.0,105.88,46.71,{2831: 0.0},True
2832,64257,64289,64316,top,122.03,112.5,133.33,77.16,"{2832: 0.0, 2833: 11.94}",True
2833,64295,64326,64354,top,122.03,116.13,128.57,44.44,"{2832: 11.95, 2833: 0.0, 2834: 18.03}",True
2834,64352,64383,64411,top,122.03,116.13,128.57,44.44,"{2833: 18.06, 2834: 0.0, 2835: 9.75}",True
2835,64381,64414,64442,top,118.03,109.09,128.57,69.57,"{2834: 9.77, 2835: 0.0, 2836: 4.97}",True
2836,64411,64438,64463,bottom,138.46,133.33,144.0,42.67,"{2834: 0.54, 2836: 0.0, 2835: 5.55}",True
2837,64498,64526,64552,bottom,133.33,128.57,138.46,38.04,"{2837: 0.0, 2838: 5.03, 2840: 5.8, 2844: 2.35, 2846: 17.54}",True
2838,64504,64548,64587,bottom,86.75,81.82,92.31,26.9,"{2838: 0.0, 2837: 5.22, 2840: 8.46, 2844: 6.65, 2846: 9.07}",True
2840,64516,64549,64578,top,116.13,109.09,124.14,51.89,"{2838: 8.05, 2840: 0.0, 2837: 5.91, 2844: 6.29, 2846: 4.35}",True
2844,64538,64569,64597,top,122.03,116.13,128.57,44.44,"{2840: 6.27, 2838: 7.56, 2837: 2.53, 2844: 0.0, 2846: 7.23}",True
2846,64548,64585,64616,bottom,105.88,97.3,116.13,60.75,"{2846: 0.0, 2840: 4.56, 2838: 8.95, 2844: 7.43, 2837: 17.78, 2850: 2.76}",True
2850,64597,64632,64662,top,110.77,102.86,120.0,57.14,"{2844: 18.91, 2846: 3.15, 2850: 0.0, 2852: 3.67, 2851: 10.84, 2853: 10.86}",True
2851,64634,64669,64700,top,109.09,102.86,116.13,42.81,"{2852: 8.63, 2850: 10.83, 2853: 0.02, 2851: 0.0}",True
2852,64635,64678,64715,bottom,90.0,83.72,97.3,36.69,"{2852: 0.0, 2850: 3.79, 2851: 8.77, 2853: 18.55, 2862: 14.68, 2863: 16.98}",True
2853,64635,,,top,,,,,{},False
2862,64701,64731,64757,bottom,128.57,120.0,138.46,71.01,"{2851: 0.65, 2862: 0.0, 2852: 14.39, 2863: 4.45}",True
2863,64708,64749,64786,bottom,92.31,87.8,97.3,25.66,"{2862: 4.63, 2863: 0.0, 2852: 16.93}",True
2867,64791,64830,64865,bottom,97.3,92.31,102.86,30.14,{2867: 0.0},True
2868,65003,65036,65064,top,118.03,109.09,128.57,69.57,"{2869: 8.78, 2868: 0.0, 2870: 16.18}",True
2869,65004,65041,65074,bottom,102.86,97.3,109.09,35.74,"{2868: 8.98, 2869: 0.0, 2870: 2.67, 2871: 1.59}",True
2870,65055,65089,65119,top,112.5,105.88,120.0,47.06,"{2868: 16.21, 2870: 0.0, 2869: 3.15, 2871: 1.71, 2872: 17.57}",True
2871,65063,65095,65124,top,118.03,112.5,124.14,40.13,"{2868: 18.4, 2870: 1.69, 2871: 0.0, 2869: 2.19, 2872: 16.21}",True
2872,65115,65147,65176,top,118.03,112.5,124.14,40.13,"{2870: 17.52, 2871: 16.19, 2872: 0.0, 2873: 12.44}",True
2873,65156,65186,65214,top,124.14,120.0,128.57,30.61,"{2872: 12.43, 2873: 0.0}",True
2874,65284,65317,65345,top,118.03,109.09,128.57,69.57,{2874: 0.0},True
2876,65377,65412,65443,bottom,109.09,102.86,116.13,42.81,{2876: 0.0},True
2877,65497,65527,65554,top,126.32,120.0,133.33,49.38,"{2877: 0.0, 2878: 17.23}",True
2878,65549,65581,65609,top,120.0,112.5,128.57,57.4,"{2877: 17.23, 2878: 0.0, 2879: 4.52, 2883: 8.61}",True
2879,65565,65595,65621,top,128.57,120.0,138.46,71.01,"{2878: 4.49, 2879: 0.0, 2883: 4.41}",True
2883,65578,65609,65637,top,122.03,116.13,128.57,44.44,"{2878: 8.63, 2879: 4.46, 2883: 0.0}",True
2892,65643,65683,65718,bottom,96.0,90.0,102.86,36.73,"{2892: 0.0, 2887: 17.91, 2893: 6.74}",True
2887,65646,,,top,,,,,{},False
2893,65674,65702,65728,top,133.33,128.57,138.46,38.04,"{2893: 0.0, 2892: 7.62}",True
2894,65806,65840,65872,bottom,109.09,105.88,112.5,20.68,"{2894: 0.0, 2895: 3.95}",True
2895,65845,65878,65908,top,114.29,109.09,120.0,36.36,"{2894: 4.44, 2895: 0.0}",True
2901,65970,66005,66037,bottom,107.46,102.86,112.5,30.13,"{2901: 0.0, 2902: 4.36, 2903: 9.82}",True
2902,66008,66040,66067,top,122.03,112.5,133.33,77.16,"{2903: 9.35, 2902: 0.0, 2901: 4.88}",True
2903,66009,66037,66062,bottom,135.85,128.57,144.0,61.71,"{2902: 8.71, 2903: 0.0, 2901: 9.66}",True
2904,66097,66132,66162,bottom,110.77,102.86,120.0,57.14,"{2904: 0.0, 2905: 15.92}",True
2905,66153,66185,66214,bottom,118.03,112.5,124.14,40.13,"{2905: 0.0, 2904: 15.86, 2906: 7.96, 2908: 5.3}",True
2906,66164,66194,66221,top,126.32,120.0,133.33,49.38,"{2904: 0.99, 2905: 8.47, 2906: 0.0, 2908: 5.43, 2923: 1.15}",True
2908,66180,66211,66237,top,126.32,116.13,138.46,85.89,"{2906: 5.43, 2905: 5.83, 2908: 0.0, 2923: 2.94, 2925: 5.24}",True
2923,66219,66259,66293,bottom,97.3,90.0,105.88,46.71,"{2923: 0.0, 2906: 0.6, 2908: 3.0, 2925: 0.94, 2928: 8.28}",True
2925,66222,,,bottom,,,,,{},False
2928,66258,66288,66314,bottom,128.57,120.0,138.46,71.01,"{2923: 8.09, 2928: 0.0, 2931: 1.5}",True
2929,66294,,,top,,,,,{},False
2931,66306,66339,66368,top,116.13,109.09,124.14,51.89,"{2931: 0.0, 2928: 1.59, 2932: 13.09, 2933: 1.26}",True
2932,66349,66384,66415,top,109.09,102.86,116.13,42.81,"{2931: 13.13, 2932: 0.0, 2933: 8.38}",True
2933,66359,66389,66416,bottom,126.32,120.0,133.33,49.38,"{2932: 8.55, 2931: 1.79, 2933: 0.0}",True
2934,66416,66448,66476,bottom,120.0,112.5,128.57,57.4,"{2932: 0.66, 2934: 0.0, 2933: 18.63}",True
2936,66483,66522,66556,bottom,98.63,92.31,105.88,39.93,"{2936: 0.0, 2937: 8.81}",True
2937,66484,66516,66544,top,120.0,112.5,128.57,57.4,"{2936: 8.45, 2937: 0.0}",True
2938,66574,66614,66648,bottom,97.3,90.0,105.88,46.71,"{2938: 0.0, 2939: 7.24}",True
2939,66597,66628,66656,top,122.03,116.13,128.57,44.44,"{2939: 0.0, 2938: 8.11}",True
2940,66660,66704,66742,bottom,87.8,81.82,94.74,34.0,"{2940: 0.0, 2941: 8.56, 2942: 10.94, 2943: 4.4}",True
2941,66672,66706,66734,top,116.13,105.88,128.57,81.03,"{2940: 8.15, 2941: 0.0, 2942: 3.73, 2943: 11.11}",True
2942,66707,66752,66790,bottom,86.75,80.0,94.74,38.78,"{2941: 3.96, 2942: 0.0, 2940: 10.96, 2943: 8.78, 2944: 5.27, 2945: 11.07}",True
2943,66709,66742,66771,top,116.13,109.09,124.14,51.89,"{2941: 11.12, 2940: 5.11, 2942: 8.33, 2943: 0.0, 2944: 12.85, 2945: 1.89}",True
2944,66752,66783,66812,top,120.0,116.13,124.14,27.62,"{2943: 12.83, 2944: 0.0, 2942: 5.87, 2945: 7.76}",True
2945,66757,66800,66837,bottom,90.0,83.72,97.3,36.69,"{2943: 2.17, 2942: 11.06, 2945: 0.0, 2944: 7.77}",True
2946,66856,66890,66919,top,114.29,105.88,124.14,62.95,"{2946: 0.0, 2947: 7.3}",True
2947,66870,66902,66930,bottom,120.0,112.5,128.57,57.4,"{2946: 7.77, 2947: 0.0}",True
2949,66978,67020,67057,bottom,91.14,85.71,97.3,31.31,"{2949: 0.0, 2952: 3.66, 2953: 6.73}",True
2952,67006,67033,67059,bottom,135.85,133.33,138.46,19.72,"{2953: 8.52, 2952: 0.0, 2949: 3.48}",True
2953,67007,67042,67072,top,110.77,102.86,120.0,57.14,"{2953: 0.0, 2952: 8.58, 2949: 7.24, 2956: 1.88}",True
2956,67066,,,bottom,,,,,{},False
2959,67090,67115,67138,top,150.0,144.0,156.52,54.44,"{2959: 0.0, 2960: 4.78}",True
2960,67108,67153,67193,bottom,84.71,80.0,90.0,25.0,"{2959: 4.9, 2960: 0.0}",True
2971,67327,67357,67385,bottom,124.14,120.0,128.57,30.61,"{2971: 0.0, 2974: 9.47}",True
2974,67351,67395,67432,bottom,88.89,81.82,97.3,41.84,"{2974: 0.0, 2971: 9.64}",True
2976,67458,67502,67541,bottom,86.75,81.82,92.31,26.9,"{2976: 0.0, 2977: 7.47, 2984: 17.62}",True
2977,67482,67519,67550,top,105.88,97.3,116.13,60.75,"{2976: 8.11, 2977: 0.0, 2984: 1.77}",True
2984,67536,67579,67616,bottom,90.0,83.72,97.3,36.69,"{2977: 2.06, 2984: 0.0, 2976: 17.55, 2985: 7.43, 2986: 3.19}",True
2985,67558,67593,67623,top,110.77,102.86,120.0,57.14,"{2984: 8.36, 2985: 0.0, 2986: 9.57}",True
2986,67591,67627,67658,top,107.46,100.0,116.13,52.03,"{2985: 9.58, 2986: 0.0, 2984: 3.97, 2987: 14.68, 2988: 1.1}",True
2987,67643,67679,67711,top,105.88,100.0,112.5,39.06,"{2986: 14.68, 2987: 0.0, 2988: 7.72, 2990: 17.4}",True
2988,67653,67694,67729,bottom,94.74,87.8,102.86,43.01,"{2988: 0.0, 2986: 0.89, 2987: 7.88, 2990: 3.33}",True
2990,67706,67738,67767,top,118.03,112.5,124.14,40.13,"{2987: 17.3, 2990: 0.0, 2988: 4.02, 2991: 2.15, 2992: 14.75}",True
2991,67751,67792,67827,bottom,94.74,87.8,102.86,43.01,"{2990: 2.47, 2991: 0.0, 2992: 8.56, 2993: 6.23}",True
2992,67754,67785,67812,top,124.14,116.13,133.33,63.72,"{2990: 14.71, 2992: 0.0, 2991: 8.21, 2993: 9.85}",True
2993,67788,67813,67840,top,138.46,144.0,133.33,-39.51,"{2991: 7.3, 2992: 9.75, 2993: 0.0}",True
2996,67882,67914,67942,bottom,120.0,112.5,128.57,57.4,{2996: 0.0},True
2997,67952,67987,68017,bottom,110.77,102.86,120.0,57.14,"{2997: 0.0, 2998: 9.83, 2999: 9.22, 3000: 9.18}",True
2998,67984,68024,68058,bottom,97.3,90.0,105.88,46.71,"{2997: 9.91, 2999: 0.02, 2998: 0.0, 3000: 1.61}",True
2999,67985,,,bottom,,,,,{},False
3000,67986,68017,68046,bottom,120.0,116.13,124.14,27.62,"{2997: 9.16, 3000: 0.0, 2998: 1.54}",True
3006,68087,68119,68147,top,120.0,112.5,128.57,57.4,"{3006: 0.0, 3011: 6.97, 3015: 2.33}",True
3011,68111,68140,68167,top,128.57,124.14,133.33,34.06,"{3011: 0.0, 3006: 6.94, 3015: 5.33}",True
3015,68131,68172,68207,bottom,94.74,87.8,102.86,43.01,"{3015: 0.0, 3011: 5.34, 3006: 2.36, 3019: 15.77}",True
3019,68195,68236,68272,bottom,93.51,87.8,100.0,33.88,"{3015: 15.78, 3019: 0.0, 3032: 16.32}",True
3032,68263,68298,68329,bottom,109.09,102.86,116.13,42.81,"{3032: 0.0, 3019: 16.2, 3036: 9.82, 3035: 11.61}",True
3036,68298,68332,68362,bottom,112.5,105.88,120.0,47.06,"{3036: 0.0, 3032: 9.82, 3035: 2.58, 3039: 0.81}",True
3035,68301,68343,68377,bottom,94.74,85.71,105.88,59.32,"{3035: 0.0, 3036: 2.68, 3032: 11.7, 3039: 4.56, 3040: 15.79, 3041: 0.8}",True
3039,68354,,,top,,,,,{},False
3040,68368,68401,68430,bottom,116.13,109.09,124.14,51.89,"{3040: 0.0, 3035: 15.6, 3041: 8.88}",True
3041,68373,68400,68425,top,138.46,133.33,144.0,42.67,"{3041: 0.0, 3035: 1.82, 3040: 8.39}",True
3049,68457,68488,68516,top,122.03,116.13,128.57,44.44,"{3049: 0.0, 3050: 5.93, 3051: 2.1}",True
3050,68477,68509,68537,bottom,120.0,112.5,128.57,57.4,"{3050: 0.0, 3049: 6.39, 3051: 8.52}",True
3051,68501,68541,68576,bottom,96.0,90.0,102.86,36.73,"{3049: 2.41, 3051: 0.0, 3050: 8.67, 3052: 9.49, 3053: 15.12, 3054: 17.24}",True
3052,68539,68580,68617,bottom,92.31,87.8,97.3,25.66,"{3051: 9.52, 3052: 0.0, 3050: 19.19, 3053: 5.31, 3054: 7.48, 3055: 11.68, 3061: 16.25}",True
3053,68562,68602,,bottom,,,,,{},False
3054,68571,,,bottom,,,,,{},False
3055,68592,68622,68649,bottom,126.32,120.0,133.33,49.38,"{3053: 6.04, 3052: 11.51, 3054: 4.78, 3055: 0.0, 3061: 6.62, 3073: 0.43}",True
3061,68606,68648,68685,bottom,91.14,85.71,97.3,31.31,"{3061: 0.0, 3052: 16.24, 3053: 11.4, 3055: 6.8, 3073: 8.69, 3074: 11.42}",True
3073,68648,,,top,,,,,{},False
3074,68655,68695,68730,bottom,96.0,90.0,102.86,36.73,"{3074: 0.0, 3061: 11.38, 3075: 13.19}",True
3075,68708,68747,68781,bottom,98.63,92.31,105.88,39.93,"{3075: 0.0, 3074: 13.18, 3076: 2.48}",True
3076,68764,68795,68822,top,124.14,116.13,133.33,63.72,"{3076: 0.0, 3075: 3.05, 3077: 11.78}",True
3077,68799,68832,68860,top,118.03,109.09,128.57,69.57,"{3076: 11.81, 3077: 0.0, 3078: 10.48, 3079: 2.35, 3080: 1.65}",True
3078,68833,68866,68894,top,118.03,109.09,128.57,69.57,"{3077: 10.49, 3078: 0.0, 3079: 7.11, 3080: 6.83, 3081: 11.21, 3082: 11.49}",True
3079,68842,68884,68921,bottom,91.14,85.71,97.3,31.31,"{3077: 2.65, 3078: 7.4, 3079: 0.0, 3080: 1.24, 3081: 6.96, 3082: 6.81, 3083: 2.84, 3087: 1.88, 3089: 15.81}",True
3080,68850,68882,68910,bottom,120.0,112.5,128.57,57.4,"{3080: 0.0, 3077: 1.92, 3078: 7.15, 3079: 1.15, 3081: 6.28, 3082: 6.13, 3083: 1.67, 3087: 0.86}",True
3081,68869,68903,68933,top,112.5,105.88,120.0,47.06,"{3078: 11.22, 3082: 0.29, 3081: 0.0, 3080: 6.54, 3079: 7.65, 3083: 8.69, 3087: 11.31, 3089: 3.11}",True
3082,68870,68904,68934,top,112.5,105.88,120.0,47.06,"{3078: 11.51, 3082: 0.0, 3081: 0.29, 3080: 6.39, 3079: 7.5, 3083: 8.39, 3087: 11.0, 3089: 3.27}",True
3083,68898,68933,68965,top,107.46,102.86,112.5,30.13,"{3081: 8.71, 3082: 8.41, 3080: 2.12, 3079: 3.63, 3083: 0.0, 3087: 2.42, 3089: 7.9, 3100: 16.93}",True
3087,68907,68942,68972,top,110.77,102.86,120.0,57.14,"{3081: 11.32, 3082: 11.01, 3087: 0.0, 3083: 2.4, 3080: 0.84, 3079: 2.5, 3089: 9.07, 3100: 14.77}",True
3089,68911,68943,68972,bottom,118.03,112.5,124.14,40.13,"{3082: 3.74, 3081: 3.6, 3089: 0.0, 3083: 8.25, 3087: 8.92, 3080: 19.0, 3079: 15.59, 3100: 2.13}",True
3100,68958,68994,69025,top,107.46,100.0,116.13,52.03,"{3087: 14.79, 3100: 0.0, 3083: 16.92, 3089: 2.34, 3101: 7.69, 3102: 5.14, 3103: 4.57, 3104: 11.5}",True
3101,68973,69005,69033,bottom,120.0,112.5,128.57,57.4,"{3087: 0.58, 3101: 0.0, 3100: 8.05, 3089: 19.0, 3102: 8.49, 3103: 7.02, 3104: 5.06}",True
3102,68976,69012,69044,top,105.88,100.0,112.5,39.06,"{3102: 0.0, 3100: 5.15, 3101: 8.71, 3103: 6.86, 3104: 6.6, 3105: 0.56}",True
3103,68991,69032,69067,bottom,94.74,87.8,102.86,43.01,"{3100: 4.75, 3102: 7.21, 3103: 0.0, 3101: 7.17, 3104: 8.41, 3105: 10.4, 3106: 13.68}",True
3104,68998,69038,69073,top,96.0,90.0,102.86,36.73,"{3102: 6.64, 3100: 11.55, 3103: 9.05, 3104: 0.0, 3101: 5.21, 3105: 4.82, 3106: 3.17}",True
3105,69039,69068,69095,bottom,128.57,124.14,133.33,34.06,"{3102: 1.28, 3104: 5.59, 3105: 0.0, 3103: 10.16, 3106: 4.58}",True
3106,69047,69086,69120,bottom,98.63,92.31,105.88,39.93,"{3104: 3.7, 3105: 4.69, 3103: 13.63, 3106: 0.0, 3108: 2.91, 3109: 17.48}",True
3108,69099,69131,69160,top,118.03,112.5,124.14,40.13,"{3108: 0.0, 3106: 3.47, 3109: 6.39}",True
3109,69115,69155,69190,bottom,96.0,90.0,102.86,36.73,"{3109: 0.0, 3108: 6.43, 3106: 17.51, 3110: 0.67}",True
3110,69188,69221,69249,top,118.03,109.09,128.57,69.57,"{3109: 0.85, 3110: 0.0, 3111: 6.18}",True
3111,69206,69244,69278,bottom,100.0,94.74,105.88,32.78,"{3111: 0.0, 3110: 6.35, 3112: 3.3}",True
3112,69255,69287,69314,top,122.03,112.5,133.33,77.16,"{3112: 0.0, 3111: 4.03}",True
3113,69317,69347,69375,top,124.14,120.0,128.57,30.61,"{3113: 0.0, 3114: 0.54}",True
3114,69372,69418,69459,bottom,82.76,78.26,87.8,23.28,"{3113: 0.55, 3114: 0.0, 3117: 10.98, 3118: 1.67}",True
3115,69416,,,bottom,,,,,{},False
3117,69430,69462,69489,bottom,122.03,112.5,133.33,77.16,"{3117: 0.0, 3114: 10.76, 3118: 6.89, 3123: 13.41}",True
3118,69447,69475,69501,top,133.33,128.57,138.46,38.04,"{3118: 0.0, 3117: 7.44, 3114: 2.38, 3123: 4.62, 3124: 15.11}",True
3123,69472,69504,69531,bottom,122.03,112.5,133.33,77.16,"{3117: 13.42, 3118: 4.91, 3123: 0.0, 3124: 6.79, 3122: 8.7}",True
3124,69490,69519,69544,top,133.33,124.14,144.0,79.45,"{3118: 15.11, 3124: 0.0, 3117: 0.64, 3123: 7.33, 3122: 5.43, 3125: 0.64}",True
3122,69504,,,top,,,,,{},False
3125,69540,69573,69603,bottom,114.29,109.09,120.0,36.36,"{3124: 0.96, 3125: 0.0, 3126: 4.52, 3130: 2.24, 3131: 1.7}",True
3126,69547,69594,69635,bottom,81.82,76.6,87.8,27.34,"{3125: 4.7, 3126: 0.0, 3130: 6.5, 3131: 6.55, 3139: 17.94}",True
3130,69589,69619,69645,top,128.57,120.0,138.46,71.01,"{3130: 0.0, 3125: 2.79, 3126: 7.37, 3131: 0.52, 3139: 2.55}",True
3131,69593,69619,69642,top,146.94,138.46,156.52,78.52,"{3130: 0.49, 3131: 0.0, 3125: 2.47, 3126: 7.6, 3139: 2.38}",True
3139,69630,69676,69715,bottom,84.71,78.26,92.31,36.02,"{3130: 2.39, 3139: 0.0, 3131: 2.18, 3126: 17.92, 3140: 8.0, 3141: 7.68, 3147: 0.55}",True
3140,69647,69677,69703,top,128.57,120.0,138.46,71.01,"{3139: 7.71, 3140: 0.0, 3141: 4.02}",True
3141,69657,69690,69718,top,118.03,109.09,128.57,69.57,"{3139: 8.19, 3140: 4.06, 3141: 0.0, 3147: 16.1}",True
3147,69710,69741,69770,top,120.0,116.13,124.14,27.62,"{3139: 1.49, 3147: 0.0, 3141: 16.1, 3148: 7.47, 3149: 1.82}",True
3148,69720,69754,69785,bottom,110.77,105.88,116.13,33.05,"{3148: 0.0, 3147: 7.72, 3149: 12.28}",True
3149,69759,69805,69843,bottom,85.71,78.26,94.74,43.36,"{3149: 0.0, 3147: 1.75, 3148: 12.4, 3150: 7.77}",True
3150,69785,69818,69846,top,118.03,109.09,128.57,69.57,"{3149: 8.28, 3148: 0.41, 3150: 0.0}",True
3152,69899,69932,69962,top,114.29,109.09,120.0,36.36,"{3152: 0.0, 3153: 7.3}",True
3153,69909,69952,69988,bottom,91.14,83.72,100.0,45.22,"{3153: 0.0, 3152: 7.4}",True
3154,69991,70034,70071,bottom,90.0,83.72,97.3,36.69,"{3153: 19.23, 3154: 0.0, 3155: 2.39}",True
3155,70052,70090,70123,top,101.41,94.74,109.09,43.5,"{3154: 2.79, 3155: 0.0, 3156: 5.44, 3158: 11.04}",True
3156,70081,70123,70160,bottom,91.14,85.71,97.3,31.31,"{3156: 0.0, 3155: 5.6, 3158: 8.13, 3168: 3.52, 3171: 14.55}",True
3158,70092,70134,70169,top,93.51,85.71,102.86,48.98,"{3156: 8.64, 3155: 11.08, 3158: 0.0, 3168: 9.04, 3171: 3.33, 3174: 1.0, 3166: 0.91}",True
3168,70131,70170,70205,top,97.3,92.31,102.86,30.14,"{3156: 4.08, 3168: 0.0, 3158: 9.05, 3171: 7.99, 3174: 5.89, 3166: 9.95, 3175: 10.55, 3176: 13.86}",True
3171,70143,70182,70217,bottom,97.3,92.31,102.86,30.14,"{3171: 0.0, 3156: 14.54, 3168: 8.24, 3158: 3.57, 3174: 3.79, 3166: 6.36, 3175: 6.44, 3176: 3.92, 3180: 16.12, 3181: 17.65}",True
3174,70162,70195,70225,bottom,114.29,109.09,120.0,36.36,"{3156: 19.33, 3171: 3.6, 3174: 0.0, 3168: 6.23, 3158: 1.32, 3166: 1.75, 3175: 8.03, 3176: 5.69, 3180: 13.4, 3181: 15.61}",True
3166,70166,,,bottom,,,,,{},False
3175,70181,70204,70225,top,163.64,156.52,171.43,70.98,"{3174: 8.03, 3175: 0.0, 3171: 7.83, 3168: 10.17, 3176: 5.28, 3180: 7.85, 3181: 1.94}",True
3176,70186,70222,70257,top,101.41,100.0,102.86,8.16,"{3175: 5.42, 3176: 0.0, 3168: 13.8, 3174: 6.06, 3171: 4.67, 3180: 13.48, 3181: 5.61, 3182: 16.96}",True
3180,70206,,,bottom,,,,,{},False
3181,70215,70249,70279,bottom,112.5,105.88,120.0,47.06,"{3176: 6.08, 3175: 1.9, 3181: 0.0, 3174: 15.66, 3171: 17.6, 3182: 4.95}",True
3182,70251,70275,70297,top,156.52,150.0,163.64,61.98,"{3176: 16.69, 3181: 5.76, 3182: 0.0, 3184: 2.43}",True
3184,70284,70320,70352,bottom,105.88,100.0,112.5,39.06,"{3182: 2.5, 3184: 0.0, 3188: 0.53}",True
3188,70350,70377,70402,top,138.46,133.33,144.0,42.67,"{3188: 0.0, 3184: 1.15}",True
3189,70454,70482,70507,top,135.85,128.57,144.0,61.71,"{3189: 0.0, 3190: 2.62}",True
3190,70460,70490,70517,top,126.32,120.0,133.33,49.38,"{3190: 0.0, 3189: 2.65, 3191: 0.83}",True
3191,70514,,,bottom,,,,,{},False
3192,70536,,,bottom,,,,,{},False
3193,70543,70575,70603,bottom,120.0,112.5,128.57,57.4,"{3193: 0.0, 3192: 0.9, 3194: 6.98}",True
3194,70551,70579,,top,,,,,{},False
3196,70603,70638,70668,bottom,110.77,102.86,120.0,57.14,"{3196: 0.0, 3193: 18.84, 3195: 2.07, 3199: 4.43, 3200: 2.15}",True
3195,70608,,,bottom,,,,,{},False
3199,70639,70670,70697,top,124.14,116.13,133.33,63.72,"{3196: 4.97, 3199: 0.0, 3200: 5.4}",True
3200,70654,70687,70715,top,118.03,109.09,128.57,69.57,"{3200: 0.0, 3196: 2.56, 3199: 5.44, 3202: 2.13}",True
3202,70701,70730,70757,bottom,128.57,124.14,133.33,34.06,"{3202: 0.0, 3200: 2.66, 3203: 3.73, 3204: 15.17}",True
3203,70735,70764,70790,top,130.91,124.14,138.46,55.09,"{3203: 0.0, 3202: 4.11, 3204: 7.07, 3208: 7.92, 3211: 2.75}",True
3204,70743,70798,70822,bottom,91.14,65.45,150.0,352.27,"{3203: 7.17, 3202: 15.3, 3204: 0.0, 3208: 8.39, 3211: 4.95}",True
3208,70757,70788,70815,top,124.14,116.13,133.33,63.72,"{3203: 7.95, 3208: 0.0, 3204: 7.75, 3202: 0.82, 3211: 6.9}",True
3211,70773,70802,70829,bottom,128.57,124.14,133.33,34.06,"{3203: 3.13, 3208: 7.63, 3211: 0.0, 3204: 4.88}",True
3222,70834,70865,70891,top,126.32,116.13,138.46,85.89,{3222: 0.0},True
3223,70901,70940,70974,bottom,98.63,92.31,105.88,39.93,{3223: 0.0},True
3224,71059,71095,71128,bottom,104.35,100.0,109.09,27.55,"{3224: 0.0, 3226: 2.66}",True
3226,71108,71142,71171,top,114.29,105.88,124.14,62.95,"{3224: 3.43, 3226: 0.0}",True
3225,71108,,,top,,,,,{},False
3238,71175,71212,71244,top,104.35,97.3,112.5,47.51,{3238: 0.0},True
3239,71286,71315,71342,top,128.57,124.14,133.33,34.06,"{3239: 0.0, 3240: 16.58}",True
3240,71334,71371,71402,top,105.88,97.3,116.13,60.75,"{3239: 16.64, 3240: 0.0, 3241: 7.91}",True
3241,71344,71382,71415,bottom,101.41,94.74,109.09,43.5,"{3241: 0.0, 3240: 8.15}",True
3243,71445,71478,71507,top,116.13,109.09,124.14,51.89,{3243: 0.0},True
3246,71528,71564,71596,top,105.88,100.0,112.5,39.06,"{3246: 0.0, 3247: 6.49, 3248: 5.08}",True
3247,71550,71584,71614,bottom,112.5,105.88,120.0,47.06,"{3246: 6.93, 3247: 0.0, 3248: 2.58}",True
3248,71563,71592,71617,bottom,133.33,124.14,144.0,79.45,"{3248: 0.0, 3246: 5.54, 3247: 2.47}",True
3250,71710,71749,71781,bottom,101.41,92.31,112.5,63.1,"{3250: 0.0, 3257: 7.16, 3260: 5.94}",True
3257,71731,71764,71793,top,116.13,109.09,124.14,51.89,"{3257: 0.0, 3250: 7.34, 3260: 8.57}",True
3260,71737,71769,71797,bottom,120.0,112.5,128.57,57.4,"{3257: 8.88, 3260: 0.0, 3250: 5.88}",True
3266,71817,71846,71873,top,128.57,124.14,133.33,34.06,"{3266: 0.0, 3267: 7.66, 3268: 1.78}",True
3267,71838,71870,71899,top,118.03,112.5,124.14,40.13,"{3266: 7.68, 3267: 0.0, 3268: 5.73, 3269: 2.89}",True
3268,71861,71892,71920,bottom,122.03,116.13,128.57,44.44,"{3266: 2.12, 3267: 6.06, 3268: 0.0, 3269: 7.3, 3270: 1.51}",True
3269,71879,71921,71957,bottom,92.31,85.71,100.0,39.68,"{3267: 2.91, 3269: 0.0, 3268: 7.49, 3270: 6.02, 3271: 0.59}",True
3270,71912,71947,71977,top,110.77,102.86,120.0,57.14,"{3270: 0.0, 3269: 6.66, 3268: 1.71, 3271: 11.45, 3272: 1.11}",True
3271,71955,71982,72007,top,138.46,133.33,144.0,42.67,"{3270: 11.35, 3269: 1.27, 3271: 0.0, 3272: 6.39, 3273: 17.88}",True
3272,71969,,72024,bottom,130.91,,,,{},True
3273,72005,72032,72056,top,141.18,133.33,150.0,69.44,"{3271: 17.93, 3273: 0.0, 3272: 3.74, 3274: 7.29}",True
3274,72012,72042,72069,bottom,126.32,120.0,133.33,49.38,"{3273: 7.78, 3274: 0.0, 3272: 14.06, 3275: 1.72}",True
3275,72059,72091,72120,top,118.03,112.5,124.14,40.13,"{3275: 0.0, 3274: 1.94, 3276: 6.38, 3278: 14.07}",True
3276,72073,72119,72157,bottom,85.71,78.26,94.74,43.36,"{3275: 6.62, 3276: 0.0, 3278: 0.01, 3281: 13.86}",True
3278,72074,,,bottom,,,,,{},False
3281,72135,72180,72218,bottom,86.75,80.0,94.74,38.78,"{3276: 13.86, 3281: 0.0, 3282: 5.09}",True
3282,72182,72212,72239,top,126.32,120.0,133.33,49.38,"{3282: 0.0, 3281: 5.95}",True
3283,72246,72276,72304,top,124.14,120.0,128.57,30.61,"{3283: 0.0, 3284: 7.93, 3285: 3.45}",True
3284,72271,72300,72326,top,130.91,124.14,138.46,55.09,"{3283: 7.91, 3284: 0.0, 3285: 7.09, 3286: 16.24}",True
3285,72279,72325,72364,bottom,84.71,78.26,92.31,36.02,"{3283: 3.6, 3285: 0.0, 3284: 7.03, 3286: 6.77, 3288: 13.5}",True
3286,72319,72346,72372,top,135.85,133.33,138.46,19.72,"{3284: 16.22, 3286: 0.0, 3285: 7.72, 3288: 4.69}",True
3288,72340,72386,72426,bottom,83.72,78.26,90.0,29.35,"{3286: 4.83, 3285: 13.51, 3288: 0.0}",True
3295,72450,72489,72524,bottom,97.3,92.31,102.86,30.14,"{3295: 0.0, 3296: 0.27}",True
3296,72521,72550,72575,top,133.33,124.14,144.0,79.45,"{3296: 0.0, 3295: 1.12}",True
3297,72585,72613,72638,top,135.85,128.57,144.0,61.71,"{3297: 0.0, 3298: 9.79, 3299: 3.9, 3300: 13.68}",True
3298,72611,72643,72672,top,118.03,112.5,124.14,40.13,"{3297: 9.84, 3298: 0.0, 3299: 8.38, 3300: 3.08, 3301: 1.65, 3302: 2.55, 3303: 0.75}",True
3299,72614,72653,72686,bottom,100.0,92.31,109.09,50.86,"{3299: 0.0, 3297: 3.97, 3298: 8.56, 3300: 8.45, 3301: 11.6, 3302: 11.68, 3303: 13.33}",True
3300,72624,72652,72679,top,130.91,128.57,133.33,17.64,"{3297: 13.7, 3299: 8.14, 3298: 3.03, 3300: 0.0, 3301: 2.79, 3302: 5.17, 3303: 1.81}",True
3301,72660,72696,72727,bottom,107.46,100.0,116.13,52.03,"{3298: 2.11, 3299: 11.57, 3300: 3.06, 3301: 0.0, 3302: 0.03, 3303: 2.43, 3310: 5.29, 3311: 10.46}",True
3302,72661,,,bottom,,,,,{},False
3303,72666,72705,72741,bottom,96.0,92.31,100.0,21.37,"{3298: 1.21, 3301: 2.5, 3300: 2.06, 3299: 13.36, 3303: 0.0, 3310: 7.08, 3311: 7.32}",True
3310,72692,72722,72750,top,124.14,120.0,128.57,30.61,"{3310: 0.0, 3303: 7.88, 3301: 6.02, 3311: 8.06}",True
3311,72697,72734,72766,bottom,104.35,97.3,112.5,47.51,"{3311: 0.0, 3303: 7.23, 3310: 8.12, 3301: 10.48}",True
3316,72790,72821,72848,top,124.14,116.13,133.33,63.72,"{3316: 0.0, 3317: 12.28}",True
3317,72827,72859,72888,top,118.03,112.5,124.14,40.13,"{3317: 0.0, 3316: 12.3}",True
3318,72912,72952,72987,bottom,96.0,90.0,102.86,36.73,"{3318: 0.0, 3319: 12.85, 3320: 2.14}",True
3319,72964,73003,73037,bottom,98.63,92.31,105.88,39.93,"{3319: 0.0, 3318: 12.84, 3320: 8.97, 3324: 17.82, 3325: 0.62}",True
3320,72970,73006,73036,top,109.09,100.0,120.0,66.67,"{3319: 8.83, 3318: 2.89, 3320: 0.0, 3324: 0.34}",True
3324,73034,73070,73103,bottom,104.35,100.0,109.09,27.55,"{3320: 0.65, 3324: 0.0, 3319: 17.88, 3325: 8.98, 3326: 2.2, 3335: 14.85, 3336: 0.79}",True
3325,73035,73066,73094,top,122.03,116.13,128.57,44.44,"{3320: 18.34, 3324: 8.59, 3325: 0.0, 3319: 1.04, 3326: 7.34, 3335: 0.67}",True
3326,73040,73079,73113,bottom,98.63,92.31,105.88,39.93,"{3324: 2.23, 3325: 7.6, 3326: 0.0, 3335: 12.04, 3336: 1.76, 3337: 1.09}",True
3335,73089,73123,73153,bottom,112.5,105.88,120.0,47.06,"{3325: 1.08, 3335: 0.0, 3324: 14.8, 3326: 11.89, 3336: 7.89, 3337: 5.92}",True
3336,73101,73133,73161,top,120.0,112.5,128.57,57.4,"{3336: 0.0, 3335: 8.38, 3324: 0.64, 3326: 2.61, 3337: 4.62}",True
3337,73111,73150,73184,top,98.63,92.31,105.88,39.93,"{3336: 4.72, 3337: 0.0, 3335: 6.21, 3326: 1.01}",True
3338,73214,73253,73287,bottom,98.63,92.31,105.88,39.93,{3338: 0.0},True
3339,73331,73363,73392,top,118.03,112.5,124.14,40.13,{3339: 0.0},True
3347,73425,73466,73502,bottom,93.51,87.8,100.0,33.88,"{3347: 0.0, 3348: 3.96}",True
3348,73471,73507,73539,top,105.88,100.0,112.5,39.06,"{3347: 4.67, 3348: 0.0, 3349: 0.63}",True
3349,73534,73575,73614,bottom,90.0,87.8,92.31,11.55,"{3348: 0.9, 3349: 0.0, 3350: 3.09, 3351: 1.58}",True
3350,73552,73588,73620,bottom,105.88,100.0,112.5,39.06,"{3350: 0.0, 3349: 2.95, 3351: 2.49}",True
3351,73603,73634,73662,top,122.03,116.13,128.57,44.44,"{3351: 0.0, 3350: 2.98, 3349: 2.27}",True
3353,73664,73701,73733,bottom,104.35,97.3,112.5,47.51,"{3353: 0.0, 3355: 7.39}",True
3355,73688,73714,73737,top,146.94,138.46,156.52,78.52,"{3355: 0.0, 3353: 8.12}",True
3356,73764,73816,73849,bottom,84.71,69.23,109.09,120.79,"{3356: 0.0, 3364: 9.54}",True
3364,73786,73814,73840,top,133.33,128.57,138.46,38.04,"{3364: 0.0, 3356: 8.92}",True
3371,73849,,,top,,,,,{},False
3372,74002,74038,74069,bottom,107.46,100.0,116.13,52.03,{3372: 0.0},True
3377,74082,74115,74144,bottom,116.13,109.09,124.14,51.89,"{3377: 0.0, 3378: 6.29, 3379: 3.57}",True
3378,74101,74137,74169,bottom,105.88,100.0,112.5,39.06,"{3377: 6.32, 3378: 0.0, 3379: 7.66, 3380: 18.25}",True
3379,74122,74149,74174,top,138.46,133.33,144.0,42.67,"{3379: 0.0, 3377: 3.99, 3378: 8.35, 3380: 0.8}",True
3380,74168,74204,74236,bottom,105.88,100.0,112.5,39.06,"{3379: 1.15, 3380: 0.0, 3378: 18.38}",True
3382,74302,74333,74359,bottom,126.32,116.13,138.46,85.89,{3382: 0.0},True
3387,74381,74413,74438,top,126.32,112.5,144.0,126.0,"{3387: 0.0, 3383: 15.62, 3384: 14.85, 3390: 8.9, 3386: 4.01}",True
3383,74391,,,bottom,,,,,{},False
3384,74394,,,bottom,,,,,{},False
3390,74412,,,bottom,,,,,{},False
3386,74426,,,bottom,,,,,{},False
3397,74532,74565,74595,bottom,114.29,109.09,120.0,36.36,{3397: 0.0},True
3398,74644,74675,74704,bottom,120.0,116.13,124.14,27.62,"{3398: 0.0, 3401: 6.13, 3403: 10.48}",True
3401,74664,74698,74728,top,112.5,105.88,120.0,47.06,"{3401: 0.0, 3398: 6.53, 3403: 7.31}",True
3403,74674,74716,74753,bottom,91.14,85.71,97.3,31.31,"{3403: 0.0, 3401: 7.34, 3398: 10.67, 3406: 1.83}",True
3406,74741,74769,74794,top,135.85,128.57,144.0,61.71,"{3406: 0.0, 3403: 2.78, 3407: 12.66, 3408: 1.5}",True
3407,74777,74805,74831,top,133.33,128.57,138.46,38.04,"{3406: 12.67, 3407: 0.0, 3408: 7.1, 3409: 15.22}",True
3408,74784,74823,74857,bottom,98.63,92.31,105.88,39.93,"{3406: 1.82, 3407: 7.42, 3408: 0.0, 3409: 5.41, 3410: 1.37}",True
3409,74820,74851,74878,top,124.14,116.13,133.33,63.72,"{3407: 15.25, 3409: 0.0, 3408: 6.16, 3410: 8.38, 3411: 17.61}",True
3410,74848,74876,74902,top,133.33,128.57,138.46,38.04,"{3409: 8.35, 3408: 2.3, 3410: 0.0, 3411: 9.82, 3412: 3.34}",True
3411,74875,74905,74932,top,126.32,120.0,133.33,49.38,"{3409: 17.66, 3410: 9.83, 3411: 0.0, 3412: 7.85, 3413: 4.65}",True
3412,74880,74914,74944,bottom,112.5,105.88,120.0,47.06,"{3410: 3.63, 3412: 0.0, 3411: 8.27, 3413: 5.92, 3415: 0.76}",True
3413,74901,74934,74965,bottom,112.5,109.09,116.13,22.7,"{3410: 0.65, 3411: 5.08, 3413: 0.0, 3412: 5.92, 3415: 3.32, 3417: 13.67}",True
3415,74942,74972,74999,top,126.32,120.0,133.33,49.38,"{3413: 4.23, 3412: 1.25, 3415: 0.0, 3417: 7.79, 3422: 3.69}",True
3417,74945,74990,75025,bottom,90.0,80.0,102.86,65.31,"{3413: 13.81, 3412: 19.2, 3415: 8.08, 3417: 0.0, 3422: 5.48, 3426: 2.75}",True
3422,74976,75007,75035,bottom,122.03,116.13,128.57,44.44,"{3422: 0.0, 3417: 5.03, 3415: 4.01, 3426: 4.83}",True
3426,75005,75036,75064,top,122.03,116.13,128.57,44.44,"{3426: 0.0, 3422: 5.12, 3417: 4.57, 3430: 8.37, 3431: 3.35}",True
3430,75035,75060,75083,top,150.0,144.0,156.52,54.44,"{3426: 8.26, 3430: 0.0, 3422: 0.95, 3431: 7.27}",True
3431,75040,75081,75118,bottom,92.31,87.8,97.3,25.66,"{3426: 3.67, 3430: 7.18, 3431: 0.0, 3432: 1.6}",True
3432,75107,75134,75159,top,138.46,133.33,144.0,42.67,"{3432: 0.0, 3431: 2.61, 3433: 3.87}",True
3433,75134,75172,75206,bottom,100.0,94.74,105.88,32.78,"{3432: 4.07, 3433: 0.0, 3434: 9.07, 3438: 13.9}",True
3434,75169,,,bottom,,,,,{},False
3438,75186,75231,75270,bottom,85.71,80.0,92.31,31.56,"{3438: 0.0, 3433: 14.0, 3439: 8.56, 3440: 13.72}",True
3439,75232,,,top,,,,,{},False
3440,75248,75292,75330,bottom,87.8,81.82,94.74,34.0,"{3440: 0.0, 3438: 13.69, 3441: 12.67}",True
3441,75304,75349,75388,bottom,85.71,80.0,92.31,31.56,"{3441: 0.0, 3440: 12.69, 3442: 12.91, 3443: 12.7}",True
3442,75361,75407,75447,bottom,83.72,78.26,90.0,29.35,"{3442: 0.0, 3441: 12.94, 3443: 1.95, 3444: 6.66}",True
3443,75365,75398,75428,bottom,114.29,109.09,120.0,36.36,"{3443: 0.0, 3441: 12.54, 3442: 1.86, 3444: 4.75}",True
3444,75396,75429,75459,top,114.29,109.09,120.0,36.36,"{3442: 7.4, 3444: 0.0, 3443: 5.04, 3447: 1.68}",True
3447,75446,75489,75525,bottom,91.14,83.72,100.0,45.22,"{3444: 1.98, 3442: 18.43, 3447: 0.0, 3448: 3.99, 3452: 10.89, 3453: 4.3, 3456: 14.91}",True
3448,75464,75504,75539,bottom,96.0,90.0,102.86,36.73,"{3448: 0.0, 3447: 3.85, 3452: 7.03, 3453: 5.87, 3456: 11.13}",True
3452,75491,75532,75572,bottom,88.89,87.8,90.0,5.49,"{3452: 0.0, 3448: 7.05, 3447: 10.22, 3453: 8.29, 3456: 3.45, 3460: 18.04}",True
3453,75495,75524,75550,top,130.91,124.14,138.46,55.09,"{3452: 8.06, 3448: 6.09, 3447: 7.01, 3454: 0.01, 3453: 0.0, 3456: 6.16}",True
3454,75496,,,top,,,,,{},False
3456,75510,75547,75581,bottom,101.41,97.3,105.88,25.25,"{3452: 3.33, 3456: 0.0, 3448: 11.12, 3447: 13.67, 3453: 6.32, 3460: 16.07}",True
3460,75571,75608,75641,bottom,102.86,97.3,109.09,35.74,"{3460: 0.0, 3456: 16.11, 3452: 18.04, 3462: 5.74, 3463: 4.7}",True
3462,75592,75629,75661,bottom,104.35,97.3,112.5,47.51,"{3462: 0.0, 3460: 5.73, 3463: 7.69}",True
3463,75609,75640,75667,top,124.14,116.13,133.33,63.72,"{3463: 0.0, 3462: 8.45, 3460: 5.47, 3464: 17.22}",True
3464,75662,75693,75721,top,122.03,116.13,128.57,44.44,"{3463: 17.23, 3464: 0.0, 3462: 0.8, 3466: 4.12, 3469: 4.97, 3470: 1.83}",True
3466,75674,75707,75736,top,116.13,109.09,124.14,51.89,"{3464: 4.14, 3466: 0.0, 3469: 9.13, 3470: 4.08, 3471: 2.3, 3472: 17.23}",True
3469,75706,,,bottom,,,,,{},False
3470,75708,75744,75777,bottom,104.35,100.0,109.09,27.55,"{3464: 2.22, 3470: 0.0, 3466: 4.16, 3471: 5.01, 3472: 6.86, 3474: 1.45}",True
3471,75720,75767,75807,bottom,82.76,76.6,90.0,33.51,"{3464: 0.44, 3471: 0.0, 3470: 5.12, 3466: 2.24, 3472: 8.22, 3474: 5.41, 3475: 13.74}",True
3472,75731,75762,75789,top,124.14,116.13,133.33,63.72,"{3472: 0.0, 3471: 7.72, 3466: 17.2, 3470: 7.25, 3474: 11.8, 3475: 0.71}",True
3474,75767,75799,75827,top,120.0,112.5,128.57,57.4,"{3472: 11.81, 3474: 0.0, 3471: 6.03, 3470: 1.82, 3475: 6.0}",True
3475,75784,75830,75870,bottom,83.72,78.26,90.0,29.35,"{3472: 0.94, 3474: 6.05, 3475: 0.0, 3471: 13.74, 3476: 5.4, 3477: 15.81, 3478: 1.3}",True
3476,75834,75861,75887,top,135.85,133.33,138.46,19.72,"{3475: 6.36, 3476: 0.0, 3477: 4.65, 3478: 10.11}",True
3477,75857,75902,75939,bottom,87.8,80.0,97.3,46.75,"{3477: 0.0, 3476: 4.59, 3475: 15.83, 3478: 8.38, 3482: 7.97, 3483: 4.96, 3487: 18.12}",True
3478,75860,75892,75921,top,118.03,112.5,124.14,40.13,"{3477: 8.18, 3478: 0.0, 3475: 2.03, 3476: 10.18, 3482: 2.95, 3483: 13.06}",True
3482,75901,75933,75960,bottom,122.03,112.5,133.33,77.16,"{3478: 3.28, 3482: 0.0, 3477: 7.68, 3483: 8.77, 3487: 12.46}",True
3483,75902,75935,75964,top,116.13,109.09,124.14,51.89,"{3478: 13.07, 3483: 0.0, 3482: 9.22, 3477: 5.84, 3487: 3.62}",True
3487,75937,75981,76020,bottom,86.75,81.82,92.31,26.9,"{3483: 3.87, 3487: 0.0, 3482: 12.64, 3477: 18.14, 3494: 5.61, 3495: 3.94, 3489: 15.46}",True
3494,75979,76015,76046,top,107.46,100.0,116.13,52.03,"{3494: 0.0, 3487: 6.39, 3495: 1.91, 3489: 5.37}",True
3495,75994,76021,76046,top,138.46,133.33,144.0,42.67,"{3494: 1.91, 3495: 0.0, 3487: 5.25, 3489: 6.5}",True
3489,76005,76050,76088,bottom,86.75,80.0,94.74,38.78,"{3489: 0.0, 3495: 6.41, 3494: 5.48, 3487: 15.3, 3498: 9.8, 3499: 3.66, 3500: 0.86}",True
3498,76058,76085,76109,bottom,141.18,133.33,150.0,69.44,"{3498: 0.0, 3499: 8.24, 3489: 9.37, 3500: 4.51}",True
3499,76058,76097,76130,top,100.0,92.31,109.09,50.86,"{3498: 8.53, 3499: 0.0, 3489: 4.19, 3500: 6.15}",True
3500,76082,76121,76155,top,98.63,92.31,105.88,39.93,"{3499: 6.16, 3500: 0.0, 3498: 4.57, 3489: 1.35}",True
3502,76160,76195,76227,top,107.46,102.86,112.5,30.13,"{3502: 0.0, 3503: 3.22, 3504: 11.64, 3505: 1.38, 3506: 2.23}",True
3503,76168,76208,76242,top,97.3,90.0,105.88,46.71,"{3502: 3.25, 3503: 0.0, 3504: 8.04, 3505: 3.32, 3506: 5.92}",True
3504,76200,76239,76274,top,97.3,92.31,102.86,30.14,"{3502: 11.68, 3504: 0.0, 3503: 8.05, 3505: 7.55, 3506: 14.0, 3512: 13.93, 3513: 14.84}",True
3505,76216,76251,76282,bottom,109.09,102.86,116.13,42.81,"{3502: 1.9, 3503: 3.78, 3504: 8.16, 3505: 0.0, 3506: 0.01, 3512: 3.75, 3513: 3.21}",True
3506,76216,,,bottom,,,,,{},False
3512,76254,76295,76330,top,94.74,87.8,102.86,43.01,"{3512: 0.0, 3504: 13.94, 3505: 4.01, 3513: 0.98, 3514: 13.03}",True
3513,76260,76293,76322,top,116.13,109.09,124.14,51.89,"{3512: 0.92, 3504: 14.73, 3513: 0.0, 3505: 3.68, 3514: 14.81}",True
3514,76308,76347,76380,top,100.0,92.31,109.09,50.86,"{3512: 13.03, 3514: 0.0, 3513: 14.9, 3515: 5.58, 3517: 11.03, 3518: 17.44}",True
3515,76343,76371,76396,bottom,135.85,128.57,144.0,61.71,"{3514: 6.38, 3515: 0.0, 3517: 6.99, 3518: 3.45, 3519: 2.78, 3516: 13.43, 3521: 15.24}",True
3517,76351,76388,76421,top,102.86,97.3,109.09,35.74,"{3514: 11.0, 3515: 7.46, 3517: 0.0, 3518: 6.51, 3519: 8.49, 3516: 11.09, 3521: 4.58}",True
3518,76375,76412,76445,top,102.86,97.3,109.09,35.74,"{3514: 17.45, 3517: 6.5, 3515: 3.72, 3518: 0.0, 3519: 2.39, 3516: 17.69, 3521: 7.87}",True
3519,76379,76423,76460,top,88.89,81.82,97.3,41.84,"{3514: 18.64, 3517: 8.55, 3516: 18.82, 3519: 0.0, 3515: 2.87, 3518: 2.48, 3521: 9.15}",True
3516,76380,,,bottom,,,,,{},False
3521,76385,76424,76458,bottom,98.63,92.31,105.88,39.93,"{3517: 4.97, 3521: 0.0, 3519: 8.79, 3515: 15.46, 3518: 8.23}",True
3522,76471,76507,76538,top,107.46,100.0,116.13,52.03,"{3522: 0.0, 3523: 2.96, 3524: 2.53}",True
3523,76517,76549,76577,bottom,120.0,112.5,128.57,57.4,"{3522: 3.44, 3523: 0.0, 3524: 3.21}",True
3524,76521,76561,76594,bottom,98.63,90.0,109.09,57.85,"{3524: 0.0, 3522: 2.6, 3523: 3.32, 3526: 14.65}",True
3526,76581,76614,76645,bottom,112.5,109.09,116.13,22.7,"{3524: 14.57, 3526: 0.0, 3527: 3.35}",True
3527,76621,76655,76686,top,110.77,105.88,116.13,33.05,"{3526: 3.81, 3527: 0.0}",True
3530,76745,76781,76812,bottom,107.46,100.0,116.13,52.03,"{3530: 0.0, 3531: 7.2}",True
3531,76763,76796,76826,top,114.29,109.09,120.0,36.36,"{3531: 0.0, 3530: 7.68}",True
3532,76857,76897,76931,bottom,97.3,90.0,105.88,46.71,"{3532: 0.0, 3533: 1.99}",True
3533,76916,76949,76979,top,114.29,109.09,120.0,36.36,"{3532: 2.59, 3533: 0.0, 3534: 6.06, 3535: 5.39, 3536: 6.27, 3537: 2.29}",True
3534,76934,76975,,bottom,,,,,{},False
3535,76934,76968,76998,top,112.5,105.88,120.0,47.06,"{3536: 8.83, 3534: 8.58, 3535: 0.0, 3533: 5.39, 3537: 5.0, 3542: 2.15}",True
3536,76935,76973,77007,bottom,100.0,94.74,105.88,32.78,"{3536: 0.0, 3534: 0.44, 3535: 9.02, 3533: 6.47, 3537: 6.06, 3542: 12.15, 3546: 15.97}",True
3537,76962,76996,77034,bottom,100.0,105.88,94.74,-29.33,"{3535: 5.45, 3533: 2.78, 3534: 5.65, 3537: 0.0, 3536: 6.01, 3542: 6.31, 3546: 10.84, 3550: 1.23}",True
3542,76983,77019,77053,bottom,102.86,100.0,105.88,17.3,"{3535: 2.39, 3542: 0.0, 3536: 12.13, 3537: 6.3, 3546: 5.19, 3550: 6.36}",True
3546,76997,77043,77084,bottom,82.76,78.26,87.8,23.28,"{3535: 0.55, 3546: 0.0, 3542: 5.34, 3537: 10.88, 3536: 16.1, 3550: 11.98}",True
3550,77029,,,top,,,,,{},False
3551,77104,77138,77168,top,112.5,105.88,120.0,47.06,"{3551: 0.0, 3553: 15.71}",True
3553,77157,77192,77222,top,110.77,102.86,120.0,57.14,"{3551: 15.72, 3553: 0.0, 3554: 4.78}",True
3554,77188,77225,77256,bottom,105.88,97.3,116.13,60.75,"{3554: 0.0, 3553: 5.02}",True
3557,77283,77318,77349,bottom,109.09,102.86,116.13,42.81,"{3557: 0.0, 3558: 7.85}",True
3558,77295,77329,77358,top,114.29,105.88,124.14,62.95,"{3557: 8.16, 3558: 0.0}",True
3561,77372,77410,77443,bottom,101.41,94.74,109.09,43.5,"{3561: 0.0, 3562: 6.34, 3563: 17.12}",True
3562,77402,77430,77456,top,133.33,128.57,138.46,38.04,"{3562: 0.0, 3561: 6.99, 3563: 2.94}",True
3563,77438,77467,77492,bottom,133.33,124.14,144.0,79.45,"{3562: 3.29, 3561: 16.9, 3563: 0.0, 3564: 10.81}",True
3564,77466,77504,77537,bottom,101.41,94.74,109.09,43.5,"{3564: 0.0, 3563: 10.98}",True
3565,77562,77600,77633,bottom,101.41,94.74,109.09,43.5,{3565: 0.0},True
3566,77647,77679,77708,top,118.03,112.5,124.14,40.13,{3566: 0.0},True
3570,77717,77752,77782,bottom,110.77,102.86,120.0,57.14,"{3570: 0.0, 3571: 0.67}",True
3571,77777,77809,77838,top,118.03,112.5,124.14,40.13,"{3571: 0.0, 3570: 1.28, 3572: 5.66}",True
3572,77791,77830,77864,top,98.63,92.31,105.88,39.93,"{3572: 0.0, 3571: 5.75}",True
3573,77984,78015,78043,top,122.03,116.13,128.57,44.44,"{3573: 0.0, 3574: 12.77, 3575: 1.73, 3576: 0.6}",True
3574,78024,78054,78082,top,124.14,120.0,128.57,30.61,"{3573: 12.76, 3574: 0.0, 3575: 7.67, 3576: 7.18, 3577: 1.31, 3578: 18.08}",True
3575,78031,78067,78097,bottom,109.09,100.0,120.0,66.67,"{3573: 1.98, 3574: 7.93, 3575: 0.0, 3576: 0.64, 3577: 11.3, 3578: 2.73}",True
3576,78038,78068,78096,bottom,124.14,120.0,128.57,30.61,"{3573: 1.0, 3574: 7.37, 3576: 0.0, 3575: 0.62, 3577: 11.46, 3578: 2.58}",True
3577,78073,78103,78130,bottom,126.32,120.0,133.33,49.38,"{3574: 1.68, 3577: 0.0, 3576: 11.48, 3575: 11.24, 3578: 8.13}",True
3578,78079,78112,78140,top,118.03,109.09,128.57,69.57,"{3578: 0.0, 3574: 18.12, 3577: 8.55, 3576: 2.73, 3575: 3.02, 3580: 1.4}",True
3580,78130,78166,78196,bottom,109.09,100.0,120.0,66.67,"{3578: 1.79, 3580: 0.0, 3577: 18.74}",True
3582,78224,78259,78291,bottom,107.46,102.86,112.5,30.13,"{3582: 0.0, 3583: 8.85, 3584: 9.65, 3585: 3.72}",True
3583,78229,78262,78291,top,116.13,109.09,124.14,51.89,"{3582: 8.85, 3583: 0.0, 3584: 4.68, 3585: 11.04}",True
3584,78260,78293,78323,bottom,114.29,109.09,120.0,36.36,"{3584: 0.0, 3583: 4.81, 3582: 9.6, 3585: 8.51}",True
3585,78264,78299,78330,top,109.09,102.86,116.13,42.81,"{3583: 11.06, 3584: 8.65, 3582: 4.48, 3585: 0.0}",True
3594,78330,78364,78394,bottom,112.5,105.88,120.0,47.06,"{3594: 0.0, 3585: 0.64, 3593: 0.65, 3595: 7.93, 3596: 5.06}",True
3593,78330,,,bottom,,,,,{},False
3595,78354,78395,78431,bottom,93.51,87.8,100.0,33.88,"{3595: 0.0, 3594: 8.04, 3596: 9.26, 3597: 1.06, 3599: 0.78}",True
3596,78357,78395,78428,top,101.41,94.74,109.09,43.5,"{3595: 8.88, 3594: 5.43, 3596: 0.0, 3597: 17.18, 3599: 18.23}",True
3597,78422,78459,78492,top,102.86,97.3,109.09,35.74,"{3595: 1.81, 3597: 0.0, 3596: 17.14, 3599: 1.41}",True
3599,78426,78454,78480,top,133.33,128.57,138.46,38.04,"{3599: 0.0, 3596: 18.11, 3595: 1.62, 3597: 1.35}",True
3601,78526,78558,78586,top,120.0,112.5,128.57,57.4,"{3601: 0.0, 3602: 17.71}",True
3602,78582,78621,78656,top,97.3,92.31,102.86,30.14,"{3601: 17.78, 3602: 0.0, 3603: 14.68, 3604: 17.19}",True
3603,78641,78675,78705,top,112.5,105.88,120.0,47.06,"{3602: 14.62, 3603: 0.0, 3604: 3.59, 3605: 9.49}",True
3604,78650,78688,78722,top,100.0,94.74,105.88,32.78,"{3602: 17.2, 3603: 3.65, 3604: 0.0, 3605: 5.43}",True
3605,78670,78708,78743,top,98.63,94.74,102.86,23.2,"{3603: 9.51, 3604: 5.41, 3605: 0.0, 3607: 0.76}",True
3607,78736,78771,78802,bottom,109.09,102.86,116.13,42.81,"{3605: 1.44, 3607: 0.0, 3608: 7.01, 3609: 1.95}",True
3608,78751,78787,78820,top,104.35,100.0,109.09,27.55,"{3608: 0.0, 3607: 7.7, 3609: 10.43, 3610: 14.97}",True
3609,78789,78825,78857,top,105.88,100.0,112.5,39.06,"{3608: 10.42, 3609: 0.0, 3607: 2.45, 3610: 3.02}",True
3610,78807,78835,78860,top,135.85,128.57,144.0,61.71,"{3609: 2.89, 3608: 14.79, 3610: 0.0}",True
3611,78865,78900,78931,top,109.09,102.86,116.13,42.81,"{3611: 0.0, 3612: 5.96}",True
3612,78888,78925,78957,bottom,104.35,97.3,112.5,47.51,"{3612: 0.0, 3611: 6.19, 3613: 1.6, 3614: 2.9}",True
3614,78945,,,top,,,,,{},False
3613,78945,78978,79007,top,116.13,109.09,124.14,51.89,"{3612: 2.43, 3613: 0.0, 3614: 0.01, 3618: 5.97}",True
3618,78967,78999,79026,bottom,122.03,112.5,133.33,77.16,"{3618: 0.0, 3613: 6.33}",True
3631,79009,,,bottom,,,,,{},False
3635,79083,79118,79150,bottom,107.46,102.86,112.5,30.13,"{3635: 0.0, 3636: 6.73}",True
3636,79106,79135,79161,top,130.91,124.14,138.46,55.09,"{3635: 7.47, 3636: 0.0}",True
3637,79161,79200,79235,bottom,97.3,92.31,102.86,30.14,"{3636: 0.4, 3637: 0.0, 3638: 5.58}",True
3638,79195,79227,79255,top,120.0,112.5,128.57,57.4,"{3637: 6.28, 3638: 0.0}",True
3649,79255,,,bottom,,,,,{},False
3650,79299,79336,79368,bottom,104.35,97.3,112.5,47.51,"{3650: 0.0, 3651: 6.29}",True
3651,79325,79356,79383,top,124.14,116.13,133.33,63.72,"{3650: 7.0, 3651: 0.0}",True
3652,79646,79677,79704,top,124.14,116.13,133.33,63.72,"{3652: 0.0, 3653: 6.32, 3654: 11.67, 3655: 13.79, 3657: 2.12}",True
3653,79663,79698,79729,top,109.09,102.86,116.13,42.81,"{3653: 0.0, 3652: 6.39, 3654: 4.53, 3655: 7.08, 3657: 5.44}",True
3654,79682,79713,79740,top,124.14,116.13,133.33,63.72,"{3653: 4.47, 3652: 11.66, 3654: 0.0, 3655: 2.92, 3657: 7.6}",True
3655,79688,79723,79754,top,109.09,102.86,116.13,42.81,"{3653: 7.08, 3654: 2.96, 3652: 13.84, 3655: 0.0, 3657: 9.0}",True
3657,79691,79727,79757,bottom,109.09,100.0,120.0,66.67,"{3653: 5.69, 3654: 7.68, 3657: 0.0, 3652: 2.25, 3655: 9.28}",True
3662,79766,79810,79848,bottom,87.8,81.82,94.74,34.0,{3662: 0.0},True
3663,79875,79908,79937,top,116.13,109.09,124.14,51.89,"{3664: 1.33, 3663: 0.0}",True
3664,79876,79913,79945,top,104.35,97.3,112.5,47.51,"{3664: 0.0, 3663: 1.38}",True
3665,80027,80062,80092,top,110.77,102.86,120.0,57.14,{3665: 0.0},True
3666,80159,80183,80204,bottom,160.0,150.0,171.43,102.04,"{3666: 0.0, 3667: 5.51, 3668: 1.71}",True
3667,80175,80210,80239,top,112.5,102.86,124.14,73.38,"{3667: 0.0, 3666: 5.59, 3668: 5.16}",True
3668,80196,80226,80252,top,128.57,120.0,138.46,71.01,"{3667: 5.09, 3668: 0.0, 3666: 1.89, 3669: 1.11}",True
3669,80244,80286,80323,bottom,91.14,85.71,97.3,31.31,"{3668: 1.27, 3669: 0.0, 3670: 3.59, 3671: 15.79}",True
3670,80296,80330,80359,top,114.29,105.88,124.14,62.95,"{3669: 4.31, 3670: 0.0, 3671: 6.43}",True
3671,80311,80352,80389,bottom,92.31,87.8,97.3,25.66,"{3670: 6.75, 3671: 0.0, 3669: 15.8}",True
3673,80478,80505,80529,bottom,141.18,133.33,150.0,69.44,"{3673: 0.0, 3674: 4.44}",True
3674,80502,80544,80580,top,92.31,85.71,100.0,39.68,"{3674: 0.0, 3673: 4.54, 3676: 4.84, 3677: 1.62}",True
3676,80545,80576,80604,bottom,122.03,116.13,128.57,44.44,"{3676: 0.0, 3674: 5.46, 3677: 8.31}",True
3677,80567,80608,80640,bottom,98.63,87.8,112.5,77.17,"{3677: 0.0, 3674: 1.96, 3676: 8.51, 3678: 4.8, 3679: 3.38}",True
3678,80607,80637,80663,top,128.57,120.0,138.46,71.01,"{3678: 0.0, 3677: 5.21, 3679: 3.96, 3680: 13.7}",True
3679,80613,80651,80686,top,98.63,94.74,102.86,23.2,"{3678: 4.07, 3677: 3.76, 3679: 0.0, 3680: 8.58, 3686: 1.24}",True
3680,80646,80685,80720,top,97.3,92.31,102.86,30.14,"{3678: 13.81, 3680: 0.0, 3679: 8.58, 3686: 5.07, 3688: 8.58, 3689: 17.68}",True
3686,80677,80717,80751,bottom,97.3,90.0,105.88,46.71,"{3680: 5.46, 3686: 0.0, 3679: 1.76, 3688: 3.32, 3689: 4.78, 3690: 2.93}",True
3688,80687,,,bottom,,,,,{},False
3689,80715,80752,80784,top,104.35,97.3,112.5,47.51,"{3680: 17.63, 3689: 0.0, 3686: 5.34, 3690: 2.6}",True
3690,80731,80760,80787,top,128.57,124.14,133.33,34.06,"{3689: 2.49, 3690: 0.0, 3686: 3.72}",True
3691,80802,80833,80861,top,122.03,116.13,128.57,44.44,"{3691: 0.0, 3692: 4.03}",True
3692,80811,80848,80881,top,102.86,97.3,109.09,35.74,"{3691: 4.1, 3692: 0.0}",True
3693,80914,80950,80982,top,105.88,100.0,112.5,39.06,"{3693: 0.0, 3695: 8.72, 3697: 11.76}",True
3695,80917,80955,80988,bottom,101.41,94.74,109.09,43.5,"{3693: 9.1, 3695: 0.0, 3697: 4.27}",True
3697,80957,80992,81024,top,107.46,102.86,112.5,30.13,"{3697: 0.0, 3693: 11.73, 3695: 4.75, 3699: 7.88, 3700: 11.76, 3701: 2.72}",True
3699,80992,81016,81039,top,153.19,150.0,156.52,28.36,"{3697: 7.69, 3699: 0.0, 3700: 4.85, 3701: 6.32}",True
3700,80999,81031,81059,top,120.0,112.5,128.57,57.4,"{3697: 11.69, 3700: 0.0, 3699: 4.96, 3701: 8.41, 3706: 0.91}",True
3701,81003,81039,81070,bottom,107.46,100.0,116.13,52.03,"{3697: 3.15, 3700: 8.62, 3699: 6.3, 3701: 0.0, 3706: 13.75}",True
3706,81052,81089,81122,bottom,102.86,97.3,109.09,35.74,"{3700: 1.29, 3706: 0.0, 3701: 13.78, 3707: 6.68, 3708: 5.56}",True
3707,81073,81108,81138,top,110.77,102.86,120.0,57.14,"{3706: 7.28, 3707: 0.0, 3708: 2.34, 3710: 0.96, 3709: 0.79}",True
3708,81083,81115,81144,top,118.03,112.5,124.14,40.13,"{3706: 6.22, 3708: 0.0, 3707: 2.29, 3710: 1.7, 3709: 1.58}",True
3710,81132,81164,81192,bottom,120.0,112.5,128.57,57.4,"{3708: 2.22, 3707: 1.3, 3710: 0.0, 3709: 2.7}",True
3709,81132,81177,81216,bottom,85.71,80.0,92.31,31.56,"{3708: 1.86, 3707: 1.01, 3710: 2.86, 3709: 0.0, 3712: 3.28, 3713: 17.36, 3714: 17.87}",True
3712,81192,81223,81252,top,120.0,116.13,124.14,27.62,"{3712: 0.0, 3709: 4.07, 3710: 0.54, 3713: 6.14, 3714: 5.52, 3715: 13.45}",True
3713,81211,81246,81276,bottom,110.77,102.86,120.0,57.14,"{3713: 0.0, 3712: 6.39, 3709: 17.2, 3714: 2.89, 3715: 6.21, 3716: 17.46, 3717: 0.91}",True
3714,81212,81261,81301,bottom,80.9,73.47,90.0,41.33,"{3712: 5.55, 3714: 0.0, 3713: 3.05, 3709: 17.93, 3715: 8.36, 3716: 12.55, 3717: 3.45}",True
3715,81234,81267,81296,top,116.13,109.09,124.14,51.89,"{3712: 13.45, 3714: 7.89, 3715: 0.0, 3713: 6.67, 3716: 3.14, 3717: 12.03}",True
3716,81272,81321,81362,bottom,80.0,73.47,87.8,34.96,"{3715: 3.37, 3716: 0.0, 3713: 17.73, 3714: 12.57, 3717: 8.18, 3718: 5.25}",True
3717,81274,81307,81336,top,116.13,109.09,124.14,51.89,"{3715: 12.05, 3716: 8.02, 3717: 0.0, 3714: 4.39, 3713: 0.96, 3718: 13.88}",True
3718,81318,81355,81388,top,102.86,97.3,109.09,35.74,"{3717: 13.92, 3716: 5.98, 3718: 0.0}",True
3722,81389,81419,81445,top,128.57,120.0,138.46,71.01,"{3718: 19.01, 3722: 0.0}",True
3723,81474,81510,81541,bottom,107.46,100.0,116.13,52.03,"{3723: 0.0, 3724: 1.47}",True
3724,81532,81563,81590,top,124.14,116.13,133.33,63.72,"{3724: 0.0, 3723: 1.87}",True
3725,81616,81648,81676,top,120.0,112.5,128.57,57.4,{3725: 0.0},True
3726,81755,81786,81813,top,124.14,116.13,133.33,63.72,"{3726: 0.0, 3727: 10.52}",True
3727,81788,81817,81844,top,128.57,124.14,133.33,34.06,"{3726: 10.49, 3727: 0.0}",True
3740,81846,81876,81903,bottom,126.32,120.0,133.33,49.38,"{3740: 0.0, 3742: 3.33}",True
3742,81883,81913,81940,top,126.32,120.0,133.33,49.38,"{3742: 0.0, 3740: 3.63}",True
3743,81989,82021,82050,top,118.03,112.5,124.14,40.13,"{3743: 0.0, 3745: 0.02}",True
3745,81991,,,top,,,,,{},False
3757,82050,,,bottom,,,,,{},False
3758,82073,82106,82134,top,118.03,109.09,128.57,69.57,{3758: 0.0},True
3759,82272,82305,82334,top,116.13,109.09,124.14,51.89,{3759: 0.0},True
3760,82343,82381,82414,bottom,101.41,94.74,109.09,43.5,"{3760: 0.0, 3761: 9.15, 3762: 0.72}",True
3761,82348,82380,82409,top,118.03,112.5,124.14,40.13,"{3761: 0.0, 3760: 8.58}",True
3762,82409,82442,82473,top,112.5,109.09,116.13,22.7,"{3761: 18.59, 3762: 0.0, 3760: 1.36}",True
3764,82495,82528,82556,bottom,118.03,109.09,128.57,69.57,"{3764: 0.0, 3765: 0.92}",True
3765,82551,82579,82604,top,135.85,128.57,144.0,61.71,"{3765: 0.0, 3764: 1.54, 3766: 6.54}",True
3766,82563,82605,82639,bottom,94.74,85.71,105.88,59.32,"{3765: 6.57, 3766: 0.0, 3767: 1.4, 3768: 0.57}",True
3767,82629,82658,82684,top,130.91,124.14,138.46,55.09,"{3766: 2.31, 3767: 0.0, 3768: 0.88, 3769: 5.01}",True
3768,82635,82660,82684,top,146.94,144.0,150.0,25.0,"{3766: 1.66, 3767: 0.85, 3768: 0.0, 3769: 5.37}",True
3769,82653,82687,82717,bottom,112.5,105.88,120.0,47.06,"{3767: 5.08, 3768: 5.41, 3769: 0.0}",True
3770,82721,82748,82772,top,141.18,133.33,150.0,69.44,{3770: 0.0},True
3771,82772,82800,82825,top,135.85,128.57,144.0,61.71,"{3770: 18.84, 3771: 0.0, 3772: 8.01}",True
3772,82791,82827,82858,top,107.46,100.0,116.13,52.03,"{3771: 8.12, 3772: 0.0, 3780: 16.28}",True
3780,82850,82879,82906,top,128.57,124.14,133.33,34.06,"{3772: 16.1, 3780: 0.0}",True
3782,82918,82949,82975,top,126.32,116.13,138.46,85.89,"{3782: 0.0, 3783: 13.0}",True
3783,82956,82991,83022,top,109.09,102.86,116.13,42.81,"{3783: 0.0, 3782: 13.07, 3788: 17.28}",True
3787,82975,,,bottom,,,,,{},False
3788,83016,83052,83083,top,107.46,100.0,116.13,52.03,"{3783: 17.28, 3788: 0.0}",True
3789,83092,83125,83155,top,114.29,109.09,120.0,36.36,"{3789: 0.0, 3790: 1.68}",True
3790,83144,83178,83209,bottom,110.77,105.88,116.13,33.05,"{3790: 0.0, 3789: 1.91, 3791: 6.72, 3792: 12.19}",True
3791,83163,83196,83224,top,118.03,109.09,128.57,69.57,"{3790: 7.19, 3791: 0.0, 3792: 5.64, 3793: 16.4}",True
3792,83186,83221,83252,bottom,109.09,102.86,116.13,42.81,"{3791: 5.87, 3792: 0.0, 3790: 12.22, 3793: 4.97, 3794: 9.64}",True
3793,83216,83252,83284,top,105.88,100.0,112.5,39.06,"{3791: 16.44, 3792: 5.38, 3793: 0.0, 3794: 8.52, 3795: 14.29, 3796: 14.59}",True
3794,83225,83250,83273,bottom,150.0,144.0,156.52,54.44,"{3791: 0.69, 3793: 7.87, 3794: 0.0, 3792: 9.43, 3795: 1.17, 3796: 1.22}",True
3795,83268,83301,83331,top,114.29,109.09,120.0,36.36,"{3793: 14.25, 3795: 0.0, 3796: 1.17, 3794: 1.21, 3797: 6.89, 3799: 6.32}",True
3796,83268,83306,83339,top,101.41,94.74,109.09,43.5,"{3793: 14.62, 3795: 1.21, 3796: 0.0, 3794: 1.16, 3797: 5.33, 3799: 5.37}",True
3797,83289,83325,83358,top,104.35,100.0,109.09,27.55,"{3795: 6.92, 3796: 5.33, 3797: 0.0, 3799: 0.05}",True
3799,83291,,,top,,,,,{},False
3810,83358,,,bottom,,,,,{},False
3811,83468,83497,83522,top,133.33,124.14,144.0,79.45,"{3811: 0.0, 3812: 4.38}",True
3812,83495,83529,83559,bottom,112.5,105.88,120.0,47.06,"{3812: 0.0, 3811: 4.57, 3813: 2.22}",True
3813,83546,83572,83596,top,144.0,138.46,150.0,48.08,"{3813: 0.0, 3812: 2.85}",True
3814,83611,83649,83681,top,102.86,94.74,112.5,55.51,"{3814: 0.0, 3816: 5.43}",True
3816,83641,83676,83705,bottom,112.5,102.86,124.14,73.38,"{3814: 6.04, 3816: 0.0}",True
3821,83716,83754,83789,top,98.63,94.74,102.86,23.2,{3821: 0.0},True
3822,83854,83893,83927,top,98.63,92.31,105.88,39.93,{3822: 0.0},True
3823,83937,83979,84015,bottom,92.31,85.71,100.0,39.68,"{3823: 0.0, 3824: 8.86}",True
3824,83942,83976,84007,top,110.77,105.88,116.13,33.05,"{3823: 8.48, 3824: 0.0}",True
3827,84041,84084,84122,bottom,88.89,83.72,94.74,28.99,"{3827: 0.0, 3828: 7.95}",True
3828,84067,84097,84124,top,126.32,120.0,133.33,49.38,"{3828: 0.0, 3827: 8.22}",True
3829,84181,84214,84243,top,116.13,109.09,124.14,51.89,{3829: 0.0},True
3830,84371,84407,84439,bottom,105.88,100.0,112.5,39.06,"{3830: 0.0, 3831: 3.55}",True
3831,84416,84446,84473,top,126.32,120.0,133.33,49.38,"{3831: 0.0, 3830: 4.1, 3832: 11.62, 3833: 13.51}",True
3832,84453,84479,84503,top,144.0,138.46,150.0,48.08,"{3831: 11.57, 3832: 0.0, 3833: 3.39, 3844: 0.7}",True
3833,84456,84491,84522,top,109.09,102.86,116.13,42.81,"{3831: 13.56, 3832: 3.48, 3833: 0.0, 3844: 3.53, 3847: 1.36}",True
3844,84499,84528,84555,bottom,128.57,124.14,133.33,34.06,"{3832: 1.0, 3844: 0.0, 3833: 3.96, 3847: 6.31, 3850: 5.15}",True
3847,84512,84553,84590,bottom,92.31,87.8,97.3,25.66,"{3847: 0.0, 3844: 6.5, 3833: 1.57, 3850: 8.28, 3851: 9.72}",True
3850,84524,84554,84581,top,126.32,120.0,133.33,49.38,"{3847: 7.98, 3844: 5.46, 3850: 0.0, 3851: 3.77}",True
3851,84555,84592,84623,bottom,105.88,97.3,116.13,60.75,"{3851: 0.0, 3850: 4.02, 3844: 18.71, 3847: 9.63}",True
3852,84642,84675,84704,bottom,116.13,109.09,124.14,51.89,"{3852: 0.0, 3853: 11.38}",True
3853,84679,84714,84745,bottom,109.09,102.86,116.13,42.81,"{3853: 0.0, 3852: 11.44}",True
3854,84748,84787,84820,bottom,100.0,92.31,109.09,50.86,{3854: 0.0},True
3855,85177,85215,85248,top,101.41,94.74,109.09,43.5,"{3855: 0.0, 3856: 4.14}",True
3856,85216,85252,85284,bottom,105.88,100.0,112.5,39.06,"{3855: 4.72, 3856: 0.0, 3859: 1.81}",True
3859,85272,85304,85333,top,118.03,112.5,124.14,40.13,"{3859: 0.0, 3856: 2.31, 3860: 5.74, 3861: 5.09}",True
3860,85288,85325,85358,top,102.86,97.3,109.09,35.74,"{3859: 5.79, 3860: 0.0, 3861: 0.03, 3862: 17.85}",True
3861,85290,,,top,,,,,{},False
3862,85354,85391,85423,top,104.35,97.3,112.5,47.51,"{3860: 17.81, 3862: 0.0, 3867: 11.83, 3866: 4.01, 3868: 16.54}",True
3867,85399,85432,85462,top,114.29,109.09,120.0,36.36,"{3862: 11.79, 3867: 0.0, 3866: 15.87, 3868: 5.0, 3869: 5.61, 3870: 17.99}",True
3866,85409,,,bottom,,,,,{},False
3868,85415,85449,85480,top,110.77,105.88,116.13,33.05,"{3862: 16.51, 3868: 0.0, 3867: 5.01, 3869: 8.23, 3870: 12.75}",True
3869,85424,85457,85486,bottom,116.13,109.09,124.14,51.89,"{3862: 0.59, 3867: 5.9, 3868: 8.54, 3869: 0.0, 3870: 4.14}",True
3870,85459,85492,85522,top,114.29,109.09,120.0,36.36,"{3867: 17.95, 3868: 12.72, 3870: 0.0, 3869: 4.54}",True
3871,85524,85559,85589,bottom,110.77,102.86,120.0,57.14,"{3871: 0.0, 3872: 4.85}",True
3872,85556,85588,85617,top,118.03,112.5,124.14,40.13,"{3871: 5.48, 3872: 0.0}",True
3878,85622,85654,85682,top,120.0,112.5,128.57,57.4,"{3878: 0.0, 3879: 6.74}",True
3879,85643,85675,85703,top,120.0,112.5,128.57,57.4,"{3878: 6.74, 3879: 0.0, 3884: 13.53, 3886: 17.81}",True
3884,85686,85719,85748,top,116.13,109.09,124.14,51.89,"{3879: 13.53, 3884: 0.0, 3886: 4.75}",True
3886,85699,85735,85766,top,107.46,100.0,116.13,52.03,"{3886: 0.0, 3879: 17.85, 3884: 4.79}",True
3888,85791,85825,85854,top,114.29,105.88,124.14,62.95,"{3888: 0.0, 3889: 8.07, 3901: 18.12}",True
3889,85798,85832,85863,bottom,110.77,105.88,116.13,33.05,"{3888: 8.49, 3889: 0.0, 3901: 1.92}",True
3901,85851,85885,85914,top,114.29,105.88,124.14,62.95,"{3901: 0.0, 3888: 18.12, 3889: 2.25, 3902: 5.12, 3906: 13.13}",True
3902,85878,85910,85943,bottom,110.77,112.5,109.09,-10.33,"{3901: 5.64, 3902: 0.0, 3906: 7.02}",True
3906,85895,85928,85956,top,118.03,109.09,128.57,69.57,"{3906: 0.0, 3901: 13.12, 3902: 7.24}",True
3908,86006,86036,86062,top,128.57,120.0,138.46,71.01,"{3908: 0.0, 3909: 3.6}",True
3909,86038,86072,86103,bottom,110.77,105.88,116.13,33.05,"{3908: 4.0, 3909: 0.0, 3910: 13.28, 3911: 13.88}",True
3910,86086,86115,86140,bottom,133.33,124.14,144.0,79.45,"{3910: 0.0, 3909: 13.15, 3911: 1.35, 3912: 3.01}",True
3911,86087,86119,86148,bottom,118.03,112.5,124.14,40.13,"{3910: 1.41, 3911: 0.0, 3909: 13.82, 3912: 4.07}",True
3912,86122,86154,86182,top,120.0,112.5,128.57,57.4,"{3912: 0.0, 3910: 3.23, 3911: 4.54, 3913: 8.08}",True
3913,86153,86177,86199,top,156.52,150.0,163.64,61.98,"{3912: 7.94, 3913: 0.0, 3920: 17.7}",True
3920,86196,86226,86253,top,126.32,120.0,133.33,49.38,"{3920: 0.0, 3913: 17.82, 3922: 17.85, 3924: 12.06, 3925: 1.29}",True
3922,86199,,,bottom,,,,,{},False
3924,86234,86259,86282,top,150.0,144.0,156.52,54.44,"{3924: 0.0, 3920: 11.97, 3925: 6.51}",True
3925,86245,86280,86310,bottom,110.77,102.86,120.0,57.14,"{3924: 6.5, 3925: 0.0, 3920: 1.38, 3926: 4.21, 3927: 1.67}",True
3926,86287,86310,86330,top,167.44,156.52,180.0,117.39,"{3926: 0.0, 3925: 5.1, 3927: 6.66}",True
3927,86300,86327,86351,top,141.18,133.33,150.0,69.44,"{3926: 6.74, 3927: 0.0, 3925: 2.33}",True
3928,86374,86399,86421,top,153.19,144.0,163.64,89.26,{3928: 0.0},True
3929,86433,86459,86482,top,146.94,138.46,156.52,78.52,"{3929: 0.0, 3930: 1.12}",True
3930,86476,86505,86531,bottom,130.91,124.14,138.46,55.09,"{3929: 1.3, 3930: 0.0, 3931: 6.73}",True
3931,86492,86528,86559,bottom,107.46,100.0,116.13,52.03,"{3930: 6.83, 3931: 0.0}",True
3933,86592,86626,86657,bottom,110.77,105.88,116.13,33.05,{3933: 0.0},True
3934,86679,86711,86741,bottom,116.13,112.5,120.0,25.0,"{3934: 0.0, 3935: 1.68}",True
3935,86730,86762,86790,top,120.0,112.5,128.57,57.4,"{3935: 0.0, 3934: 1.87, 3936: 4.53, 3937: 15.16, 3938: 1.16}",True
3936,86763,86789,86813,bottom,144.0,138.46,150.0,48.08,"{3936: 0.0, 3935: 5.0, 3937: 5.93, 3938: 8.62}",True
3937,86779,86810,86838,top,122.03,116.13,128.57,44.44,"{3937: 0.0, 3936: 6.16, 3935: 15.16, 3938: 8.34}",True
3938,86783,86818,86847,bottom,112.5,102.86,124.14,73.38,"{3937: 8.58, 3935: 1.41, 3936: 8.79, 3938: 0.0}",True
3939,86854,86882,86907,bottom,135.85,128.57,144.0,61.71,"{3939: 0.0, 3940: 2.75}",True
3940,86890,86927,86959,top,104.35,97.3,112.5,47.51,"{3940: 0.0, 3939: 2.89, 3942: 3.97, 3943: 2.86}",True
3942,86927,86970,87008,bottom,88.89,83.72,94.74,28.99,"{3940: 4.28, 3942: 0.0, 3943: 2.3, 3947: 0.68}",True
3943,86936,86980,,bottom,,,,,{},False
3947,87007,87043,87075,top,105.88,100.0,112.5,39.06,"{3947: 0.0, 3942: 0.67, 3946: 3.03, 3949: 3.25, 3951: 6.02, 3954: 0.57}",True
3946,87015,,,top,,,,,{},False
3949,87022,87054,87082,top,120.0,112.5,128.57,57.4,"{3949: 0.0, 3947: 3.18, 3951: 7.36, 3954: 1.4}",True
3951,87029,87070,87106,bottom,93.51,87.8,100.0,33.88,"{3949: 7.67, 3951: 0.0, 3947: 6.21, 3954: 9.69}",True
3954,87072,87107,87137,bottom,110.77,102.86,120.0,57.14,"{3949: 1.82, 3951: 9.56, 3954: 0.0, 3947: 0.8}",True
3955,87155,87186,87214,top,122.03,116.13,128.57,44.44,{3955: 0.0},True
3956,87259,87296,87328,top,104.35,97.3,112.5,47.51,"{3956: 0.0, 3957: 8.21, 3958: 0.39}",True
3957,87296,87322,87346,top,144.0,138.46,150.0,48.08,"{3956: 7.99, 3957: 0.0, 3958: 3.19}",True
3958,87326,87361,87391,bottom,110.77,102.86,120.0,57.14,"{3956: 0.9, 3957: 3.44, 3958: 0.0, 3959: 5.53, 3960: 9.27}",True
3959,87352,87388,87420,top,105.88,100.0,112.5,39.06,"{3959: 0.0, 3958: 6.04, 3960: 8.82, 3962: 1.55, 3963: 1.6}",True
3960,87362,87390,87416,bottom,133.33,128.57,138.46,38.04,"{3959: 8.18, 3960: 0.0, 3958: 9.09, 3962: 16.26, 3963: 15.94}",True
3962,87408,87448,87482,bottom,97.3,90.0,105.88,46.71,"{3959: 2.02, 3963: 2.89, 3962: 0.0, 3960: 16.47}",True
3963,87409,87436,87460,bottom,141.18,133.33,150.0,69.44,"{3959: 2.48, 3963: 0.0, 3960: 15.95, 3962: 2.73}",True
3964,87505,87534,87561,bottom,128.57,124.14,133.33,34.06,"{3964: 0.0, 3967: 14.14}",True
3967,87544,87589,87629,bottom,84.71,80.0,90.0,25.0,"{3967: 0.0, 3964: 14.34, 3968: 0.63}",True
3968,87623,87660,87693,top,102.86,97.3,109.09,35.74,"{3967: 1.28, 3968: 0.0}",True
3975,87708,87746,87779,top,101.41,94.74,109.09,43.5,"{3975: 0.0, 3976: 2.29, 3977: 8.07, 3978: 15.1, 3979: 0.95}",True
3976,87723,87754,87781,top,124.14,116.13,133.33,63.72,"{3975: 2.23, 3976: 0.0, 3977: 6.28, 3978: 14.06, 3979: 1.63}",True
3977,87738,87777,87811,top,98.63,92.31,105.88,39.93,"{3975: 8.08, 3976: 6.37, 3977: 0.0, 3978: 5.74, 3979: 4.87, 3982: 14.78}",True
3978,87767,87797,87824,top,126.32,120.0,133.33,49.38,"{3975: 15.03, 3976: 14.05, 3977: 5.61, 3978: 0.0, 3979: 7.64, 3982: 10.49}",True
3979,87771,87816,87855,bottom,85.71,80.0,92.31,31.56,"{3976: 1.63, 3975: 1.22, 3979: 0.0, 3978: 7.67, 3977: 5.14, 3982: 6.98, 3986: 14.05, 3987: 0.86}",True
3982,87795,87835,87870,top,96.0,90.0,102.86,36.73,"{3979: 7.77, 3982: 0.0, 3978: 10.64, 3977: 14.81, 3986: 4.08, 3987: 13.92}",True
3986,87837,87875,87909,bottom,100.0,94.74,105.88,32.78,"{3982: 4.48, 3986: 0.0, 3979: 13.91, 3987: 8.28, 3993: 14.24}",True
3987,87853,87883,87910,top,126.32,120.0,133.33,49.38,"{3982: 13.81, 3987: 0.0, 3979: 1.2, 3986: 8.33, 3993: 2.72}",True
3993,87891,87932,87968,bottom,93.51,87.8,100.0,33.88,"{3987: 3.01, 3993: 0.0, 3986: 14.27, 3996: 2.55, 3997: 14.94}",True
3996,87949,87984,88014,top,110.77,102.86,120.0,57.14,"{3996: 0.0, 3993: 3.15, 3997: 7.83, 4004: 8.37}",True
3997,87953,87993,88029,bottom,94.74,90.0,100.0,27.78,"{3996: 7.99, 3993: 14.91, 3997: 0.0, 4004: 7.82, 4007: 0.94, 4008: 0.67}",True
4004,87979,88012,88042,top,114.29,109.09,120.0,36.36,"{3996: 8.35, 4004: 0.0, 3997: 7.88, 4007: 12.48, 4008: 14.09, 4006: 18.09}",True
4007,88021,88054,88083,top,116.13,109.09,124.14,51.89,"{4004: 12.46, 4007: 0.0, 3997: 0.94, 4008: 1.77, 4006: 6.01, 4009: 4.87, 4010: 9.07, 4011: 11.07, 4012: 2.26}",True
4008,88026,88059,88090,top,112.5,109.09,116.13,22.7,"{4004: 14.08, 4007: 1.79, 4008: 0.0, 3997: 0.47, 4006: 4.3, 4009: 5.98, 4010: 7.18, 4011: 9.23, 4012: 3.14}",True
4006,88038,,,top,,,,,{},False
4009,88049,88082,88112,bottom,114.29,109.09,120.0,36.36,"{4007: 5.33, 4009: 0.0, 4008: 6.28, 4010: 9.02, 4011: 7.89, 4012: 5.93}",True
4010,88050,88084,88115,top,110.77,105.88,116.13,33.05,"{4007: 9.07, 4008: 7.17, 4009: 9.46, 4010: 0.0, 4011: 2.3, 4012: 6.53}",True
4011,88056,88092,88124,top,105.88,100.0,112.5,39.06,"{4007: 11.11, 4008: 9.26, 4009: 8.29, 4011: 0.0, 4010: 2.32, 4012: 7.56}",True
4012,88066,88105,88139,bottom,98.63,92.31,105.88,39.93,"{4007: 2.63, 4008: 3.51, 4011: 7.93, 4009: 6.0, 4010: 6.9, 4012: 0.0}",True
4020,88161,88196,88226,top,110.77,102.86,120.0,57.14,"{4020: 0.0, 4021: 12.28, 4022: 18.28}",True
4021,88206,88234,88258,top,138.46,128.57,150.0,89.29,"{4020: 12.17, 4021: 0.0, 4022: 7.56, 4023: 4.54}",True
4022,88224,88257,88285,top,118.03,109.09,128.57,69.57,"{4021: 7.63, 4020: 18.29, 4022: 0.0, 4023: 8.24, 4024: 2.22, 4025: 2.04}",True
4023,88229,88265,88297,bottom,105.88,100.0,112.5,39.06,"{4021: 4.9, 4023: 0.0, 4022: 8.45, 4024: 10.95, 4025: 11.92, 4026: 0.59}",True
4024,88271,88302,88332,bottom,118.03,116.13,120.0,12.9,"{4024: 0.0, 4022: 2.53, 4023: 10.87, 4025: 1.71, 4026: 5.79, 4027: 2.68}",True
4025,88272,88309,88341,bottom,104.35,97.3,112.5,47.51,"{4024: 1.74, 4025: 0.0, 4022: 2.19, 4023: 11.95, 4026: 6.7, 4027: 3.94}",True
4026,88295,88326,88354,top,122.03,116.13,128.57,44.44,"{4026: 0.0, 4025: 7.39, 4023: 1.0, 4024: 5.96, 4027: 5.86}",True
4027,88314,88344,88371,top,126.32,120.0,133.33,49.38,"{4026: 5.84, 4027: 0.0, 4025: 4.68, 4024: 3.04}",True
4028,88612,88646,88676,top,112.5,105.88,120.0,47.06,"{4028: 0.0, 4029: 0.78}",True
4029,88673,,,bottom,,,,,{},False
4031,88699,,,bottom,,,,,{},False
4033,88745,88782,88815,bottom,102.86,97.3,109.09,35.74,"{4033: 0.0, 4034: 1.47}",True
4034,88805,88838,88869,top,112.5,109.09,116.13,22.7,"{4034: 0.0, 4033: 1.95, 4035: 4.7, 4036: 2.6}",True
4035,88839,88867,88894,bottom,130.91,128.57,133.33,17.64,"{4034: 5.16, 4035: 0.0, 4036: 4.86, 4040: 0.87}",True
4036,88852,88883,88911,bottom,122.03,116.13,128.57,44.44,"{4034: 3.0, 4036: 0.0, 4035: 4.88, 4040: 3.03}",True
4040,88892,88923,88950,top,124.14,116.13,133.33,63.72,"{4040: 0.0, 4036: 3.37, 4035: 0.77}",True
4041,89031,89063,89091,top,120.0,112.5,128.57,57.4,"{4041: 0.0, 4042: 8.12}",True
4042,89034,89080,89118,bottom,85.71,78.26,94.74,43.36,"{4042: 0.0, 4041: 8.08}",True
4043,89128,89161,89189,bottom,118.03,109.09,128.57,69.57,"{4043: 0.0, 4044: 18.0}",True
4044,89187,89234,89275,bottom,81.82,76.6,87.8,27.34,"{4044: 0.0, 4043: 18.33}",True
4045,89328,89371,89410,bottom,87.8,83.72,92.31,22.02,"{4045: 0.0, 4046: 3.05, 4047: 1.91}",True
4046,89392,89415,89437,top,160.0,156.52,163.64,32.34,"{4046: 0.0, 4045: 4.25, 4047: 3.47}",True
4047,89397,89425,89450,top,135.85,128.57,144.0,61.71,"{4047: 0.0, 4046: 3.55, 4045: 2.85}",True
4048,89479,89508,89533,top,133.33,124.14,144.0,79.45,"{4048: 0.0, 4049: 3.23}",True
4049,89513,89552,89586,bottom,98.63,92.31,105.88,39.93,"{4048: 3.3, 4049: 0.0, 4050: 1.13}",True
4050,89579,89609,89636,top,126.32,120.0,133.33,49.38,"{4049: 1.76, 4050: 0.0}",True
4051,89635,89668,89698,top,114.29,109.09,120.0,36.36,"{4050: 18.82, 4051: 0.0, 4052: 7.58}",True
4052,89644,89686,89722,bottom,92.31,85.71,100.0,39.68,"{4052: 0.0, 4051: 7.59, 4053: 2.86}",True
4053,89701,89734,89764,top,114.29,109.09,120.0,36.36,"{4053: 0.0, 4052: 3.57}",True
4054,89792,89828,89859,top,107.46,100.0,116.13,52.03,"{4054: 0.0, 4055: 10.49}",True
4055,89832,89862,89892,top,120.0,120.0,120.0,,"{4055: 0.0, 4054: 10.42}",True
4056,89935,89966,89994,bottom,122.03,116.13,128.57,44.44,"{4056: 0.0, 4059: 9.5}",True
4059,89962,90000,,bottom,,,,,{},False
4069,90008,90039,90066,bottom,124.14,116.13,133.33,63.72,"{4069: 0.0, 4078: 6.52}",True
4078,90026,90057,90084,top,124.14,116.13,133.33,63.72,"{4078: 0.0, 4069: 6.82}",True
4083,90127,90162,90192,top,110.77,102.86,120.0,57.14,"{4083: 0.0, 4084: 7.95}",True
4084,90155,90189,90220,top,110.77,105.88,116.13,33.05,"{4083: 7.94, 4084: 0.0, 4091: 0.49}",True
4091,90219,90254,90285,bottom,109.09,102.86,116.13,42.81,"{4091: 0.0, 4084: 0.62, 4093: 14.55}",True
4093,90270,90307,90340,bottom,102.86,97.3,109.09,35.74,"{4093: 0.0, 4091: 14.6}",True
4094,90346,90377,90405,bottom,122.03,116.13,128.57,44.44,"{4094: 0.0, 4095: 16.68}",True
4095,90399,90433,90463,bottom,112.5,105.88,120.0,47.06,"{4095: 0.0, 4094: 16.71}",True
4096,90485,90523,90557,top,100.0,94.74,105.88,32.78,"{4096: 0.0, 4097: 8.45, 4098: 1.66}",True
4097,90496,90530,90560,bottom,112.5,105.88,120.0,47.06,"{4096: 8.78, 4097: 0.0, 4098: 14.36, 4100: 18.02}",True
4098,90543,,,bottom,,,,,{},False
4099,90545,,,bottom,,,,,{},False
4100,90558,90594,90626,bottom,105.88,100.0,112.5,39.06,"{4096: 0.47, 4100: 0.0, 4097: 18.12, 4098: 2.41, 4107: 11.79, 4106: 7.8, 4110: 9.94, 4113: 13.86}",True
4106,90578,90604,90628,top,144.0,138.46,150.0,48.08,"{4107: 0.03, 4106: 0.0, 4100: 8.22, 4098: 11.61, 4110: 6.53, 4113: 3.26}",True
4107,90578,,,top,,,,,{},False
4110,90589,90636,90677,bottom,81.82,76.6,87.8,27.34,"{4110: 0.0, 4106: 6.4, 4100: 10.05, 4113: 1.65, 4117: 6.82, 4108: 8.83, 4118: 9.8}",True
4113,90609,90643,90674,bottom,110.77,105.88,116.13,33.05,"{4110: 1.68, 4113: 0.0, 4106: 3.29, 4100: 13.84, 4117: 7.01, 4108: 10.63, 4118: 9.48}",True
4117,90631,90659,90683,top,138.46,128.57,150.0,89.29,"{4110: 8.06, 4117: 0.0, 4113: 7.46, 4108: 2.63, 4118: 6.74}",True
4108,90636,,,top,,,,,{},False
4118,90641,90676,90708,bottom,107.46,102.86,112.5,30.13,"{4117: 7.09, 4118: 0.0, 4110: 9.58, 4113: 9.49, 4120: 15.12}",True
4120,90695,90735,90769,bottom,97.3,90.0,105.88,46.71,"{4120: 0.0, 4118: 15.18, 4121: 7.86}",True
4121,90730,90763,90793,bottom,114.29,109.09,120.0,36.36,"{4120: 7.76, 4121: 0.0, 4123: 1.48}",True
4123,90783,90816,90844,top,118.03,109.09,128.57,69.57,"{4121: 2.08, 4123: 0.0}",True
4127,90884,90914,,bottom,,,,,{},False
4128,90887,90917,90943,top,128.57,120.0,138.46,71.01,"{4128: 0.0, 4127: 7.28, 4129: 6.18, 4130: 4.63}",True
4129,90900,90945,90982,bottom,87.8,80.0,97.3,46.75,"{4128: 6.4, 4129: 0.0, 4127: 6.79, 4130: 7.69, 4134: 5.65, 4133: 6.53}",True
4130,90901,90931,90958,top,126.32,120.0,133.33,49.38,"{4128: 4.63, 4129: 7.69, 4127: 5.39, 4130: 0.0, 4133: 15.38, 4134: 16.19}",True
4133,90947,90977,91004,top,126.32,120.0,133.33,49.38,"{4130: 15.35, 4133: 0.0, 4134: 0.83, 4129: 8.21, 4144: 12.17}",True
4134,90950,90980,91006,top,128.57,120.0,138.46,71.01,"{4130: 16.18, 4134: 0.0, 4133: 0.82, 4129: 7.34, 4144: 11.46}",True
4144,90984,91015,91043,top,122.03,116.13,128.57,44.44,"{4134: 11.48, 4144: 0.0, 4133: 12.19, 4129: 1.12}",True
4148,91122,91156,91186,top,112.5,105.88,120.0,47.06,"{4148: 0.0, 4149: 8.11, 4150: 4.94, 4151: 0.6}",True
4149,91129,91165,91195,bottom,109.09,100.0,120.0,66.67,"{4148: 8.53, 4149: 0.0, 4150: 5.74, 4151: 14.71}",True
4150,91153,91183,91210,bottom,126.32,120.0,133.33,49.38,"{4148: 5.45, 4150: 0.0, 4149: 5.65, 4151: 10.09}",True
4151,91181,91220,91253,bottom,100.0,92.31,109.09,50.86,"{4148: 0.98, 4151: 0.0, 4150: 10.21, 4149: 14.81}",True
4153,91319,91350,91377,top,124.14,116.13,133.33,63.72,"{4153: 0.0, 4154: 4.79, 4155: 2.22}",True
4154,91344,91381,91415,bottom,101.41,97.3,105.88,25.25,"{4153: 5.15, 4154: 0.0, 4155: 3.76, 4156: 11.34}",True
4155,91362,91394,91423,bottom,118.03,112.5,124.14,40.13,"{4153: 2.73, 4155: 0.0, 4154: 3.62, 4156: 8.08}",True
4156,91388,91422,91452,bottom,112.5,105.88,120.0,47.06,"{4156: 0.0, 4155: 8.14, 4154: 11.2, 4159: 1.28}",True
4159,91443,91479,91509,top,109.09,100.0,120.0,66.67,"{4159: 0.0, 4156: 1.8, 4160: 5.48, 4161: 10.12}",True
4160,91471,91504,91533,bottom,116.13,109.09,124.14,51.89,"{4159: 5.96, 4160: 0.0, 4161: 8.05, 4166: 14.78}",True
4161,91478,91514,91547,top,104.35,100.0,109.09,27.55,"{4159: 10.13, 4160: 8.27, 4161: 0.0, 4166: 3.86}",True
4166,91520,91553,91583,bottom,114.29,109.09,120.0,36.36,"{4161: 4.18, 4166: 0.0, 4160: 14.8, 4174: 17.17}",True
4174,91578,91613,91643,bottom,110.77,102.86,120.0,57.14,"{4174: 0.0, 4166: 17.27, 4175: 4.62, 4176: 12.64}",True
4175,91590,91632,91668,bottom,92.31,85.71,100.0,39.68,"{4174: 4.73, 4175: 0.0, 4176: 7.33, 4177: 16.97}",True
4176,91621,91662,91697,bottom,94.74,87.8,102.86,43.01,"{4174: 12.76, 4176: 0.0, 4175: 7.33, 4177: 9.2, 4178: 14.07}",True
4177,91661,91697,91729,bottom,105.88,100.0,112.5,39.06,"{4177: 0.0, 4175: 16.87, 4176: 9.12, 4178: 5.85, 4179: 1.18, 4180: 1.18}",True
4178,91678,91722,91759,bottom,88.89,81.82,97.3,41.84,"{4178: 0.0, 4177: 5.97, 4176: 14.11, 4179: 5.06, 4180: 5.11}",True
4179,91722,91754,91783,top,118.03,112.5,124.14,40.13,"{4180: 0.28, 4179: 0.0, 4178: 5.81, 4177: 1.67, 4181: 2.42}",True
4180,91723,91754,91781,top,124.14,116.13,133.33,63.72,"{4179: 0.27, 4180: 0.0, 4177: 1.57, 4178: 5.91, 4181: 2.23}",True
4181,91765,91805,91839,bottom,97.3,90.0,105.88,46.71,"{4180: 2.57, 4179: 2.78, 4181: 0.0, 4182: 5.19, 4184: 16.47}",True
4182,91805,91832,91857,top,138.46,133.33,144.0,42.67,"{4181: 6.43, 4182: 0.0, 4184: 4.21}",True
4184,91832,91864,91892,bottom,120.0,112.5,128.57,57.4,"{4184: 0.0, 4182: 4.45, 4181: 16.25, 4185: 1.2}",True
4185,91886,91920,91950,top,112.5,105.88,120.0,47.06,"{4185: 0.0, 4184: 1.41}",True
4186,91954,91988,92019,top,110.77,105.88,116.13,33.05,{4186: 0.0},True
4187,92059,92098,92132,top,98.63,92.31,105.88,39.93,"{4187: 0.0, 4188: 4.64, 4190: 5.15}",True
4188,92064,92116,92148,top,85.71,69.23,112.5,135.22,"{4188: 0.0, 4187: 4.63, 4190: 7.35, 4193: 14.84, 4194: 0.92}",True
4190,92095,92129,92160,bottom,110.77,105.88,116.13,33.05,"{4190: 0.0, 4187: 5.48, 4188: 7.82, 4193: 3.75, 4194: 13.6}",True
4193,92133,92172,92206,top,98.63,92.31,105.88,39.93,"{4193: 0.0, 4190: 4.07, 4187: 19.14, 4188: 14.86, 4194: 8.48, 4196: 1.66}",True
4194,92142,92178,92209,bottom,107.46,100.0,116.13,52.03,"{4193: 8.92, 4194: 0.0, 4190: 13.63, 4188: 1.26, 4196: 15.12}",True
4196,92191,92237,92268,bottom,93.51,78.26,116.13,122.16,"{4193: 1.65, 4194: 15.35, 4196: 0.0, 4204: 7.6, 4209: 15.28}",True
4204,92228,92264,92297,bottom,104.35,100.0,109.09,27.55,"{4196: 7.6, 4204: 0.0, 4209: 7.91, 4203: 7.55, 4213: 0.67}",True
4209,92255,92295,92329,bottom,97.3,90.0,105.88,46.71,"{4209: 0.0, 4196: 15.34, 4204: 7.96, 4203: 15.46, 4213: 4.57, 4215: 9.34}",True
4203,92267,,,top,,,,,{},False
4213,92294,92329,92360,top,109.09,102.86,116.13,42.81,"{4209: 5.32, 4213: 0.0, 4204: 0.81, 4215: 9.08}",True
4215,92297,92328,92356,bottom,122.03,116.13,128.57,44.44,"{4213: 8.62, 4215: 0.0, 4209: 9.15, 4204: 18.53}",True
4220,92362,92397,92427,top,110.77,102.86,120.0,57.14,"{4220: 0.0, 4222: 3.36}",True
4222,92378,92407,92434,top,128.57,124.14,133.33,34.06,"{4222: 0.0, 4220: 3.28}",True
4226,92438,92471,92500,top,116.13,109.09,124.14,51.89,"{4226: 0.0, 4227: 15.28}",True
4227,92488,92523,92553,top,110.77,102.86,120.0,57.14,"{4226: 15.31, 4227: 0.0, 4228: 0.35}",True
4228,92550,92589,92621,bottom,101.41,92.31,112.5,63.1,"{4227: 0.76, 4228: 0.0}",True
4229,92719,92747,92771,top,138.46,128.57,150.0,89.29,"{4229: 0.0, 4230: 5.25, 4232: 3.57}",True
4230,92731,92763,92791,top,120.0,112.5,128.57,57.4,"{4229: 5.29, 4230: 0.0, 4232: 5.93}",True
4232,92748,92792,92830,bottom,87.8,81.82,94.74,34.0,"{4230: 6.1, 4229: 3.7, 4232: 0.0, 4241: 13.91, 4242: 16.1}",True
4241,92810,92854,92891,bottom,88.89,81.82,97.3,41.84,"{4241: 0.0, 4232: 13.93, 4242: 1.37, 4248: 17.84}",True
4242,92821,92855,92882,bottom,118.03,105.88,133.33,101.67,"{4241: 1.32, 4242: 0.0, 4232: 15.94}",True
4248,92889,92919,92945,bottom,128.57,120.0,138.46,71.01,"{4248: 0.0, 4241: 17.58, 4249: 3.34, 4250: 4.43}",True
4249,92892,92933,92970,bottom,92.31,87.8,97.3,25.66,"{4249: 0.0, 4241: 18.68, 4248: 3.57, 4250: 6.43}",True
4250,92916,92960,92997,top,88.89,81.82,97.3,41.84,"{4250: 0.0, 4249: 6.86, 4248: 4.54}",True
4255,93000,,,bottom,,,,,{},False
4256,93019,93059,93092,bottom,98.63,90.0,109.09,57.85,"{4256: 0.0, 4257: 6.06, 4258: 1.24}",True
4257,93049,93081,93109,top,120.0,112.5,128.57,57.4,"{4256: 6.91, 4257: 0.0, 4258: 12.77}",True
4258,93086,93129,93165,top,91.14,83.72,100.0,45.22,"{4258: 0.0, 4257: 12.88, 4256: 1.29, 4259: 2.83}",True
4259,93144,93175,93202,bottom,124.14,116.13,133.33,63.72,"{4258: 3.54, 4259: 0.0, 4260: 8.64}",True
4260,93168,93206,93240,bottom,100.0,94.74,105.88,32.78,"{4260: 0.0, 4259: 8.78, 4261: 1.86}",True
4261,93228,93255,93281,top,135.85,133.33,138.46,19.72,"{4261: 0.0, 4260: 2.76, 4262: 8.71}",True
4262,93252,93281,93306,top,133.33,124.14,144.0,79.45,"{4261: 8.71, 4262: 0.0}",True
4263,93455,93494,93527,bottom,100.0,92.31,109.09,50.86,"{4263: 0.0, 4264: 14.38}",True
4264,93512,93545,93574,bottom,116.13,109.09,124.14,51.89,"{4264: 0.0, 4263: 14.24, 4265: 14.46, 4268: 17.07}",True
4265,93559,93598,93631,bottom,100.0,92.31,109.09,50.86,"{4265: 0.0, 4264: 14.63, 4268: 0.94, 4269: 2.98}",True
4268,93570,93601,93629,bottom,122.03,116.13,128.57,44.44,"{4268: 0.0, 4265: 0.95, 4264: 17.09, 4269: 2.98}",True
4269,93609,93647,93680,top,101.41,94.74,109.09,43.5,"{4269: 0.0, 4268: 3.12, 4265: 3.33, 4270: 6.79}",True
4270,93642,93670,93695,top,135.85,128.57,144.0,61.71,"{4269: 6.67, 4270: 0.0}",True
4271,93782,93814,93843,bottom,118.03,112.5,124.14,40.13,"{4271: 0.0, 4272: 16.29}",True
4272,93835,93866,93894,bottom,122.03,116.13,128.57,44.44,"{4272: 0.0, 4271: 16.35}",True
4273,93926,93956,93984,bottom,124.14,120.0,128.57,30.61,"{4273: 0.0, 4274: 5.94, 4278: 1.97}",True
4274,93938,93980,94016,bottom,92.31,85.71,100.0,39.68,"{4273: 6.1, 4274: 0.0, 4278: 6.35}",True
4278,93972,94002,94029,top,126.32,120.0,133.33,49.38,"{4274: 7.16, 4273: 2.26, 4278: 0.0}",True
4279,94057,94091,94121,bottom,112.5,105.88,120.0,47.06,"{4279: 0.0, 4280: 12.05, 4281: 1.1}",True
4280,94094,94141,94179,bottom,84.71,76.6,94.74,47.74,"{4280: 0.0, 4279: 12.24, 4281: 8.26, 4284: 8.51}",True
4281,94116,94146,94173,top,126.32,120.0,133.33,49.38,"{4280: 7.77, 4279: 1.43, 4281: 0.0, 4284: 5.06}",True
4284,94142,94173,94201,bottom,122.03,116.13,128.57,44.44,"{4284: 0.0, 4281: 5.35, 4280: 8.15}",True
4290,94220,94248,94272,top,138.46,128.57,150.0,89.29,{4290: 0.0},True
4291,94282,94321,94355,bottom,98.63,92.31,105.88,39.93,"{4291: 0.0, 4294: 1.79}",True
4294,94343,94375,94405,top,116.13,112.5,120.0,25.0,"{4294: 0.0, 4291: 2.48, 4295: 4.95, 4296: 0.63}",True
4295,94359,94392,94420,top,118.03,109.09,128.57,69.57,"{4294: 4.93, 4295: 0.0, 4296: 2.92}",True
4296,94400,94441,94476,bottom,94.74,87.8,102.86,43.01,"{4294: 0.95, 4296: 0.0, 4295: 3.05, 4297: 4.4, 4298: 15.62}",True
4297,94443,94478,94509,top,109.09,102.86,116.13,42.81,"{4297: 0.0, 4296: 5.01, 4298: 6.12}",True
4298,94464,94504,94539,bottom,96.0,90.0,102.86,36.73,"{4298: 0.0, 4297: 6.18, 4296: 15.6}",True
4299,94556,94592,94625,top,104.35,100.0,109.09,27.55,"{4299: 0.0, 4300: 4.35, 4302: 16.5}",True
4300,94572,94609,94639,top,107.46,97.3,120.0,75.68,"{4300: 0.0, 4299: 4.33, 4302: 12.39}",True
4302,94617,94652,94684,top,107.46,102.86,112.5,30.13,"{4300: 12.39, 4299: 16.48, 4302: 0.0, 4303: 8.27}",True
4303,94647,94682,94712,top,110.77,102.86,120.0,57.14,"{4302: 8.24, 4303: 0.0, 4304: 14.16, 4305: 1.19}",True
4304,94695,94732,94763,top,105.88,97.3,116.13,60.75,"{4303: 14.18, 4304: 0.0, 4305: 8.4, 4308: 17.84}",True
4305,94703,94736,94766,bottom,114.29,109.09,120.0,36.36,"{4303: 1.54, 4304: 8.86, 4305: 0.0, 4308: 0.99}",True
4308,94760,94794,94824,top,112.5,105.88,120.0,47.06,"{4304: 17.82, 4308: 0.0, 4305: 1.4, 4309: 5.46}",True
4309,94791,94817,94842,bottom,141.18,138.46,144.0,22.15,"{4308: 5.94, 4309: 0.0}",True
4311,94902,94933,94960,top,124.14,116.13,133.33,63.72,"{4311: 0.0, 4312: 9.03}",True
4312,94929,94961,94989,top,120.0,112.5,128.57,57.4,"{4311: 9.05, 4312: 0.0}",True
4316,95000,95029,95056,bottom,128.57,124.14,133.33,34.06,"{4316: 0.0, 4317: 6.97}",True
4317,95010,95050,95084,top,97.3,90.0,105.88,46.71,"{4317: 0.0, 4316: 7.22, 4318: 0.32}",True
4318,95080,95114,95145,bottom,110.77,105.88,116.13,33.05,"{4317: 0.91, 4318: 0.0, 4319: 8.16, 4320: 10.93, 4321: 3.08}",True
4319,95084,95109,95131,top,153.19,144.0,163.64,89.26,"{4317: 18.43, 4318: 7.88, 4319: 0.0, 4320: 2.44, 4321: 16.54}",True
4320,95118,95152,95183,bottom,110.77,105.88,116.13,33.05,"{4320: 0.0, 4318: 10.94, 4319: 2.41, 4321: 8.72}",True
4321,95126,95152,95177,top,141.18,138.46,144.0,22.15,"{4321: 0.0, 4320: 8.23, 4319: 16.61, 4318: 3.82}",True
4329,95290,95324,95354,top,112.5,105.88,120.0,47.06,"{4329: 0.0, 4330: 5.12, 4331: 8.71}",True
4330,95314,95363,95404,bottom,80.0,73.47,87.8,34.96,"{4329: 5.34, 4330: 0.0, 4331: 8.07, 4332: 4.36}",True
4331,95322,95352,95379,top,126.32,120.0,133.33,49.38,"{4329: 8.64, 4330: 7.71, 4331: 0.0, 4332: 15.78}",True
4332,95369,95403,95433,top,112.5,105.88,120.0,47.06,"{4331: 15.79, 4332: 0.0, 4330: 5.37, 4342: 15.89}",True
4342,95422,95458,95490,top,105.88,100.0,112.5,39.06,"{4332: 15.9, 4342: 0.0, 4345: 15.98, 4346: 8.84, 4347: 2.86}",True
4345,95434,,,bottom,,,,,{},False
4346,95455,95490,95522,top,107.46,102.86,112.5,30.13,"{4342: 8.83, 4346: 0.0, 4347: 6.92, 4350: 3.86}",True
4347,95467,95512,95552,bottom,84.71,80.0,90.0,25.0,"{4342: 3.13, 4347: 0.0, 4346: 7.2, 4350: 5.32, 4358: 2.35}",True
4350,95491,95531,95571,bottom,90.0,90.0,90.0,,"{4342: 0.11, 4346: 4.12, 4350: 0.0, 4347: 5.3, 4358: 5.65, 4360: 0.6}",True
4358,95527,95561,95590,top,114.29,105.88,124.14,62.95,"{4350: 6.56, 4358: 0.0, 4347: 3.21, 4360: 10.94, 4361: 14.66}",True
4360,95566,95595,95622,top,128.57,124.14,133.33,34.06,"{4358: 10.89, 4350: 1.76, 4360: 0.0, 4361: 4.62, 4362: 2.21}",True
4361,95577,95611,95641,top,112.5,105.88,120.0,47.06,"{4361: 0.0, 4358: 14.67, 4360: 4.69, 4362: 4.47}",True
4362,95606,95652,95692,bottom,83.72,78.26,90.0,29.35,"{4361: 4.74, 4360: 2.36, 4362: 0.0, 4363: 5.64, 4364: 16.69}",True
4363,95648,95683,95713,top,110.77,102.86,120.0,57.14,"{4362: 6.34, 4363: 0.0, 4364: 3.92}",True
4364,95685,95717,95745,bottom,120.0,112.5,128.57,57.4,"{4363: 4.4, 4364: 0.0, 4362: 16.46}",True
4366,95747,95777,95804,top,126.32,120.0,133.33,49.38,"{4366: 0.0, 4368: 11.35, 4369: 0.9}",True
4368,95780,95813,95841,top,118.03,109.09,128.57,69.57,"{4366: 11.37, 4368: 0.0, 4369: 6.18, 4372: 17.89}",True
4369,95797,95834,95867,bottom,102.86,97.3,109.09,35.74,"{4366: 1.19, 4368: 6.56, 4369: 0.0, 4372: 3.96}",True
4372,95838,95873,95904,top,109.09,102.86,116.13,42.81,"{4368: 18.01, 4372: 0.0, 4369: 4.56, 4373: 2.68}",True
4373,95885,95930,95971,bottom,83.72,80.0,87.8,19.04,"{4373: 0.0, 4372: 2.7, 4374: 4.09, 4375: 3.36}",True
4374,95912,95947,95978,bottom,109.09,102.86,116.13,42.81,"{4373: 3.91, 4374: 0.0, 4375: 5.01}",True
4375,95942,95980,96013,top,101.41,94.74,109.09,43.5,"{4375: 0.0, 4373: 3.98, 4374: 5.23, 4376: 1.3}",True
4376,96003,96036,96065,bottom,116.13,109.09,124.14,51.89,"{4375: 1.95, 4376: 0.0, 4377: 6.41, 4378: 17.66}",True
4377,96024,96055,96082,top,124.14,116.13,133.33,63.72,"{4377: 0.0, 4376: 6.93, 4378: 3.19}",True
4378,96061,96104,96143,bottom,87.8,83.72,92.31,22.02,"{4378: 0.0, 4377: 3.24, 4376: 17.9}",True
4381,96185,96214,96241,bottom,128.57,124.14,133.33,34.06,"{4381: 0.0, 4382: 4.75}",True
4382,96209,96264,96307,top,73.47,65.45,83.72,42.48,"{4382: 0.0, 4381: 4.65, 4383: 6.52, 4384: 3.95, 4385: 12.31}",True
4383,96260,96292,96321,top,118.03,112.5,124.14,40.13,"{4382: 6.32, 4383: 0.0, 4384: 7.04, 4385: 6.72}",True
4384,96270,96312,96349,bottom,91.14,85.71,97.3,31.31,"{4382: 4.45, 4384: 0.0, 4383: 7.16, 4385: 8.14, 4387: 14.54}",True
4385,96285,96313,96339,top,133.33,128.57,138.46,38.04,"{4382: 12.02, 4383: 6.65, 4384: 7.68, 4385: 0.0, 4387: 1.2}",True
4387,96331,96375,96413,bottom,87.8,81.82,94.74,34.0,"{4385: 1.38, 4387: 0.0, 4384: 14.57, 4388: 5.83, 4389: 0.32}",True
4388,96373,96402,96429,top,128.57,124.14,133.33,34.06,"{4387: 6.7, 4388: 0.0, 4389: 12.35, 4390: 16.5}",True
4389,96409,96443,96476,top,107.46,105.88,109.09,9.72,"{4388: 12.4, 4389: 0.0, 4387: 1.46, 4390: 2.7}",True
4390,96422,96452,96480,top,124.14,120.0,128.57,30.61,"{4388: 16.49, 4390: 0.0, 4389: 2.63, 4392: 0.95}",True
4392,96476,,,bottom,,,,,{},False
4393,96479,96511,96540,top,118.03,112.5,124.14,40.13,"{4390: 18.8, 4393: 0.0, 4391: 15.67, 4395: 15.85}",True
4391,96489,,,bottom,,,,,{},False
4395,96529,96571,96607,top,92.31,85.71,100.0,39.68,"{4395: 0.0, 4393: 15.99}",True
4396,96650,96690,96724,top,97.3,90.0,105.88,46.71,{4396: 0.0},True
4397,96744,96789,96828,top,85.71,80.0,92.31,31.56,{4397: 0.0},True
4398,96869,96901,96929,bottom,120.0,112.5,128.57,57.4,"{4399: 0.01, 4398: 0.0, 4400: 6.2, 4401: 17.37}",True
4399,96869,,,bottom,,,,,{},False
4400,96888,96923,96954,top,109.09,102.86,116.13,42.81,"{4400: 0.0, 4398: 6.43, 4401: 4.44, 4402: 1.33}",True
4401,96925,96955,96982,bottom,126.32,120.0,133.33,49.38,"{4401: 0.0, 4400: 4.81, 4398: 17.42, 4402: 6.78, 4403: 3.26}",True
4402,96944,96978,97007,bottom,114.29,105.88,124.14,62.95,"{4400: 1.82, 4402: 0.0, 4401: 6.85, 4403: 6.88}",True
4403,96962,96993,97020,top,124.14,116.13,133.33,63.72,"{4402: 7.55, 4401: 3.56, 4403: 0.0}",True
4404,97021,97056,97087,bottom,109.09,102.86,116.13,42.81,"{4403: 0.4, 4404: 0.0, 4405: 6.3, 4406: 6.51}",True
4405,97044,97076,97104,top,120.0,112.5,128.57,57.4,"{4404: 6.95, 4405: 0.0, 4406: 0.58, 4408: 14.18}",True
4406,97046,97075,97100,top,133.33,124.14,144.0,79.45,"{4404: 7.13, 4406: 0.0, 4405: 0.55, 4408: 15.39}",True
4408,97090,97121,97149,top,122.03,116.13,128.57,44.44,"{4406: 15.42, 4408: 0.0, 4405: 14.18}",True
4409,97177,97207,97234,top,126.32,120.0,133.33,49.38,{4409: 0.0},True
4410,97257,97292,97323,bottom,109.09,102.86,116.13,42.81,"{4410: 0.0, 4411: 4.0}",True
4411,97296,97328,97356,top,120.0,112.5,128.57,57.4,"{4411: 0.0, 4410: 4.51, 4412: 2.52, 4413: 17.75}",True
4412,97338,97382,97420,bottom,87.8,81.82,94.74,34.0,"{4411: 2.74, 4412: 0.0, 4413: 8.36}",True
4413,97353,97384,97412,top,122.03,116.13,128.57,44.44,"{4411: 17.76, 4413: 0.0, 4412: 7.94}",True
4415,97439,97470,97498,top,122.03,116.13,128.57,44.44,{4415: 0.0},True
4416,97511,97539,97565,top,133.33,128.57,138.46,38.04,"{4416: 0.0, 4417: 6.62, 4418: 10.96}",True
4417,97521,97561,97595,bottom,97.3,90.0,105.88,46.71,"{4416: 6.91, 4417: 0.0, 4418: 7.99, 4419: 12.14}",True
4418,97542,97572,97599,top,126.32,120.0,133.33,49.38,"{4416: 10.97, 4417: 8.62, 4418: 0.0, 4419: 4.42}",True
4419,97570,97608,97641,bottom,101.41,94.74,109.09,43.5,"{4418: 4.46, 4419: 0.0, 4417: 12.12, 4424: 9.49}",True
4424,97608,97641,97670,bottom,116.13,109.09,124.14,51.89,"{4424: 0.0, 4419: 9.4}",True
4428,97672,,,top,,,,,{},False
4429,97674,97701,97725,top,141.18,133.33,150.0,69.44,"{4429: 0.0, 4431: 7.58}",True
4431,97693,97722,97748,top,130.91,124.14,138.46,55.09,"{4429: 7.6, 4431: 0.0}",True
4430,97693,,,top,,,,,{},False
4438,97883,97924,97958,bottom,96.0,87.8,105.88,53.17,"{4438: 0.0, 4440: 1.49}",True
4440,97896,97925,97951,bottom,130.91,124.14,138.46,55.09,"{4440: 0.0, 4438: 1.43}",True
4442,97983,98013,98039,bottom,128.57,120.0,138.46,71.01,"{4442: 0.0, 4443: 8.92}",True
4443,97985,98015,98042,top,126.32,120.0,133.33,49.38,"{4443: 0.0, 4442: 9.24}",True
4444,98094,98117,98138,top,163.64,156.52,171.43,70.98,"{4444: 0.0, 4445: 12.77}",True
4445,98122,98152,98178,top,128.57,120.0,138.46,71.01,"{4444: 12.87, 4445: 0.0, 4446: 3.99, 4447: 2.2}",True
4446,98153,98183,98210,bottom,126.32,120.0,133.33,49.38,"{4445: 4.49, 4446: 0.0, 4447: 5.43, 4448: 2.85}",True
4447,98163,98204,98240,bottom,93.51,87.8,100.0,33.88,"{4445: 2.48, 4447: 0.0, 4446: 5.56, 4448: 6.45, 4449: 0.61}",True
4448,98192,98227,98257,top,110.77,102.86,120.0,57.14,"{4448: 0.0, 4447: 6.93, 4446: 3.02, 4449: 12.9}",True
4449,98236,98272,98304,top,105.88,100.0,112.5,39.06,"{4448: 12.92, 4447: 1.0, 4449: 0.0, 4458: 4.11, 4459: 2.82}",True
4458,98276,98322,98359,bottom,86.75,78.26,97.3,51.45,"{4458: 0.0, 4449: 4.19, 4459: 1.49, 4463: 3.15}",True
4459,98285,98317,98346,bottom,118.03,112.5,124.14,40.13,"{4459: 0.0, 4449: 3.18, 4458: 1.38, 4463: 1.74}",True
4463,98335,98369,98398,top,114.29,105.88,124.14,62.95,"{4463: 0.0, 4459: 2.0, 4458: 3.83, 4466: 2.5}",True
4466,98380,98415,98446,bottom,109.09,102.86,116.13,42.81,"{4463: 2.91, 4466: 0.0, 4467: 5.81, 4468: 1.7}",True
4467,98405,98441,98473,top,105.88,100.0,112.5,39.06,"{4467: 0.0, 4466: 6.07, 4468: 8.0, 4469: 15.37}",True
4468,98435,98468,98497,top,116.13,109.09,124.14,51.89,"{4467: 7.95, 4468: 0.0, 4466: 1.93, 4469: 8.19, 4470: 0.32}",True
4469,98461,98496,98527,top,109.09,102.86,116.13,42.81,"{4467: 15.38, 4468: 8.22, 4469: 0.0, 4470: 4.22}",True
4470,98495,98534,98567,bottom,100.0,92.31,109.09,50.86,"{4468: 0.48, 4469: 4.58, 4470: 0.0, 4471: 4.31, 4472: 0.72}",True
4471,98536,98571,98601,top,110.77,102.86,120.0,57.14,"{4471: 0.0, 4470: 4.91, 4472: 7.88}",True
4472,98563,98597,98628,top,110.77,105.88,116.13,33.05,"{4471: 7.88, 4472: 0.0, 4470: 1.24}",True
4473,98646,98684,98716,bottom,102.86,94.74,112.5,55.51,"{4473: 0.0, 4474: 8.23}",True
4474,98656,98690,98720,top,112.5,105.88,120.0,47.06,"{4473: 8.83, 4474: 0.0}",True
4476,98739,98781,98815,bottom,94.74,85.71,105.88,59.32,"{4476: 0.0, 4477: 6.72}",True
4477,98772,98799,98823,top,141.18,133.33,150.0,69.44,"{4477: 0.0, 4476: 7.65}",True
4478,98847,98871,98894,bottom,153.19,150.0,156.52,28.36,"{4478: 0.0, 4479: 7.08, 4481: 6.3}",True
4479,98853,98887,98917,top,112.5,105.88,120.0,47.06,"{4478: 7.44, 4479: 0.0, 4481: 2.23, 4483: 17.52}",True
4481,98859,98895,98927,top,105.88,100.0,112.5,39.06,"{4478: 6.38, 4479: 2.25, 4481: 0.0, 4483: 14.88, 4484: 0.72}",True
4483,98913,98947,98977,top,112.5,105.88,120.0,47.06,"{4479: 17.53, 4483: 0.0, 4481: 14.81, 4484: 7.7}",True
4484,98922,98959,98991,bottom,104.35,97.3,112.5,47.51,"{4484: 0.0, 4483: 8.07, 4481: 0.96}",True
4485,98992,99028,99061,bottom,104.35,100.0,109.09,27.55,"{4485: 0.0, 4484: 18.86, 4486: 2.46, 4487: 15.15}",True
4486,99044,99077,99106,top,116.13,109.09,124.14,51.89,"{4486: 0.0, 4485: 2.77, 4487: 8.72}",True
4487,99048,99081,99111,bottom,114.29,109.09,120.0,36.36,"{4487: 0.0, 4486: 8.99, 4485: 15.1}",True
4488,99162,99189,99214,top,138.46,133.33,144.0,42.67,{4488: 0.0},True
4489,99327,99357,99383,top,128.57,120.0,138.46,71.01,"{4489: 0.0, 4490: 6.16}",True
4490,99340,99386,99426,bottom,83.72,78.26,90.0,29.35,"{4489: 6.37, 4490: 0.0}",True
4494,99548,99592,99629,bottom,88.89,81.82,97.3,41.84,"{4494: 0.0, 4499: 14.57}",True
4499,99614,99645,99672,bottom,124.14,116.13,133.33,63.72,"{4499: 0.0, 4494: 14.32, 4501: 7.17, 4502: 13.44, 4503: 15.77}",True
4501,99630,99659,99684,top,133.33,124.14,144.0,79.45,"{4501: 0.0, 4499: 7.53, 4494: 0.6, 4502: 4.04, 4503: 3.31}",True
4502,99655,99699,99737,bottom,87.8,81.82,94.74,34.0,"{4501: 4.2, 4499: 13.73, 4502: 0.0, 4503: 2.03, 4504: 1.1}",True
4503,99664,99693,99719,bottom,130.91,124.14,138.46,55.09,"{4501: 3.67, 4499: 15.81, 4503: 0.0, 4502: 1.93}",True
4504,99730,99758,99782,top,138.46,128.57,150.0,89.29,"{4504: 0.0, 4502: 1.88}",True
4505,99824,99854,99881,top,126.32,120.0,133.33,49.38,{4505: 0.0},True
4506,99915,99946,99974,top,122.03,116.13,128.57,44.44,"{4506: 0.0, 4507: 6.88, 4508: 14.51, 4509: 15.05}",True
4507,99928,99966,99998,bottom,102.86,94.74,112.5,55.51,"{4506: 6.92, 4507: 0.0, 4508: 5.62, 4509: 5.13, 4510: 2.4}",True
4508,99960,99992,100020,top,120.0,112.5,128.57,57.4,"{4506: 14.52, 4507: 6.32, 4508: 0.0, 4509: 0.62, 4510: 7.0, 4511: 17.85}",True
4509,99962,99994,100022,top,120.0,112.5,128.57,57.4,"{4506: 15.05, 4509: 0.0, 4507: 5.97, 4508: 0.63, 4510: 6.33, 4511: 17.15}",True
4510,99982,100014,100043,top,118.03,112.5,124.14,40.13,"{4508: 7.01, 4509: 6.34, 4510: 0.0, 4507: 3.06, 4511: 10.92}",True
4511,100016,100050,100080,top,112.5,105.88,120.0,47.06,"{4508: 17.86, 4509: 17.17, 4510: 10.92, 4511: 0.0}",True
4512,100099,100131,100160,top,118.03,112.5,124.14,40.13,"{4512: 0.0, 4513: 3.91}",True
4513,100132,100169,100202,bottom,102.86,97.3,109.09,35.74,"{4512: 4.28, 4513: 0.0}",True
4514,100216,100248,100276,top,120.0,112.5,128.57,57.4,{4514: 0.0},True
4523,100276,,,bottom,,,,,{},False
4524,100278,100315,100348,bottom,102.86,97.3,109.09,35.74,"{4524: 0.0, 4525: 9.34, 4526: 1.27, 4527: 0.91}",True
4525,100278,100313,100344,top,109.09,102.86,116.13,42.81,"{4524: 8.96, 4525: 0.0, 4526: 17.14, 4527: 17.88}",True
4526,100339,100375,100408,top,104.35,100.0,109.09,27.55,"{4525: 17.14, 4526: 0.0, 4524: 1.7, 4527: 0.59, 4528: 7.91, 4529: 2.72}",True
4527,100341,100374,100403,top,116.13,109.09,124.14,51.89,"{4525: 17.87, 4526: 0.54, 4524: 1.5, 4527: 0.0, 4528: 8.55, 4529: 2.37}",True
4528,100367,100404,100436,top,104.35,97.3,112.5,47.51,"{4526: 7.9, 4528: 0.0, 4527: 8.61, 4529: 6.72, 4530: 13.22}",True
4529,100387,100422,100453,bottom,109.09,102.86,116.13,42.81,"{4526: 3.18, 4527: 2.66, 4528: 7.17, 4529: 0.0, 4530: 5.19, 4531: 1.77}",True
4530,100415,100455,100491,top,94.74,90.0,100.0,27.78,"{4530: 0.0, 4529: 5.49, 4528: 13.27, 4531: 4.45, 4532: 1.7, 4533: 16.74}",True
4531,100442,100471,100497,top,130.91,124.14,138.46,55.09,"{4530: 4.31, 4531: 0.0, 4529: 2.33, 4532: 3.26, 4533: 14.41}",True
4532,100476,100521,100558,bottom,87.8,80.0,97.3,46.75,"{4530: 2.03, 4531: 3.28, 4532: 0.0, 4533: 9.05, 4534: 8.64, 4535: 2.71, 4536: 1.24}",True
4533,100482,100521,100556,top,97.3,92.31,102.86,30.14,"{4531: 14.53, 4533: 0.0, 4532: 8.8, 4530: 16.71, 4534: 4.69, 4535: 13.65, 4536: 17.03}",True
4534,100521,100554,100583,bottom,116.13,109.09,124.14,51.89,"{4533: 5.21, 4534: 0.0, 4532: 8.4, 4535: 7.03, 4536: 4.95}",True
4535,100539,100568,100595,top,128.57,124.14,133.33,34.06,"{4533: 13.52, 4535: 0.0, 4534: 7.24, 4532: 3.58, 4536: 4.97}",True
4536,100549,100586,100618,top,104.35,97.3,112.5,47.51,"{4533: 16.99, 4536: 0.0, 4535: 5.06, 4532: 1.73, 4534: 5.04}",True
4538,100621,100658,100690,top,104.35,97.3,112.5,47.51,"{4538: 0.0, 4539: 1.68, 4547: 9.93, 4549: 3.3}",True
4539,100626,100652,100676,top,144.0,138.46,150.0,48.08,"{4538: 1.59, 4539: 0.0, 4547: 12.84, 4549: 2.11}",True
4547,100657,100693,100725,top,105.88,100.0,112.5,39.06,"{4538: 9.91, 4547: 0.0, 4539: 12.96, 4549: 8.05}",True
4549,100664,100703,100737,bottom,98.63,92.31,105.88,39.93,"{4538: 3.68, 4547: 8.41, 4549: 0.0, 4539: 2.05}",True
4550,100769,100810,100845,bottom,94.74,87.8,102.86,43.01,"{4550: 0.0, 4551: 8.41}",True
4551,100771,100800,100825,top,133.33,124.14,144.0,79.45,"{4550: 8.11, 4551: 0.0}",True
4552,100870,100914,100951,bottom,88.89,81.82,97.3,41.84,"{4552: 0.0, 4553: 7.69}",True
4553,100891,100926,100957,top,109.09,102.86,116.13,42.81,"{4553: 0.0, 4552: 8.45, 4554: 0.87}",True
4554,100951,100996,101033,bottom,87.8,80.0,97.3,46.75,"{4553: 1.02, 4552: 18.68, 4555: 0.01, 4554: 0.0}",True
4555,100952,,,bottom,,,,,{},False
4563,101054,101085,101113,bottom,122.03,116.13,128.57,44.44,{4563: 0.0},True
4570,101187,101219,101246,top,122.03,112.5,133.33,77.16,"{4570: 0.0, 4571: 16.6}",True
4571,101239,101272,101301,top,116.13,109.09,124.14,51.89,"{4571: 0.0, 4570: 16.65}",True
4572,101389,101428,101462,bottom,98.63,92.31,105.88,39.93,{4572: 0.0},True
4573,101547,101577,101603,top,128.57,120.0,138.46,71.01,"{4573: 0.0, 4574: 5.51, 4575: 17.81}",True
4574,101566,101603,101636,bottom,102.86,97.3,109.09,35.74,"{4573: 5.86, 4574: 0.0, 4575: 5.62}",True
4575,101600,101629,101654,top,133.33,124.14,144.0,79.45,"{4573: 17.78, 4575: 0.0, 4574: 6.26}",True
4576,101697,101727,101754,top,126.32,120.0,133.33,49.38,{4576: 0.0},True
4579,101760,101791,101819,top,122.03,116.13,128.57,44.44,"{4579: 0.0, 4583: 6.39}",True
4583,101784,101807,101828,bottom,163.64,156.52,171.43,70.98,"{4579: 6.87, 4583: 0.0}",True
4589,101901,101943,101976,bottom,96.0,85.71,109.09,70.84,"{4589: 0.0, 4591: 1.46, 4592: 7.86}",True
4590,101901,,,bottom,,,,,{},False
4591,101909,101938,101964,bottom,130.91,124.14,138.46,55.09,"{4591: 0.0, 4589: 1.34, 4592: 8.78}",True
4592,101913,101935,101956,top,167.44,163.64,171.43,37.11,"{4591: 8.21, 4592: 0.0, 4589: 7.37}",True
4598,102025,102051,102074,top,146.94,138.46,156.52,78.52,{4598: 0.0},True
4599,102086,102118,102147,bottom,118.03,112.5,124.14,40.13,"{4599: 0.0, 4600: 14.3}",True
4600,102131,102173,102210,bottom,91.14,85.71,97.3,31.31,"{4600: 0.0, 4599: 14.45, 4601: 8.29, 4602: 15.5}",True
4601,102165,102209,102245,bottom,90.0,81.82,100.0,50.51,"{4600: 8.31, 4601: 0.0, 4602: 6.66, 4605: 4.13, 4606: 4.05}",True
4602,102198,102235,102267,bottom,104.35,97.3,112.5,47.51,"{4601: 6.59, 4600: 15.42, 4602: 0.0, 4605: 7.44, 4606: 7.54}",True
4605,102215,102249,102278,top,114.29,105.88,124.14,62.95,"{4605: 0.0, 4602: 7.93, 4601: 4.66, 4606: 0.74, 4610: 16.74}",True
4606,102217,102246,102272,top,130.91,124.14,138.46,55.09,"{4605: 0.68, 4601: 4.81, 4606: 0.0, 4602: 8.29}",True
4610,102273,102294,102318,top,160.0,171.43,150.0,-89.29,"{4605: 16.57, 4606: 18.59, 4610: 0.0, 4611: 4.55}",True
4611,102291,102323,102352,bottom,118.03,112.5,124.14,40.13,"{4611: 0.0, 4610: 4.6, 4612: 2.59, 4613: 1.47}",True
4612,102336,102366,102393,top,126.32,120.0,133.33,49.38,"{4612: 0.0, 4611: 3.13, 4613: 3.78}",True
4613,102344,102379,102410,top,109.09,102.86,116.13,42.81,"{4613: 0.0, 4612: 3.87, 4611: 1.75, 4614: 2.17}",True
4614,102394,102430,102464,bottom,102.86,100.0,105.88,17.3,"{4613: 2.57, 4612: 0.58, 4614: 0.0, 4619: 5.22, 4622: 7.3, 4626: 13.1}",True
4619,102413,102450,102483,bottom,102.86,97.3,109.09,35.74,"{4619: 0.0, 4614: 5.21, 4622: 2.08, 4626: 8.08, 4631: 2.51, 4629: 4.84, 4632: 16.68}",True
4622,102421,102458,102490,bottom,104.35,97.3,112.5,47.51,"{4622: 0.0, 4619: 2.08, 4614: 7.29, 4626: 6.01, 4631: 3.72, 4632: 14.64, 4633: 17.65}",True
4626,102442,102480,102514,bottom,100.0,94.74,105.88,32.78,"{4626: 0.0, 4622: 6.05, 4619: 8.1, 4614: 13.13, 4631: 7.15, 4632: 8.11, 4633: 11.17}",True
4631,102465,102495,102522,top,126.32,120.0,133.33,49.38,"{4631: 0.0, 4626: 7.88, 4622: 4.13, 4619: 3.0, 4632: 7.17, 4633: 5.53}",True
4629,102465,,,top,,,,,{},False
4632,102475,102511,102546,bottom,101.41,100.0,102.86,8.16,"{4632: 0.0, 4622: 14.62, 4631: 7.34, 4626: 8.11, 4619: 16.64, 4633: 2.67}",True
4633,102486,102521,102550,bottom,112.5,102.86,124.14,73.38,"{4631: 5.74, 4633: 0.0, 4632: 2.62, 4626: 11.16, 4622: 17.66}",True
4635,102564,102599,102629,top,110.77,102.86,120.0,57.14,"{4635: 0.0, 4636: 6.21, 4637: 5.7}",True
4636,102582,102623,102658,bottom,94.74,87.8,102.86,43.01,"{4635: 6.56, 4636: 0.0, 4637: 1.4}",True
4637,102591,102619,102646,bottom,130.91,128.57,133.33,17.64,"{4635: 6.31, 4637: 0.0, 4636: 1.29}",True
4640,102672,102708,102738,bottom,109.09,100.0,120.0,66.67,{4640: 0.0},True
4641,102763,102799,102831,bottom,105.88,100.0,112.5,39.06,"{4641: 0.0, 4645: 1.65}",True
4645,102820,102851,102879,top,122.03,116.13,128.57,44.44,"{4645: 0.0, 4641: 2.37}",True
4648,102885,102916,102943,top,124.14,116.13,133.33,63.72,{4648: 0.0},True
4649,103002,103037,103068,top,109.09,102.86,116.13,42.81,"{4649: 0.0, 4650: 7.94, 4653: 4.86, 4654: 4.97, 4657: 10.75}",True
4650,103016,103045,103072,bottom,128.57,124.14,133.33,34.06,"{4649: 8.49, 4650: 0.0, 4653: 8.14, 4654: 7.74, 4657: 5.07}",True
4653,103024,103053,103079,top,130.91,124.14,138.46,55.09,"{4649: 4.78, 4653: 0.0, 4650: 8.52, 4654: 7.26, 4657: 6.63}",True
4654,103032,103074,103109,bottom,93.51,85.71,102.86,48.98,"{4654: 0.0, 4649: 5.09, 4653: 7.22, 4650: 7.93, 4657: 9.03}",True
4657,103040,103075,103106,top,109.09,102.86,116.13,42.81,"{4654: 8.61, 4649: 10.75, 4653: 6.68, 4657: 0.0, 4650: 5.31}",True
4663,103164,103198,103228,top,112.5,105.88,120.0,47.06,{4663: 0.0},True
4675,103240,103277,103311,top,101.41,97.3,105.88,25.25,"{4675: 0.0, 4676: 9.06, 4677: 15.88}",True
4676,103275,103310,103341,top,109.09,102.86,116.13,42.81,"{4675: 9.02, 4676: 0.0, 4677: 7.56}",True
4677,103299,103339,103374,top,96.0,90.0,102.86,36.73,"{4675: 15.9, 4676: 7.61, 4677: 0.0, 4678: 10.38}",True
4678,103341,103380,103413,top,100.0,92.31,109.09,50.86,"{4676: 18.89, 4677: 10.35, 4678: 0.0, 4679: 2.82}",True
4679,103390,103430,103466,bottom,94.74,90.0,100.0,27.78,"{4678: 3.3, 4679: 0.0}",True
4680,103498,103531,103558,bottom,120.0,109.09,133.33,89.79,"{4680: 0.0, 4681: 4.63}",True
4681,103527,103565,103598,top,101.41,94.74,109.09,43.5,"{4681: 0.0, 4680: 5.03}",True
4682,103786,103821,103852,top,109.09,102.86,116.13,42.81,"{4682: 0.0, 4685: 10.96}",True
4685,103826,103858,103886,top,120.0,112.5,128.57,57.4,"{4685: 0.0, 4682: 10.9}",True
4692,103927,103963,103994,top,107.46,100.0,116.13,52.03,"{4692: 0.0, 4693: 5.27, 4694: 5.07, 4695: 14.9}",True
4693,103948,103981,104009,top,118.03,109.09,128.57,69.57,"{4692: 5.23, 4693: 0.0, 4694: 7.48, 4695: 10.32}",True
4694,103957,103996,104029,bottom,100.0,92.31,109.09,50.86,"{4694: 0.0, 4692: 5.25, 4693: 7.62, 4695: 6.39, 4696: 0.65}",True
4695,103980,104017,104049,top,104.35,97.3,112.5,47.51,"{4694: 7.08, 4692: 14.92, 4693: 10.38, 4695: 0.0, 4696: 12.21, 4697: 13.76}",True
4696,104025,104061,104093,top,105.88,100.0,112.5,39.06,"{4694: 1.16, 4695: 12.2, 4696: 0.0, 4697: 1.33}",True
4697,104031,104065,104097,top,109.09,105.88,112.5,20.68,"{4694: 0.61, 4695: 13.73, 4697: 0.0, 4696: 1.31}",True
4698,104102,104143,104179,top,93.51,87.8,100.0,33.88,"{4698: 0.0, 4699: 5.99, 4700: 9.52}",True
4699,104132,104168,104199,bottom,107.46,100.0,116.13,52.03,"{4698: 6.59, 4699: 0.0, 4700: 7.69, 4701: 0.64}",True
4700,104140,104183,104219,top,91.14,83.72,100.0,45.22,"{4698: 9.52, 4699: 8.12, 4700: 0.0, 4701: 13.34, 4702: 15.51}",True
4701,104196,104237,104273,top,93.51,87.8,100.0,33.88,"{4700: 13.33, 4701: 0.0, 4699: 0.9, 4702: 1.12}",True
4702,104206,104241,104272,top,109.09,102.86,116.13,42.81,"{4700: 15.41, 4702: 0.0, 4701: 1.11}",True
4703,104311,104347,104378,top,107.46,100.0,116.13,52.03,"{4703: 0.0, 4704: 12.25}",True
4704,104356,104388,104417,top,118.03,112.5,124.14,40.13,"{4703: 12.22, 4704: 0.0, 4705: 9.54, 4706: 15.99}",True
4705,104383,104424,104459,top,94.74,87.8,102.86,43.01,"{4704: 9.59, 4705: 0.0, 4706: 5.12, 4707: 3.89}",True
4706,104407,104443,104475,top,105.88,100.0,112.5,39.06,"{4704: 16.03, 4705: 5.08, 4706: 0.0, 4707: 6.21}",True
4707,104428,104468,104502,bottom,97.3,90.0,105.88,46.71,"{4705: 4.13, 4707: 0.0, 4706: 6.42}",True
4708,104547,104581,104611,top,112.5,105.88,120.0,47.06,"{4708: 0.0, 4709: 10.3}",True
4709,104582,104617,104648,top,109.09,102.86,116.13,42.81,"{4708: 10.3, 4709: 0.0, 4710: 11.22, 4711: 1.06}",True
4710,104621,104655,104685,top,112.5,105.88,120.0,47.06,"{4709: 11.2, 4710: 0.0, 4711: 6.41, 4712: 9.9}",True
4711,104639,104677,104709,bottom,102.86,94.74,112.5,55.51,"{4709: 1.51, 4711: 0.0, 4710: 6.61, 4712: 7.8, 4713: 2.88, 4714: 1.88}",True
4712,104656,104687,104714,top,124.14,116.13,133.33,63.72,"{4710: 9.83, 4711: 8.54, 4712: 0.0, 4713: 11.21, 4714: 13.63}",True
4713,104689,104723,104753,top,112.5,105.88,120.0,47.06,"{4712: 11.27, 4713: 0.0, 4711: 3.58, 4714: 3.11, 4715: 4.19}",True
4714,104696,104735,104770,top,97.3,92.31,102.86,30.14,"{4714: 0.0, 4713: 3.17, 4712: 13.77, 4711: 2.39, 4715: 6.01}",True
4715,104722,104759,104792,bottom,102.86,97.3,109.09,35.74,"{4713: 4.56, 4714: 6.57, 4715: 0.0, 4725: 2.53}",True
4725,104775,104804,104830,top,130.91,124.14,138.46,55.09,"{4725: 0.0, 4715: 3.14, 4721: 6.66, 4728: 11.56}",True
4721,104792,,,top,,,,,{},False
4728,104807,104840,104869,top,116.13,109.09,124.14,51.89,"{4725: 11.62, 4728: 0.0, 4730: 14.44}",True
4730,104855,104885,104912,top,126.32,120.0,133.33,49.38,"{4730: 0.0, 4728: 14.39, 4732: 5.39}",True
4732,104869,104904,104934,top,110.77,102.86,120.0,57.14,"{4730: 5.44, 4732: 0.0, 4728: 18.69}",True
4733,104940,104971,104999,bottom,122.03,116.13,128.57,44.44,"{4733: 0.0, 4734: 6.23}",True
4734,104958,104992,105022,top,112.5,105.88,120.0,47.06,"{4734: 0.0, 4733: 6.36}",True
4740,105061,105092,105120,top,122.03,116.13,128.57,44.44,"{4740: 0.0, 4741: 8.59}",True
4741,105086,105120,105150,top,112.5,105.88,120.0,47.06,"{4740: 8.64, 4741: 0.0}",True
4742,105151,105179,105204,top,135.85,128.57,144.0,61.71,"{4741: 18.78, 4742: 0.0, 4743: 14.85}",True
4743,105192,105225,105254,top,116.13,109.09,124.14,51.89,"{4742: 14.95, 4743: 0.0}",True
4744,105301,105327,105350,top,146.94,138.46,156.52,78.52,"{4744: 0.0, 4745: 12.18}",True
4745,105330,105364,105393,top,114.29,105.88,124.14,62.95,"{4744: 12.26, 4745: 0.0, 4747: 0.92}",True
4747,105386,105423,105454,bottom,105.88,97.3,116.13,60.75,"{4745: 1.31, 4747: 0.0, 4748: 6.62}",True
4748,105414,105445,105473,bottom,122.03,116.13,128.57,44.44,"{4748: 0.0, 4747: 6.53, 4749: 1.46}",True
4749,105464,105498,105528,top,112.5,105.88,120.0,47.06,"{4749: 0.0, 4748: 1.73}",True
4750,105535,105567,105596,bottom,118.03,112.5,124.14,40.13,"{4750: 0.0, 4751: 6.94, 4759: 12.29}",True
4751,105552,105593,105630,bottom,92.31,87.8,97.3,25.66,"{4750: 7.05, 4751: 0.0, 4759: 2.94}",True
4759,105576,105605,105630,bottom,133.33,124.14,144.0,79.45,"{4759: 0.0, 4750: 12.24, 4751: 2.89}",True
4766,105677,105710,105738,top,118.03,109.09,128.57,69.57,"{4766: 0.0, 4767: 12.27, 4768: 0.78}",True
4767,105717,105751,105780,top,114.29,105.88,124.14,62.95,"{4766: 12.29, 4767: 0.0, 4768: 6.85, 4772: 2.95, 4773: 13.45}",True
4768,105732,105766,105796,bottom,112.5,105.88,120.0,47.06,"{4766: 1.26, 4767: 7.29, 4768: 0.0, 4772: 7.24, 4773: 5.24, 4774: 2.17}",True
4772,105761,105788,105812,bottom,141.18,133.33,150.0,69.44,"{4767: 3.53, 4772: 0.0, 4768: 7.08, 4773: 8.68, 4774: 5.32, 4776: 18.64}",True
4773,105764,105792,105817,top,135.85,128.57,144.0,61.71,"{4767: 13.35, 4773: 0.0, 4772: 9.19, 4768: 5.88, 4774: 7.42, 4776: 1.42}",True
4774,105782,105815,105844,top,116.13,109.09,124.14,51.89,"{4773: 7.48, 4774: 0.0, 4772: 5.63, 4768: 2.59, 4776: 4.69}",True
4776,105811,105857,105894,bottom,86.75,78.26,97.3,51.45,"{4776: 0.0, 4773: 1.15, 4774: 4.65, 4772: 18.9}",True
4777,105949,105993,106029,bottom,90.0,81.82,100.0,50.51,"{4777: 0.0, 4778: 7.19}",True
4778,105987,106019,106049,bottom,116.13,112.5,120.0,25.0,"{4778: 0.0, 4777: 7.01}",True
4779,106050,106079,106105,top,130.91,124.14,138.46,55.09,"{4779: 0.0, 4778: 0.51, 4780: 10.58, 4781: 3.54}",True
4780,106080,106111,106138,top,124.14,116.13,133.33,63.72,"{4779: 10.6, 4780: 0.0, 4781: 8.1}",True
4781,106083,106127,106164,bottom,88.89,81.82,97.3,41.84,"{4781: 0.0, 4779: 3.43, 4780: 8.15}",True
4782,106204,106235,106263,top,122.03,116.13,128.57,44.44,"{4782: 0.0, 4783: 3.07}",True
4783,106241,106282,106318,bottom,93.51,87.8,100.0,33.88,"{4783: 0.0, 4782: 3.37, 4784: 7.54, 4785: 6.41}",True
4784,106263,106297,106326,top,114.29,105.88,124.14,62.95,"{4783: 8.23, 4782: 18.88, 4784: 0.0, 4785: 2.04}",True
4785,106277,106303,106327,top,144.0,138.46,150.0,48.08,"{4783: 7.5, 4784: 2.01, 4785: 0.0}",True
4787,106507,106545,106577,top,102.86,94.74,112.5,55.51,"{4787: 0.0, 4790: 2.7}",True
4790,106557,106594,106627,bottom,102.86,97.3,109.09,35.74,"{4790: 0.0, 4787: 2.96, 4793: 0.37}",True
4793,106625,106655,106683,top,124.14,120.0,128.57,30.61,"{4790: 0.99, 4793: 0.0, 4795: 8.43, 4796: 6.05, 4801: 13.97}",True
4795,106630,106661,106690,bottom,120.0,116.13,124.14,27.62,"{4795: 0.0, 4793: 8.57, 4796: 7.43, 4801: 3.41}",True
4796,106641,106676,106706,top,110.77,102.86,120.0,57.14,"{4796: 0.0, 4795: 7.67, 4793: 6.1, 4801: 7.11}",True
4801,106667,106699,106726,top,122.03,112.5,133.33,77.16,"{4796: 7.06, 4801: 0.0, 4795: 3.87, 4793: 13.98}",True
4809,106731,106777,106816,bottom,84.71,78.26,92.31,36.02,"{4809: 0.0, 4810: 8.74}",True
4810,106742,106778,106810,top,105.88,100.0,112.5,39.06,"{4809: 8.35, 4810: 0.0}",True
4811,106842,106879,106912,bottom,102.86,97.3,109.09,35.74,"{4811: 0.0, 4812: 5.84}",True
4812,106871,106903,106931,top,120.0,112.5,128.57,57.4,"{4812: 0.0, 4811: 6.5}",True
4813,106936,106969,106997,top,118.03,109.09,128.57,69.57,"{4813: 0.0, 4814: 3.24, 4815: 1.74}",True
4814,106978,107004,107029,bottom,141.18,138.46,144.0,22.15,"{4813: 3.5, 4814: 0.0, 4815: 4.36}",True
4815,106986,107018,107047,bottom,118.03,112.5,124.14,40.13,"{4815: 0.0, 4814: 4.48, 4813: 1.88}",True
4816,107058,107088,107117,bottom,122.03,120.0,124.14,14.27,"{4816: 0.0, 4817: 8.64, 4820: 5.64, 4826: 14.43}",True
4817,107068,107093,107117,top,146.94,144.0,150.0,25.0,"{4816: 8.64, 4817: 0.0, 4820: 6.55, 4826: 2.58}",True
4820,107081,107114,107144,top,114.29,109.09,120.0,36.36,"{4816: 5.92, 4820: 0.0, 4817: 6.68, 4826: 5.63, 4828: 16.25}",True
4826,107102,107142,107177,bottom,96.0,90.0,102.86,36.73,"{4820: 5.98, 4816: 14.55, 4826: 0.0, 4817: 2.55, 4828: 6.68}",True
4828,107136,107162,107185,top,146.94,138.46,156.52,78.52,"{4820: 16.09, 4828: 0.0, 4826: 7.45}",True
4829,107225,107260,107291,bottom,109.09,102.86,116.13,42.81,{4829: 0.0},True
4830,107347,107376,107402,top,130.91,124.14,138.46,55.09,"{4830: 0.0, 4831: 16.62}",True
4831,107396,107426,107452,top,128.57,120.0,138.46,71.01,"{4830: 16.62, 4831: 0.0, 4832: 5.89, 4833: 12.31}",True
4832,107414,107450,107481,bottom,107.46,100.0,116.13,52.03,"{4832: 0.0, 4831: 6.08, 4833: 7.1, 4834: 17.89}",True
4833,107432,107464,107493,top,118.03,112.5,124.14,40.13,"{4831: 12.35, 4833: 0.0, 4832: 7.77, 4834: 2.42, 4835: 1.1}",True
4834,107477,107528,107570,bottom,77.42,70.59,85.71,36.01,"{4834: 0.0, 4833: 2.26, 4832: 18.07, 4835: 1.44, 4839: 0.9}",True
4835,107486,107523,107555,bottom,104.35,97.3,112.5,47.51,"{4833: 1.16, 4834: 1.34, 4835: 0.0}",True
4839,107569,107603,107632,top,114.29,105.88,124.14,62.95,"{4839: 0.0, 4834: 0.99, 4840: 5.79}",True
4840,107588,107633,107672,bottom,85.71,80.0,92.31,31.56,"{4839: 6.06, 4840: 0.0, 4841: 4.48}",True
4841,107638,107671,107701,top,114.29,109.09,120.0,36.36,"{4841: 0.0, 4840: 5.06, 4842: 11.61}",True
4842,107677,107710,107739,top,116.13,109.09,124.14,51.89,"{4842: 0.0, 4841: 11.59}",True
4843,107749,107793,107831,bottom,87.8,81.82,94.74,34.0,"{4843: 0.0, 4844: 8.46, 4845: 3.14, 4846: 13.47}",True
4844,107770,107801,107827,top,126.32,116.13,138.46,85.89,"{4844: 0.0, 4843: 7.95, 4845: 12.59, 4846: 2.18}",True
4845,107809,107837,107863,top,133.33,128.57,138.46,38.04,"{4843: 3.96, 4844: 12.57, 4845: 0.0, 4846: 8.37}",True
4846,107813,107842,107869,bottom,128.57,124.14,133.33,34.06,"{4844: 2.74, 4845: 8.71, 4843: 13.27, 4846: 0.0}",True
4851,107869,107899,107926,bottom,126.32,120.0,133.33,49.38,"{4851: 0.0, 4846: 18.9}",True
4855,107963,107993,108020,bottom,126.32,120.0,133.33,49.38,"{4855: 0.0, 4856: 16.82}",True
4856,108014,108046,108073,bottom,122.03,112.5,133.33,77.16,"{4856: 0.0, 4855: 16.94}",True
4863,108082,108113,108139,top,126.32,116.13,138.46,85.89,"{4863: 0.0, 4866: 1.87}",True
4867,108126,108260,108300,bottom,41.38,26.87,90.0,157.84,"{4867: 0.0, 4872: 0.93, 4875: 13.36}",True
4866,108126,108160,108190,bottom,112.5,105.88,120.0,47.06,"{4863: 2.33, 4866: 0.0}",True
4872,108218,108258,108292,bottom,97.3,90.0,105.88,46.71,"{4872: 0.0, 4867: 0.88, 4875: 15.14}",True
4875,108277,108318,108354,bottom,93.51,87.8,100.0,33.88,"{4875: 0.0, 4872: 15.17, 4867: 13.24}",True
4876,108424,108459,108489,top,110.77,102.86,120.0,57.14,"{4876: 0.0, 4877: 3.7, 4878: 1.7}",True
4877,108464,108496,108526,bottom,116.13,112.5,120.0,25.0,"{4876: 4.01, 4877: 0.0, 4878: 6.69, 4879: 5.05, 4880: 12.2}",True
4878,108478,108530,108569,bottom,79.12,69.23,92.31,59.17,"{4878: 0.0, 4876: 1.65, 4877: 6.85, 4879: 8.23, 4880: 2.4, 4881: 5.56}",True
4879,108492,108526,108556,top,112.5,105.88,120.0,47.06,"{4878: 7.86, 4879: 0.0, 4877: 5.31, 4880: 7.83, 4881: 10.47}",True
4880,108507,108534,108559,bottom,138.46,133.33,144.0,42.67,"{4879: 8.42, 4878: 2.39, 4880: 0.0, 4877: 12.1, 4881: 5.0}",True
4881,108531,108558,108584,top,135.85,133.33,138.46,19.72,"{4879: 10.39, 4881: 0.0, 4878: 6.74, 4880: 5.36}",True
4884,108610,108636,108660,top,144.0,138.46,150.0,48.08,"{4884: 0.0, 4885: 3.78, 4886: 6.53}",True
4885,108613,108651,108685,top,100.0,94.74,105.88,32.78,"{4885: 0.0, 4884: 3.95, 4886: 8.51}",True
4886,108622,108657,108687,bottom,110.77,102.86,120.0,57.14,"{4885: 8.81, 4884: 6.54, 4886: 0.0}",True
4889,108836,108868,108896,bottom,120.0,112.5,128.57,57.4,"{4889: 0.0, 4890: 10.45, 4891: 13.02}",True
4890,108870,108902,108931,bottom,118.03,112.5,124.14,40.13,"{4890: 0.0, 4889: 10.48, 4891: 3.95, 4894: 4.77}",True
4891,108875,108919,108957,bottom,87.8,81.82,94.74,34.0,"{4891: 0.0, 4890: 4.15, 4889: 13.18, 4894: 8.32, 4899: 11.93}",True
4894,108903,108930,108954,top,141.18,133.33,150.0,69.44,"{4891: 7.72, 4890: 5.46, 4894: 0.0, 4899: 3.88}",True
4899,108931,108965,108994,bottom,114.29,105.88,124.14,62.95,"{4899: 0.0, 4891: 11.77, 4890: 18.77, 4894: 4.06}",True
4902,108997,109026,109052,top,130.91,124.14,138.46,55.09,"{4902: 0.0, 4903: 7.92}",True
4903,109001,109038,109070,bottom,104.35,97.3,112.5,47.51,"{4903: 0.0, 4902: 7.96}",True
4908,109114,109148,109178,top,112.5,105.88,120.0,47.06,"{4908: 0.0, 4909: 8.53}",True
4909,109115,109154,109189,bottom,97.3,92.31,102.86,30.14,"{4908: 8.88, 4909: 0.0, 4915: 0.67}",True
4915,109187,109221,109251,top,112.5,105.88,120.0,47.06,"{4915: 0.0, 4909: 0.91}",True
4916,109259,109293,109322,top,114.29,105.88,124.14,62.95,"{4916: 0.0, 4917: 6.62}",True
4917,109274,109316,109352,bottom,92.31,85.71,100.0,39.68,"{4917: 0.0, 4916: 6.75, 4918: 15.59}",True
4918,109340,109375,109405,bottom,110.77,102.86,120.0,57.14,"{4918: 0.0, 4917: 15.44, 4923: 18.04}",True
4923,109403,109447,109485,bottom,87.8,81.82,94.74,34.0,"{4923: 0.0, 4918: 18.29, 4929: 2.85}",True
4929,109461,109498,109530,top,104.35,97.3,112.5,47.51,"{4929: 0.0, 4923: 3.58, 4931: 4.2}",True
4931,109503,109531,109556,bottom,135.85,128.57,144.0,61.71,"{4929: 4.67, 4931: 0.0, 4932: 4.24}",True
4932,109530,109567,109599,top,104.35,97.3,112.5,47.51,"{4929: 18.92, 4932: 0.0, 4931: 4.38, 4933: 7.19, 4934: 3.69}",True
4933,109556,109593,109627,top,101.41,97.3,105.88,25.25,"{4932: 7.2, 4933: 0.0, 4931: 0.6, 4934: 7.53, 4935: 15.01}",True
4934,109571,109608,109640,bottom,104.35,97.3,112.5,47.51,"{4932: 4.1, 4934: 0.0, 4933: 7.8, 4935: 3.75}",True
4935,109613,109649,109681,top,105.88,100.0,112.5,39.06,"{4933: 14.98, 4935: 0.0, 4934: 4.17}",True
4936,109683,109718,109749,top,109.09,102.86,116.13,42.81,"{4936: 0.0, 4937: 7.67}",True
4937,109711,109744,109773,top,116.13,109.09,124.14,51.89,"{4937: 0.0, 4936: 7.62}",True
4938,109782,109815,109844,top,116.13,109.09,124.14,51.89,"{4938: 0.0, 4940: 4.74, 4944: 14.11}",True
4940,109812,109847,109877,bottom,110.77,102.86,120.0,57.14,"{4940: 0.0, 4938: 4.98, 4944: 7.11, 4948: 3.78, 4949: 0.76}",True
4944,109829,109862,109891,top,116.13,109.09,124.14,51.89,"{4944: 0.0, 4940: 7.6, 4938: 14.11, 4948: 6.76, 4949: 14.59}",True
4948,109853,109883,109909,top,128.57,120.0,138.46,71.01,"{4944: 6.71, 4948: 0.0, 4940: 4.35, 4949: 8.64}",True
4949,109876,109912,109944,top,105.88,100.0,112.5,39.06,"{4944: 14.63, 4948: 8.75, 4949: 0.0, 4940: 0.78, 4950: 4.31, 4951: 12.05}",True
4950,109912,109948,109979,bottom,107.46,100.0,116.13,52.03,"{4950: 0.0, 4949: 4.74, 4951: 8.51}",True
4951,109921,109952,109981,top,120.0,116.13,124.14,27.62,"{4949: 11.99, 4951: 0.0, 4950: 8.83}",True
4952,110062,110093,110121,top,122.03,116.13,128.57,44.44,{4952: 0.0},True
4956,110146,110177,110203,top,126.32,116.13,138.46,85.89,{4956: 0.0},True
4958,110246,110280,110311,bottom,110.77,105.88,116.13,33.05,{4958: 0.0},True
4959,110497,110533,110564,top,107.46,100.0,116.13,52.03,"{4959: 0.0, 4960: 1.9, 4961: 9.3}",True
4960,110509,110539,110566,top,126.32,120.0,133.33,49.38,"{4959: 1.85, 4960: 0.0, 4961: 7.93}",True
4961,110532,110565,110594,top,116.13,109.09,124.14,51.89,"{4961: 0.0, 4959: 9.25, 4960: 7.97}",True
4963,110601,110643,110679,bottom,92.31,85.71,100.0,39.68,"{4963: 0.0, 4964: 4.77, 4965: 1.72}",True
4964,110641,110678,110710,top,104.35,97.3,112.5,47.51,"{4963: 5.49, 4964: 0.0, 4965: 7.37, 4966: 12.46}",True
4965,110666,110706,110742,top,94.74,90.0,100.0,27.78,"{4964: 7.4, 4965: 0.0, 4963: 2.16, 4966: 3.14, 4967: 14.83, 4968: 15.95}",True
4966,110691,110718,110743,top,138.46,133.33,144.0,42.67,"{4965: 3.08, 4964: 12.34, 4966: 0.0, 4967: 13.69, 4968: 15.01}",True
4967,110728,110759,110786,top,124.14,116.13,133.33,63.72,"{4965: 14.7, 4966: 13.74, 4967: 0.0, 4968: 2.28}",True
4968,110731,110768,110799,top,105.88,97.3,116.13,60.75,"{4965: 15.9, 4966: 15.12, 4968: 0.0, 4967: 2.38}",True
4969,110829,110862,110891,top,116.13,109.09,124.14,51.89,{4969: 0.0},True
4970,110912,110946,110976,top,112.5,105.88,120.0,47.06,"{4970: 0.0, 4971: 4.54, 4972: 15.38}",True
4971,110933,110960,110984,top,141.18,133.33,150.0,69.44,"{4970: 4.42, 4971: 0.0, 4972: 12.34}",True
4972,110964,110999,111030,top,109.09,102.86,116.13,42.81,"{4970: 15.4, 4971: 12.48, 4972: 0.0, 4973: 17.21}",True
4973,111024,111059,111091,top,107.46,102.86,112.5,30.13,"{4972: 17.21, 4973: 0.0}",True
4974,111167,111205,111238,top,101.41,94.74,109.09,43.5,"{4974: 0.0, 4979: 15.66}",True
4979,111227,111258,111286,top,122.03,116.13,128.57,44.44,"{4979: 0.0, 4974: 15.58, 4988: 4.47}",True
4988,111270,,,bottom,,,,,{},False
5004,111296,111324,111349,top,135.85,128.57,144.0,61.71,"{5004: 0.0, 5009: 15.55, 5011: 18.1}",True
5009,111340,111368,111394,top,133.33,128.57,138.46,38.04,"{5009: 0.0, 5004: 15.56, 5011: 3.69}",True
5011,111347,111380,111409,top,116.13,109.09,124.14,51.89,"{5009: 3.73, 5011: 0.0, 5004: 18.14, 5012: 15.25}",True
5012,111398,111430,111460,top,116.13,112.5,120.0,25.0,"{5011: 15.25, 5012: 0.0, 5013: 6.81}",True
5013,111410,111450,111485,bottom,96.0,90.0,102.86,36.73,"{5011: 0.49, 5013: 0.0, 5012: 7.03}",True
5014,111518,111547,111574,top,128.57,124.14,133.33,34.06,"{5014: 0.0, 5015: 8.01}",True
5015,111521,111561,111594,bottom,98.63,90.0,109.09,57.85,"{5015: 0.0, 5014: 8.14}",True
5016,111626,111661,111692,bottom,109.09,102.86,116.13,42.81,{5016: 0.0},True
5018,111739,111770,111797,top,124.14,116.13,133.33,63.72,"{5018: 0.0, 5019: 3.44}",True
5019,111746,111782,111813,top,107.46,100.0,116.13,52.03,"{5019: 0.0, 5018: 3.52}",True
5020,111815,111846,111873,top,124.14,116.13,133.33,63.72,"{5020: 0.0, 5023: 4.88}",True
5023,111843,111873,111900,bottom,126.32,120.0,133.33,49.38,"{5023: 0.0, 5020: 5.2, 5025: 16.92}",True
5025,111895,111927,111955,bottom,120.0,112.5,128.57,57.4,"{5025: 0.0, 5023: 16.98, 5026: 5.29}",True
5026,111921,111952,111979,top,124.14,116.13,133.33,63.72,"{5025: 5.79, 5026: 0.0}",True
5027,111986,112020,112049,bottom,114.29,105.88,124.14,62.95,{5027: 0.0},True
5031,112090,112129,112163,bottom,98.63,92.31,105.88,39.93,{5031: 0.0},True
5032,112226,112256,112282,top,128.57,120.0,138.46,71.01,{5032: 0.0},True
5033,112294,112323,112348,top,133.33,124.14,144.0,79.45,{5033: 0.0},True
5034,112567,112613,112653,bottom,83.72,78.26,90.0,29.35,"{5034: 0.0, 5035: 14.72, 5036: 1.74}",True
5035,112635,112680,112720,bottom,84.71,80.0,90.0,25.0,"{5035: 0.0, 5034: 14.69, 5036: 8.47, 5037: 4.31, 5039: 3.85, 5040: 14.76}",True
5036,112640,112673,112701,top,118.03,109.09,128.57,69.57,"{5035: 8.13, 5036: 0.0, 5034: 2.42, 5037: 5.17, 5039: 16.39}",True
5037,112667,112697,112724,bottom,126.32,120.0,133.33,49.38,"{5036: 5.69, 5035: 4.03, 5037: 0.0, 5039: 5.41, 5040: 12.66}",True
5039,112694,112720,112744,top,144.0,138.46,150.0,48.08,"{5036: 16.27, 5039: 0.0, 5037: 5.64, 5035: 4.87, 5040: 6.88}",True
5040,112702,112746,112784,bottom,87.8,81.82,94.74,34.0,"{5036: 0.45, 5040: 0.0, 5039: 6.79, 5037: 12.83, 5035: 14.68, 5042: 10.71}",True
5042,112749,112795,112834,bottom,84.71,78.26,92.31,36.02,"{5042: 0.0, 5040: 10.74, 5043: 5.91}",True
5043,112789,112817,112841,bottom,138.46,128.57,150.0,89.29,"{5042: 5.49, 5043: 0.0}",True
5046,112856,112886,112913,top,126.32,120.0,133.33,49.38,{5046: 0.0},True
5047,112978,113018,113053,bottom,96.0,90.0,102.86,36.73,"{5047: 0.0, 5048: 12.53}",True
5048,113029,113068,113100,bottom,101.41,92.31,112.5,63.1,"{5048: 0.0, 5047: 12.49, 5049: 5.91}",True
5049,113058,113088,113115,bottom,126.32,120.0,133.33,49.38,"{5049: 0.0, 5048: 5.78, 5050: 16.09}",True
5050,113106,113146,113181,bottom,96.0,90.0,102.86,36.73,"{5050: 0.0, 5049: 16.27}",True
5051,113182,113221,113260,bottom,92.31,92.31,92.31,,"{5051: 0.0, 5050: 18.99, 5052: 8.32, 5053: 2.18}",True
5052,113183,113211,113236,top,135.85,128.57,144.0,61.71,"{5051: 8.23, 5050: 0.93, 5052: 0.0, 5053: 5.66}",True
5053,113202,113230,113256,bottom,133.33,128.57,138.46,38.04,"{5053: 0.0, 5052: 5.86, 5051: 2.18}",True
5054,113307,113343,113375,bottom,105.88,100.0,112.5,39.06,"{5054: 0.0, 5055: 6.73}",True
5055,113330,113360,113387,top,126.32,120.0,133.33,49.38,"{5054: 7.46, 5055: 0.0}",True
5056,113430,113461,113489,top,122.03,116.13,128.57,44.44,"{5056: 0.0, 5057: 3.62, 5058: 11.05, 5059: 17.44}",True
5057,113462,,113532,bottom,102.86,,,,{},True
5058,113465,113495,113521,top,128.57,120.0,138.46,71.01,"{5056: 11.02, 5057: 9.97, 5058: 0.0, 5059: 6.96, 5060: 10.1}",True
5059,113484,113516,113545,top,118.03,112.5,124.14,40.13,"{5056: 17.44, 5058: 6.99, 5059: 0.0, 5057: 7.0, 5060: 2.79, 5062: 17.9}",True
5060,113494,113525,113552,top,124.14,116.13,133.33,63.72,"{5058: 10.11, 5059: 2.76, 5060: 0.0, 5057: 5.9, 5062: 15.61}",True
5062,113541,113573,113601,top,120.0,112.5,128.57,57.4,"{5059: 17.91, 5060: 15.61, 5062: 0.0, 5063: 4.99}",True
5063,113568,113604,113635,bottom,107.46,100.0,116.13,52.03,"{5063: 0.0, 5062: 5.07}",True
5066,113635,113663,113689,top,133.33,128.57,138.46,38.04,"{5066: 0.0, 5063: 0.93, 5067: 7.06, 5068: 11.03}",True
5067,113645,113680,113711,bottom,109.09,102.86,116.13,42.81,"{5067: 0.0, 5066: 7.11, 5068: 6.68, 5069: 2.02}",True
5068,113664,113698,113728,top,112.5,105.88,120.0,47.06,"{5066: 11.08, 5067: 7.44, 5068: 0.0, 5069: 9.55}",True
5069,113698,113729,113756,top,124.14,116.13,133.33,63.72,"{5069: 0.0, 5068: 9.53, 5067: 2.72, 5070: 3.65}",True
5070,113732,113765,113794,bottom,116.13,109.09,124.14,51.89,"{5069: 4.07, 5070: 0.0, 5075: 14.62, 5076: 0.86}",True
5075,113781,113814,113843,bottom,116.13,109.09,124.14,51.89,"{5070: 14.64, 5075: 0.0, 5076: 8.14, 5078: 5.91, 5089: 3.31, 5091: 2.01}",True
5076,113789,113822,113851,top,116.13,109.09,124.14,51.89,"{5076: 0.0, 5070: 1.07, 5075: 8.61, 5078: 7.75, 5089: 11.4, 5091: 11.39}",True
5078,113795,113838,113875,bottom,90.0,83.72,97.3,36.69,"{5076: 7.86, 5078: 0.0, 5070: 19.15, 5075: 6.09, 5089: 6.17, 5091: 6.25, 5095: 0.99}",True
5089,113827,113860,113890,top,114.29,109.09,120.0,36.36,"{5076: 11.4, 5078: 7.33, 5075: 4.2, 5091: 0.3, 5089: 0.0, 5095: 13.37}",True
5091,113828,113859,,top,,,,,{},False
5095,113871,113905,113934,top,114.29,105.88,124.14,62.95,"{5095: 0.0, 5078: 1.14, 5089: 13.35}",True
5096,113970,114000,114027,bottom,126.32,120.0,133.33,49.38,"{5096: 0.0, 5097: 4.97, 5101: 2.17, 5102: 3.36}",True
5097,113993,114030,114062,top,104.35,97.3,112.5,47.51,"{5096: 5.48, 5097: 0.0, 5101: 3.31, 5102: 5.11, 5110: 3.04, 5117: 18.3}",True
5098,113993,,,top,,,,,{},False
5101,114013,114041,114066,top,135.85,128.57,144.0,61.71,"{5096: 2.96, 5097: 3.19, 5101: 0.0, 5102: 0.05, 5110: 4.13, 5117: 16.95}",True
5102,114014,,,top,,,,,{},False
5110,114042,114071,114098,bottom,128.57,124.14,133.33,34.06,"{5110: 0.0, 5097: 3.47, 5101: 4.27, 5117: 5.84, 5120: 11.4, 5119: 13.66}",True
5117,114060,114097,114130,top,102.86,97.3,109.09,35.74,"{5097: 18.27, 5117: 0.0, 5110: 5.99, 5101: 17.06, 5120: 7.8, 5119: 6.61, 5122: 10.9, 5124: 12.12}",True
5120,114076,114107,114134,bottom,124.14,116.13,133.33,63.72,"{5117: 8.34, 5110: 11.43, 5120: 0.0, 5119: 3.41, 5122: 5.3, 5124: 4.43}",True
5119,114080,114120,114154,bottom,97.3,90.0,105.88,46.71,"{5119: 0.0, 5117: 6.8, 5110: 13.82, 5120: 3.56, 5122: 7.26, 5124: 6.52}",True
5122,114102,114136,114164,top,116.13,105.88,128.57,81.03,"{5117: 10.85, 5122: 0.0, 5119: 7.93, 5120: 5.54, 5124: 1.55}",True
5124,114106,114141,114172,top,109.09,102.86,116.13,42.81,"{5117: 12.09, 5124: 0.0, 5122: 1.59, 5119: 7.14, 5120: 4.65}",True
5127,114224,114259,114290,top,109.09,102.86,116.13,42.81,"{5127: 0.0, 5128: 0.74}",True
5128,114227,114257,114284,top,126.32,120.0,133.33,49.38,"{5128: 0.0, 5127: 0.69}",True
5129,114296,114331,114361,top,110.77,102.86,120.0,57.14,"{5129: 0.0, 5130: 0.99, 5131: 11.74}",True
5130,114305,114333,114359,top,133.33,128.57,138.46,38.04,"{5129: 0.99, 5130: 0.0, 5131: 12.11}",True
5131,114339,114369,114396,top,126.32,120.0,133.33,49.38,"{5129: 11.66, 5130: 12.14, 5131: 0.0}",True
5132,114401,114436,114467,top,109.09,102.86,116.13,42.81,{5132: 0.0},True
5133,114501,114545,114584,bottom,86.75,81.82,92.31,26.9,"{5133: 0.0, 5137: 1.81, 5138: 14.43}",True
5137,114569,114605,114636,top,107.46,100.0,116.13,52.03,"{5133: 2.37, 5137: 0.0, 5138: 9.34, 5146: 3.61, 5151: 5.59, 5161: 0.92}",True
5138,114569,114603,114634,bottom,110.77,105.88,116.13,33.05,"{5133: 14.33, 5137: 9.07, 5138: 0.0, 5146: 7.24, 5151: 8.07, 5161: 17.46}",True
5139,114570,,,top,,,,,{},False
5146,114585,114618,114645,top,120.0,109.09,133.33,89.79,"{5137: 3.56, 5133: 0.56, 5146: 0.0, 5138: 7.9, 5151: 7.36, 5161: 2.44}",True
5151,114596,114631,,bottom,,,,,{},False
5161,114629,114671,114708,bottom,91.14,85.71,97.3,31.31,"{5137: 1.15, 5161: 0.0, 5138: 17.63, 5146: 2.43, 5151: 10.08, 5136: 15.23, 5165: 5.83, 5158: 11.01, 5166: 2.56, 5167: 17.54}",True
5136,114644,,,top,,,,,{},False
5165,114663,114700,114732,top,104.35,97.3,112.5,47.51,"{5161: 6.28, 5165: 0.0, 5158: 0.15, 5166: 6.26, 5167: 3.9, 5168: 1.59}",True
5158,114663,,,top,,,,,{},False
5166,114690,114721,114748,top,124.14,116.13,133.33,63.72,"{5165: 6.18, 5166: 0.0, 5161: 3.15, 5167: 6.73, 5168: 4.08, 5169: 13.44}",True
5167,114704,114738,114769,bottom,110.77,105.88,116.13,33.05,"{5167: 0.0, 5166: 6.96, 5165: 4.19, 5161: 17.43, 5168: 5.63, 5169: 5.37}",True
5168,114719,114761,114798,bottom,91.14,85.71,97.3,31.31,"{5165: 1.9, 5166: 4.36, 5167: 5.73, 5168: 0.0, 5169: 8.88}",True
5169,114731,114765,114795,top,112.5,105.88,120.0,47.06,"{5165: 18.31, 5166: 13.49, 5169: 0.0, 5168: 8.33, 5167: 5.97}",True
5175,114826,114866,114898,bottom,100.0,90.0,112.5,70.31,"{5175: 0.0, 5178: 4.79, 5177: 10.03, 5180: 1.89}",True
5177,114866,114904,114936,bottom,102.86,94.74,112.5,55.51,"{5178: 8.06, 5175: 10.05, 5177: 0.0, 5180: 6.52}",True
5178,114867,114898,114926,top,122.03,116.13,128.57,44.44,"{5178: 0.0, 5175: 5.43, 5177: 7.82, 5180: 4.94, 5181: 1.22}",True
5180,114883,114914,114941,top,124.14,116.13,133.33,63.72,"{5180: 0.0, 5178: 4.93, 5177: 6.94, 5175: 2.87, 5181: 2.49, 5182: 1.41, 5179: 18.31}",True
5181,114924,114968,115004,bottom,90.0,81.82,100.0,50.51,"{5180: 2.69, 5181: 0.0, 5178: 0.53, 5182: 1.18, 5177: 16.4, 5179: 15.81}",True
5182,114931,114965,114993,bottom,116.13,105.88,128.57,81.03,"{5180: 1.89, 5181: 1.07, 5182: 0.0, 5177: 17.19, 5179: 16.45}",True
5179,114938,,,top,,,,,{},False
5183,115012,115041,115068,top,128.57,124.14,133.33,34.06,"{5183: 0.0, 5191: 1.63}",True
5191,115057,115097,115131,bottom,97.3,90.0,105.88,46.71,"{5183: 1.9, 5191: 0.0, 5196: 3.16, 5202: 3.61, 5203: 9.38, 5204: 10.15}",True
5196,115068,,,bottom,,,,,{},False
5202,115070,,,bottom,,,,,{},False
5203,115099,115129,115156,bottom,126.32,120.0,133.33,49.38,"{5191: 9.23, 5203: 0.0, 5204: 0.01}",True
5204,115100,,,bottom,,,,,{},False
5209,115321,115365,115401,bottom,90.0,81.82,100.0,50.51,"{5209: 0.0, 5210: 8.56, 5211: 1.22, 5212: 7.59, 5213: 4.87, 5214: 0.89}",True
5210,115325,115357,115384,top,122.03,112.5,133.33,77.16,"{5210: 0.0, 5209: 8.08, 5211: 8.29, 5212: 3.63, 5213: 13.42}",True
5211,115330,115363,115392,bottom,116.13,109.09,124.14,51.89,"{5210: 8.73, 5211: 0.0, 5209: 1.15, 5212: 9.08, 5213: 3.88}",True
5212,115359,115394,115425,bottom,109.09,102.86,116.13,42.81,"{5210: 4.03, 5212: 0.0, 5209: 7.47, 5211: 9.14, 5213: 8.6, 5214: 4.53, 5215: 15.47}",True
5213,115367,115398,115426,top,122.03,116.13,128.57,44.44,"{5210: 13.42, 5212: 8.76, 5213: 0.0, 5211: 4.2, 5209: 5.61, 5214: 8.7, 5215: 2.02}",True
5214,115396,115424,115448,top,138.46,128.57,150.0,89.29,"{5213: 8.66, 5214: 0.0, 5212: 5.33, 5209: 1.59, 5215: 5.66}",True
5215,115412,115455,115491,bottom,91.14,83.72,100.0,45.22,"{5213: 2.15, 5215: 0.0, 5212: 15.59, 5214: 5.87}",True
5228,115491,,,top,,,,,{},False
5229,115508,115554,115594,bottom,83.72,78.26,90.0,29.35,"{5229: 0.0, 5230: 6.2}",True
5230,115551,115580,115606,top,130.91,124.14,138.46,55.09,"{5230: 0.0, 5229: 7.09, 5231: 1.15}",True
5231,115598,115630,115658,bottom,120.0,112.5,128.57,57.4,"{5230: 1.45, 5231: 0.0, 5232: 8.27, 5234: 13.97}",True
5232,115619,115661,,bottom,,,,,{},False
5234,115642,115678,115709,bottom,107.46,100.0,116.13,52.03,"{5231: 14.05, 5232: 4.53, 5234: 0.0}",True
5241,115746,115788,115823,bottom,93.51,85.71,102.86,48.98,"{5241: 0.0, 5242: 8.86, 5249: 3.76}",True
5242,115754,115787,115817,top,114.29,109.09,120.0,36.36,"{5241: 8.45, 5242: 0.0, 5249: 17.44}",True
5249,115810,,,top,,,,,{},False
5250,115937,115967,115993,top,128.57,120.0,138.46,71.01,{5250: 0.0},True
5251,116009,116045,116076,bottom,107.46,100.0,116.13,52.03,"{5251: 0.0, 5254: 12.68}",True
5254,116054,116092,116123,bottom,104.35,94.74,116.13,69.01,"{5251: 12.7, 5254: 0.0, 5259: 6.74}",True
5259,116077,116108,116135,top,124.14,116.13,133.33,63.72,"{5254: 7.62, 5259: 0.0, 5251: 0.86}",True
5262,116149,116187,116219,bottom,102.86,94.74,112.5,55.51,"{5262: 0.0, 5263: 8.47, 5264: 1.08}",True
5263,116165,116193,116217,top,138.46,128.57,150.0,89.29,"{5262: 8.09, 5263: 0.0, 5264: 17.01}",True
5264,116211,116242,116268,top,126.32,116.13,138.46,85.89,"{5263: 17.06, 5262: 1.89, 5264: 0.0}",True
5268,116334,116367,116397,top,114.29,109.09,120.0,36.36,"{5268: 0.0, 5269: 5.98, 5270: 4.33, 5272: 3.0}",True
5269,116354,116387,116416,top,116.13,109.09,124.14,51.89,"{5268: 5.98, 5269: 0.0, 5270: 7.6, 5272: 5.79, 5280: 13.36}",True
5270,116370,116397,116421,bottom,141.18,133.33,150.0,69.44,"{5268: 4.75, 5269: 8.21, 5270: 0.0, 5272: 4.26, 5280: 3.82, 5281: 17.01}",True
5272,116374,116415,116451,bottom,93.51,87.8,100.0,33.88,"{5268: 3.24, 5272: 0.0, 5269: 5.93, 5270: 4.46, 5280: 6.7, 5281: 9.87}",True
5280,116397,116434,116465,top,105.88,97.3,116.13,60.75,"{5268: 19.0, 5269: 13.4, 5272: 7.47, 5270: 4.05, 5280: 0.0, 5281: 6.68, 5288: 15.9}",True
5281,116415,116455,116491,bottom,94.74,90.0,100.0,27.78,"{5269: 0.49, 5281: 0.0, 5272: 9.86, 5280: 6.87, 5270: 17.23, 5288: 4.7, 5290: 12.66}",True
5282,116422,,,top,,,,,{},False
5288,116454,116490,116523,top,104.35,100.0,109.09,27.55,"{5281: 5.42, 5288: 0.0, 5272: 0.62, 5280: 15.91, 5290: 15.9, 5293: 16.17}",True
5290,116465,,,bottom,,,,,{},False
5293,116513,116549,116581,top,105.88,100.0,112.5,39.06,"{5293: 0.0, 5288: 16.15, 5294: 3.52, 5295: 2.86, 5296: 14.67}",True
5294,116531,116561,116588,top,126.32,120.0,133.33,49.38,"{5293: 3.4, 5294: 0.0, 5295: 4.44, 5296: 12.37}",True
5295,116560,116593,116622,bottom,116.13,109.09,124.14,51.89,"{5293: 3.51, 5294: 4.55, 5295: 0.0, 5296: 7.97}",True
5296,116566,116602,,top,,,,,{},False
5302,116636,,,bottom,,,,,{},False
5303,116729,116768,116802,bottom,98.63,92.31,105.88,39.93,"{5303: 0.0, 5304: 5.01}",True
5304,116771,116796,116819,top,150.0,144.0,156.52,54.44,"{5304: 0.0, 5303: 5.91}",True
5305,116864,116901,116933,bottom,104.35,97.3,112.5,47.51,"{5305: 0.0, 5306: 0.02, 5312: 6.42, 5317: 10.17}",True
5306,116865,,,bottom,,,,,{},False
5312,116890,116921,116948,top,124.14,116.13,133.33,63.72,"{5312: 0.0, 5305: 6.99, 5317: 7.15, 5319: 17.27}",True
5317,116907,116933,116957,bottom,144.0,138.46,150.0,48.08,"{5312: 7.4, 5317: 0.0, 5305: 9.93, 5319: 2.57}",True
5319,116943,116972,116998,top,130.91,124.14,138.46,55.09,"{5319: 0.0, 5312: 17.24, 5317: 2.89, 5320: 4.04}",True
5320,116972,117010,117044,bottom,100.0,94.74,105.88,32.78,"{5319: 4.18, 5320: 0.0}",True
5322,117044,117077,117107,top,114.29,109.09,120.0,36.36,"{5322: 0.0, 5320: 0.62, 5324: 7.76, 5329: 1.73}",True
5324,117052,117090,117123,bottom,101.41,94.74,109.09,43.5,"{5324: 0.0, 5322: 7.99, 5329: 11.85, 5330: 0.8}",True
5329,117096,117134,117167,bottom,101.41,94.74,109.09,43.5,"{5329: 0.0, 5322: 1.87, 5324: 11.83, 5330: 6.94, 5331: 4.86}",True
5330,117121,117151,117177,top,128.57,120.0,138.46,71.01,"{5329: 7.68, 5330: 0.0, 5324: 1.2, 5331: 4.6, 5332: 15.12}",True
5331,117131,117167,117198,top,107.46,100.0,116.13,52.03,"{5329: 5.45, 5331: 0.0, 5330: 4.72, 5332: 8.95, 5333: 1.54}",True
5332,117166,117196,117224,top,124.14,120.0,128.57,30.61,"{5331: 8.85, 5330: 15.12, 5329: 0.93, 5332: 0.0, 5333: 5.74}",True
5333,117186,117223,117255,bottom,104.35,97.3,112.5,47.51,"{5331: 2.07, 5332: 5.79, 5333: 0.0}",True
5335,117276,117304,117330,top,133.33,128.57,138.46,38.04,"{5335: 0.0, 5336: 9.16}",True
5336,117299,117335,117366,top,107.46,100.0,116.13,52.03,"{5336: 0.0, 5335: 9.28}",True
5339,117389,117430,117464,bottom,96.0,87.8,105.88,53.17,"{5339: 0.0, 5341: 2.9}",True
5341,117399,,,bottom,,,,,{},False
5342,117485,117512,117538,top,135.85,133.33,138.46,19.72,"{5342: 0.0, 5345: 4.37, 5350: 2.58, 5354: 17.79}",True
5345,117512,117542,117570,bottom,124.14,120.0,128.57,30.61,"{5345: 0.0, 5342: 4.49, 5350: 5.37, 5354: 5.54, 5353: 12.24}",True
5350,117522,117564,117600,bottom,92.31,85.71,100.0,39.68,"{5350: 0.0, 5342: 2.52, 5345: 5.5, 5354: 8.69, 5353: 6.57}",True
5354,117535,117568,117598,top,114.29,109.09,120.0,36.36,"{5350: 8.38, 5354: 0.0, 5342: 17.84, 5345: 5.8, 5353: 15.1}",True
5353,117548,,,bottom,,,,,{},False
5359,117651,117692,117729,bottom,92.31,87.8,97.3,25.66,"{5359: 0.0, 5360: 6.03, 5361: 13.2}",True
5360,117691,117717,117742,top,141.18,138.46,144.0,22.15,"{5360: 0.0, 5359: 6.8, 5361: 5.77}",True
5361,117706,117748,117785,bottom,91.14,85.71,97.3,31.31,"{5361: 0.0, 5360: 5.73, 5359: 13.24, 5362: 1.99}",True
5362,117771,117800,117827,top,128.57,124.14,133.33,34.06,"{5362: 0.0, 5361: 2.87}",True
5364,117834,117857,117878,top,163.64,156.52,171.43,70.98,"{5364: 0.0, 5365: 4.52, 5366: 2.11}",True
5365,117854,117899,117936,bottom,87.8,80.0,97.3,46.75,"{5365: 0.0, 5364: 4.39, 5366: 1.47}",True
5366,117867,117898,117926,bottom,122.03,116.13,128.57,44.44,"{5366: 0.0, 5364: 2.19, 5365: 1.39}",True
5367,117965,117988,118009,top,163.64,156.52,171.43,70.98,"{5367: 0.0, 5369: 6.99, 5371: 15.65}",True
5369,117971,118018,118058,bottom,82.76,76.6,90.0,33.51,"{5369: 0.0, 5367: 6.79, 5371: 0.02, 5382: 18.16}",True
5371,117972,,,bottom,,,,,{},False
5382,118057,118087,118114,bottom,126.32,120.0,133.33,49.38,"{5382: 0.0, 5369: 17.85, 5384: 13.87, 5385: 14.58}",True
5384,118100,118129,118156,bottom,128.57,124.14,133.33,34.06,"{5384: 0.0, 5385: 2.53, 5382: 13.84}",True
5385,118100,118141,118176,bottom,94.74,87.8,102.86,43.01,"{5384: 2.66, 5385: 0.0, 5382: 14.73}",True
5388,118188,118229,,bottom,,,,,{},False
5389,118194,118227,118258,bottom,112.5,109.09,116.13,22.7,"{5389: 0.0, 5388: 0.61, 5390: 6.57, 5391: 5.93}",True
5390,118212,118252,118284,bottom,100.0,90.0,112.5,70.31,"{5390: 0.0, 5389: 6.61, 5388: 6.04, 5391: 8.29, 5394: 0.64, 5395: 18.11}",True
5391,118222,118249,118274,top,138.46,133.33,144.0,42.67,"{5390: 7.98, 5391: 0.0, 5388: 4.89, 5389: 6.17}",True
5394,118279,118309,118335,top,128.57,120.0,138.46,71.01,"{5390: 1.39, 5394: 0.0, 5395: 8.11}",True
5395,118281,118323,118360,bottom,91.14,85.71,97.3,31.31,"{5395: 0.0, 5390: 18.17, 5394: 8.17}",True
5396,118406,118440,118469,top,114.29,105.88,124.14,62.95,"{5396: 0.0, 5397: 8.05}",True
5397,118437,118464,118488,top,141.18,133.33,150.0,69.44,"{5396: 7.95, 5397: 0.0, 5398: 14.01}",True
5398,118473,118509,118540,top,107.46,100.0,116.13,52.03,"{5398: 0.0, 5397: 14.13, 5399: 16.3}",True
5399,118531,118568,118601,top,102.86,97.3,109.09,35.74,"{5398: 16.32, 5399: 0.0, 5400: 3.22, 5402: 13.37}",True
5400,118576,118624,118663,bottom,82.76,75.0,92.31,44.38,"{5400: 0.0, 5399: 3.29, 5402: 8.87, 5403: 7.97, 5406: 2.01}",True
5402,118580,118620,118655,top,96.0,90.0,102.86,36.73,"{5400: 8.65, 5402: 0.0, 5399: 13.4, 5403: 4.04, 5406: 16.39}",True
5403,118603,118634,118662,top,122.03,116.13,128.57,44.44,"{5400: 7.8, 5402: 3.93, 5403: 0.0, 5406: 14.05}",True
5406,118646,118681,118713,top,107.46,102.86,112.5,30.13,"{5400: 3.0, 5403: 14.1, 5402: 16.38, 5406: 0.0}",True
5414,118775,118822,118861,bottom,83.72,76.6,92.31,40.29,"{5414: 0.0, 5415: 8.39, 5417: 7.96}",True
5415,118783,118817,118845,top,116.13,105.88,128.57,81.03,"{5414: 8.06, 5415: 0.0, 5417: 7.24}",True
5417,118814,118837,118859,top,160.0,156.52,163.64,32.34,"{5415: 7.08, 5417: 0.0, 5414: 7.44}",True
5419,118870,118900,118927,bottom,126.32,120.0,133.33,49.38,"{5419: 0.0, 5420: 4.84, 5421: 13.98}",True
5420,118900,118925,118948,top,150.0,144.0,156.52,54.44,"{5420: 0.0, 5419: 5.11, 5421: 6.42}",True
5421,118911,118948,118979,bottom,105.88,97.3,116.13,60.75,"{5420: 6.38, 5421: 0.0, 5419: 14.08, 5422: 13.32}",True
5422,118960,118993,119021,bottom,118.03,109.09,128.57,69.57,"{5422: 0.0, 5421: 13.3, 5423: 5.42, 5424: 0.61}",True
5423,118986,119019,119048,top,116.13,109.09,124.14,51.89,"{5423: 0.0, 5422: 5.71, 5424: 9.26, 5426: 3.65, 5427: 12.66}",True
5424,119017,119048,119075,top,124.14,116.13,133.33,63.72,"{5423: 9.23, 5424: 0.0, 5422: 0.99, 5426: 8.09, 5427: 4.07}",True
5426,119023,119055,119083,bottom,120.0,112.5,128.57,57.4,"{5423: 4.14, 5426: 0.0, 5424: 8.56, 5427: 8.56}",True
5427,119026,119062,119093,top,107.46,100.0,116.13,52.03,"{5423: 12.7, 5427: 0.0, 5426: 8.77, 5424: 4.17, 5430: 0.49}",True
5430,119089,119121,119148,bottom,122.03,112.5,133.33,77.16,"{5427: 1.17, 5430: 0.0, 5431: 17.19}",True
5431,119143,119186,119222,bottom,91.14,83.72,100.0,45.22,"{5430: 17.34, 5431: 0.0, 5432: 8.34, 5442: 12.69}",True
5432,119168,119195,119219,top,141.18,133.33,150.0,69.44,"{5431: 7.66, 5432: 0.0, 5442: 3.22}",True
5442,119198,119238,119275,bottom,93.51,90.0,97.3,19.72,"{5432: 3.5, 5442: 0.0, 5431: 12.69, 5438: 8.53, 5446: 9.41, 5448: 16.56}",True
5438,119231,,,bottom,,,,,{},False
5446,119234,,,bottom,,,,,{},False
5448,119266,119304,119336,bottom,102.86,94.74,112.5,55.51,"{5448: 0.0, 5442: 16.49, 5449: 7.64, 5450: 15.08}",True
5449,119280,119314,119345,top,110.77,105.88,116.13,33.05,"{5449: 0.0, 5448: 8.4, 5450: 3.18}",True
5450,119324,119356,119384,bottom,120.0,112.5,128.57,57.4,"{5450: 0.0, 5449: 3.53, 5448: 14.93}",True
5453,119385,119417,119446,bottom,118.03,112.5,124.14,40.13,"{5453: 0.0, 5450: 19.09, 5454: 9.73}",True
5454,119412,119456,119494,bottom,87.8,81.82,94.74,34.0,"{5454: 0.0, 5453: 9.9, 5459: 11.6}",True
5459,119463,119507,119544,bottom,88.89,81.82,97.3,41.84,"{5454: 11.61, 5459: 0.0}",True
5469,119580,119632,119674,bottom,76.6,69.23,85.71,39.25,"{5469: 0.0, 5470: 4.57}",True
5470,119640,119671,119698,top,124.14,116.13,133.33,63.72,"{5469: 5.69, 5470: 0.0, 5471: 3.44, 5474: 14.09}",True
5471,119673,119721,119763,bottom,80.0,75.0,85.71,25.51,"{5469: 18.4, 5470: 3.66, 5471: 0.0, 5474: 8.26, 5481: 13.89}",True
5474,119683,119716,119744,top,118.03,109.09,128.57,69.57,"{5474: 0.0, 5470: 14.11, 5471: 7.78}",True
5481,119745,119776,119804,bottom,122.03,116.13,128.57,44.44,"{5474: 0.84, 5481: 0.0, 5471: 13.51}",True
5486,119961,119989,120014,top,135.85,128.57,144.0,61.71,"{5485: 0.04, 5486: 0.0}",True
5485,119961,,,top,,,,,{},False
5491,120074,120105,120132,top,124.14,116.13,133.33,63.72,"{5491: 0.0, 5492: 7.04}",True
5492,120085,120119,120150,bottom,110.77,105.88,116.13,33.05,"{5491: 7.46, 5492: 0.0}",True
5499,120164,120194,120221,top,126.32,120.0,133.33,49.38,{5499: 0.0},True
5502,120280,,,top,,,,,{},False
5510,120312,120341,120367,top,130.91,124.14,138.46,55.09,{5510: 0.0},True
5513,120387,120419,120448,bottom,118.03,112.5,124.14,40.13,{5513: 0.0},True
5519,120450,120498,120543,bottom,77.42,75.0,80.0,11.11,"{5519: 0.0, 5513: 19.62, 5520: 6.05}",True
5520,120476,120526,120568,bottom,78.26,72.0,85.71,32.65,"{5520: 0.0, 5519: 6.03}",True
5525,120575,,,top,,,,,{},False
5526,120586,120616,120642,top,128.57,120.0,138.46,71.01,{5526: 0.0},True
5527,120718,120766,120806,bottom,81.82,75.0,90.0,37.5,"{5527: 0.0, 5528: 8.02, 5530: 3.11, 5529: 1.93, 5536: 7.87}",True
5528,120718,120746,120771,top,135.85,128.57,144.0,61.71,"{5527: 7.9, 5528: 0.0, 5529: 6.46, 5530: 12.42, 5536: 12.86}",True
5529,120733,120762,120789,bottom,128.57,124.14,133.33,34.06,"{5527: 1.83, 5528: 6.61, 5530: 0.01, 5529: 0.0, 5536: 6.13}",True
5530,120733,,,bottom,,,,,{},False
5536,120754,120781,120805,top,141.18,133.33,150.0,69.44,"{5527: 7.67, 5528: 12.86, 5536: 0.0, 5529: 6.53}",True
5542,120822,120853,120881,bottom,122.03,116.13,128.57,44.44,{5542: 0.0},True
5543,120908,120937,120964,top,128.57,124.14,133.33,34.06,"{5543: 0.0, 5544: 5.58}",True
5544,120927,120965,120999,bottom,100.0,94.74,105.88,32.78,"{5544: 0.0, 5543: 5.61}",True
5546,121002,121037,121068,bottom,109.09,102.86,116.13,42.81,{5546: 0.0},True
5547,121136,121173,121205,top,104.35,97.3,112.5,47.51,"{5547: 0.0, 5548: 4.24, 5549: 10.64, 5550: 0.97}",True
5548,121152,121188,121219,top,107.46,100.0,116.13,52.03,"{5548: 0.0, 5547: 4.23, 5549: 6.36, 5550: 2.79}",True
5549,121176,121210,121241,top,110.77,105.88,116.13,33.05,"{5549: 0.0, 5547: 10.6, 5548: 6.33, 5550: 5.33, 5551: 13.26}",True
5550,121198,,,bottom,,,,,{},False
5551,121221,121256,121287,top,109.09,102.86,116.13,42.81,"{5549: 13.26, 5551: 0.0, 5550: 9.9, 5552: 14.7}",True
5552,121270,,,top,,,,,{},False
5554,121346,121384,121416,bottom,102.86,94.74,112.5,55.51,"{5554: 0.0, 5555: 2.92}",True
5555,121396,121429,121457,top,118.03,109.09,128.57,69.57,"{5555: 0.0, 5554: 3.55, 5556: 13.49, 5558: 17.06, 5557: 16.95}",True
5556,121438,121479,121514,top,94.74,87.8,102.86,43.01,"{5556: 0.0, 5555: 13.59, 5558: 3.31, 5557: 1.33, 5560: 5.74}",True
5557,121452,121483,121511,top,122.03,116.13,128.57,44.44,"{5556: 1.34, 5555: 16.95, 5558: 0.21, 5557: 0.0, 5560: 6.84}",True
5558,121452,,,top,,,,,{},False
5560,121461,,,bottom,,,,,{},False
5565,121537,121579,121614,top,93.51,85.71,102.86,48.98,"{5565: 0.0, 5567: 6.64, 5566: 14.71}",True
5567,121571,121602,121630,top,122.03,116.13,128.57,44.44,"{5565: 6.48, 5567: 0.0, 5566: 8.4}",True
5566,121595,,,top,,,,,{},False
5568,121645,121678,121708,bottom,114.29,109.09,120.0,36.36,"{5568: 0.0, 5569: 8.12, 5570: 2.03}",True
5569,121655,121685,121712,top,126.32,120.0,133.33,49.38,"{5569: 0.0, 5568: 8.82, 5570: 13.71}",True
5570,121695,121730,121760,top,110.77,102.86,120.0,57.14,"{5569: 13.77, 5570: 0.0, 5568: 2.35}",True
5571,121789,121818,121843,bottom,133.33,124.14,144.0,79.45,"{5571: 0.0, 5572: 12.84}",True
5572,121824,121859,121890,bottom,109.09,102.86,116.13,42.81,"{5572: 0.0, 5571: 12.98, 5573: 14.4}",True
5573,121875,121910,121941,bottom,109.09,102.86,116.13,42.81,"{5573: 0.0, 5572: 14.39, 5574: 0.71}",True
5574,121937,121974,122007,top,102.86,97.3,109.09,35.74,"{5574: 0.0, 5573: 1.01, 5575: 8.99, 5577: 16.26}",True
5575,121946,121976,122002,bottom,128.57,120.0,138.46,71.01,"{5574: 8.37, 5575: 0.0, 5577: 0.65}",True
5577,122000,122025,122048,top,150.0,144.0,156.52,54.44,"{5574: 16.0, 5577: 0.0, 5575: 0.94, 5578: 6.51, 5579: 5.3, 5582: 2.3}",True
5578,122011,122046,122078,top,107.46,102.86,112.5,30.13,"{5578: 0.0, 5577: 6.62, 5579: 8.96, 5582: 6.47, 5588: 12.74}",True
5579,122017,122048,122076,bottom,122.03,116.13,128.57,44.44,"{5578: 8.64, 5577: 5.59, 5579: 0.0, 5582: 4.87, 5588: 2.91}",True
5582,122034,122063,122090,bottom,128.57,124.14,133.33,34.06,"{5577: 2.67, 5578: 7.02, 5579: 4.86, 5582: 0.0, 5588: 5.24}",True
5588,122058,122089,122117,top,122.03,116.13,128.57,44.44,"{5578: 12.67, 5579: 3.43, 5588: 0.0, 5582: 5.71, 5599: 2.62}",True
5599,122100,122134,122163,bottom,114.29,105.88,124.14,62.95,"{5599: 0.0, 5588: 2.74, 5600: 4.45}",True
5600,122132,122167,122198,top,109.09,102.86,116.13,42.81,"{5599: 5.02, 5600: 0.0}",True
5603,122239,122268,122295,top,128.57,124.14,133.33,34.06,{5603: 0.0},True
5604,122301,122338,122372,bottom,101.41,97.3,105.88,25.25,{5604: 0.0},True
5605,122412,122443,122470,bottom,124.14,116.13,133.33,63.72,"{5605: 0.0, 5606: 7.62}",True
5606,122421,122457,122487,top,109.09,100.0,120.0,66.67,"{5606: 0.0, 5605: 7.97}",True
5607,122499,122531,122560,top,118.03,112.5,124.14,40.13,{5607: 0.0},True
5609,122589,122629,122664,bottom,96.0,90.0,102.86,36.73,"{5609: 0.0, 5610: 8.69}",True
5610,122602,122634,122662,top,120.0,112.5,128.57,57.4,"{5609: 8.38, 5610: 0.0}",True
5611,122710,122739,122764,top,133.33,124.14,144.0,79.45,"{5611: 0.0, 5612: 14.78}",True
5612,122751,122789,122821,top,102.86,94.74,112.5,55.51,"{5611: 14.9, 5612: 0.0, 5613: 12.05, 5614: 0.77}",True
5613,122801,122827,122851,top,144.0,138.46,150.0,48.08,"{5612: 11.9, 5613: 0.0, 5614: 5.52}",True
5614,122816,122861,122899,bottom,86.75,80.0,94.74,38.78,"{5612: 0.86, 5613: 5.71, 5614: 0.0, 5627: 1.07}",True
5627,122892,122920,122945,top,135.85,128.57,144.0,61.71,"{5627: 0.0, 5614: 1.9, 5629: 3.78, 5630: 14.77}",True
5629,122900,122932,122959,top,122.03,112.5,133.33,77.16,"{5627: 3.83, 5629: 0.0, 5614: 0.65, 5630: 10.42, 5631: 0.66}",True
5630,122933,122965,122993,top,120.0,112.5,128.57,57.4,"{5627: 14.83, 5629: 10.42, 5630: 0.0, 5631: 5.51}",True
5631,122956,122992,123023,bottom,107.46,100.0,116.13,52.03,"{5629: 0.77, 5630: 5.72, 5631: 0.0}",True
5632,123046,123073,123097,top,141.18,133.33,150.0,69.44,{5632: 0.0},True
5633,123123,123152,123178,top,130.91,124.14,138.46,55.09,{5633: 0.0},True
5634,123441,123464,123486,top,160.0,156.52,163.64,32.34,"{5634: 0.0, 5635: 4.27}",True
5635,123445,123478,123507,top,116.13,109.09,124.14,51.89,"{5635: 0.0, 5634: 4.39, 5636: 2.34}",True
5636,123491,123522,123549,bottom,124.14,116.13,133.33,63.72,"{5635: 2.87, 5636: 0.0, 5637: 6.08}",True
5637,123513,123542,123566,top,135.85,124.14,150.0,107.76,"{5636: 6.65, 5637: 0.0}",True
5639,123733,123766,123796,bottom,114.29,109.09,120.0,36.36,"{5639: 0.0, 5640: 7.3}",True
5640,123748,123779,123807,top,122.03,116.13,128.57,44.44,"{5639: 7.81, 5640: 0.0}",True
5641,123820,123852,123881,top,118.03,112.5,124.14,40.13,"{5641: 0.0, 5642: 6.31, 5643: 4.88}",True
5642,123840,123871,123899,bottom,122.03,116.13,128.57,44.44,"{5642: 0.0, 5641: 6.48, 5643: 3.71, 5644: 2.08}",True
5643,123846,123885,123920,bottom,97.3,92.31,102.86,30.14,"{5643: 0.0, 5641: 5.1, 5642: 3.84, 5644: 4.84}",True
5644,123886,123917,123944,top,124.14,116.13,133.33,63.72,"{5643: 5.55, 5642: 2.53, 5644: 0.0}",True
5645,123964,123994,124021,top,126.32,120.0,133.33,49.38,{5645: 0.0},True
5646,124045,124078,124107,top,116.13,109.09,124.14,51.89,{5646: 0.0},True
5648,124161,124187,124210,top,146.94,138.46,156.52,78.52,"{5648: 0.0, 5655: 1.11}",True
5655,124207,124248,124283,bottom,94.74,87.8,102.86,43.01,"{5655: 0.0, 5648: 0.83, 5656: 1.26}",True
5656,124218,124248,124276,bottom,124.14,120.0,128.57,30.61,"{5656: 0.0, 5655: 1.19}",True
5664,124340,124382,124417,bottom,93.51,85.71,102.86,48.98,"{5664: 0.0, 5665: 8.78}",True
5665,124345,124378,124407,top,116.13,109.09,124.14,51.89,"{5664: 8.4, 5665: 0.0}",True
5669,124442,124470,124495,top,135.85,128.57,144.0,61.71,{5669: 0.0},True
5670,124526,124559,124587,top,118.03,109.09,128.57,69.57,"{5670: 0.0, 5674: 7.18}",True
5671,124526,,,top,,,,,{},False
5674,124538,124574,124605,bottom,107.46,100.0,116.13,52.03,"{5674: 0.0, 5670: 7.4}",True
5686,124623,124658,124690,bottom,107.46,102.86,112.5,30.13,"{5686: 0.0, 5687: 3.0, 5688: 16.62}",True
5687,124669,124701,124729,top,120.0,112.5,128.57,57.4,"{5687: 0.0, 5686: 3.66, 5688: 6.97}",True
5688,124683,124717,124747,bottom,112.5,105.88,120.0,47.06,"{5686: 16.61, 5687: 7.08, 5688: 0.0}",True
5690,124748,124779,124808,top,120.0,116.13,124.14,27.62,"{5690: 0.0, 5688: 0.73}",True
5692,124931,124962,124989,top,124.14,116.13,133.33,63.72,{5692: 0.0},True
5694,125004,125036,125064,top,120.0,112.5,128.57,57.4,"{5694: 0.0, 5695: 5.59}",True
5695,125020,125055,125085,top,110.77,102.86,120.0,57.14,"{5694: 5.61, 5695: 0.0}",True
5708,125085,,,bottom,,,,,{},False
5709,125100,125128,125153,top,135.85,128.57,144.0,61.71,"{5709: 0.0, 5710: 8.51, 5711: 14.18}",True
5710,125124,125152,125177,top,135.85,128.57,144.0,61.71,"{5709: 8.5, 5710: 0.0, 5711: 6.42, 5712: 13.43}",True
5711,125139,125173,125202,top,114.29,105.88,124.14,62.95,"{5709: 14.26, 5710: 6.5, 5711: 0.0, 5712: 5.64}",True
5712,125162,125190,125216,top,133.33,128.57,138.46,38.04,"{5710: 13.43, 5711: 5.56, 5712: 0.0}",True
5714,125241,125273,125300,bottom,122.03,112.5,133.33,77.16,"{5714: 0.0, 5715: 6.81, 5716: 5.7}",True
5715,125259,125298,125332,bottom,98.63,92.31,105.88,39.93,"{5715: 0.0, 5714: 6.97, 5716: 9.13}",True
5716,125263,125298,125329,top,109.09,102.86,116.13,42.81,"{5715: 8.72, 5716: 0.0, 5714: 6.05}",True
5718,125372,125407,125437,bottom,110.77,102.86,120.0,57.14,"{5718: 0.0, 5719: 8.55, 5720: 7.73, 5722: 2.16}",True
5719,125384,125411,125436,top,138.46,133.33,144.0,42.67,"{5719: 0.0, 5718: 8.23, 5720: 5.73, 5722: 14.74}",True
5720,125403,125430,125460,bottom,126.32,133.33,120.0,-44.44,"{5719: 6.05, 5718: 7.67, 5720: 0.0, 5722: 5.74, 5725: 11.95}",True
5722,125423,125457,125486,top,114.29,105.88,124.14,62.95,"{5719: 14.8, 5722: 0.0, 5718: 2.51, 5720: 5.99, 5725: 6.75}",True
5725,125437,125475,125508,bottom,101.41,94.74,109.09,43.5,"{5722: 6.99, 5725: 0.0, 5718: 18.44, 5720: 12.08}",True
5729,125559,125593,125624,top,110.77,105.88,116.13,33.05,"{5729: 0.0, 5727: 4.24, 5732: 2.18}",True
5727,125572,,,top,,,,,{},False
5732,125608,125644,125674,bottom,109.09,100.0,120.0,66.67,"{5729: 2.6, 5732: 0.0}",True
5733,125609,,,bottom,,,,,{},False
5739,125674,125698,125720,top,156.52,150.0,163.64,61.98,"{5739: 0.0, 5732: 1.08, 5734: 10.27}",True
5734,125696,,,top,,,,,{},False
5741,125884,125907,125929,top,160.0,156.52,163.64,32.34,"{5741: 0.0, 5742: 3.96}",True
5742,125908,125951,125987,bottom,91.14,83.72,100.0,45.22,"{5742: 0.0, 5741: 3.81}",True
5743,126071,126113,126150,bottom,91.14,85.71,97.3,31.31,"{5743: 0.0, 5744: 2.56}",True
5744,126131,126164,126194,top,114.29,109.09,120.0,36.36,"{5744: 0.0, 5743: 3.23}",True
5747,126233,126270,126302,bottom,104.35,97.3,112.5,47.51,"{5747: 0.0, 5748: 0.82}",True
5748,126301,126330,126356,top,130.91,124.14,138.46,55.09,"{5748: 0.0, 5747: 1.11, 5749: 7.38, 5750: 3.04}",True
5749,126309,126346,126377,bottom,105.88,97.3,116.13,60.75,"{5749: 0.0, 5748: 7.54, 5750: 6.88, 5751: 15.2, 5752: 17.5}",True
5750,126336,126369,126400,bottom,112.5,109.09,116.13,22.7,"{5748: 3.47, 5750: 0.0, 5749: 6.84, 5751: 8.84, 5752: 10.85}",True
5751,126365,126402,126434,bottom,104.35,97.3,112.5,47.51,"{5751: 0.0, 5749: 15.16, 5750: 8.92, 5752: 1.13, 5758: 13.16}",True
5752,126373,126406,126435,bottom,116.13,109.09,124.14,51.89,"{5752: 0.0, 5751: 1.1, 5750: 10.83, 5749: 17.41, 5758: 12.77}",True
5758,126415,126449,126481,bottom,109.09,105.88,112.5,20.68,"{5758: 0.0, 5752: 12.79, 5751: 13.14, 5763: 11.89, 5766: 2.29}",True
5763,126456,126488,126517,bottom,118.03,112.5,124.14,40.13,"{5763: 0.0, 5758: 11.88, 5766: 8.83, 5768: 8.83}",True
5766,126461,126491,126518,top,126.32,120.0,133.33,49.38,"{5763: 8.85, 5766: 0.0, 5758: 2.43, 5768: 5.16}",True
5765,126481,,,top,,,,,{},False
5768,126483,126520,126552,bottom,104.35,97.3,112.5,47.51,"{5766: 5.4, 5768: 0.0, 5763: 8.93, 5769: 2.18}",True
5769,126538,126566,126592,top,133.33,128.57,138.46,38.04,"{5769: 0.0, 5768: 2.81, 5770: 0.82}",True
5770,126588,126629,126663,bottom,96.0,87.8,105.88,53.17,"{5769: 0.9, 5770: 0.0, 5771: 8.35}",True
5771,126594,126623,126649,top,130.91,124.14,138.46,55.09,"{5770: 8.1, 5771: 0.0}",True
5772,126735,126769,126800,top,110.77,105.88,116.13,33.05,"{5772: 0.0, 5773: 8.59}",True
5773,126743,126773,126802,bottom,122.03,120.0,124.14,14.27,"{5773: 0.0, 5772: 8.59, 5775: 18.34}",True
5775,126799,126836,126868,bottom,104.35,97.3,112.5,47.51,"{5772: 0.54, 5775: 0.0, 5773: 18.31}",True
5776,126871,126903,126932,bottom,118.03,112.5,124.14,40.13,"{5776: 0.0, 5775: 19.2, 5777: 3.11, 5778: 6.41}",True
5777,126875,126916,126950,bottom,96.0,87.8,105.88,53.17,"{5777: 0.0, 5776: 3.21, 5778: 2.33}",True
5778,126892,126924,126954,bottom,116.13,112.5,120.0,25.0,"{5777: 2.24, 5778: 0.0, 5776: 6.44, 5779: 18.28}",True
5779,126952,126993,127027,bottom,96.0,87.8,105.88,53.17,"{5777: 19.22, 5779: 0.0, 5778: 18.52, 5780: 1.25, 5781: 8.25}",True
5780,126965,126995,127023,bottom,124.14,120.0,128.57,30.61,"{5780: 0.0, 5779: 1.22, 5781: 8.59}",True
5781,126970,127000,127027,top,126.32,120.0,133.33,49.38,"{5780: 8.93, 5779: 8.25, 5781: 0.0}",True
5794,127060,127091,127118,bottom,124.14,116.13,133.33,63.72,{5794: 0.0},True
5796,127118,127146,127171,top,135.85,128.57,144.0,61.71,"{5794: 0.59, 5796: 0.0, 5797: 8.12}",True
5797,127120,127158,127191,bottom,101.41,94.74,109.09,43.5,"{5797: 0.0, 5796: 8.12}",True
5799,127212,127241,127267,top,130.91,124.14,138.46,55.09,{5799: 0.0},True
5809,127277,127310,127342,bottom,110.77,109.09,112.5,10.65,"{5809: 0.0, 5810: 17.59}",True
5810,127338,127378,127413,bottom,96.0,90.0,102.86,36.73,"{5810: 0.0, 5809: 17.67}",True
5811,127461,127496,127526,top,110.77,102.86,120.0,57.14,"{5811: 0.0, 5812: 3.94}",True
5812,127497,127541,127577,bottom,90.0,81.82,100.0,50.51,"{5812: 0.0, 5811: 4.03, 5813: 11.64, 5814: 13.91}",True
5813,127549,127589,127627,bottom,92.31,90.0,94.74,12.47,"{5812: 11.62, 5813: 0.0, 5814: 2.29, 5815: 10.68}",True
5814,127558,127598,127633,bottom,96.0,90.0,102.86,36.73,"{5812: 13.89, 5813: 2.28, 5814: 0.0, 5815: 8.34}",True
5815,127598,127627,127654,bottom,128.57,124.14,133.33,34.06,"{5815: 0.0, 5813: 10.56, 5814: 7.95, 5817: 2.2}",True
5817,127641,127673,127701,top,120.0,112.5,128.57,57.4,"{5817: 0.0, 5815: 2.44, 5819: 6.06}",True
5819,127659,127699,127734,bottom,96.0,90.0,102.86,36.73,"{5819: 0.0, 5817: 6.19}",True
5821,127760,127802,127836,bottom,94.74,85.71,105.88,59.32,"{5821: 0.0, 5825: 8.27}",True
5825,127800,127831,127858,bottom,124.14,116.13,133.33,63.72,"{5825: 0.0, 5821: 8.07}",True
5830,127882,127918,127950,bottom,105.88,100.0,112.5,39.06,"{5830: 0.0, 5831: 5.27}",True
5831,127909,127957,127998,top,80.9,75.0,87.8,31.23,"{5830: 5.44, 5831: 0.0, 5832: 4.53}",True
5832,127960,127996,128028,bottom,105.88,100.0,112.5,39.06,"{5831: 4.99, 5832: 0.0}",True
5833,128078,128116,128149,bottom,101.41,94.74,109.09,43.5,"{5833: 0.0, 5834: 2.47, 5841: 0.93}",True
5834,128086,128108,128130,bottom,163.64,163.64,163.64,,"{5834: 0.0, 5833: 2.34}",True
5841,128144,128178,128208,top,112.5,105.88,120.0,47.06,"{5841: 0.0, 5833: 1.38}",True
5843,128291,128324,128354,top,114.29,109.09,120.0,36.36,"{5843: 0.0, 5844: 11.05, 5845: 11.77, 5846: 3.08}",True
5844,128327,128361,128392,top,110.77,105.88,116.13,33.05,"{5843: 11.05, 5844: 0.0, 5845: 0.5, 5846: 8.63, 5847: 14.45}",True
5845,128331,128362,128389,top,124.14,116.13,133.33,63.72,"{5843: 11.74, 5844: 0.48, 5845: 0.0, 5846: 8.68, 5847: 15.16}",True
5846,128333,128366,128395,bottom,116.13,109.09,124.14,51.89,"{5843: 3.24, 5844: 8.94, 5845: 8.95, 5846: 0.0, 5847: 2.68}",True
5847,128378,128409,128438,top,120.0,116.13,124.14,27.62,"{5844: 14.4, 5845: 15.17, 5847: 0.0, 5846: 3.18, 5848: 15.63}",True
5848,128427,128463,128494,top,107.46,100.0,116.13,52.03,"{5847: 15.66, 5848: 0.0, 5849: 5.13, 5850: 16.92}",True
5849,128457,128491,128520,bottom,114.29,105.88,124.14,62.95,"{5848: 5.59, 5849: 0.0, 5850: 5.05}",True
5850,128487,128520,128549,top,116.13,109.09,124.14,51.89,"{5848: 16.88, 5849: 5.63, 5850: 0.0}",True
5851,128589,128621,128650,top,118.03,112.5,124.14,40.13,"{5851: 0.0, 5852: 0.37}",True
5852,128590,128620,128647,top,126.32,120.0,133.33,49.38,"{5851: 0.35, 5852: 0.0}",True
5853,128706,,,bottom,,,,,{},False
5854,128716,128755,128789,bottom,98.63,92.31,105.88,39.93,"{5854: 0.0, 5855: 5.56, 5856: 16.2, 5857: 16.65}",True
5855,128752,128781,128807,top,130.91,124.14,138.46,55.09,"{5855: 0.0, 5854: 6.38, 5856: 4.1, 5857: 3.64}",True
5856,128781,128812,128840,bottom,122.03,116.13,128.57,44.44,"{5855: 4.57, 5856: 0.0, 5854: 15.97, 5857: 2.36, 5859: 4.73}",True
5857,128782,128821,128857,bottom,96.0,92.31,100.0,21.37,"{5855: 3.96, 5856: 2.43, 5857: 0.0, 5854: 16.62, 5859: 6.31}",True
5859,128810,128843,128873,top,114.29,109.09,120.0,36.36,"{5857: 6.96, 5859: 0.0, 5856: 4.84}",True
5864,128917,128942,128966,top,146.94,144.0,150.0,25.0,"{5864: 0.0, 5865: 7.4, 5866: 6.84}",True
5865,128920,128960,128994,bottom,97.3,90.0,105.88,46.71,"{5864: 7.66, 5865: 0.0, 5866: 8.48}",True
5866,128933,128961,128987,top,133.33,128.57,138.46,38.04,"{5864: 6.86, 5866: 0.0, 5865: 8.02}",True
5868,129015,129054,129090,bottom,96.0,92.31,100.0,21.37,"{5868: 0.0, 5869: 8.26}",True
5869,129027,129055,129080,top,135.85,128.57,144.0,61.71,"{5868: 7.78, 5869: 0.0}",True
5870,129130,129161,,bottom,,,,,{},False
5871,129146,129174,129198,bottom,138.46,128.57,150.0,89.29,"{5871: 0.0, 5870: 4.36, 5872: 7.14, 5874: 10.54, 5876: 13.42}",True
5872,129156,129186,129214,top,124.14,120.0,128.57,30.61,"{5872: 0.0, 5871: 7.43, 5870: 6.71, 5874: 6.32, 5876: 4.75}",True
5874,129170,129215,129253,bottom,86.75,80.0,94.74,38.78,"{5874: 0.0, 5872: 6.37, 5871: 10.84, 5876: 1.51, 5880: 3.78}",True
5876,129183,129214,129240,bottom,126.32,116.13,138.46,85.89,"{5874: 1.4, 5876: 0.0, 5872: 5.26, 5871: 13.48, 5880: 2.59}",True
5880,129222,129250,129277,top,130.91,128.57,133.33,17.64,"{5874: 5.4, 5880: 0.0, 5876: 2.59}",True
5885,129343,,,bottom,,,,,{},False
5896,129394,129417,129439,top,160.0,156.52,163.64,32.34,{5896: 0.0},True
5901,129456,129499,129536,bottom,90.0,83.72,97.3,36.69,"{5901: 0.0, 5902: 8.0, 5903: 4.67, 5904: 14.95}",True
5902,129460,129486,129510,top,144.0,138.46,150.0,48.08,"{5901: 7.82, 5902: 0.0, 5903: 17.18}",True
5903,129505,129532,129556,top,141.18,133.33,150.0,69.44,"{5902: 17.18, 5901: 5.72, 5903: 0.0, 5904: 5.67}",True
5904,129521,129563,129600,bottom,91.14,85.71,97.3,31.31,"{5901: 14.97, 5904: 0.0, 5903: 5.69, 5906: 2.26, 5907: 15.0}",True
5906,129584,129614,129640,top,128.57,120.0,138.46,71.01,"{5906: 0.0, 5904: 3.07, 5907: 8.61}",True
5907,129586,129620,129649,bottom,114.29,105.88,124.14,62.95,"{5906: 8.84, 5907: 0.0, 5904: 14.83, 5910: 16.84, 5911: 16.91}",True
5911,129643,129676,129703,bottom,120.0,109.09,133.33,89.79,"{5907: 16.96, 5910: 0.02, 5911: 0.0}",True
5910,129643,,,bottom,,,,,{},False
5919,129705,129733,129759,top,133.33,128.57,138.46,38.04,"{5919: 0.0, 5911: 0.93, 5922: 14.83}",True
5922,129747,129778,129804,top,126.32,116.13,138.46,85.89,"{5919: 14.85, 5922: 0.0, 5923: 4.23}",True
5923,129776,129818,129853,bottom,93.51,85.71,102.86,48.98,"{5922: 4.27, 5923: 0.0}",True
5924,129898,129939,129973,bottom,96.0,87.8,105.88,53.17,{5924: 0.0},True
5925,129995,130022,130045,top,144.0,133.33,156.52,100.82,"{5925: 0.0, 5927: 2.73}",True
5927,130028,130064,130096,bottom,105.88,100.0,112.5,39.06,"{5925: 2.94, 5927: 0.0}",True
5928,130120,130151,130177,bottom,126.32,116.13,138.46,85.89,"{5928: 0.0, 5931: 11.94}",True
5931,130155,130192,130224,bottom,104.35,97.3,112.5,47.51,"{5931: 0.0, 5928: 12.09, 5932: 6.04, 5936: 17.06}",True
5932,130183,130213,130240,top,126.32,120.0,133.33,49.38,"{5931: 6.94, 5932: 0.0, 5936: 3.2, 5940: 14.97}",True
5936,130219,130253,130282,bottom,114.29,105.88,124.14,62.95,"{5931: 17.04, 5932: 3.64, 5936: 0.0, 5940: 8.32}",True
5940,130228,130259,130287,top,122.03,116.13,128.57,44.44,"{5932: 14.98, 5940: 0.0, 5936: 8.86}",True
5948,130321,130361,130397,bottom,94.74,90.0,100.0,27.78,"{5948: 0.0, 5949: 6.89}",True
5949,130351,130379,130405,top,133.33,128.57,138.46,38.04,"{5948: 7.88, 5949: 0.0}",True
5951,130429,130460,130487,top,124.14,116.13,133.33,63.72,"{5951: 0.0, 5952: 13.69}",True
5952,130471,130503,130532,top,118.03,112.5,124.14,40.13,"{5951: 13.72, 5952: 0.0, 5953: 3.46}",True
5953,130507,130554,130596,bottom,80.9,76.6,85.71,21.71,"{5953: 0.0, 5952: 3.51, 5954: 9.8}",True
5954,130564,130593,130618,bottom,133.33,124.14,144.0,79.45,"{5954: 0.0, 5953: 9.42, 5955: 3.61}",True
5955,130596,130625,130651,top,130.91,124.14,138.46,55.09,"{5953: 0.9, 5954: 4.28, 5955: 0.0, 5957: 3.94, 5959: 1.74}",True
5957,130627,130661,130690,bottom,114.29,105.88,124.14,62.95,"{5957: 0.0, 5955: 4.02, 5959: 5.54, 5964: 11.25}",True
5959,130640,130684,,bottom,,,,,{},False
5964,130665,130698,130727,bottom,116.13,109.09,124.14,51.89,"{5964: 0.0, 5959: 4.34, 5957: 11.25, 5968: 0.86}",True
5968,130724,,,top,,,,,{},False
5969,130754,130787,130817,top,114.29,109.09,120.0,36.36,{5969: 0.0},True
5971,130824,130857,130886,top,116.13,109.09,124.14,51.89,{5971: 0.0},True
5972,130931,130959,130984,top,135.85,128.57,144.0,61.71,"{5972: 0.0, 5973: 3.87}",True
5973,130939,130971,130999,top,120.0,112.5,128.57,57.4,"{5972: 3.91, 5973: 0.0}",True
5974,131006,131037,131065,bottom,122.03,116.13,128.57,44.44,"{5974: 0.0, 5975: 9.2}",True
5975,131007,131034,131061,top,133.33,133.33,133.33,,"{5974: 8.88, 5975: 0.0}",True
5986,131069,131108,131143,bottom,97.3,92.31,102.86,30.14,"{5986: 0.0, 5988: 8.15, 5990: 10.87, 5996: 1.35}",True
5988,131087,131118,131144,top,126.32,116.13,138.46,85.89,"{5988: 0.0, 5986: 8.21, 5990: 4.51, 5996: 15.63}",True
5990,131113,131153,131187,bottom,97.3,90.0,105.88,46.71,"{5988: 4.72, 5990: 0.0, 5986: 10.88, 5996: 7.7}",True
5996,131134,131165,131192,top,124.14,116.13,133.33,63.72,"{5988: 15.65, 5996: 0.0, 5990: 8.29, 5986: 1.99}",True
6001,131193,131233,131267,bottom,97.3,90.0,105.88,46.71,"{5996: 0.41, 6001: 0.0, 6002: 4.47, 6003: 3.64}",True
6002,131235,131269,131299,top,112.5,105.88,120.0,47.06,"{6002: 0.0, 6001: 5.12, 6003: 1.07}",True
6003,131244,131271,131295,top,141.18,133.33,150.0,69.44,"{6003: 0.0, 6001: 4.56, 6002: 1.04}",True
6004,131313,131347,131377,bottom,112.5,105.88,120.0,47.06,"{6004: 0.0, 6005: 15.16}",True
6005,131364,131405,131439,bottom,96.0,87.8,105.88,53.17,"{6005: 0.0, 6004: 15.22, 6007: 1.6, 6008: 7.77, 6015: 17.78}",True
6007,131379,131410,131437,bottom,124.14,116.13,133.33,63.72,"{6005: 1.6, 6007: 0.0, 6004: 18.94, 6008: 8.44, 6015: 18.27}",True
6008,131383,131416,131444,top,118.03,109.09,128.57,69.57,"{6007: 8.89, 6005: 8.27, 6008: 0.0, 6015: 1.05}",True
6015,131436,131469,,bottom,,,,,{},False
6016,131460,131497,131529,top,104.35,97.3,112.5,47.51,"{6016: 0.0, 6015: 5.99, 6017: 3.83, 6020: 4.16, 6021: 2.7}",True
6017,131478,131510,131539,top,118.03,112.5,124.14,40.13,"{6016: 3.76, 6017: 0.0, 6015: 1.99, 6020: 5.68, 6021: 4.42}",True
6020,131495,,131557,bottom,116.13,,,,{},True
6021,131508,131546,131579,bottom,101.41,94.74,109.09,43.5,"{6016: 3.09, 6021: 0.0, 6017: 4.63, 6020: 5.14, 6024: 4.85, 6026: 14.95}",True
6024,131544,131578,131608,top,112.5,105.88,120.0,47.06,"{6021: 5.62, 6020: 2.3, 6024: 0.0, 6026: 6.53, 6027: 12.81}",True
6026,131566,131597,131623,bottom,126.32,116.13,138.46,85.89,"{6026: 0.0, 6021: 14.81, 6024: 6.9, 6027: 5.38}",True
6027,131588,131622,131652,top,112.5,105.88,120.0,47.06,"{6026: 5.96, 6024: 12.82, 6027: 0.0, 6028: 9.58}",True
6028,131623,131652,131677,top,133.33,124.14,144.0,79.45,"{6027: 9.47, 6028: 0.0, 6026: 0.92}",True
6029,131743,131778,131809,bottom,109.09,102.86,116.13,42.81,"{6029: 0.0, 6030: 3.79}",True
6030,131784,131816,131845,top,118.03,112.5,124.14,40.13,"{6030: 0.0, 6029: 4.28}",True
6031,131862,131899,131930,bottom,105.88,97.3,116.13,60.75,"{6031: 0.0, 6032: 18.26}",True
6032,131929,131966,132000,bottom,101.41,97.3,105.88,25.25,"{6032: 0.0, 6031: 18.23, 6033: 3.17, 6034: 18.02}",True
6033,131977,132013,132044,top,107.46,100.0,116.13,52.03,"{6033: 0.0, 6032: 3.61, 6034: 6.41}",True
6034,131997,132036,132069,bottom,100.0,92.31,109.09,50.86,"{6034: 0.0, 6033: 6.5, 6032: 18.03, 6035: 1.64}",True
6035,132057,132097,132132,top,96.0,90.0,102.86,36.73,"{6035: 0.0, 6034: 2.04, 6036: 7.33, 6037: 5.77, 6038: 11.08, 6039: 11.48}",True
6036,132069,132107,132143,bottom,97.3,94.74,100.0,14.62,"{6036: 0.0, 6034: 18.54, 6035: 7.33, 6037: 4.16, 6038: 5.56, 6039: 5.77}",True
6037,132091,132121,132148,bottom,126.32,120.0,133.33,49.38,"{6037: 0.0, 6036: 3.91, 6035: 6.32, 6038: 6.79, 6039: 6.72}",True
6038,132102,132140,132173,top,101.41,94.74,109.09,43.5,"{6037: 7.27, 6036: 6.29, 6035: 11.06, 6038: 0.0, 6039: 1.27}",True
6039,132107,132136,132162,top,130.91,124.14,138.46,55.09,"{6037: 7.43, 6035: 11.34, 6039: 0.0, 6036: 6.71, 6038: 1.21}",True
6041,132203,132241,,bottom,,,,,{},False
6042,132224,132254,132281,bottom,126.32,120.0,133.33,49.38,"{6041: 4.48, 6042: 0.0, 6046: 3.06, 6048: 0.45}",True
6046,132263,132290,132316,top,135.85,133.33,138.46,19.72,"{6046: 0.0, 6042: 3.29, 6048: 6.77, 6051: 12.35}",True
6048,132279,,,top,,,,,{},False
6051,132297,132328,132355,top,124.14,116.13,133.33,63.72,"{6046: 12.38, 6051: 0.0}",True
6052,132405,132435,132462,top,126.32,120.0,133.33,49.38,{6052: 0.0},True
6055,132581,132618,132650,bottom,104.35,97.3,112.5,47.51,"{6055: 0.0, 6059: 7.68, 6065: 0.94}",True
6059,132612,132645,132675,bottom,114.29,109.09,120.0,36.36,"{6059: 0.0, 6055: 7.61, 6065: 3.92}",True
6065,132647,132682,132713,top,109.09,102.86,116.13,42.81,"{6059: 4.65, 6065: 0.0, 6055: 1.09}",True
6078,132723,132763,132799,bottom,94.74,90.0,100.0,27.78,"{6078: 0.0, 6079: 8.93, 6081: 4.13, 6084: 2.72, 6088: 1.37}",True
6079,132733,132766,132796,top,114.29,109.09,120.0,36.36,"{6079: 0.0, 6078: 8.4, 6081: 7.04, 6084: 12.66, 6088: 17.7}",True
6081,132747,132778,132805,bottom,124.14,116.13,133.33,63.72,"{6081: 0.0, 6079: 7.41, 6078: 3.94, 6084: 5.0, 6088: 2.15}",True
6084,132778,132804,132826,top,150.0,138.46,163.64,114.43,"{6079: 12.52, 6084: 0.0, 6078: 3.8, 6081: 5.87, 6088: 6.92}",True
6088,132793,132825,132853,top,120.0,112.5,128.57,57.4,"{6088: 0.0, 6079: 17.64, 6084: 7.09, 6078: 1.77, 6081: 2.81}",True
6090,132860,132897,132929,bottom,104.35,97.3,112.5,47.51,"{6090: 0.0, 6091: 2.62}",True
6091,132911,132944,132973,top,116.13,109.09,124.14,51.89,"{6091: 0.0, 6090: 3.1}",True
6092,132995,133037,133072,bottom,93.51,85.71,102.86,48.98,"{6092: 0.0, 6093: 8.31, 6094: 15.67}",True
6093,132998,133026,133052,top,133.33,128.57,138.46,38.04,"{6092: 8.11, 6093: 0.0}",True
6094,133061,133097,133131,bottom,102.86,100.0,105.88,17.3,"{6092: 15.59, 6094: 0.0, 6095: 7.99, 6096: 12.11}",True
6095,133090,133126,133163,bottom,98.63,100.0,97.3,-7.3,"{6095: 0.0, 6094: 7.97, 6096: 2.65, 6098: 18.33}",True
6096,133109,133138,133163,bottom,133.33,124.14,144.0,79.45,"{6096: 0.0, 6095: 2.6, 6094: 11.88, 6098: 17.98}",True
6098,133162,133201,133234,bottom,100.0,92.31,109.09,50.86,"{6098: 0.0, 6096: 18.37, 6095: 18.31, 6100: 8.32, 6101: 7.67}",True
6100,133173,133200,133224,top,141.18,133.33,150.0,69.44,"{6100: 0.0, 6098: 7.85, 6101: 5.17}",True
6101,133193,133230,133262,bottom,104.35,97.3,112.5,47.51,"{6100: 5.17, 6101: 0.0, 6098: 7.66}",True
6102,133325,133361,133392,bottom,107.46,100.0,116.13,52.03,"{6102: 0.0, 6103: 8.47, 6104: 4.5}",True
6103,133331,133358,133382,top,141.18,133.33,150.0,69.44,"{6102: 8.02, 6103: 0.0, 6104: 11.94}",True
6104,133362,133394,133422,top,120.0,112.5,128.57,57.4,"{6104: 0.0, 6103: 12.01, 6102: 5.17, 6105: 4.33}",True
6105,133393,133424,133452,bottom,122.03,116.13,128.57,44.44,"{6104: 4.81, 6105: 0.0, 6102: 18.61, 6106: 9.51, 6107: 3.85, 6108: 11.82}",True
6106,133421,133459,133491,bottom,102.86,94.74,112.5,55.51,"{6104: 0.6, 6106: 0.0, 6105: 9.65, 6107: 9.08, 6108: 1.05, 6111: 7.59}",True
6107,133426,133460,133489,top,114.29,105.88,124.14,62.95,"{6106: 8.79, 6107: 0.0, 6105: 4.13, 6108: 9.4, 6111: 5.37}",True
6108,133431,133461,133489,bottom,124.14,120.0,128.57,30.61,"{6106: 1.06, 6108: 0.0, 6105: 11.83, 6107: 9.25, 6111: 7.48}",True
6111,133454,133484,133512,bottom,124.14,120.0,128.57,30.61,"{6111: 0.0, 6107: 5.72, 6106: 7.48, 6108: 7.5, 6113: 13.89}",True
6113,133497,133528,133556,bottom,122.03,116.13,128.57,44.44,"{6111: 13.91, 6113: 0.0}",True
6115,133557,133589,133617,bottom,120.0,112.5,128.57,57.4,"{6115: 0.0, 6113: 18.73, 6116: 7.86, 6117: 6.81}",True
6116,133565,133600,133631,top,109.09,102.86,116.13,42.81,"{6116: 0.0, 6115: 8.23, 6117: 7.62, 6119: 0.58}",True
6117,133579,133612,133640,bottom,118.03,109.09,128.57,69.57,"{6117: 0.0, 6115: 6.83, 6116: 7.96, 6119: 15.45}",True
6119,133628,133669,133705,bottom,93.51,87.8,100.0,33.88,"{6116: 0.72, 6119: 0.0, 6117: 15.58, 6121: 6.85}",True
6121,133658,133688,133715,top,126.32,120.0,133.33,49.38,"{6119: 7.48, 6121: 0.0, 6122: 16.36}",True
6122,133707,133737,133763,top,128.57,120.0,138.46,71.01,"{6121: 16.35, 6119: 0.44, 6122: 0.0, 6123: 1.34, 6124: 15.62}",True
6123,133714,133741,133765,top,141.18,133.33,150.0,69.44,"{6121: 18.34, 6122: 1.32, 6123: 0.0, 6124: 14.82}",True
6124,133754,133783,133809,top,130.91,124.14,138.46,55.09,"{6122: 15.6, 6123: 14.84, 6124: 0.0, 6125: 10.33}",True
6125,133781,133817,133849,top,105.88,100.0,112.5,39.06,"{6124: 10.41, 6125: 0.0, 6126: 5.96, 6127: 4.26, 6128: 1.75, 6129: 16.1}",True
6126,133810,133836,133859,top,146.94,138.46,156.52,78.52,"{6124: 19.08, 6125: 5.81, 6126: 0.0, 6127: 6.62, 6128: 3.87, 6129: 12.03}",True
6127,133820,133852,,bottom,,,,,{},False
6128,133835,133874,133909,bottom,97.3,92.31,102.86,30.14,"{6125: 2.13, 6126: 4.14, 6128: 0.0, 6127: 6.05, 6129: 8.79, 6132: 6.72, 6133: 9.54, 6134: 14.73}",True
6129,133839,133873,133902,top,114.29,105.88,124.14,62.95,"{6126: 12.15, 6125: 16.06, 6128: 8.52, 6127: 6.45, 6129: 0.0, 6132: 5.76, 6133: 4.08, 6134: 1.01}",True
6132,133861,133891,133919,top,124.14,120.0,128.57,30.61,"{6129: 5.72, 6132: 0.0, 6128: 7.66, 6127: 3.1, 6133: 6.74, 6134: 3.77}",True
6133,133873,133913,,bottom,,,,,{},False
6134,133896,133925,133951,bottom,130.91,124.14,138.46,55.09,"{6132: 3.95, 6134: 0.0, 6129: 1.41, 6133: 4.34, 6128: 14.42, 6136: 0.61}",True
6136,133948,,,top,,,,,{},False
6138,133968,134001,134029,bottom,118.03,109.09,128.57,69.57,"{6138: 0.0, 6139: 8.93}",True
6139,133969,134003,134032,top,114.29,105.88,124.14,62.95,"{6138: 9.37, 6139: 0.0}",True
6148,134076,134096,134114,top,189.47,180.0,200.0,111.11,"{6148: 0.0, 6149: 6.44, 6150: 5.16}",True
6149,134082,134117,134148,top,109.09,102.86,116.13,42.81,"{6149: 0.0, 6148: 6.63, 6150: 8.85, 6151: 10.58}",True
6150,134090,134120,134147,bottom,126.32,120.0,133.33,49.38,"{6150: 0.0, 6149: 8.55, 6148: 5.09, 6151: 4.18}",True
6151,134120,134152,134181,top,118.03,112.5,124.14,40.13,"{6149: 10.53, 6150: 4.7, 6151: 0.0}",True
6161,134209,134240,134268,top,122.03,116.13,128.57,44.44,{6161: 0.0},True
6164,134291,134322,134350,top,122.03,116.13,128.57,44.44,"{6164: 0.0, 6165: 7.97, 6167: 4.78}",True
6165,134301,134331,134358,bottom,126.32,120.0,133.33,49.38,"{6165: 0.0, 6164: 8.33, 6167: 6.83, 6172: 1.06}",True
6167,134318,134354,134386,bottom,105.88,100.0,112.5,39.06,"{6165: 6.91, 6164: 5.0, 6167: 0.0, 6172: 5.18}",True
6172,134352,134380,134406,top,133.33,128.57,138.46,38.04,"{6167: 6.14, 6172: 0.0, 6165: 1.4}",True
6177,134462,134501,134539,bottom,93.51,92.31,94.74,6.39,"{6177: 0.0, 6178: 2.51, 6179: 7.07}",True
6178,134482,134512,134539,bottom,126.32,120.0,133.33,49.38,"{6177: 2.47, 6178: 0.0, 6179: 7.85}",True
6179,134494,134523,134549,top,130.91,124.14,138.46,55.09,"{6179: 0.0, 6178: 8.24, 6177: 8.03}",True
6181,134576,134617,134653,bottom,93.51,87.8,100.0,33.88,"{6181: 0.0, 6182: 5.72, 6183: 5.44}",True
6182,134609,134644,134675,top,109.09,102.86,116.13,42.81,"{6181: 6.48, 6182: 0.0, 6183: 0.52}",True
6183,134612,134646,134676,top,112.5,105.88,120.0,47.06,"{6182: 0.51, 6181: 6.24, 6183: 0.0}",True
6184,134760,134798,134831,top,101.41,94.74,109.09,43.5,"{6184: 0.0, 6185: 7.01, 6186: 3.53, 6187: 16.43, 6188: 16.71}",True
6185,134791,134823,134851,top,120.0,112.5,128.57,57.4,"{6184: 6.94, 6185: 0.0, 6186: 6.86, 6187: 10.57, 6188: 10.27}",True
6186,134803,134843,134878,bottom,96.0,90.0,102.86,36.73,"{6184: 3.87, 6186: 0.0, 6185: 6.99, 6187: 6.94, 6188: 7.61}",True
6187,134822,134861,134896,top,97.3,92.31,102.86,30.14,"{6184: 16.43, 6185: 10.64, 6186: 7.59, 6187: 0.0, 6188: 1.4}",True
6188,134824,134856,134884,top,120.0,112.5,128.57,57.4,"{6184: 16.61, 6185: 10.26, 6188: 0.0, 6187: 1.36, 6186: 8.35}",True
6189,134907,134939,134967,top,120.0,112.5,128.57,57.4,"{6189: 0.0, 6191: 16.47}",True
6191,134958,134999,135035,top,93.51,87.8,100.0,33.88,"{6189: 16.56, 6191: 0.0}",True
6192,135042,135086,135122,top,90.0,81.82,100.0,50.51,"{6192: 0.0, 6193: 14.05, 6195: 0.54, 6196: 18.05}",True
6193,135106,135137,135165,top,122.03,116.13,128.57,44.44,"{6192: 13.9, 6193: 0.0, 6195: 7.04, 6196: 5.92}",True
6195,135117,135154,135187,bottom,102.86,97.3,109.09,35.74,"{6192: 1.11, 6193: 7.21, 6195: 0.0, 6196: 8.62}",True
6196,135119,135160,135196,top,93.51,87.8,100.0,33.88,"{6193: 6.01, 6195: 9.09, 6192: 18.06, 6196: 0.0}",True
6208,135320,135360,135394,bottom,97.3,90.0,105.88,46.71,"{6208: 0.0, 6209: 0.99}",True
6209,135391,135419,135444,top,135.85,128.57,144.0,61.71,"{6209: 0.0, 6208: 1.22, 6210: 7.02}",True
6210,135402,135433,135460,bottom,124.14,116.13,133.33,63.72,"{6209: 7.33, 6210: 0.0, 6215: 16.82, 6216: 17.51}",True
6215,135455,135485,135513,bottom,124.14,120.0,128.57,30.61,"{6215: 0.0, 6210: 16.86, 6216: 2.19}",True
6216,135456,135494,135527,bottom,101.41,94.74,109.09,43.5,"{6215: 2.27, 6216: 0.0, 6210: 17.66}",True
6218,135669,135707,135742,top,98.63,94.74,102.86,23.2,"{6218: 0.0, 6220: 7.76, 6222: 17.66}",True
6220,135705,135734,135759,top,133.33,124.14,144.0,79.45,"{6218: 7.61, 6220: 0.0, 6222: 12.18, 6225: 1.29}",True
6222,135738,135774,135806,top,105.88,100.0,112.5,39.06,"{6218: 17.69, 6222: 0.0, 6220: 12.28, 6225: 7.09, 6226: 5.69}",True
6225,135754,135793,135825,bottom,101.41,92.31,112.5,63.1,"{6225: 0.0, 6222: 7.29, 6220: 0.97, 6226: 8.5, 6227: 1.92}",True
6226,135764,135792,135817,top,135.85,128.57,144.0,61.71,"{6225: 8.18, 6222: 5.56, 6226: 0.0, 6227: 17.1}",True
6227,135811,135848,135881,top,102.86,97.3,109.09,35.74,"{6227: 0.0, 6226: 17.21, 6225: 2.25, 6228: 2.25, 6229: 0.92}",True
6228,135864,,135928,bottom,112.5,,,,{},True
6229,135877,135920,135957,bottom,90.0,83.72,97.3,36.69,"{6227: 0.77, 6229: 0.0, 6228: 6.16, 6230: 5.22}",True
6230,135917,135951,135982,top,110.77,105.88,116.13,33.05,"{6229: 5.84, 6230: 0.0, 6228: 1.69, 6231: 13.55, 6232: 16.09}",True
6231,135962,136000,136033,top,101.41,94.74,109.09,43.5,"{6230: 13.58, 6231: 0.0, 6232: 1.31, 6233: 16.77}",True
6232,135972,136004,136033,top,118.03,112.5,124.14,40.13,"{6231: 1.31, 6232: 0.0, 6230: 16.06, 6233: 16.6}",True
6233,136026,136059,136090,top,112.5,109.09,116.13,22.7,"{6232: 16.61, 6231: 16.72, 6233: 0.0, 6234: 6.99, 6235: 5.91, 6236: 3.52, 6237: 13.92}",True
6234,136046,136085,136120,top,97.3,92.31,102.86,30.14,"{6233: 7.03, 6234: 0.0, 6235: 9.34, 6236: 6.92, 6237: 5.68}",True
6235,136048,136083,136115,bottom,107.46,102.86,112.5,30.13,"{6233: 6.18, 6234: 8.82, 6235: 0.0, 6236: 5.8, 6237: 6.07}",True
6236,136062,136109,136151,bottom,80.9,76.6,85.71,21.71,"{6233: 3.76, 6236: 0.0, 6235: 5.97, 6234: 7.14, 6237: 8.06, 6238: 2.42}",True
6237,136074,136106,136135,top,118.03,112.5,124.14,40.13,"{6233: 13.88, 6234: 5.57, 6236: 7.82, 6237: 0.0, 6235: 6.6, 6238: 18.05}",True
6238,136132,136166,136197,top,110.77,105.88,116.13,33.05,"{6238: 0.0, 6237: 18.04, 6236: 3.63, 6239: 5.13}",True
6239,136154,,,bottom,,,,,{},False
6240,136197,136230,136260,top,114.29,109.09,120.0,36.36,"{6238: 18.68, 6240: 0.0, 6242: 7.59, 6241: 12.18}",True
6242,136220,136258,136292,top,100.0,94.74,105.88,32.78,"{6242: 0.0, 6240: 7.65, 6241: 4.63}",True
6241,136235,,,top,,,,,{},False
6243,136303,136342,136375,top,100.0,92.31,109.09,50.86,"{6243: 0.0, 6244: 7.22, 6245: 16.74}",True
6244,136318,136361,136397,bottom,91.14,83.72,100.0,45.22,"{6244: 0.0, 6243: 7.48, 6245: 3.78, 6246: 15.52}",True
6245,136367,136408,136444,top,93.51,87.8,100.0,33.88,"{6243: 16.78, 6244: 4.38, 6245: 0.0, 6246: 6.87}",True
6246,136384,136429,136468,bottom,85.71,80.0,92.31,31.56,"{6244: 15.62, 6245: 7.29, 6246: 0.0, 6248: 2.24}",True
6248,136449,136492,136529,top,90.0,83.72,97.3,36.69,"{6248: 0.0, 6246: 2.79, 6252: 6.85, 6253: 9.46, 6254: 16.51}",True
6252,136487,136517,136544,top,126.32,120.0,133.33,49.38,"{6248: 6.65, 6252: 0.0, 6253: 3.48, 6254: 11.39, 6255: 2.53}",True
6253,136489,136534,136574,top,84.71,80.0,90.0,25.0,"{6248: 9.48, 6253: 0.0, 6252: 3.65, 6254: 4.42, 6255: 5.58, 6256: 12.08}",True
6254,136521,136551,136579,top,124.14,120.0,128.57,30.61,"{6248: 16.33, 6253: 4.2, 6252: 11.4, 6254: 0.0, 6255: 7.79, 6256: 9.19}",True
6255,136528,136563,136595,bottom,107.46,102.86,112.5,30.13,"{6248: 0.7, 6253: 6.18, 6254: 7.86, 6252: 2.59, 6255: 0.0, 6256: 6.93}",True
6256,136548,136580,136610,top,116.13,112.5,120.0,25.0,"{6253: 11.88, 6254: 9.21, 6256: 0.0, 6255: 7.43}",True
6257,136611,136639,136664,bottom,135.85,128.57,144.0,61.71,"{6256: 0.87, 6257: 0.0, 6258: 2.46}",True
6258,136613,136647,136678,bottom,110.77,105.88,116.13,33.05,"{6257: 2.57, 6258: 0.0}",True
6259,136730,136767,136799,bottom,104.35,97.3,112.5,47.51,"{6259: 0.0, 6260: 5.49, 6261: 0.94}",True
6260,136765,136792,136817,top,138.46,133.33,144.0,42.67,"{6260: 0.0, 6259: 6.19, 6261: 10.37}",True
6261,136793,136821,136847,top,133.33,128.57,138.46,38.04,"{6261: 0.0, 6260: 10.39, 6259: 1.62}",True
6262,136980,137019,137052,bottom,100.0,92.31,109.09,50.86,"{6262: 0.0, 6263: 8.6, 6264: 1.8}",True
6263,137014,137051,137083,bottom,104.35,97.3,112.5,47.51,"{6263: 0.0, 6262: 8.58, 6264: 6.48}",True
6264,137040,137070,137097,top,126.32,120.0,133.33,49.38,"{6264: 0.0, 6263: 7.05, 6262: 2.56, 6265: 16.06}",True
6265,137089,137119,137145,top,128.57,120.0,138.46,71.01,"{6264: 16.04, 6265: 0.0}",True
6266,137179,137228,137271,top,78.26,73.47,83.72,23.84,"{6266: 0.0, 6267: 2.83, 6268: 6.66, 6269: 6.54}",True
6267,137209,137241,137270,top,118.03,112.5,124.14,40.13,"{6266: 2.87, 6268: 3.79, 6267: 0.0, 6269: 7.32}",True
6268,137210,137261,137305,top,75.79,70.59,81.82,25.52,"{6268: 0.0, 6266: 6.66, 6267: 3.96, 6269: 7.51, 6275: 0.47}",True
6269,137227,137254,137277,bottom,144.0,133.33,156.52,100.82,"{6266: 7.41, 6268: 7.04, 6269: 0.0, 6267: 7.58}",True
6275,137301,137326,137349,bottom,150.0,144.0,156.52,54.44,"{6268: 1.51, 6275: 0.0, 6276: 5.11}",True
6276,137310,137342,137369,bottom,122.03,112.5,133.33,77.16,"{6276: 0.0, 6275: 5.27}",True
6277,137312,,,bottom,,,,,{},False
6279,137388,137424,137455,bottom,107.46,100.0,116.13,52.03,"{6279: 0.0, 6280: 5.13, 6281: 4.23}",True
6280,137421,137453,137480,top,122.03,112.5,133.33,77.16,"{6280: 0.0, 6279: 5.64, 6281: 2.45, 6282: 14.5}",True
6281,137426,137461,137492,top,109.09,102.86,116.13,42.81,"{6280: 2.49, 6281: 0.0, 6279: 4.63, 6282: 11.33}",True
6282,137467,137498,137527,top,120.0,116.13,124.14,27.62,"{6281: 11.29, 6280: 14.5, 6282: 0.0, 6283: 8.75, 6284: 11.42}",True
6283,137493,137528,137558,top,110.77,102.86,120.0,57.14,"{6281: 19.36, 6282: 8.78, 6283: 0.0, 6284: 2.24, 6285: 11.93, 6286: 17.43}",True
6284,137503,137535,137564,top,118.03,112.5,124.14,40.13,"{6282: 11.42, 6283: 2.19, 6284: 0.0, 6285: 10.04, 6286: 15.73}",True
6285,137535,137568,137597,top,116.13,109.09,124.14,51.89,"{6284: 10.04, 6283: 11.89, 6285: 0.0, 6286: 5.58}",True
6286,137554,137586,137614,top,120.0,112.5,128.57,57.4,"{6283: 17.39, 6284: 15.73, 6286: 0.0, 6285: 5.57, 6287: 13.31, 6290: 15.78}",True
6287,137596,137629,137658,top,116.13,109.09,124.14,51.89,"{6285: 18.63, 6286: 13.32, 6287: 0.0, 6290: 2.57}",True
6290,137604,137638,137667,top,114.29,105.88,124.14,62.95,"{6286: 15.81, 6290: 0.0, 6287: 2.58}",True
6304,137672,137707,137738,top,109.09,102.86,116.13,42.81,"{6304: 0.0, 6315: 3.12}",True
6315,137716,137752,137784,bottom,105.88,100.0,112.5,39.06,"{6315: 0.0, 6304: 3.38, 6320: 6.33}",True
6320,137740,137772,137800,top,120.0,112.5,128.57,57.4,"{6315: 7.16, 6320: 0.0, 6326: 1.1}",True
6326,137792,137824,137853,bottom,118.03,112.5,124.14,40.13,"{6320: 1.64, 6326: 0.0, 6330: 16.87}",True
6330,137847,137881,137910,bottom,114.29,105.88,124.14,62.95,"{6330: 0.0, 6326: 16.9, 6331: 5.45}",True
6331,137873,137905,137935,top,116.13,112.5,120.0,25.0,"{6330: 6.08, 6331: 0.0, 6332: 16.74}",True
6332,137928,137960,137987,top,122.03,112.5,133.33,77.16,"{6331: 16.68, 6332: 0.0, 6333: 11.14}",True
6333,137963,137994,138021,top,124.14,116.13,133.33,63.72,"{6332: 11.13, 6333: 0.0, 6334: 4.85}",True
6334,137988,138024,138055,bottom,107.46,100.0,116.13,52.03,"{6333: 5.11, 6334: 0.0, 6335: 12.53}",True
6335,138036,138064,138088,bottom,138.46,128.57,150.0,89.29,"{6335: 0.0, 6334: 12.32}",True
6338,138089,,,top,,,,,{},False
6339,138126,138157,138185,top,122.03,116.13,128.57,44.44,"{6339: 0.0, 6340: 0.63, 6341: 5.97, 6342: 6.17}",True
6340,138128,138156,138181,top,135.85,128.57,144.0,61.71,"{6339: 0.58, 6340: 0.0, 6341: 5.73, 6342: 5.68}",True
6341,138145,138182,138211,bottom,109.09,97.3,124.14,92.55,"{6339: 6.35, 6340: 6.07, 6341: 0.0, 6342: 1.8}",True
6342,138149,138174,138197,bottom,150.0,144.0,156.52,54.44,"{6339: 6.82, 6340: 6.31, 6342: 0.0, 6341: 1.71}",True
6350,138222,138246,138267,bottom,160.0,150.0,171.43,102.04,{6350: 0.0},True
6351,138319,138352,138380,bottom,118.03,109.09,128.57,69.57,{6351: 0.0},True
6352,138531,138559,138585,top,133.33,128.57,138.46,38.04,{6352: 0.0},True
6353,138602,138631,138657,top,130.91,124.14,138.46,55.09,"{6353: 0.0, 6354: 16.39}",True
6354,138650,138680,138706,top,128.57,120.0,138.46,71.01,"{6353: 16.39, 6354: 0.0, 6355: 4.27}",True
6355,138676,138721,138760,bottom,85.71,80.0,92.31,31.56,"{6354: 4.5, 6355: 0.0, 6356: 6.43, 6358: 2.56, 6359: 16.25}",True
6356,138711,138744,138772,top,118.03,109.09,128.57,69.57,"{6355: 7.28, 6356: 0.0, 6358: 8.76, 6359: 3.23}",True
6358,138743,138770,138794,top,141.18,133.33,150.0,69.44,"{6356: 8.66, 6358: 0.0, 6355: 3.54, 6359: 7.17}",True
6359,138750,138789,138824,bottom,97.3,92.31,102.86,30.14,"{6359: 0.0, 6356: 3.38, 6358: 7.14, 6355: 16.12, 6360: 13.36}",True
6360,138803,138840,138873,bottom,102.86,97.3,109.09,35.74,"{6360: 0.0, 6359: 13.31, 6361: 5.84}",True
6361,138834,138864,138890,top,128.57,120.0,138.46,71.01,"{6360: 6.57, 6361: 0.0, 6362: 2.28}",True
6362,138875,138906,138933,bottom,124.14,116.13,133.33,63.72,"{6361: 2.61, 6362: 0.0, 6360: 18.93}",True
6363,138951,138987,139018,bottom,107.46,100.0,116.13,52.03,"{6363: 0.0, 6364: 1.82}",True
6364,139007,139034,139059,top,138.46,133.33,144.0,42.67,"{6364: 0.0, 6363: 2.5, 6365: 7.42, 6366: 5.76, 6367: 1.42, 6368: 17.89}",True
6365,139024,139058,139087,top,114.29,105.88,124.14,62.95,"{6365: 0.0, 6364: 7.51, 6366: 9.35, 6367: 5.09, 6368: 8.96}",True
6366,139024,139054,139082,bottom,124.14,120.0,128.57,30.61,"{6365: 8.91, 6364: 6.09, 6366: 0.0, 6367: 9.33, 6368: 4.27}",True
6367,139049,139090,139126,bottom,93.51,87.8,100.0,33.88,"{6364: 1.61, 6365: 5.42, 6367: 0.0, 6366: 9.5, 6368: 8.41, 6370: 5.03, 6371: 14.06}",True
6368,139056,139086,139113,top,126.32,120.0,133.33,49.38,"{6365: 8.9, 6364: 17.92, 6367: 8.0, 6368: 0.0, 6366: 4.63, 6370: 11.62, 6371: 0.32}",True
6370,139090,139122,139151,top,118.03,112.5,124.14,40.13,"{6368: 11.64, 6370: 0.0, 6367: 5.75, 6371: 6.3, 6372: 2.53}",True
6371,139110,139142,139170,bottom,120.0,112.5,128.57,57.4,"{6368: 0.72, 6370: 6.63, 6371: 0.0, 6367: 13.85, 6372: 8.11}",True
6372,139132,139173,139209,bottom,93.51,87.8,100.0,33.88,"{6370: 2.87, 6372: 0.0, 6371: 8.22, 6374: 13.79, 6375: 1.28}",True
6374,139191,139224,139252,bottom,118.03,109.09,128.57,69.57,"{6374: 0.0, 6372: 13.58, 6375: 8.04}",True
6375,139200,139230,139258,top,124.14,120.0,128.57,30.61,"{6375: 0.0, 6374: 8.54, 6372: 2.05}",True
6376,139283,139314,139341,bottom,124.14,116.13,133.33,63.72,"{6376: 0.0, 6381: 0.79}",True
6381,139338,139367,139393,top,130.91,124.14,138.46,55.09,"{6381: 0.0, 6376: 0.97, 6382: 2.98}",True
6382,139374,139405,139433,bottom,122.03,116.13,128.57,44.44,"{6381: 3.47, 6382: 0.0}",True
6386,139480,139523,139558,bottom,92.31,83.72,102.86,54.67,{6386: 0.0},True
6387,139597,139637,139672,bottom,96.0,90.0,102.86,36.73,"{6387: 0.0, 6393: 3.32}",True
6393,139648,139682,139711,top,114.29,105.88,124.14,62.95,"{6393: 0.0, 6387: 3.81, 6398: 2.59}",True
6398,139694,139736,139774,bottom,90.0,85.71,94.74,23.74,"{6398: 0.0, 6393: 2.6, 6399: 7.34, 6400: 4.71, 6401: 10.33, 6402: 14.22}",True
6399,139717,139750,139779,top,116.13,109.09,124.14,51.89,"{6398: 8.14, 6399: 0.0, 6400: 8.48, 6401: 4.35, 6402: 2.96}",True
6400,139725,139755,139781,bottom,128.57,120.0,138.46,71.01,"{6398: 4.33, 6400: 0.0, 6399: 8.69, 6401: 7.09, 6402: 12.7}",True
6401,139747,139775,139801,bottom,133.33,128.57,138.46,38.04,"{6401: 0.0, 6399: 5.04, 6398: 10.19, 6400: 7.1, 6402: 6.56, 6404: 3.26}",True
6402,139759,139801,139838,bottom,91.14,85.71,97.3,31.31,"{6402: 0.0, 6399: 3.01, 6401: 6.81, 6400: 12.91, 6398: 14.25, 6404: 7.58}",True
6404,139781,139814,139844,top,114.29,109.09,120.0,36.36,"{6402: 8.25, 6404: 0.0, 6400: 0.74, 6401: 3.61}",True
6405,139854,139878,139899,bottom,160.0,150.0,171.43,102.04,"{6405: 0.0, 6406: 8.68, 6407: 5.31, 6408: 4.62}",True
6406,139868,139909,139944,bottom,94.74,87.8,102.86,43.01,"{6405: 8.95, 6406: 0.0, 6407: 8.41, 6408: 8.9, 6412: 18.22}",True
6407,139872,139901,139927,top,130.91,124.14,138.46,55.09,"{6407: 0.0, 6406: 8.06, 6405: 5.54, 6408: 3.09}",True
6408,139875,139912,139944,top,104.35,97.3,112.5,47.51,"{6406: 8.9, 6408: 0.0, 6407: 3.22, 6405: 4.6, 6412: 0.56}",True
6412,139942,139982,140017,bottom,96.0,90.0,102.86,36.73,"{6408: 0.72, 6406: 18.19, 6412: 0.0, 6413: 7.39, 6416: 12.05, 6417: 3.28}",True
6413,139959,139996,140028,top,104.35,97.3,112.5,47.51,"{6412: 8.09, 6413: 0.0, 6416: 4.79, 6417: 8.83, 6418: 0.41}",True
6416,139990,140032,140068,bottom,92.31,85.71,100.0,39.68,"{6413: 5.22, 6416: 0.0, 6412: 12.09, 6417: 8.91, 6418: 6.86, 6419: 3.69}",True
6417,139993,140028,140058,top,110.77,102.86,120.0,57.14,"{6416: 8.53, 6417: 0.0, 6413: 8.8, 6412: 3.89, 6418: 4.87, 6419: 14.05}",True
6418,140025,140058,140086,bottom,118.03,109.09,128.57,69.57,"{6413: 1.05, 6418: 0.0, 6417: 5.02, 6416: 6.72, 6419: 6.77}",True
6419,140040,140078,140110,top,102.86,94.74,112.5,55.51,"{6417: 14.07, 6419: 0.0, 6418: 7.08, 6416: 4.08}",True
6421,140114,140143,140170,bottom,128.57,124.14,133.33,34.06,"{6421: 0.0, 6422: 4.55}",True
6422,140123,140161,140194,bottom,101.41,94.74,109.09,43.5,"{6422: 0.0, 6421: 4.7, 6423: 15.11}",True
6423,140182,140212,140238,bottom,128.57,120.0,138.46,71.01,"{6423: 0.0, 6422: 14.95, 6424: 6.48, 6425: 1.0}",True
6424,140198,140235,140267,bottom,104.35,97.3,112.5,47.51,"{6424: 0.0, 6423: 6.62, 6425: 4.77, 6426: 1.41}",True
6425,140234,140267,140297,top,114.29,109.09,120.0,36.36,"{6425: 0.0, 6424: 5.4, 6423: 1.01, 6426: 7.29, 6427: 3.66}",True
6426,140258,140291,140322,top,112.5,109.09,116.13,22.7,"{6425: 7.29, 6426: 0.0, 6424: 1.95, 6427: 6.95}",True
6427,140271,140312,140347,bottom,94.74,87.8,102.86,43.01,"{6425: 3.7, 6427: 0.0, 6426: 7.1}",True
6429,140350,140380,140405,top,130.91,120.0,144.0,96.0,"{6429: 0.0, 6427: 0.9}",True
6430,140445,140469,140492,top,153.19,150.0,156.52,28.36,"{6430: 0.0, 6431: 7.37}",True
6431,140450,140485,140518,bottom,105.88,102.86,109.09,18.89,"{6431: 0.0, 6430: 7.34}",True
6432,140551,140581,140608,top,126.32,120.0,133.33,49.38,"{6432: 0.0, 6433: 6.97, 6434: 4.07}",True
6433,140575,140601,140624,top,146.94,138.46,156.52,78.52,"{6432: 6.87, 6433: 0.0, 6434: 7.42}",True
6434,140584,140611,140636,bottom,138.46,133.33,144.0,42.67,"{6432: 4.47, 6434: 0.0, 6433: 7.57}",True
6435,140667,140703,140734,bottom,107.46,100.0,116.13,52.03,"{6435: 0.0, 6436: 1.59}",True
6436,140680,140707,140731,bottom,141.18,133.33,150.0,69.44,"{6436: 0.0, 6435: 1.59}",True
6442,140777,140813,140843,bottom,109.09,100.0,120.0,66.67,"{6442: 0.0, 6443: 16.44}",True
6443,140837,140866,140893,bottom,128.57,124.14,133.33,34.06,"{6443: 0.0, 6442: 16.28, 6444: 5.76}",True
6444,140857,140892,140922,top,110.77,102.86,120.0,57.14,"{6444: 0.0, 6443: 5.97, 6445: 3.39}",True
6445,140896,140939,140976,bottom,90.0,83.72,97.3,36.69,"{6444: 3.69, 6445: 0.0, 6446: 9.65, 6447: 0.71}",True
6446,140947,140973,140996,bottom,146.94,138.46,156.52,78.52,"{6446: 0.0, 6445: 9.3, 6447: 4.0}",True
6447,140972,141006,141037,top,110.77,105.88,116.13,33.05,"{6447: 0.0, 6446: 4.25, 6445: 1.0}",True
6449,141082,141125,141164,bottom,87.8,83.72,92.31,22.02,{6449: 0.0},True
6450,141183,141213,141239,bottom,128.57,120.0,138.46,71.01,{6450: 0.0},True
6452,141239,141272,141301,top,116.13,109.09,124.14,51.89,"{6452: 0.0, 6450: 0.67, 6454: 5.6}",True
6454,141261,141306,141341,bottom,90.0,80.0,102.86,65.31,"{6454: 0.0, 6452: 5.58, 6455: 7.75, 6459: 11.72}",True
6455,141306,141334,141359,bottom,135.85,128.57,144.0,61.71,"{6454: 7.46, 6455: 0.0, 6459: 5.19}",True
6459,141316,141352,141383,bottom,107.46,100.0,116.13,52.03,"{6454: 11.69, 6459: 0.0, 6455: 5.36, 6465: 1.96, 6466: 1.57}",True
6465,141370,141410,141445,top,96.0,90.0,102.86,36.73,"{6465: 0.0, 6459: 2.19, 6466: 0.74, 6467: 6.87}",True
6466,141373,141407,141438,top,110.77,105.88,116.13,33.05,"{6465: 0.69, 6466: 0.0, 6459: 2.0, 6467: 6.36}",True
6467,141392,141429,141461,bottom,104.35,97.3,112.5,47.51,"{6467: 0.0, 6466: 6.59, 6465: 7.16, 6468: 13.45}",True
6468,141444,141474,141500,bottom,128.57,120.0,138.46,71.01,"{6465: 0.74, 6468: 0.0, 6467: 13.22}",True
6470,141534,141571,141602,bottom,105.88,97.3,116.13,60.75,"{6470: 0.0, 6471: 2.04}",True
6471,141586,141629,141666,top,90.0,83.72,97.3,36.69,"{6471: 0.0, 6470: 2.44, 6474: 3.44, 6476: 14.18}",True
6474,141640,141674,141704,bottom,112.5,105.88,120.0,47.06,"{6474: 0.0, 6471: 3.96, 6476: 7.75}",True
6476,141648,141685,141717,top,104.35,97.3,112.5,47.51,"{6474: 8.28, 6476: 0.0, 6471: 14.1}",True
6483,141718,,,bottom,,,,,{},False
6484,141755,141791,141823,top,105.88,100.0,112.5,39.06,{6484: 0.0},True
6485,141833,141874,141907,bottom,97.3,87.8,109.09,64.5,"{6485: 0.0, 6486: 1.52, 6487: 5.07, 6488: 11.69}",True
6486,141841,141869,141894,bottom,135.85,128.57,144.0,61.71,"{6486: 0.0, 6485: 1.41, 6487: 4.09, 6488: 15.21}",True
6487,141869,141904,141936,top,107.46,102.86,112.5,30.13,"{6485: 5.79, 6487: 0.0, 6486: 4.23, 6488: 8.26, 6489: 14.09}",True
6488,141885,141912,,bottom,,,,,{},False
6489,141920,141953,141982,top,116.13,109.09,124.14,51.89,"{6487: 14.05, 6489: 0.0, 6488: 2.71, 6490: 6.27, 6491: 8.26, 6492: 10.6}",True
6490,141939,141974,142004,bottom,110.77,102.86,120.0,57.14,"{6490: 0.0, 6489: 6.51, 6491: 8.23, 6492: 6.94, 6493: 14.94, 6494: 1.58}",True
6491,141946,141981,142011,top,110.77,102.86,120.0,57.14,"{6489: 8.26, 6490: 8.95, 6491: 0.0, 6492: 2.69, 6493: 2.69, 6494: 14.39}",True
6492,141953,141991,142024,top,101.41,94.74,109.09,43.5,"{6489: 10.64, 6490: 7.58, 6492: 0.0, 6491: 2.74, 6493: 4.44, 6494: 11.35}",True
6493,141992,142024,142052,bottom,120.0,112.5,128.57,57.4,"{6492: 4.93, 6491: 3.17, 6493: 0.0, 6490: 14.86, 6494: 8.24, 6495: 2.13}",True
6494,141994,142037,142074,top,90.0,83.72,97.3,36.69,"{6492: 11.38, 6491: 14.47, 6494: 0.0, 6493: 8.34, 6490: 1.84, 6495: 10.64}",True
6495,142038,142084,142124,top,83.72,78.26,90.0,29.35,"{6494: 10.66, 6495: 0.0, 6493: 2.12}",True
6498,142126,,,bottom,,,,,{},False
6499,142286,142328,142363,bottom,93.51,85.71,102.86,48.98,"{6499: 0.0, 6500: 4.14, 6501: 7.66, 6502: 15.38}",True
6500,142309,142344,142373,bottom,112.5,102.86,124.14,73.38,"{6500: 0.0, 6499: 3.87, 6501: 9.16, 6502: 12.51}",True
6501,142310,142341,142368,top,124.14,116.13,133.33,63.72,"{6501: 0.0, 6500: 8.75, 6499: 8.43, 6502: 2.39}",True
6502,142351,142392,142428,bottom,93.51,87.8,100.0,33.88,"{6501: 2.69, 6502: 0.0, 6499: 15.28, 6500: 12.66, 6503: 5.13}",True
6503,142387,142425,142458,top,101.41,94.74,109.09,43.5,"{6502: 5.82, 6503: 0.0}",True
6504,142493,142538,142577,bottom,85.71,80.0,92.31,31.56,"{6504: 0.0, 6510: 6.13, 6515: 2.18, 6516: 17.04, 6517: 0.8}",True
6510,142530,142564,142594,top,112.5,105.88,120.0,47.06,"{6510: 0.0, 6504: 6.84, 6515: 9.15, 6516: 3.29, 6517: 13.24}",True
6515,142560,142596,142628,top,105.88,100.0,112.5,39.06,"{6510: 9.17, 6515: 0.0, 6504: 2.77, 6516: 7.5, 6517: 3.5, 6519: 10.25, 6520: 13.15}",True
6516,142570,142612,142649,bottom,91.14,85.71,97.3,31.31,"{6510: 3.42, 6516: 0.0, 6515: 7.67, 6504: 16.99, 6517: 8.63, 6519: 6.53, 6520: 5.36, 6522: 13.75, 6527: 0.85}",True
6517,142575,142608,142637,top,116.13,109.09,124.14,51.89,"{6516: 8.27, 6510: 13.21, 6515: 3.46, 6517: 0.0, 6504: 0.95, 6519: 7.27, 6520: 10.13, 6522: 0.78}",True
6519,142596,142635,142671,top,96.0,92.31,100.0,21.37,"{6515: 10.28, 6517: 7.34, 6516: 7.05, 6519: 0.0, 6520: 1.65, 6522: 5.4, 6527: 12.77, 6528: 0.51}",True
6520,142609,142641,142671,top,116.13,112.5,120.0,25.0,"{6515: 13.1, 6519: 1.65, 6517: 10.13, 6516: 6.21, 6520: 0.0, 6522: 5.96, 6527: 12.2, 6528: 0.76}",True
6522,142631,142664,142693,bottom,116.13,109.09,124.14,51.89,"{6517: 1.29, 6522: 0.0, 6519: 5.95, 6520: 6.26, 6516: 13.54, 6527: 6.47, 6528: 12.59}",True
6527,142648,142683,142716,top,105.88,102.86,109.09,18.89,"{6519: 12.67, 6520: 12.21, 6522: 7.01, 6516: 0.83, 6527: 0.0, 6528: 5.83, 6529: 2.43}",True
6528,142669,142716,142758,bottom,80.9,76.6,85.71,21.71,"{6519: 0.61, 6528: 0.0, 6520: 0.5, 6527: 6.02, 6522: 12.8, 6529: 4.11}",True
6529,142697,142732,142764,bottom,107.46,102.86,112.5,30.13,"{6527: 3.02, 6529: 0.0, 6528: 3.79, 6532: 17.65}",True
6532,142761,142795,142824,bottom,114.29,105.88,124.14,62.95,"{6532: 0.0, 6528: 18.9, 6529: 17.56, 6534: 4.94, 6535: 11.25, 6537: 18.07}",True
6534,142791,142825,142855,top,112.5,105.88,120.0,47.06,"{6534: 0.0, 6532: 5.37, 6535: 8.07, 6537: 4.31}",True
6535,142799,142834,142865,bottom,109.09,102.86,116.13,42.81,"{6535: 0.0, 6534: 8.34, 6532: 11.32, 6537: 7.66, 6540: 17.83}",True
6537,142822,142865,142901,bottom,91.14,83.72,100.0,45.22,"{6534: 4.61, 6537: 0.0, 6535: 7.78, 6532: 18.34, 6540: 8.17, 6541: 3.14}",True
6540,142862,142895,142925,bottom,114.29,109.09,120.0,36.36,"{6540: 0.0, 6537: 8.0, 6535: 17.81, 6541: 7.41}",True
6541,142880,142907,142933,top,135.85,133.33,138.46,19.72,"{6541: 0.0, 6540: 8.06, 6537: 4.1}",True
6542,142977,143016,143051,bottom,97.3,92.31,102.86,30.14,"{6542: 0.0, 6543: 7.68, 6544: 6.63}",True
6543,142996,143027,143055,top,122.03,116.13,128.57,44.44,"{6542: 8.37, 6543: 0.0, 6544: 2.84}",True
6544,143004,143036,143065,top,118.03,112.5,124.14,40.13,"{6543: 2.85, 6542: 7.35, 6544: 0.0}",True
6545,143107,143150,143188,bottom,88.89,83.72,94.74,28.99,"{6545: 0.0, 6546: 8.4, 6547: 4.61, 6548: 1.34}",True
6546,143120,143157,143190,top,102.86,97.3,109.09,35.74,"{6545: 8.67, 6546: 0.0, 6547: 8.21, 6548: 15.25, 6549: 18.4}",True
6547,143153,143185,143215,top,116.13,112.5,120.0,25.0,"{6546: 8.14, 6547: 0.0, 6545: 5.45, 6548: 7.39, 6549: 11.55, 6550: 1.42}",True
6548,143178,143209,143238,top,120.0,116.13,124.14,27.62,"{6546: 15.18, 6548: 0.0, 6547: 7.38, 6545: 2.07, 6549: 4.9, 6550: 4.8}",True
6549,143188,143229,143264,top,94.74,87.8,102.86,43.01,"{6546: 18.43, 6547: 11.63, 6548: 4.98, 6549: 0.0, 6545: 0.51, 6550: 7.23, 6551: 13.11}",True
6550,143204,143248,143285,bottom,88.89,81.82,97.3,41.84,"{6547: 1.72, 6550: 0.0, 6548: 4.88, 6549: 7.41, 6551: 5.51, 6553: 13.62, 6554: 2.31}",True
6551,143241,143279,143313,top,100.0,94.74,105.88,32.78,"{6551: 0.0, 6549: 13.06, 6550: 6.2, 6553: 6.52, 6554: 6.7, 6555: 2.92, 6556: 17.47}",True
6553,143267,143299,143327,bottom,120.0,112.5,128.57,57.4,"{6553: 0.0, 6551: 6.9, 6554: 8.55, 6550: 13.34, 6555: 8.49, 6556: 3.03}",True
6554,143267,143305,143338,top,101.41,94.74,109.09,43.5,"{6553: 9.16, 6551: 6.7, 6554: 0.0, 6550: 3.01, 6555: 6.02, 6556: 10.84, 6560: 15.76}",True
6555,143290,143332,143369,bottom,91.14,85.71,97.3,31.31,"{6551: 3.1, 6555: 0.0, 6554: 6.19, 6553: 8.72, 6556: 7.58, 6560: 5.08, 6561: 14.23, 6562: 0.87}",True
6556,143307,143347,143382,top,96.0,90.0,102.86,36.73,"{6551: 17.46, 6556: 0.0, 6555: 8.09, 6554: 10.86, 6553: 3.39, 6560: 4.78, 6561: 3.81, 6562: 15.31, 6558: 2.75}",True
6560,143327,143366,143401,top,97.3,92.31,102.86,30.14,"{6556: 4.78, 6555: 5.75, 6560: 0.0, 6554: 15.78, 6553: 0.95, 6561: 6.15, 6562: 10.62, 6558: 7.45, 6567: 16.87}",True
6561,143351,143392,143428,bottom,93.51,87.8,100.0,33.88,"{6556: 4.02, 6561: 0.0, 6560: 6.36, 6555: 14.22, 6562: 7.39, 6558: 5.03, 6567: 4.02, 6570: 15.52}",True
6562,143367,143408,143442,top,96.0,87.8,105.88,53.17,"{6556: 15.31, 6560: 10.61, 6561: 8.02, 6562: 0.0, 6555: 0.77, 6558: 18.12, 6567: 6.5, 6570: 3.36, 6574: 16.85}",True
6558,143371,,,bottom,,,,,{},False
6567,143394,143434,143468,top,97.3,90.0,105.88,46.71,"{6560: 16.89, 6561: 4.67, 6567: 0.0, 6562: 6.53, 6570: 6.65, 6574: 10.07}",True
6570,143416,143454,143488,bottom,100.0,94.74,105.88,32.78,"{6570: 0.0, 6567: 6.91, 6561: 15.47, 6562: 3.73, 6574: 6.78, 6579: 0.49, 6578: 0.99}",True
6574,143435,143473,143507,top,100.0,94.74,105.88,32.78,"{6567: 10.07, 6574: 0.0, 6570: 7.31, 6562: 16.79, 6579: 12.47, 6578: 12.88}",True
6578,143484,,,top,,,,,{},False
6579,143484,143519,143549,top,110.77,102.86,120.0,57.14,"{6574: 12.4, 6570: 1.06, 6579: 0.0, 6578: 0.03, 6583: 12.5}",True
6583,143529,143560,143589,top,120.0,116.13,124.14,27.62,"{6583: 0.0, 6579: 12.44, 6586: 12.15, 6587: 11.09}",True
6586,143549,,,bottom,,,,,{},False
6587,143559,143605,143646,top,82.76,78.26,87.8,23.28,"{6583: 11.24, 6587: 0.0, 6588: 17.81}",True
6588,143641,143686,143728,top,82.76,80.0,85.71,13.61,"{6587: 17.78, 6588: 0.0, 6589: 9.27}",True
6589,143680,143732,143775,top,75.79,69.23,83.72,33.7,"{6588: 9.3, 6589: 0.0, 6590: 4.59}",True
6590,143753,,,bottom,,,,,{},False
6591,143836,143868,143898,bottom,116.13,112.5,120.0,25.0,"{6591: 0.0, 6592: 7.56, 6593: 5.42, 6594: 2.07}",True
6592,143840,143890,143932,top,78.26,72.0,85.71,32.65,"{6591: 7.78, 6592: 0.0, 6593: 1.62, 6594: 9.18, 6597: 1.85}",True
6593,143861,143894,143925,top,112.5,109.09,116.13,22.7,"{6592: 1.62, 6591: 5.88, 6593: 0.0, 6594: 8.99, 6597: 1.12}",True
6594,143884,143935,143977,top,77.42,70.59,85.71,36.01,"{6592: 9.19, 6593: 9.12, 6594: 0.0, 6591: 2.04, 6597: 7.51, 6598: 15.18}",True
6597,143916,143951,143982,bottom,109.09,102.86,116.13,42.81,"{6592: 2.53, 6593: 1.64, 6594: 7.9, 6597: 0.0, 6598: 3.33}",True
6598,143957,144015,144068,top,64.86,62.07,67.92,11.05,"{6594: 15.24, 6598: 0.0, 6597: 3.32, 6599: 14.96}",True
6599,144043,144105,144158,top,62.61,58.06,67.92,18.6,"{6598: 14.95, 6599: 0.0, 6600: 9.29, 6601: 15.68, 6602: 17.72}",True
6600,144099,144163,144221,top,59.02,56.25,62.07,10.03,"{6599: 9.3, 6600: 0.0, 6601: 6.15, 6602: 5.41, 6603: 14.89}",True
6601,144138,144203,144260,top,59.02,55.38,63.16,13.64,"{6599: 15.7, 6600: 6.13, 6601: 0.0, 6602: 1.95, 6603: 8.93, 6604: 11.02}",True
6602,144153,144194,144231,top,92.31,87.8,97.3,25.66,"{6599: 17.53, 6600: 5.13, 6601: 1.85, 6602: 0.0, 6603: 11.81, 6604: 16.55}",True
6603,144194,144262,144321,top,56.69,52.94,61.02,13.69,"{6600: 14.88, 6601: 8.94, 6602: 11.94, 6603: 0.0, 6604: 2.03, 6606: 10.58}",True
6604,144221,144261,144296,top,96.0,90.0,102.86,36.73,"{6600: 18.6, 6602: 16.51, 6601: 10.76, 6603: 1.95, 6604: 0.0, 6606: 12.64}",True
6606,144264,144336,144401,top,52.55,50.0,55.38,8.28,"{6604: 12.8, 6603: 10.59, 6606: 0.0, 6610: 4.59, 6605: 9.73, 6611: 14.1}",True
6610,144327,144367,144402,top,96.0,90.0,102.86,36.73,"{6606: 4.53, 6610: 0.0, 6605: 18.08, 6611: 11.81}",True
6605,144330,,,bottom,,,,,{},False
6611,144366,144437,144495,top,55.81,50.7,62.07,19.59,"{6606: 14.07, 6610: 12.01, 6611: 0.0, 6612: 7.04, 6613: 11.71, 6614: 17.58}",True
6612,144414,144484,144541,top,56.69,51.43,63.16,20.58,"{6611: 7.03, 6612: 0.0, 6613: 2.76, 6614: 10.73, 6615: 2.88}",True
6613,144458,144500,144537,top,91.14,85.71,97.3,31.31,"{6611: 11.42, 6612: 2.86, 6613: 0.0, 6614: 9.22, 6615: 2.71}",True
6614,144487,144555,144610,top,58.54,52.94,65.45,22.75,"{6611: 17.59, 6612: 10.73, 6613: 9.4, 6614: 0.0, 6615: 7.61, 6616: 6.02}",True
6615,144515,144550,144581,bottom,109.09,102.86,116.13,42.81,"{6612: 3.69, 6613: 3.32, 6615: 0.0, 6614: 7.08, 6616: 4.38}",True
6616,144549,144588,144621,top,100.0,92.31,109.09,50.86,"{6614: 5.76, 6616: 0.0, 6615: 4.86, 6617: 16.0}",True
6617,144609,144654,144695,top,83.72,80.0,87.8,19.04,"{6614: 18.6, 6616: 16.03, 6617: 0.0, 6618: 7.81, 6621: 9.33, 6622: 12.14}",True
6618,144630,144667,144700,bottom,102.86,97.3,109.09,35.74,"{6617: 8.4, 6618: 0.0, 6621: 6.07, 6622: 5.29}",True
6621,144653,144696,144736,top,86.75,83.72,90.0,15.7,"{6617: 9.29, 6621: 0.0, 6618: 6.34, 6622: 4.29}",True
6622,144657,144724,144775,top,61.02,53.73,70.59,33.05,"{6617: 12.27, 6621: 4.41, 6622: 0.0, 6618: 5.24, 6635: 16.21}",True
6635,144762,144807,144848,top,83.72,80.0,87.8,19.04,"{6622: 16.06, 6635: 0.0, 6636: 9.06}",True
6636,144803,144849,144891,top,81.82,78.26,85.71,17.75,"{6635: 9.05, 6636: 0.0, 6645: 10.1}",True
6645,144849,144898,144945,top,75.0,73.47,76.6,6.65,"{6635: 19.12, 6645: 0.0, 6636: 10.11, 6652: 13.87, 6653: 15.24}",True
6652,144921,144964,144999,top,92.31,83.72,102.86,54.67,"{6652: 0.0, 6645: 13.75, 6653: 1.92, 6654: 17.2, 6655: 18.57}",True
6653,144928,144972,145014,top,83.72,81.82,85.71,9.28,"{6645: 15.13, 6653: 0.0, 6652: 1.97, 6654: 14.08, 6655: 15.55}",True
6654,144991,145035,145074,top,86.75,81.82,92.31,26.9,"{6652: 17.22, 6653: 14.0, 6654: 0.0, 6655: 2.33, 6656: 13.19, 6657: 2.85, 6658: 18.46}",True
6655,144996,145047,145087,top,79.12,70.59,90.0,48.53,"{6652: 18.64, 6653: 15.55, 6655: 0.0, 6654: 2.37, 6656: 10.51, 6657: 4.51, 6658: 15.82}",True
6656,145046,145098,145143,top,74.23,69.23,80.0,23.93,"{6655: 10.57, 6654: 13.24, 6656: 0.0, 6657: 8.39, 6658: 5.58, 6659: 1.44}",True
6657,145052,145085,145115,bottom,114.29,109.09,120.0,36.36,"{6654: 3.4, 6655: 5.08, 6657: 0.0, 6656: 7.89, 6658: 5.88}",True
6658,145071,145129,145176,top,68.57,62.07,76.6,30.91,"{6654: 18.52, 6655: 15.93, 6657: 5.88, 6656: 5.61, 6658: 0.0, 6659: 4.95}",True
6659,145129,145170,145205,bottom,94.74,87.8,102.86,43.01,"{6656: 1.99, 6659: 0.0, 6658: 5.49}",True
6660,145231,145289,145338,top,67.29,62.07,73.47,23.27,"{6660: 0.0, 6662: 1.94}",True
6662,145256,145300,145338,top,87.8,81.82,94.74,34.0,"{6660: 1.94, 6662: 0.0}",True
6678,145339,,,bottom,,,,,{},False
6679,145340,145382,145417,bottom,93.51,85.71,102.86,48.98,"{6660: 0.44, 6679: 0.0, 6662: 0.4, 6680: 4.5}",True
6680,145377,145429,145474,top,74.23,69.23,80.0,23.93,"{6679: 4.9, 6680: 0.0}",True
6682,145539,145584,145623,top,85.71,80.0,92.31,31.56,"{6682: 0.0, 6687: 0.7, 6696: 1.86}",True
6687,145558,145586,145625,top,107.46,128.57,92.31,-92.98,"{6682: 0.7, 6687: 0.0, 6696: 1.83}",True
6696,145608,145645,145678,bottom,102.86,97.3,109.09,35.74,"{6696: 0.0, 6682: 2.31, 6687: 2.52, 6691: 9.16}",True
6691,145641,,,bottom,,,,,{},False
6697,145749,145780,145808,bottom,122.03,116.13,128.57,44.44,"{6697: 0.0, 6698: 2.98, 6699: 7.22}",True
6698,145756,145791,145821,bottom,110.77,102.86,120.0,57.14,"{6697: 3.04, 6698: 0.0, 6699: 8.81}",True
6699,145764,145793,145819,top,130.91,124.14,138.46,55.09,"{6698: 8.46, 6699: 0.0, 6697: 7.6}",True
6700,145865,145898,145927,bottom,116.13,109.09,124.14,51.89,"{6700: 0.0, 6701: 6.93, 6702: 1.93}",True
6701,145893,145919,145942,bottom,146.94,138.46,156.52,78.52,"{6700: 6.83, 6701: 0.0, 6702: 4.94}",True
6702,145913,145954,145991,top,92.31,87.8,97.3,25.66,"{6701: 4.94, 6702: 0.0, 6700: 2.06}",True
6705,146035,146065,146091,top,128.57,120.0,138.46,71.01,"{6705: 0.0, 6706: 4.18}",True
6706,146044,146079,146110,top,109.09,102.86,116.13,42.81,"{6706: 0.0, 6705: 4.25, 6708: 17.69}",True
6708,146105,146147,146184,top,91.14,85.71,97.3,31.31,"{6706: 17.69, 6708: 0.0, 6710: 1.53, 6718: 5.24}",True
6710,146113,146142,146169,top,128.57,124.14,133.33,34.06,"{6708: 1.43, 6710: 0.0, 6718: 4.48}",True
6711,146113,,,top,,,,,{},False
6718,146139,146180,146217,bottom,92.31,87.8,97.3,25.66,"{6708: 5.6, 6718: 0.0, 6710: 4.56}",True
6728,146224,146255,146284,top,120.0,116.13,124.14,27.62,{6728: 0.0},True
6729,146333,146375,146412,bottom,91.14,85.71,97.3,31.31,"{6729: 0.0, 6730: 7.89, 6735: 2.84}",True
6730,146338,146363,146387,top,146.94,144.0,150.0,25.0,"{6729: 7.68, 6730: 0.0}",True
6735,146390,146423,146451,top,118.03,109.09,128.57,69.57,"{6729: 3.71, 6735: 0.0}",True
6745,146451,,,bottom,,,,,{},False
6746,146471,146494,146516,top,160.0,156.52,163.64,32.34,"{6746: 0.0, 6747: 1.71}",True
6747,146506,146542,146574,bottom,105.88,100.0,112.5,39.06,"{6746: 1.89, 6747: 0.0}",True
6749,146664,146693,146719,top,130.91,124.14,138.46,55.09,{6749: 0.0},True
6757,146719,,,bottom,,,,,{},False
6758,146780,146809,146834,top,133.33,124.14,144.0,79.45,{6758: 0.0},True
6759,146968,147003,147034,top,109.09,102.86,116.13,42.81,{6759: 0.0},True
6761,147040,147075,147105,top,110.77,102.86,120.0,57.14,"{6761: 0.0, 6762: 7.62}",True
6762,147069,147099,147126,top,126.32,120.0,133.33,49.38,"{6761: 7.58, 6762: 0.0}",True
6763,147139,147173,147203,bottom,112.5,105.88,120.0,47.06,"{6763: 0.0, 6764: 7.8}",True
6764,147150,147184,147214,top,112.5,105.88,120.0,47.06,"{6764: 0.0, 6763: 8.24}",True
6765,147260,147290,147317,bottom,126.32,120.0,133.33,49.38,"{6765: 0.0, 6766: 3.48}",True
6766,147296,147330,147359,top,114.29,105.88,124.14,62.95,"{6766: 0.0, 6765: 3.68, 6768: 14.63}",True
6768,147347,147375,147401,top,133.33,128.57,138.46,38.04,"{6768: 0.0, 6766: 14.54, 6769: 7.04}",True
6769,147364,147397,147427,top,114.29,109.09,120.0,36.36,"{6768: 7.09, 6769: 0.0}",True
6770,147554,147587,147617,top,114.29,109.09,120.0,36.36,"{6770: 0.0, 6771: 1.27}",True
6771,147609,147633,147654,bottom,160.0,150.0,171.43,102.04,"{6770: 1.76, 6771: 0.0, 6772: 6.52}",True
6772,147618,147651,147681,top,114.29,109.09,120.0,36.36,"{6771: 6.87, 6772: 0.0}",True
6773,147712,147736,147757,bottom,160.0,150.0,171.43,102.04,{6773: 0.0},True
6774,147781,147811,147838,top,126.32,120.0,133.33,49.38,{6774: 0.0},True
6775,147888,147919,147946,top,124.14,116.13,133.33,63.72,"{6775: 0.0, 6776: 4.11}",True
6776,147917,147962,147999,bottom,87.8,80.0,97.3,46.75,"{6775: 4.35, 6776: 0.0, 6777: 5.85}",True
6777,147955,147987,148016,top,118.03,112.5,124.14,40.13,"{6776: 6.71, 6777: 0.0}",True
6778,148015,148050,148080,top,110.77,102.86,120.0,57.14,"{6777: 18.48, 6778: 0.0}",True
6779,148187,148230,148268,top,88.89,83.72,94.74,28.99,"{6779: 0.0, 6780: 12.32}",True
6780,148240,148282,148317,top,93.51,85.71,102.86,48.98,"{6779: 12.3, 6780: 0.0}",True
6781,148365,148393,148418,top,135.85,128.57,144.0,61.71,"{6781: 0.0, 6782: 13.74, 6783: 2.14}",True
6782,148403,148432,148458,top,130.91,124.14,138.46,55.09,"{6781: 13.76, 6782: 0.0, 6783: 8.23}",True
6783,148405,148441,148474,bottom,104.35,100.0,109.09,27.55,"{6781: 2.18, 6782: 8.39, 6783: 0.0}",True
6784,148505,148540,,bottom,,,,,{},False
6785,148539,148569,148597,top,124.14,120.0,128.57,30.61,"{6784: 3.95, 6785: 0.0}",True
6790,148603,148639,148670,top,107.46,100.0,116.13,52.03,"{6790: 0.0, 6791: 0.74, 6792: 10.1}",True
6791,148607,148637,148665,top,124.14,120.0,128.57,30.61,"{6791: 0.0, 6790: 0.69, 6792: 11.2}",True
6792,148639,148675,148705,top,109.09,100.0,120.0,66.67,"{6791: 11.25, 6790: 10.09, 6792: 0.0}",True
6793,148753,148790,148823,bottom,102.86,97.3,109.09,35.74,"{6793: 0.0, 6794: 1.63}",True
6794,148812,148844,148872,top,120.0,112.5,128.57,57.4,"{6793: 2.11, 6794: 0.0, 6795: 2.85, 6796: 1.28}",True
6795,148852,148888,148921,bottom,104.35,100.0,109.09,27.55,"{6795: 0.0, 6794: 3.24, 6796: 3.3, 6797: 5.89}",True
6796,148863,148900,,bottom,,,,,{},False
6797,148882,148912,148939,top,126.32,120.0,133.33,49.38,"{6797: 0.0, 6795: 6.49, 6796: 6.28, 6800: 15.29}",True
6800,148927,148961,148992,top,110.77,105.88,116.13,33.05,"{6800: 0.0, 6797: 15.33, 6802: 16.55}",True
6802,148985,149015,149043,top,124.14,120.0,128.57,30.61,"{6800: 16.48, 6802: 0.0, 6803: 6.55, 6804: 7.25}",True
6803,149003,149036,,top,,,,,{},False
6804,149006,149039,149067,top,118.03,109.09,128.57,69.57,"{6802: 7.26, 6804: 0.0, 6803: 0.63}",True
6807,149125,149160,149191,top,109.09,102.86,116.13,42.81,{6807: 0.0},True
6808,149219,149261,149297,bottom,92.31,85.71,100.0,39.68,"{6808: 0.0, 6809: 9.25, 6813: 7.24, 6815: 2.51}",True
6809,149222,149260,149293,top,101.41,94.74,109.09,43.5,"{6808: 8.88, 6809: 0.0, 6813: 4.95, 6815: 14.54}",True
6813,149247,149276,149302,top,130.91,124.14,138.46,55.09,"{6808: 8.2, 6809: 4.8, 6813: 0.0, 6815: 11.07}",True
6815,149276,149314,149347,top,101.41,94.74,109.09,43.5,"{6813: 11.18, 6809: 14.56, 6808: 3.16, 6815: 0.0, 6820: 3.59, 6821: 1.77, 6823: 18.34}",True
6821,149333,149374,149408,bottom,96.0,87.8,105.88,53.17,"{6815: 2.21, 6820: 0.02, 6821: 0.0, 6823: 8.17}",True
6820,149333,,,bottom,,,,,{},False
6823,149345,149382,149416,top,101.41,97.3,105.88,25.25,"{6815: 18.29, 6823: 0.0, 6821: 8.58}",True
6835,149433,149455,149476,top,167.44,163.64,171.43,37.11,"{6835: 0.0, 6836: 6.33}",True
6836,149442,149475,149506,top,112.5,109.09,116.13,22.7,"{6835: 6.46, 6836: 0.0, 6837: 17.15}",True
6837,149501,149526,149549,top,150.0,144.0,156.52,54.44,"{6836: 16.99, 6837: 0.0}",True
6838,149564,149608,149646,bottom,87.8,81.82,94.74,34.0,"{6838: 0.0, 6839: 0.73}",True
6839,149641,149673,149701,top,120.0,112.5,128.57,57.4,"{6839: 0.0, 6838: 1.52, 6840: 1.63}",True
6840,149689,149731,149766,bottom,93.51,85.71,102.86,48.98,"{6839: 1.92, 6840: 0.0}",True
6841,149809,149843,149873,bottom,112.5,105.88,120.0,47.06,{6841: 0.0},True
6843,149896,149925,149951,bottom,130.91,124.14,138.46,55.09,"{6843: 0.0, 6844: 7.45}",True
6844,149905,149938,149967,top,116.13,109.09,124.14,51.89,"{6844: 0.0, 6843: 7.85, 6846: 17.17, 6847: 0.4}",True
6846,149959,,,top,,,,,{},False
6847,149963,149996,150026,bottom,114.29,109.09,120.0,36.36,"{6844: 1.02, 6847: 0.0, 6848: 6.59, 6849: 13.73}",True
6848,149981,150015,150046,top,110.77,105.88,116.13,33.05,"{6848: 0.0, 6847: 7.01, 6849: 5.37}",True
6849,150010,150042,150069,bottom,122.03,112.5,133.33,77.16,"{6849: 0.0, 6848: 5.73, 6847: 13.68}",True
6852,150098,150133,150163,bottom,110.77,102.86,120.0,57.14,"{6852: 0.0, 6853: 8.7, 6854: 13.45}",True
6853,150102,150136,150165,top,114.29,105.88,124.14,62.95,"{6852: 8.99, 6853: 0.0, 6854: 2.69}",True
6854,150147,150177,150203,bottom,128.57,120.0,138.46,71.01,"{6854: 0.0, 6853: 3.23, 6852: 13.32, 6855: 12.73}",True
6855,150185,150216,150242,bottom,126.32,116.13,138.46,85.89,"{6855: 0.0, 6854: 12.77, 6856: 2.69, 6857: 15.9}",True
6856,150226,150256,150284,top,124.14,120.0,128.57,30.61,"{6856: 0.0, 6855: 2.94, 6857: 8.07, 6859: 14.92, 6860: 1.02}",True
6857,150234,150265,150292,bottom,124.14,116.13,133.33,63.72,"{6856: 8.39, 6857: 0.0, 6855: 15.89, 6859: 3.23, 6860: 16.47}",True
6859,150272,150303,150331,top,122.03,116.13,128.57,44.44,"{6856: 14.93, 6859: 0.0, 6857: 3.54, 6860: 6.95, 6861: 3.33, 6862: 0.86}",True
6860,150283,150326,150369,bottom,83.72,83.72,83.72,,"{6860: 0.0, 6856: 0.42, 6859: 6.99, 6857: 16.68, 6861: 2.49, 6862: 10.24, 6863: 3.85}",True
6861,150309,150340,150367,bottom,124.14,116.13,133.33,63.72,"{6860: 2.56, 6859: 3.81, 6861: 0.0, 6862: 8.7, 6863: 4.43}",True
6862,150329,150378,150418,bottom,80.9,73.47,90.0,41.33,"{6862: 0.0, 6859: 0.55, 6861: 8.87, 6860: 10.26, 6863: 8.63, 6864: 8.09, 6865: 7.57, 6866: 16.99}",True
6863,150338,150376,150409,top,101.41,94.74,109.09,43.5,"{6863: 0.0, 6862: 8.28, 6860: 4.45, 6861: 4.45, 6864: 4.64, 6865: 4.39}",True
6864,150369,150416,150457,bottom,81.82,76.6,87.8,27.34,"{6863: 4.91, 6862: 8.12, 6860: 18.39, 6864: 0.0, 6865: 2.15, 6866: 8.65}",True
6865,150378,150408,150435,bottom,126.32,120.0,133.33,49.38,"{6863: 4.96, 6865: 0.0, 6862: 7.28, 6864: 2.05, 6866: 12.16}",True
6866,150410,150458,150499,bottom,80.9,75.0,87.8,31.23,"{6863: 0.33, 6866: 0.0, 6862: 17.03, 6864: 8.67, 6865: 12.35, 6870: 14.15}",True
6870,150478,150526,150566,bottom,81.82,75.0,90.0,37.5,"{6870: 0.0, 6866: 14.14, 6873: 6.39, 6874: 16.99}",True
6873,150517,150552,150584,bottom,107.46,102.86,112.5,30.13,"{6873: 0.0, 6870: 6.23, 6874: 12.29}",True
6874,150558,150603,150642,bottom,85.71,80.0,92.31,31.56,"{6874: 0.0, 6873: 12.41, 6870: 17.02, 6875: 11.9, 6876: 15.45}",True
6875,150615,150650,,bottom,,,,,{},False
6876,150630,150662,150690,bottom,120.0,112.5,128.57,57.4,"{6876: 0.0, 6875: 3.64, 6874: 15.18, 6878: 1.56, 6880: 17.86, 6879: 0.51}",True
6878,150681,150717,150747,top,109.09,100.0,120.0,66.67,"{6878: 0.0, 6876: 1.69, 6880: 8.48, 6879: 2.62, 6883: 6.59, 6887: 10.52, 6889: 15.58}",True
6879,150688,,,top,,,,,{},False
6880,150688,150720,150749,bottom,118.03,112.5,124.14,40.13,"{6878: 8.79, 6880: 0.0, 6876: 17.92, 6879: 18.21, 6883: 4.5, 6887: 4.46, 6889: 2.04}",True
6883,150698,150738,150774,bottom,94.74,90.0,100.0,27.78,"{6883: 0.0, 6878: 6.76, 6880: 4.64, 6887: 7.85, 6889: 5.11, 6892: 1.89}",True
6887,150721,150750,150777,top,128.57,124.14,133.33,34.06,"{6878: 10.44, 6883: 8.3, 6887: 0.0, 6880: 5.01, 6889: 6.19, 6892: 13.71}",True
6889,150736,150771,150802,top,109.09,102.86,116.13,42.81,"{6878: 15.58, 6889: 0.0, 6887: 6.27, 6883: 5.6, 6880: 2.34, 6892: 6.31}",True
6892,150761,150792,150818,top,126.32,116.13,138.46,85.89,"{6889: 6.24, 6887: 13.72, 6892: 0.0, 6883: 2.47, 6893: 13.67}",True
6893,150802,150837,150869,top,107.46,102.86,112.5,30.13,"{6889: 18.74, 6892: 13.74, 6893: 0.0}",True
6902,150871,,,bottom,,,,,{},False
6903,150937,150971,151001,bottom,112.5,105.88,120.0,47.06,"{6903: 0.0, 6904: 6.17, 6905: 8.89}",True
6904,150956,150992,,bottom,,,,,{},False
6905,150968,151002,151032,bottom,112.5,105.88,120.0,47.06,"{6905: 0.0, 6904: 2.82, 6903: 8.91, 6916: 16.93, 6913: 0.43}",True
6916,151025,151067,151103,bottom,92.31,85.71,100.0,39.68,"{6916: 0.0, 6905: 17.09, 6913: 17.5, 6917: 6.11, 6918: 12.72}",True
6913,151030,,,top,,,,,{},False
6917,151056,151093,151124,top,105.88,97.3,116.13,60.75,"{6917: 0.0, 6916: 6.71, 6918: 5.98}",True
6918,151079,151119,151154,bottom,96.0,90.0,102.86,36.73,"{6918: 0.0, 6917: 6.17, 6916: 12.7, 6919: 3.5}",True
6919,151128,151163,151194,top,109.09,102.86,116.13,42.81,"{6919: 0.0, 6918: 4.26, 6920: 8.26}",True
6920,151165,151188,151210,top,160.0,156.52,163.64,32.34,"{6919: 8.06, 6920: 0.0}",True
6921,151226,151258,151287,top,118.03,112.5,124.14,40.13,"{6921: 0.0, 6922: 3.3, 6923: 14.83}",True
6922,151238,151268,151296,top,124.14,120.0,128.57,30.61,"{6921: 3.28, 6922: 0.0, 6923: 11.86, 6924: 0.33}",True
6923,151274,151306,151334,top,120.0,112.5,128.57,57.4,"{6921: 14.84, 6922: 11.87, 6923: 0.0, 6924: 6.32}",True
6924,151293,151325,151354,bottom,118.03,112.5,124.14,40.13,"{6922: 0.96, 6924: 0.0, 6923: 6.63, 6925: 13.77}",True
6925,151336,151379,151418,bottom,87.8,83.72,92.31,22.02,"{6925: 0.0, 6924: 13.94, 6927: 8.06, 6928: 15.03}",True
6927,151359,151391,151419,top,120.0,112.5,128.57,57.4,"{6925: 8.14, 6927: 0.0, 6928: 2.28}",True
6928,151402,151445,151482,bottom,90.0,83.72,97.3,36.69,"{6927: 2.57, 6928: 0.0, 6925: 15.01, 6929: 6.43, 6930: 10.95, 6931: 15.53}",True
6929,151432,151468,151499,top,107.46,100.0,116.13,52.03,"{6929: 0.0, 6928: 7.2, 6930: 6.37, 6931: 3.85, 6932: 15.61, 6933: 0.57}",True
6930,151454,151486,151515,bottom,118.03,112.5,124.14,40.13,"{6929: 6.86, 6930: 0.0, 6928: 10.71, 6931: 6.13, 6932: 4.07, 6933: 12.34}",True
6931,151469,151511,151547,bottom,92.31,85.71,100.0,39.68,"{6931: 0.0, 6929: 4.16, 6930: 6.3, 6928: 15.48, 6932: 7.55, 6933: 4.75, 6934: 11.26, 6935: 0.69}",True
6932,151488,151523,151555,top,107.46,102.86,112.5,30.13,"{6931: 8.49, 6929: 15.6, 6932: 0.0, 6930: 4.44, 6933: 8.64, 6934: 4.96, 6935: 15.9, 6936: 0.28}",True
6933,151494,151529,151560,bottom,109.09,102.86,116.13,42.81,"{6933: 0.0, 6929: 1.04, 6932: 8.94, 6931: 4.58, 6930: 12.39, 6934: 7.09, 6935: 2.28, 6936: 16.69}",True
6934,151518,151554,151587,bottom,104.35,100.0,109.09,27.55,"{6932: 5.37, 6934: 0.0, 6933: 7.13, 6931: 11.14, 6935: 5.78, 6936: 9.55, 6937: 1.26}",True
6935,151544,151580,151613,top,104.35,100.0,109.09,27.55,"{6932: 15.9, 6934: 6.49, 6935: 0.0, 6933: 2.55, 6931: 1.32, 6936: 8.02, 6937: 9.72}",True
6936,151552,151591,151627,bottom,96.0,92.31,100.0,21.37,"{6932: 0.73, 6936: 0.0, 6935: 8.11, 6934: 9.6, 6933: 16.76, 6937: 6.41}",True
6937,151579,151615,151647,top,105.88,100.0,112.5,39.06,"{6935: 9.71, 6937: 0.0, 6936: 6.86, 6934: 1.72}",True
6938,151649,151683,151711,top,116.13,105.88,128.57,81.03,"{6938: 0.0, 6939: 6.63, 6940: 5.57}",True
6939,151668,151699,151726,bottom,124.14,116.13,133.33,63.72,"{6939: 0.0, 6938: 6.96, 6940: 2.93}",True
6940,151670,151712,151748,bottom,92.31,85.71,100.0,39.68,"{6938: 5.87, 6939: 3.14, 6940: 0.0, 6942: 2.63}",True
6942,151728,151764,151795,top,107.46,100.0,116.13,52.03,"{6942: 0.0, 6940: 3.21, 6939: 0.75, 6943: 5.47, 6946: 9.93, 6953: 17.39}",True
6943,151755,151794,151821,bottom,109.09,92.31,133.33,151.95,"{6942: 5.98, 6943: 0.0, 6946: 8.95, 6953: 4.37, 6954: 2.99}",True
6946,151771,151793,151815,top,163.64,163.64,163.64,,"{6942: 9.63, 6946: 0.0, 6943: 8.39, 6953: 10.49, 6954: 14.26}",True
6953,151790,151827,151860,top,102.86,97.3,109.09,35.74,"{6942: 17.37, 6946: 10.64, 6953: 0.0, 6943: 4.42, 6954: 1.5, 6957: 9.42, 6951: 10.63, 6959: 3.48, 6958: 7.11}",True
6954,151803,151829,151851,top,150.0,138.46,163.64,114.43,"{6946: 14.28, 6953: 1.47, 6954: 0.0, 6943: 3.27, 6957: 8.5, 6951: 10.39, 6959: 3.0, 6958: 6.82}",True
6957,151823,,,top,,,,,{},False
6951,151828,,,top,,,,,{},False
6958,151833,,,bottom,,,,,{},False
6959,151833,151872,151905,bottom,100.0,92.31,109.09,50.86,"{6953: 3.86, 6954: 3.15, 6959: 0.0, 6958: 0.01}",True
6962,151906,151939,151968,bottom,116.13,109.09,124.14,51.89,"{6962: 0.0, 6959: 18.66, 6963: 7.79, 6966: 15.76}",True
6963,151919,151949,151975,top,128.57,120.0,138.46,71.01,"{6962: 8.35, 6963: 0.0, 6966: 2.72, 6968: 1.2, 6970: 17.66}",True
6966,151958,151995,152025,bottom,107.46,97.3,120.0,75.68,"{6966: 0.0, 6962: 15.84, 6963: 2.74, 6968: 4.23, 6970: 9.62}",True
6968,151968,152013,152052,bottom,85.71,80.0,92.31,31.56,"{6966: 4.4, 6968: 0.0, 6963: 1.09, 6962: 18.76, 6970: 12.98, 6978: 3.39, 6965: 14.64}",True
6970,151971,,,top,,,,,{},False
6978,152029,152057,152082,top,135.85,128.57,144.0,61.71,"{6978: 0.0, 6968: 4.29, 6965: 18.12, 6980: 2.87, 6981: 17.5}",True
6965,152032,,,bottom,,,,,{},False
6980,152064,152096,152124,bottom,120.0,112.5,128.57,57.4,"{6978: 3.17, 6980: 0.0, 6981: 7.1, 6982: 7.13, 6983: 4.91, 6986: 16.94}",True
6981,152078,152109,152137,top,122.03,116.13,128.57,44.44,"{6978: 17.5, 6980: 7.6, 6981: 0.0, 6982: 7.75, 6983: 5.47, 6986: 2.59}",True
6982,152086,152119,152148,bottom,116.13,109.09,124.14,51.89,"{6980: 7.15, 6982: 0.0, 6981: 8.04, 6983: 8.13, 6986: 10.3}",True
6983,152092,152127,152158,top,109.09,102.86,116.13,42.81,"{6982: 8.54, 6983: 0.0, 6981: 5.51, 6980: 5.14, 6986: 5.24, 6987: 0.78}",True
6986,152118,152158,152193,bottom,96.0,90.0,102.86,36.73,"{6983: 5.58, 6981: 2.82, 6986: 0.0, 6980: 17.14, 6982: 10.41, 6987: 7.07, 6988: 15.78, 6989: 1.15, 6991: 0.77}",True
6987,152152,152183,152211,bottom,122.03,116.13,128.57,44.44,"{6983: 1.31, 6987: 0.0, 6986: 6.91, 6988: 9.66, 6989: 4.15, 6991: 3.55}",True
6988,152183,152214,152242,bottom,122.03,116.13,128.57,44.44,"{6988: 0.0, 6987: 9.67, 6986: 15.59, 6989: 8.91, 6991: 8.2, 6995: 16.28, 6994: 16.4}",True
6989,152184,152216,152244,top,120.0,112.5,128.57,57.4,"{6988: 9.22, 6987: 4.6, 6986: 1.81, 6989: 0.0, 6991: 0.93, 6994: 1.25, 6995: 2.44}",True
6991,152188,152219,,top,,,,,{},False
6995,152235,,,bottom,,,,,{},False
6994,152235,152268,152298,bottom,114.29,109.09,120.0,36.36,"{6989: 1.74, 6994: 0.0, 6991: 1.86, 6988: 16.44, 6995: 0.01, 6998: 7.55, 7005: 1.89}",True
6998,152248,152281,152310,top,116.13,109.09,124.14,51.89,"{6998: 0.0, 6994: 8.0, 7005: 10.79}",True
7005,152285,152315,152341,top,128.57,120.0,138.46,71.01,"{6998: 10.74, 7005: 0.0, 6994: 2.61, 7004: 9.0}",True
7004,152309,,,top,,,,,{},False
7008,152363,152403,152437,bottom,97.3,90.0,105.88,46.71,"{7008: 0.0, 7009: 7.29, 7010: 12.37, 7011: 5.41}",True
7009,152383,152416,152446,top,114.29,109.09,120.0,36.36,"{7008: 7.94, 7009: 0.0, 7010: 0.02, 7011: 8.28}",True
7010,152384,,,top,,,,,{},False
7011,152389,152423,152452,bottom,114.29,105.88,124.14,62.95,"{7011: 0.0, 7008: 5.31, 7009: 8.72}",True
7025,152458,152493,152525,bottom,107.46,102.86,112.5,30.13,{7025: 0.0},True
7026,152574,152607,152636,top,116.13,109.09,124.14,51.89,"{7026: 0.0, 7029: 5.49}",True
7029,152597,152637,152672,bottom,96.0,90.0,102.86,36.73,"{7029: 0.0, 7026: 5.64, 7034: 1.98}",True
7034,152658,152690,152719,top,118.03,112.5,124.14,40.13,"{7034: 0.0, 7029: 2.64}",True
7035,152730,152767,152800,bottom,102.86,97.3,109.09,35.74,"{7035: 0.0, 7036: 2.52, 7037: 16.3}",True
7036,152782,152815,152844,top,116.13,109.09,124.14,51.89,"{7036: 0.0, 7035: 3.23, 7037: 7.31}",True
7037,152791,152832,152868,bottom,93.51,87.8,100.0,33.88,"{7037: 0.0, 7036: 7.44, 7035: 16.36}",True
7038,152877,152917,152953,bottom,94.74,90.0,100.0,27.78,"{7038: 0.0, 7039: 17.3}",True
7039,152947,152990,153026,bottom,91.14,83.72,100.0,45.22,"{7039: 0.0, 7038: 17.3, 7040: 5.25, 7042: 2.61, 7044: 18.14}",True
7040,152983,153022,153057,top,97.3,92.31,102.86,30.14,"{7039: 6.03, 7040: 0.0, 7042: 3.61, 7044: 4.06}",True
7042,153008,153035,153060,top,138.46,133.33,144.0,42.67,"{7040: 3.46, 7042: 0.0, 7039: 3.87, 7044: 5.71}",True
7044,153024,153068,153106,bottom,87.8,81.82,94.74,34.0,"{7044: 0.0, 7039: 18.13, 7042: 5.71, 7040: 4.22, 7048: 6.91, 7047: 8.17, 7052: 13.2}",True
7047,153062,,,bottom,,,,,{},False
7048,153062,153095,153124,bottom,116.13,109.09,124.14,51.89,"{7044: 6.79, 7048: 0.0, 7047: 0.01, 7052: 7.54}",True
7052,153082,153126,153164,bottom,87.8,81.82,94.74,34.0,"{7044: 13.25, 7048: 7.73, 7052: 0.0, 7067: 11.99, 7068: 15.19}",True
7067,153138,153175,,bottom,,,,,{},False
7068,153147,153194,,bottom,,,,,{},False
7076,153223,153258,153289,top,109.09,102.86,116.13,42.81,"{7076: 0.0, 7075: 1.52, 7077: 7.73}",True
7075,153226,,,top,,,,,{},False
7077,153237,153269,153298,bottom,118.03,112.5,124.14,40.13,"{7077: 0.0, 7076: 8.07}",True
7078,153315,153348,153378,top,114.29,109.09,120.0,36.36,"{7078: 0.0, 7079: 4.29}",True
7079,153327,153364,153396,top,104.35,97.3,112.5,47.51,"{7078: 4.32, 7079: 0.0}",True
7080,153407,153437,153464,top,126.32,120.0,133.33,49.38,"{7080: 0.0, 7081: 3.77, 7082: 2.48, 7083: 13.96}",True
7081,153439,153471,153500,bottom,118.03,112.5,124.14,40.13,"{7080: 4.08, 7081: 0.0, 7082: 3.52, 7083: 7.6, 7087: 10.12}",True
7082,153446,153484,153520,bottom,97.3,94.74,100.0,14.62,"{7080: 2.74, 7081: 3.57, 7082: 0.0, 7083: 9.13, 7087: 6.04}",True
7083,153448,153482,153513,top,110.77,105.88,116.13,33.05,"{7080: 13.99, 7081: 8.18, 7083: 0.0, 7082: 8.54, 7087: 8.02}",True
7087,153468,,,bottom,,,,,{},False
7095,153547,,,top,,,,,{},False
7097,153559,153590,153618,bottom,122.03,116.13,128.57,44.44,"{7097: 0.0, 7098: 8.42, 7100: 14.03, 7101: 1.03}",True
7098,153564,153596,153624,top,120.0,112.5,128.57,57.4,"{7098: 0.0, 7097: 8.73, 7100: 3.06, 7101: 15.44}",True
7100,153603,153636,153665,bottom,116.13,109.09,124.14,51.89,"{7098: 3.5, 7100: 0.0, 7097: 14.08, 7101: 7.78}",True
7101,153613,153648,153678,top,110.77,102.86,120.0,57.14,"{7098: 15.49, 7101: 0.0, 7100: 8.04, 7097: 1.11, 7103: 17.59}",True
7103,153673,153709,153739,top,109.09,100.0,120.0,66.67,"{7101: 17.55, 7103: 0.0, 7104: 9.02, 7107: 14.67}",True
7104,153678,153711,153739,bottom,118.03,109.09,128.57,69.57,"{7101: 0.55, 7104: 0.0, 7103: 8.87, 7107: 2.2}",True
7107,153725,153759,153789,top,112.5,105.88,120.0,47.06,"{7103: 14.66, 7107: 0.0, 7104: 2.59, 7108: 5.19, 7109: 8.91, 7110: 13.22}",True
7108,153753,153785,153814,bottom,118.03,112.5,124.14,40.13,"{7107: 5.66, 7108: 0.0, 7109: 8.74, 7110: 6.6}",True
7109,153756,153788,153818,top,116.13,112.5,120.0,25.0,"{7107: 8.88, 7108: 9.2, 7109: 0.0, 7110: 4.45}",True
7110,153770,153804,153833,top,114.29,105.88,124.14,62.95,"{7107: 13.2, 7110: 0.0, 7108: 7.05, 7109: 4.46, 7115: 0.32}",True
7115,153831,153873,153910,bottom,91.14,85.71,97.3,31.31,"{7110: 0.64, 7115: 0.0, 7116: 14.38}",True
7116,153893,153929,153961,bottom,105.88,100.0,112.5,39.06,"{7116: 0.0, 7115: 14.27, 7117: 9.32, 7118: 12.92}",True
7117,153928,153963,153994,bottom,109.09,102.86,116.13,42.81,"{7117: 0.0, 7116: 9.32, 7118: 4.73, 7119: 13.36, 7120: 17.43}",True
7118,153938,153984,154025,bottom,82.76,78.26,87.8,23.28,"{7118: 0.0, 7117: 4.92, 7116: 13.04, 7119: 7.02, 7120: 9.8, 7121: 2.08}",True
7119,153973,154016,154056,bottom,86.75,83.72,90.0,15.7,"{7118: 6.97, 7119: 0.0, 7117: 13.48, 7120: 2.05, 7121: 6.38, 7126: 16.85}",True
7120,153990,154025,,bottom,,,,,{},False
7121,154009,154041,154069,top,120.0,112.5,128.57,57.4,"{7121: 0.0, 7118: 3.01, 7120: 6.3, 7119: 7.49, 7126: 2.68}",True
7126,154049,154091,,bottom,,,,,{},False
7131,154079,154110,154138,top,122.03,116.13,128.57,44.44,"{7131: 0.0, 7126: 7.21, 7132: 6.81, 7133: 6.09}",True
7132,154092,154127,154158,bottom,109.09,102.86,116.13,42.81,"{7131: 7.07, 7132: 0.0, 7126: 10.34, 7133: 9.11, 7137: 13.13, 7140: 0.47}",True
7133,154098,154129,154156,top,124.14,116.13,133.33,63.72,"{7131: 6.09, 7133: 0.0, 7132: 8.64, 7137: 2.49}",True
7137,154139,154174,154204,bottom,110.77,102.86,120.0,57.14,"{7133: 2.88, 7137: 0.0, 7132: 13.16, 7140: 7.3, 7143: 12.16, 7144: 2.91}",True
7140,154155,154187,154216,top,118.03,112.5,124.14,40.13,"{7133: 18.36, 7132: 1.03, 7140: 0.0, 7137: 7.79, 7143: 4.92, 7144: 8.91}",True
7143,154179,154225,154265,bottom,83.72,78.26,90.0,29.35,"{7140: 5.09, 7143: 0.0, 7137: 12.33, 7144: 8.22, 7148: 13.74}",True
7144,154185,154215,154243,top,124.14,120.0,128.57,30.61,"{7140: 8.9, 7143: 7.75, 7144: 0.0, 7137: 3.46}",True
7148,154247,154278,154304,bottom,126.32,116.13,138.46,85.89,"{7148: 0.0, 7143: 13.42, 7149: 2.61, 7150: 14.98}",True
7149,154288,154321,154351,top,114.29,109.09,120.0,36.36,"{7149: 0.0, 7148: 2.81, 7150: 8.6, 7152: 1.89}",True
7150,154293,154326,154356,bottom,114.29,109.09,120.0,36.36,"{7150: 0.0, 7149: 8.89, 7148: 15.05, 7152: 13.78}",True
7152,154337,154378,154414,bottom,93.51,87.8,100.0,33.88,"{7149: 2.18, 7152: 0.0, 7150: 13.88, 7156: 6.58, 7158: 11.54}",True
7156,154365,154399,154429,top,112.5,105.88,120.0,47.06,"{7156: 0.0, 7152: 7.22, 7158: 5.92, 7162: 16.81}",True
7158,154388,154419,154450,bottom,116.13,116.13,116.13,,"{7156: 6.43, 7152: 11.42, 7158: 0.0, 7162: 4.38}",True
7162,154422,154454,154482,top,120.0,112.5,128.57,57.4,"{7156: 16.76, 7162: 0.0, 7158: 4.54}",True
7164,154483,154525,154562,bottom,91.14,85.71,97.3,31.31,"{7164: 0.0, 7162: 0.06, 7165: 7.92, 7166: 12.91}",True
7165,154497,154523,154546,top,146.94,138.46,156.52,78.52,"{7164: 7.48, 7165: 0.0, 7166: 1.3}",True
7166,154538,154578,154613,bottom,96.0,90.0,102.86,36.73,"{7165: 1.55, 7164: 12.88, 7166: 0.0, 7167: 3.0}",True
7167,154591,154625,154655,top,112.5,105.88,120.0,47.06,"{7167: 0.0, 7166: 3.63}",True
7168,154671,154707,154739,bottom,105.88,100.0,112.5,39.06,"{7168: 0.0, 7169: 3.64, 7170: 0.95}",True
7169,154689,154717,154744,bottom,130.91,128.57,133.33,17.64,"{7168: 3.41, 7169: 0.0, 7170: 1.77}",True
7170,154735,154769,154798,top,114.29,105.88,124.14,62.95,"{7170: 0.0, 7169: 1.81, 7168: 1.28, 7171: 16.03, 7172: 18.22}",True
7171,154789,154822,154851,top,116.13,109.09,124.14,51.89,"{7171: 0.0, 7170: 16.01, 7172: 2.27}",True
7172,154796,154829,154859,top,114.29,109.09,120.0,36.36,"{7170: 18.21, 7171: 2.27, 7172: 0.0}",True
7173,154869,154904,154935,top,109.09,102.86,116.13,42.81,"{7173: 0.0, 7175: 6.58}",True
7175,154895,154926,154954,top,122.03,116.13,128.57,44.44,"{7173: 6.53, 7175: 0.0, 7186: 15.59, 7189: 16.81}",True
7186,154943,154977,155008,top,110.77,105.88,116.13,33.05,"{7186: 0.0, 7175: 15.63, 7189: 0.57, 7192: 5.09}",True
7189,154948,154977,155004,top,128.57,124.14,133.33,34.06,"{7186: 0.55, 7189: 0.0, 7175: 16.75, 7192: 5.04}",True
7192,154971,155013,155049,bottom,92.31,85.71,100.0,39.68,"{7192: 0.0, 7186: 5.22, 7189: 5.1, 7193: 0.6}",True
7193,155043,155078,155109,top,109.09,102.86,116.13,42.81,"{7192: 1.26, 7193: 0.0, 7194: 7.31}",True
7194,155058,155092,155121,bottom,114.29,105.88,124.14,62.95,"{7193: 7.63, 7194: 0.0}",True
7195,155141,155183,155219,bottom,92.31,85.71,100.0,39.68,"{7195: 0.0, 7196: 8.15, 7197: 11.15, 7198: 4.39}",True
7196,155159,155192,155221,top,116.13,109.09,124.14,51.89,"{7195: 8.36, 7196: 0.0, 7197: 4.64, 7198: 8.53}",True
7197,155188,155228,155263,bottom,96.0,90.0,102.86,36.73,"{7197: 0.0, 7196: 4.77, 7195: 11.14, 7198: 7.92, 7199: 4.14, 7200: 2.09}",True
7198,155192,155217,155240,top,150.0,144.0,156.52,54.44,"{7196: 8.39, 7197: 7.72, 7195: 5.3, 7198: 0.0, 7199: 15.96}",True
7199,155230,155274,155312,top,87.8,81.82,94.74,34.0,"{7198: 16.19, 7199: 0.0, 7197: 4.49, 7200: 1.91, 7201: 9.6}",True
7200,155248,155282,155313,top,110.77,105.88,116.13,33.05,"{7199: 1.88, 7200: 0.0, 7197: 2.74, 7201: 8.36}",True
7201,155272,155315,155352,top,90.0,83.72,97.3,36.69,"{7199: 9.59, 7201: 0.0, 7200: 8.44, 7202: 2.36}",True
7202,155333,155374,155408,bottom,96.0,87.8,105.88,53.17,"{7202: 0.0, 7201: 2.66, 7203: 7.35, 7204: 5.0}",True
7203,155352,155387,155418,top,109.09,102.86,116.13,42.81,"{7201: 18.67, 7202: 8.24, 7203: 0.0, 7204: 4.69}",True
7204,155365,,,top,,,,,{},False
7206,155451,,,bottom,,,,,{},False
7207,155474,155512,155546,top,100.0,94.74,105.88,32.78,"{7207: 0.0, 7208: 5.28, 7209: 5.04}",True
7208,155495,155532,155566,top,101.41,97.3,105.88,25.25,"{7207: 5.27, 7208: 0.0, 7209: 7.72}",True
7209,155504,155547,155584,bottom,90.0,83.72,97.3,36.69,"{7207: 5.37, 7209: 0.0, 7208: 7.9}",True
7210,155687,155726,155760,bottom,98.63,92.31,105.88,39.93,"{7210: 0.0, 7211: 3.02, 7216: 0.8}",True
7211,155739,155769,155797,top,124.14,120.0,128.57,30.61,"{7210: 3.94, 7211: 0.0, 7216: 6.66}",True
7216,155757,155791,155820,top,114.29,105.88,124.14,62.95,"{7216: 0.0, 7211: 6.7, 7210: 1.14}",True
7219,155823,155858,155888,bottom,110.77,102.86,120.0,57.14,"{7219: 0.0, 7220: 5.28}",True
7220,155846,155875,155901,bottom,130.91,124.14,138.46,55.09,"{7220: 0.0, 7219: 5.19}",True
7223,155942,155972,155998,bottom,128.57,120.0,138.46,71.01,{7223: 0.0},True
7224,156031,156066,156097,bottom,109.09,102.86,116.13,42.81,"{7225: 0.01, 7224: 0.0, 7235: 0.8}",True
7225,156031,,,bottom,,,,,{},False
7235,156093,156129,156160,top,107.46,100.0,116.13,52.03,"{7224: 1.03, 7235: 0.0, 7237: 2.28}",True
7237,156099,,,top,,,,,{},False
7241,156219,156252,156281,bottom,116.13,109.09,124.14,51.89,"{7241: 0.0, 7242: 5.17}",True
7242,156244,156284,156318,top,97.3,90.0,105.88,46.71,"{7241: 5.63, 7242: 0.0}",True
7243,156385,156428,156466,bottom,88.89,83.72,94.74,28.99,"{7243: 0.0, 7244: 3.83}",True
7244,156437,156472,156502,top,110.77,102.86,120.0,57.14,"{7244: 0.0, 7243: 4.5, 7246: 11.34}",True
7246,156475,156512,156545,top,102.86,97.3,109.09,35.74,"{7244: 11.36, 7246: 0.0, 7247: 4.44, 7248: 17.92}",True
7247,156514,156546,156575,bottom,118.03,112.5,124.14,40.13,"{7247: 0.0, 7246: 4.8, 7248: 5.03, 7249: 10.73}",True
7248,156541,156578,156611,top,102.86,97.3,109.09,35.74,"{7246: 17.95, 7248: 0.0, 7247: 5.23, 7249: 8.49, 7250: 16.75}",True
7249,156547,156585,156618,bottom,101.41,94.74,109.09,43.5,"{7249: 0.0, 7248: 8.75, 7247: 10.84, 7250: 2.05}",True
7250,156603,156643,156678,top,96.0,90.0,102.86,36.73,"{7248: 16.77, 7250: 0.0, 7249: 2.51, 7251: 9.56, 7252: 11.42}",True
7251,156635,156689,156735,top,72.0,66.67,78.26,25.2,"{7250: 9.65, 7251: 0.0, 7252: 1.02, 7253: 12.05, 7254: 14.84, 7255: 2.34}",True
7252,156648,156690,156727,top,91.14,85.71,97.3,31.31,"{7250: 11.43, 7252: 0.0, 7251: 0.98, 7253: 13.16, 7254: 16.11, 7255: 1.33}",True
7253,156701,156749,156788,top,82.76,75.0,92.31,44.38,"{7252: 13.19, 7253: 0.0, 7251: 11.99, 7254: 3.91, 7255: 8.59, 7256: 5.15, 7257: 0.73}",True
7254,156713,156770,156818,top,68.57,63.16,75.0,24.67,"{7252: 16.19, 7253: 3.99, 7254: 0.0, 7251: 14.88, 7255: 8.27, 7256: 7.66, 7257: 3.92}",True
7255,156716,156749,156779,bottom,114.29,109.09,120.0,36.36,"{7252: 1.84, 7253: 7.93, 7255: 0.0, 7251: 3.11, 7254: 7.86, 7256: 9.72}",True
7256,156751,156780,156805,bottom,133.33,124.14,144.0,79.45,"{7253: 5.98, 7254: 7.15, 7256: 0.0, 7255: 9.64, 7257: 11.48}",True
7257,156781,156820,156855,bottom,97.3,92.31,102.86,30.14,"{7254: 4.63, 7253: 1.28, 7257: 0.0, 7255: 19.3, 7256: 11.63, 7260: 12.46}",True
7260,156834,156864,156891,bottom,126.32,120.0,133.33,49.38,"{7260: 0.0, 7257: 12.26, 7261: 4.28, 7262: 3.42}",True
7261,156863,156914,156958,top,75.79,70.59,81.82,25.52,"{7261: 0.0, 7260: 4.2, 7262: 1.41, 7266: 6.22, 7268: 4.34}",True
7262,156869,156907,156942,top,98.63,94.74,102.86,23.2,"{7262: 0.0, 7260: 3.54, 7261: 1.33, 7266: 4.3, 7268: 2.6}",True
7266,156910,156942,156970,bottom,120.0,112.5,128.57,57.4,"{7262: 4.98, 7266: 0.0, 7261: 6.86, 7268: 4.56}",True
7268,156921,156958,156991,bottom,102.86,97.3,109.09,35.74,"{7262: 3.15, 7268: 0.0, 7266: 4.63, 7261: 4.83}",True
7270,157010,157057,157097,top,82.76,76.6,90.0,33.51,"{7270: 0.0, 7272: 1.14}",True
7272,157087,157123,157154,bottom,107.46,100.0,116.13,52.03,"{7272: 0.0, 7270: 1.71, 7273: 7.97, 7274: 3.64, 7275: 16.81}",True
7273,157118,157150,157177,bottom,122.03,112.5,133.33,77.16,"{7273: 0.0, 7272: 7.89, 7274: 6.96, 7275: 9.34}",True
7274,157127,157172,157211,top,85.71,80.0,92.31,31.56,"{7273: 7.3, 7274: 0.0, 7272: 3.85, 7275: 8.57, 7276: 11.6, 7277: 0.62}",True
7275,157148,157179,157208,bottom,120.0,116.13,124.14,27.62,"{7275: 0.0, 7274: 7.98, 7272: 16.72, 7273: 9.36, 7276: 3.89, 7277: 17.75}",True
7276,157183,157217,157247,top,112.5,105.88,120.0,47.06,"{7274: 11.45, 7276: 0.0, 7275: 4.14, 7277: 6.03}",True
7277,157205,157240,157271,bottom,109.09,102.86,116.13,42.81,"{7274: 1.27, 7277: 0.0, 7276: 6.28, 7275: 17.88}",True
7279,157338,157374,157404,bottom,109.09,100.0,120.0,66.67,"{7279: 0.0, 7280: 9.8, 7281: 10.24, 7282: 1.9}",True
7280,157369,157412,157446,bottom,93.51,83.72,105.88,65.18,"{7280: 0.0, 7279: 9.92, 7281: 0.81, 7282: 7.97, 7283: 7.09}",True
7281,157375,157409,157439,bottom,112.5,105.88,120.0,47.06,"{7280: 0.77, 7279: 10.26, 7281: 0.0, 7282: 7.8, 7283: 8.35}",True
7282,157392,157417,157441,top,146.94,144.0,150.0,25.0,"{7280: 7.58, 7279: 2.84, 7281: 8.21, 7282: 0.0, 7283: 6.34}",True
7283,157404,157438,157468,bottom,112.5,105.88,120.0,47.06,"{7279: 18.65, 7280: 7.01, 7283: 0.0, 7282: 6.36, 7281: 8.34}",True
7290,157491,157526,157558,top,107.46,102.86,112.5,30.13,{7290: 0.0},True
7291,157583,157615,157643,top,120.0,112.5,128.57,57.4,"{7291: 0.0, 7292: 7.54, 7293: 4.58, 7294: 18.06}",True
7292,157591,157630,157664,bottom,98.63,92.31,105.88,39.93,"{7292: 0.0, 7291: 7.69, 7293: 4.73, 7294: 2.85}",True
7293,157613,157646,157675,bottom,116.13,109.09,124.14,51.89,"{7293: 0.0, 7292: 4.68, 7291: 4.83, 7294: 5.54}",True
7294,157641,157670,157696,top,130.91,124.14,138.46,55.09,"{7291: 18.01, 7294: 0.0, 7293: 6.12, 7292: 2.91, 7298: 1.94}",True
7298,157683,157722,157757,bottom,97.3,92.31,102.86,30.14,"{7294: 2.24, 7298: 0.0, 7299: 7.87, 7300: 5.67}",True
7299,157719,157750,157777,bottom,124.14,116.13,133.33,63.72,"{7299: 0.0, 7298: 7.7, 7300: 9.15}",True
7300,157720,157748,157774,top,133.33,128.57,138.46,38.04,"{7299: 8.82, 7300: 0.0, 7298: 6.36}",True
7301,157784,157817,157847,bottom,114.29,109.09,120.0,36.36,{7301: 0.0},True
7304,157849,157892,157927,bottom,92.31,83.72,102.86,54.67,{7304: 0.0},True
7308,157965,157991,158014,top,146.94,138.46,156.52,78.52,"{7308: 0.0, 7309: 5.96, 7310: 2.97}",True
7309,157981,158009,158034,bottom,135.85,128.57,144.0,61.71,"{7309: 0.0, 7308: 6.29, 7310: 7.4}",True
7310,157997,158035,158068,bottom,101.41,94.74,109.09,43.5,"{7310: 0.0, 7309: 7.58, 7308: 3.04, 7311: 2.42, 7312: 16.86}",True
7311,158053,158080,158105,top,138.46,133.33,144.0,42.67,"{7311: 0.0, 7310: 3.13, 7312: 7.54, 7313: 8.37, 7314: 12.38, 7315: 1.32}",True
7312,158062,158089,158113,bottom,141.18,133.33,150.0,69.44,"{7311: 7.91, 7312: 0.0, 7310: 16.6, 7313: 6.44, 7314: 4.75, 7315: 13.15}",True
7313,158076,158104,158130,top,133.33,128.57,138.46,38.04,"{7311: 8.37, 7312: 6.96, 7313: 0.0, 7314: 3.87, 7315: 5.25}",True
7314,158087,158115,158140,top,135.85,128.57,144.0,61.71,"{7311: 12.38, 7314: 0.0, 7313: 3.85, 7312: 5.06, 7315: 6.94, 7317: 15.83}",True
7315,158096,158135,158169,bottom,98.63,92.31,105.88,39.93,"{7311: 1.53, 7315: 0.0, 7313: 5.38, 7314: 7.04, 7312: 13.38, 7317: 5.54}",True
7317,158132,158160,158186,top,133.33,128.57,138.46,38.04,"{7314: 15.82, 7317: 0.0, 7315: 6.54}",True
7318,158382,158413,158441,top,122.03,116.13,128.57,44.44,"{7318: 0.0, 7319: 4.26, 7320: 1.14}",True
7319,158413,158454,158490,bottom,93.51,87.8,100.0,33.88,"{7319: 0.0, 7318: 4.34, 7320: 2.06, 7322: 3.15, 7324: 1.46}",True
7320,158433,158462,158488,bottom,130.91,124.14,138.46,55.09,"{7319: 2.12, 7318: 1.78, 7320: 0.0, 7322: 3.39, 7324: 1.53}",True
7322,158468,158498,158526,top,124.14,120.0,128.57,30.61,"{7319: 3.88, 7322: 0.0, 7320: 3.68, 7324: 3.37, 7330: 9.09, 7335: 17.75}",True
7324,158479,158509,158535,top,128.57,120.0,138.46,71.01,"{7319: 2.19, 7324: 0.0, 7320: 1.85, 7322: 3.36, 7330: 5.8, 7335: 14.59, 7337: 17.64}",True
7330,158496,158526,158554,top,124.14,120.0,128.57,30.61,"{7324: 5.82, 7330: 0.0, 7322: 9.09, 7335: 8.68, 7337: 11.94}",True
7335,158522,158553,158582,top,120.0,116.13,124.14,27.62,"{7324: 14.61, 7330: 8.68, 7335: 0.0, 7322: 17.77, 7337: 3.55, 7338: 11.24, 7339: 16.63}",True
7337,158531,158565,158595,top,112.5,105.88,120.0,47.06,"{7324: 17.69, 7335: 3.57, 7330: 11.98, 7337: 0.0, 7338: 7.17, 7339: 12.81}",True
7338,158558,158588,158614,top,128.57,120.0,138.46,71.01,"{7335: 11.21, 7337: 7.11, 7338: 0.0, 7339: 6.46}",True
7339,158574,158610,158642,top,105.88,100.0,112.5,39.06,"{7335: 16.65, 7337: 12.83, 7339: 0.0, 7338: 6.57, 7340: 12.23}",True
7340,158619,158652,158682,top,114.29,109.09,120.0,36.36,"{7339: 12.2, 7340: 0.0, 7341: 13.08}",True
7341,158663,158696,158726,top,114.29,109.09,120.0,36.36,"{7340: 13.07, 7341: 0.0, 7342: 5.2}",True
7342,158691,158724,158753,bottom,116.13,109.09,124.14,51.89,"{7342: 0.0, 7341: 5.35}",True
7343,158766,158802,158834,top,105.88,100.0,112.5,39.06,"{7343: 0.0, 7344: 0.02}",True
7344,158767,,,top,,,,,{},False
7350,158853,158879,158901,top,150.0,138.46,163.64,114.43,"{7350: 0.0, 7351: 17.0}",True
7351,158896,158930,158960,top,112.5,105.88,120.0,47.06,"{7350: 17.15, 7351: 0.0}",True
7354,158988,159023,159053,top,110.77,102.86,120.0,57.14,{7354: 0.0},True
7355,159115,159143,159168,top,135.85,128.57,144.0,61.71,{7355: 0.0},True
7356,159178,159212,159242,top,112.5,105.88,120.0,47.06,"{7356: 0.0, 7365: 3.77, 7369: 16.16}",True
7365,159218,159247,159273,bottom,130.91,124.14,138.46,55.09,"{7365: 0.0, 7356: 4.0, 7369: 6.81, 7372: 0.48, 7371: 0.52}",True
7369,159233,159263,159289,top,128.57,120.0,138.46,71.01,"{7369: 0.0, 7365: 7.13, 7356: 16.09, 7372: 13.29, 7371: 12.83}",True
7372,159271,159306,159337,top,109.09,102.86,116.13,42.81,"{7369: 13.34, 7365: 0.64, 7372: 0.0, 7371: 0.03}",True
7371,159271,,,top,,,,,{},False
7378,159355,159397,159433,bottom,92.31,85.71,100.0,39.68,"{7378: 0.0, 7379: 7.59, 7380: 0.77}",True
7379,159375,159409,159440,top,110.77,105.88,116.13,33.05,"{7379: 0.0, 7378: 8.25, 7380: 15.55}",True
7380,159429,159463,159492,top,114.29,105.88,124.14,62.95,"{7379: 15.52, 7380: 0.0, 7378: 1.19, 7381: 15.07}",True
7381,159480,159514,159545,top,110.77,105.88,116.13,33.05,"{7381: 0.0, 7380: 15.11, 7382: 17.86}",True
7382,159541,159578,159610,top,104.35,97.3,112.5,47.51,"{7381: 17.86, 7382: 0.0, 7383: 6.16, 7384: 6.57, 7386: 12.57, 7387: 16.38}",True
7383,159563,159606,159643,bottom,90.0,83.72,97.3,36.69,"{7382: 6.3, 7383: 0.0, 7384: 8.69, 7386: 7.27, 7387: 5.36, 7392: 1.26}",True
7384,159568,159601,159630,top,116.13,109.09,124.14,51.89,"{7382: 6.52, 7383: 8.32, 7384: 0.0, 7386: 6.39, 7387: 10.69}",True
7386,159588,159622,159653,top,110.77,105.88,116.13,33.05,"{7382: 12.53, 7384: 6.4, 7383: 8.06, 7386: 0.0, 7387: 4.55, 7392: 13.3}",True
7387,159601,159639,159673,top,100.0,94.74,105.88,32.78,"{7382: 16.39, 7384: 10.74, 7387: 0.0, 7386: 4.59, 7383: 5.92, 7392: 8.17}",True
7392,159633,159669,159702,top,104.35,100.0,109.09,27.55,"{7386: 13.31, 7387: 8.16, 7383: 1.93, 7392: 0.0, 7394: 0.58}",True
7394,159697,159726,159752,bottom,130.91,124.14,138.46,55.09,"{7392: 1.17, 7394: 0.0, 7395: 6.16, 7396: 4.32}",True
7395,159714,159749,159779,top,110.77,102.86,120.0,57.14,"{7395: 0.0, 7394: 6.22, 7396: 3.33}",True
7396,159726,159760,159790,top,112.5,105.88,120.0,47.06,"{7395: 3.31, 7396: 0.0, 7394: 4.38, 7400: 15.62}",True
7400,159779,159813,159843,top,112.5,105.88,120.0,47.06,"{7395: 18.78, 7400: 0.0, 7396: 15.62, 7402: 3.1, 7403: 6.06, 7404: 13.27, 7406: 15.36}",True
7402,159790,159823,159853,top,114.29,109.09,120.0,36.36,"{7400: 3.08, 7402: 0.0, 7396: 18.95, 7403: 7.88, 7404: 10.44, 7406: 12.55}",True
7403,159806,159832,159855,bottom,146.94,138.46,156.52,78.52,"{7400: 6.7, 7402: 8.31, 7403: 0.0, 7404: 5.41, 7406: 4.48, 7409: 18.37}",True
7404,159823,159860,159893,top,102.86,97.3,109.09,35.74,"{7400: 13.29, 7402: 10.47, 7403: 5.72, 7404: 0.0, 7406: 1.98, 7409: 5.17, 7411: 5.62}",True
7406,159830,159868,159901,top,101.41,94.74,109.09,43.5,"{7400: 15.37, 7402: 12.59, 7406: 0.0, 7403: 4.52, 7404: 1.98, 7409: 6.05, 7411: 6.89}",True
7409,159854,159892,159926,bottom,100.0,94.74,105.88,32.78,"{7402: 0.65, 7409: 0.0, 7406: 6.44, 7404: 5.4, 7403: 18.58, 7411: 1.9, 7413: 14.4, 7414: 1.77}",True
7411,159856,159885,159910,bottom,133.33,124.14,144.0,79.45,"{7411: 0.0, 7409: 1.8, 7404: 6.07, 7403: 19.14, 7406: 7.34}",True
7413,159912,159942,159970,bottom,124.14,120.0,128.57,30.61,"{7413: 0.0, 7409: 14.24, 7414: 8.45, 7417: 4.84}",True
7414,159912,159950,159982,top,102.86,94.74,112.5,55.51,"{7413: 8.95, 7409: 2.29, 7414: 0.0, 7417: 6.57}",True
7417,159938,159975,160005,top,107.46,97.3,120.0,75.68,"{7414: 6.58, 7413: 5.18, 7417: 0.0, 7423: 13.89, 7424: 1.06}",True
7422,159984,,,bottom,,,,,{},False
7423,159988,160023,160054,top,109.09,102.86,116.13,42.81,"{7423: 0.0, 7417: 13.9, 7424: 7.34, 7425: 6.98}",True
7424,159999,160036,160067,bottom,105.88,97.3,116.13,60.75,"{7423: 7.75, 7424: 0.0, 7417: 1.26, 7425: 1.43, 7426: 0.91}",True
7425,160010,160038,160063,bottom,135.85,128.57,144.0,61.71,"{7423: 7.43, 7425: 0.0, 7424: 1.4, 7426: 0.8}",True
7426,160062,160091,160118,top,128.57,124.14,133.33,34.06,"{7426: 0.0, 7425: 0.65, 7424: 1.39}",True
7427,160123,160154,160181,top,124.14,116.13,133.33,63.72,"{7427: 0.0, 7428: 11.26}",True
7428,160157,160191,160221,top,112.5,105.88,120.0,47.06,"{7427: 11.3, 7428: 0.0, 7429: 1.5}",True
7429,160210,160241,160269,bottom,122.03,116.13,128.57,44.44,"{7428: 2.05, 7429: 0.0}",True
7430,160331,160354,160376,top,160.0,156.52,163.64,32.34,"{7430: 0.0, 7431: 6.57}",True
7431,160339,160384,160423,bottom,85.71,80.0,92.31,31.56,"{7431: 0.0, 7430: 6.43, 7432: 4.9}",True
7432,160389,160419,160445,top,128.57,120.0,138.46,71.01,"{7432: 0.0, 7431: 5.74, 7433: 17.8}",True
7433,160442,160472,160500,top,124.14,120.0,128.57,30.61,"{7432: 17.85, 7433: 0.0, 7434: 6.45}",True
7434,160456,160496,160530,bottom,97.3,90.0,105.88,46.71,"{7434: 0.0, 7433: 6.58, 7436: 12.57, 7437: 12.62}",True
7436,160507,160544,160577,bottom,102.86,97.3,109.09,35.74,"{7434: 12.53, 7436: 0.0, 7437: 0.02}",True
7437,160508,,,bottom,,,,,{},False
7448,160577,,,top,,,,,{},False
7449,160582,160621,160655,bottom,98.63,92.31,105.88,39.93,{7449: 0.0},True
7450,160712,160743,160770,top,124.14,116.13,133.33,63.72,{7450: 0.0},True
7452,161007,161038,161066,bottom,122.03,116.13,128.57,44.44,{7452: 0.0},True
7453,161069,161100,161128,top,122.03,116.13,128.57,44.44,{7453: 0.0},True
7454,161201,161229,161255,top,133.33,128.57,138.46,38.04,"{7454: 0.0, 7455: 7.26}",True
7455,161209,161244,161275,bottom,109.09,102.86,116.13,42.81,"{7455: 0.0, 7454: 7.44}",True
7457,161305,161334,161361,top,128.57,124.14,133.33,34.06,"{7457: 0.0, 7458: 8.39, 7459: 2.09}",True
7458,161307,161342,161374,bottom,107.46,102.86,112.5,30.13,"{7458: 0.0, 7457: 8.46, 7459: 9.01}",True
7459,161310,161341,161368,top,124.14,116.13,133.33,63.72,"{7457: 2.1, 7458: 8.56, 7459: 0.0}",True
7460,161408,161449,161484,bottom,94.74,87.8,102.86,43.01,"{7460: 0.0, 7461: 7.48}",True
7461,161430,161462,161489,top,122.03,112.5,133.33,77.16,"{7460: 8.36, 7461: 0.0}",True
7468,161488,161535,161575,bottom,82.76,76.6,90.0,33.51,"{7461: 0.45, 7468: 0.0, 7469: 2.27, 7470: 6.69}",True
7469,161497,161526,161553,bottom,128.57,124.14,133.33,34.06,"{7469: 0.0, 7468: 2.11, 7470: 4.4}",True
7470,161526,161557,161586,top,120.0,116.13,124.14,27.62,"{7470: 0.0, 7468: 7.69, 7469: 4.84}",True
7472,161600,161643,161681,bottom,88.89,83.72,94.74,28.99,"{7472: 0.0, 7473: 6.87, 7474: 10.41, 7475: 12.04}",True
7473,161631,161663,161691,top,120.0,112.5,128.57,57.4,"{7473: 0.0, 7472: 7.62, 7474: 6.22, 7475: 5.3}",True
7474,161651,161683,161710,bottom,122.03,112.5,133.33,77.16,"{7474: 0.0, 7473: 6.53, 7472: 10.18, 7475: 2.77}",True
7475,161653,161694,161730,bottom,93.51,87.8,100.0,33.88,"{7474: 2.91, 7473: 5.59, 7475: 0.0, 7472: 12.0}",True
7476,161799,161835,161866,top,107.46,100.0,116.13,52.03,"{7476: 0.0, 7477: 6.61, 7478: 9.6}",True
7477,161818,161855,161887,bottom,104.35,97.3,112.5,47.51,"{7477: 0.0, 7476: 6.84, 7478: 7.3}",True
7478,161834,161868,161899,top,110.77,105.88,116.13,33.05,"{7476: 9.58, 7477: 7.91, 7478: 0.0, 7479: 18.15}",True
7479,161896,161933,161966,top,102.86,97.3,109.09,35.74,"{7478: 18.15, 7479: 0.0, 7480: 7.62, 7481: 8.47, 7482: 6.48}",True
7480,161905,161946,161989,bottom,85.71,87.8,83.72,-9.5,"{7479: 7.89, 7480: 0.0, 7481: 2.02, 7482: 1.84, 7486: 13.36, 7487: 2.56}",True
7481,161908,161939,161967,bottom,122.03,116.13,128.57,44.44,"{7481: 0.0, 7479: 8.51, 7480: 1.88, 7482: 3.65}",True
7482,161913,161955,161992,bottom,91.14,85.71,97.3,31.31,"{7481: 3.84, 7479: 6.57, 7480: 1.84, 7482: 0.0, 7486: 12.54, 7487: 4.04}",True
7486,161967,162009,162044,bottom,93.51,85.71,102.86,48.98,"{7479: 0.65, 7486: 0.0, 7481: 18.58, 7480: 13.34, 7482: 12.52, 7487: 9.12, 7488: 8.09, 7489: 2.53, 7490: 15.53, 7491: 16.66}",True
7487,161970,162008,162042,top,100.0,94.74,105.88,32.78,"{7486: 8.87, 7487: 0.0, 7482: 3.84, 7480: 3.03, 7488: 4.93, 7489: 14.43, 7490: 1.01, 7491: 0.65}",True
7488,162009,162038,162063,bottom,133.33,124.14,144.0,79.45,"{7487: 5.4, 7488: 0.0, 7486: 7.82, 7489: 5.91, 7490: 8.55, 7491: 10.83, 7492: 1.91}",True
7489,162025,162062,162094,top,104.35,97.3,112.5,47.51,"{7487: 14.41, 7489: 0.0, 7488: 6.38, 7486: 3.04, 7490: 8.96, 7491: 7.17, 7492: 7.56, 7493: 2.81}",True
7490,162034,162063,162089,bottom,130.91,124.14,138.46,55.09,"{7490: 0.0, 7487: 1.65, 7489: 8.33, 7486: 15.24, 7488: 8.56, 7491: 3.91, 7492: 5.8, 7493: 13.78}",True
7491,162036,162081,162119,bottom,86.75,80.0,94.74,38.78,"{7489: 7.45, 7490: 4.09, 7487: 0.97, 7491: 0.0, 7486: 16.7, 7488: 11.13, 7492: 8.2, 7493: 7.81}",True
7492,162053,162089,162121,top,105.88,100.0,112.5,39.06,"{7489: 7.54, 7491: 8.49, 7488: 2.09, 7492: 0.0, 7490: 5.96, 7493: 6.37}",True
7493,162071,162116,162155,bottom,85.71,80.0,92.31,31.56,"{7489: 3.11, 7493: 0.0, 7491: 7.83, 7492: 6.51, 7490: 13.99, 7494: 10.79, 7495: 17.53}",True
7494,162120,162164,162200,bottom,90.0,81.82,100.0,50.51,"{7492: 0.48, 7494: 0.0, 7493: 10.78, 7491: 18.77, 7495: 5.75, 7501: 1.1}",True
7495,162150,162186,162217,bottom,107.46,100.0,116.13,52.03,"{7495: 0.0, 7494: 5.62, 7493: 17.35, 7501: 2.65}",True
7501,162198,162230,162258,top,120.0,112.5,128.57,57.4,"{7495: 3.2, 7501: 0.0, 7494: 1.08}",True
7504,162270,162300,162327,bottom,126.32,120.0,133.33,49.38,"{7504: 0.0, 7508: 3.11}",True
7508,162307,162336,162363,top,128.57,124.14,133.33,34.06,"{7508: 0.0, 7504: 3.66, 7511: 5.11}",True
7511,162330,162366,162398,bottom,105.88,100.0,112.5,39.06,"{7511: 0.0, 7508: 5.17}",True
7516,162582,162616,162645,top,114.29,105.88,124.14,62.95,"{7516: 0.0, 7517: 4.43, 7518: 15.68}",True
7517,162614,162654,162688,bottom,97.3,90.0,105.88,46.71,"{7517: 0.0, 7516: 4.54, 7518: 7.64}",True
7518,162635,162665,162692,top,126.32,120.0,133.33,49.38,"{7517: 8.36, 7516: 15.61, 7518: 0.0}",True
7520,162723,162753,162779,top,128.57,120.0,138.46,71.01,"{7520: 0.0, 7519: 8.06}",True
7519,162726,162768,162804,bottom,92.31,85.71,100.0,39.68,"{7519: 0.0, 7520: 8.12}",True
7521,162839,162873,162902,top,114.29,105.88,124.14,62.95,"{7521: 0.0, 7522: 1.01}",True
7522,162894,162933,162966,bottom,100.0,92.31,109.09,50.86,"{7521: 1.41, 7522: 0.0, 7523: 6.64}",True
7523,162915,162952,162985,top,102.86,97.3,109.09,35.74,"{7522: 7.33, 7523: 0.0, 7524: 17.99}",True
7524,162982,163019,163052,top,102.86,97.3,109.09,35.74,"{7523: 17.99, 7524: 0.0}",True
7525,163097,163134,163170,bottom,98.63,97.3,100.0,7.51,"{7525: 0.0, 7526: 3.32, 7527: 7.73, 7528: 13.92}",True
7526,163115,163146,163174,bottom,122.03,116.13,128.57,44.44,"{7526: 0.0, 7525: 3.12, 7527: 8.68, 7528: 12.29}",True
7527,163119,163144,163168,top,146.94,144.0,150.0,25.0,"{7526: 8.34, 7525: 7.09, 7527: 0.0, 7528: 2.5}",True
7528,163152,163191,163223,bottom,101.41,92.31,112.5,63.1,"{7527: 2.7, 7528: 0.0, 7526: 12.42, 7525: 13.91, 7531: 7.16, 7533: 9.87}",True
7531,163183,163216,163245,bottom,116.13,109.09,124.14,51.89,"{7528: 7.1, 7531: 0.0, 7533: 3.48}",True
7533,163190,163230,163265,bottom,96.0,90.0,102.86,36.73,"{7528: 9.95, 7531: 3.61, 7533: 0.0, 7537: 13.09}",True
7537,163244,163280,163312,bottom,105.88,100.0,112.5,39.06,"{7533: 13.04, 7531: 18.36, 7537: 0.0}",True
7550,163346,163378,163407,top,118.03,112.5,124.14,40.13,"{7550: 0.0, 7551: 7.82, 7552: 4.75}",True
7551,163347,163376,,bottom,,,,,{},False
7552,163373,163405,,bottom,,,,,{},False
7553,163410,163452,163489,bottom,91.14,85.71,97.3,31.31,"{7553: 0.0, 7554: 14.54, 7556: 0.77}",True
7554,163432,,,top,,,,,{},False
7556,163486,,,top,,,,,{},False
7560,163527,,,bottom,,,,,{},False
7571,163553,163582,163608,top,130.91,124.14,138.46,55.09,"{7571: 0.0, 7578: 2.43}",True
7578,163563,163589,163612,top,146.94,138.46,156.52,78.52,"{7571: 2.38, 7578: 0.0}",True
7591,163648,163677,163703,top,130.91,124.14,138.46,55.09,"{7591: 0.0, 7592: 13.95}",True
7592,163687,163723,163754,top,107.46,100.0,116.13,52.03,"{7591: 14.02, 7592: 0.0, 7593: 12.82, 7594: 14.98}",True
7593,163732,163768,163799,top,107.46,100.0,116.13,52.03,"{7592: 12.82, 7593: 0.0, 7594: 1.1}",True
7594,163741,163771,163799,top,124.14,120.0,128.57,30.61,"{7592: 14.91, 7593: 1.08, 7594: 0.0}",True
7595,163812,163852,163886,top,97.3,90.0,105.88,46.71,"{7595: 0.0, 7596: 7.44}",True
7596,163847,163878,163906,top,122.03,116.13,128.57,44.44,"{7595: 7.31, 7596: 0.0}",True
7597,163955,163988,164018,top,114.29,109.09,120.0,36.36,"{7597: 0.0, 7598: 2.11}",True
7598,164005,164033,164059,bottom,133.33,128.57,138.46,38.04,"{7598: 0.0, 7597: 2.52, 7599: 15.68}",True
7599,164051,164075,,bottom,,,,,{},False
7600,164061,164094,164122,top,118.03,109.09,128.57,69.57,"{7600: 0.0, 7599: 6.31, 7601: 1.69, 7602: 6.91}",True
7601,164065,164100,164130,top,110.77,102.86,120.0,57.14,"{7601: 0.0, 7600: 1.73, 7599: 5.83, 7602: 7.84}",True
7602,164069,164097,,bottom,,,,,{},False
7604,164197,,,top,,,,,{},False
7603,164197,164230,164260,top,114.29,109.09,120.0,36.36,"{7603: 0.0, 7604: 0.02}",True
7609,164259,164288,164314,top,130.91,124.14,138.46,55.09,"{7603: 18.58, 7609: 0.0, 7610: 13.46}",True
7610,164296,164332,164364,top,105.88,100.0,112.5,39.06,"{7609: 13.52, 7610: 0.0}",True
7611,164426,164459,164488,top,116.13,109.09,124.14,51.89,"{7611: 0.0, 7612: 16.41}",True
7612,164479,164510,164538,top,122.03,116.13,128.57,44.44,"{7611: 16.38, 7612: 0.0, 7614: 6.87, 7615: 12.23}",True
7614,164492,164534,164569,bottom,93.51,85.71,102.86,48.98,"{7614: 0.0, 7612: 6.85, 7615: 7.06}",True
7615,164515,164551,164582,top,107.46,100.0,116.13,52.03,"{7612: 12.27, 7615: 0.0, 7614: 7.82, 7625: 15.21}",True
7625,164570,164600,164627,top,126.32,120.0,133.33,49.38,"{7614: 0.88, 7625: 0.0, 7615: 15.1, 7629: 10.12}",True
7627,164582,,,bottom,,,,,{},False
7629,164599,164633,164662,top,114.29,105.88,124.14,62.95,"{7625: 10.15, 7629: 0.0}",True
7630,164742,164772,164799,top,126.32,120.0,133.33,49.38,"{7630: 0.0, 7631: 11.1, 7632: 11.71}",True
7631,164776,164806,164832,top,128.57,120.0,138.46,71.01,"{7630: 11.09, 7632: 0.76, 7631: 0.0}",True
7632,164777,164808,164835,top,124.14,116.13,133.33,63.72,"{7630: 11.71, 7632: 0.0, 7631: 0.78}",True
7639,164835,164865,164892,top,126.32,120.0,133.33,49.38,"{7632: 18.76, 7639: 0.0, 7637: 18.86, 7640: 4.11}",True
7637,164835,,,bottom,,,,,{},False
7640,164865,164903,164936,bottom,101.41,94.74,109.09,43.5,"{7640: 0.0, 7639: 4.15}",True
7641,164990,165018,165043,bottom,135.85,128.57,144.0,61.71,"{7641: 0.0, 7642: 7.81, 7643: 9.65}",True
7642,164997,165027,165054,top,126.32,120.0,133.33,49.38,"{7642: 0.0, 7641: 8.11, 7643: 5.95}",True
7643,165017,165046,165072,bottom,130.91,124.14,138.46,55.09,"{7642: 6.47, 7643: 0.0, 7641: 9.69}",True
7644,165126,165156,165182,top,128.57,120.0,138.46,71.01,"{7644: 0.0, 7645: 2.74}",True
7645,165137,165164,165188,top,141.18,133.33,150.0,69.44,"{7644: 2.7, 7645: 0.0}",True
7646,165203,165234,165262,top,122.03,116.13,128.57,44.44,"{7646: 0.0, 7647: 1.82}",True
7647,165249,165284,165315,bottom,109.09,102.86,116.13,42.81,"{7646: 2.1, 7647: 0.0}",True
7648,165341,165371,165398,bottom,126.32,120.0,133.33,49.38,{7648: 0.0},True
7650,165418,165465,165503,bottom,84.71,76.6,94.74,47.74,"{7650: 0.0, 7651: 1.01}",True
7651,165428,165464,165495,bottom,107.46,100.0,116.13,52.03,"{7650: 0.95, 7651: 0.0}",True
7652,165526,165557,165585,bottom,122.03,116.13,128.57,44.44,"{7652: 0.0, 7653: 8.42, 7654: 5.61}",True
7653,165533,165563,165590,top,126.32,120.0,133.33,49.38,"{7653: 0.0, 7652: 8.76, 7654: 6.3}",True
7654,165549,165584,165615,top,109.09,102.86,116.13,42.81,"{7653: 6.37, 7654: 0.0, 7652: 5.82}",True
7655,165615,165650,165681,bottom,109.09,102.86,116.13,42.81,"{7654: 0.4, 7655: 0.0, 7656: 5.85, 7659: 17.41}",True
7656,165639,165676,165707,top,105.88,97.3,116.13,60.75,"{7656: 0.0, 7655: 6.39, 7659: 4.2}",True
7659,165676,165714,165747,bottom,101.41,94.74,109.09,43.5,"{7659: 0.0, 7655: 17.42, 7656: 4.55, 7660: 3.69}",True
7660,165720,165757,165789,top,104.35,97.3,112.5,47.51,"{7660: 0.0, 7659: 4.07, 7661: 13.1}",True
7661,165768,165805,165838,top,102.86,97.3,109.09,35.74,"{7660: 13.1, 7661: 0.0}",True
7662,165837,165873,165904,bottom,107.46,100.0,116.13,52.03,"{7661: 0.55, 7662: 0.0, 7663: 7.43, 7664: 15.39, 7672: 14.25, 7673: 1.71}",True
7663,165847,165888,165923,top,94.74,87.8,102.86,43.01,"{7662: 7.89, 7663: 0.0, 7664: 0.01, 7672: 4.41, 7673: 11.05}",True
7664,165848,,,top,,,,,{},False
7672,165889,165923,165952,bottom,114.29,105.88,124.14,62.95,"{7663: 4.89, 7672: 0.0, 7662: 14.22, 7673: 8.49, 7682: 13.6}",True
7673,165891,165932,165968,top,93.51,87.8,100.0,33.88,"{7673: 0.0, 7663: 11.06, 7662: 2.11, 7672: 8.76, 7682: 4.11}",True
7682,165935,165971,166004,bottom,104.35,100.0,109.09,27.55,"{7673: 4.55, 7682: 0.0, 7672: 13.69, 7687: 15.38}",True
7687,165991,166030,166063,bottom,100.0,92.31,109.09,50.86,"{7687: 0.0, 7682: 15.39, 7688: 4.28, 7689: 2.46}",True
7688,166036,166063,166088,top,138.46,133.33,144.0,42.67,"{7688: 0.0, 7687: 5.0, 7689: 5.46, 7690: 0.85}",True
7689,166045,166082,166115,top,102.86,97.3,109.09,35.74,"{7688: 5.58, 7689: 0.0, 7687: 2.81, 7690: 4.77, 7691: 17.13}",True
7690,166082,166114,166142,bottom,120.0,112.5,128.57,57.4,"{7690: 0.0, 7688: 1.34, 7689: 5.14, 7691: 5.14, 7692: 0.81}",True
7691,166109,166141,166170,top,118.03,112.5,124.14,40.13,"{7689: 17.05, 7691: 0.0, 7690: 5.43, 7692: 10.56}",True
7692,166141,166179,166212,top,101.41,94.74,109.09,43.5,"{7691: 10.61, 7692: 0.0, 7690: 0.54}",True
7693,166267,166305,166340,top,98.63,94.74,102.86,23.2,"{7693: 0.0, 7694: 3.92, 7695: 14.8}",True
7694,166288,166319,166348,top,120.0,116.13,124.14,27.62,"{7693: 3.82, 7694: 0.0, 7695: 12.06, 7698: 16.02}",True
7695,166324,166362,166396,top,100.0,94.74,105.88,32.78,"{7693: 14.81, 7694: 12.13, 7695: 0.0, 7698: 2.67, 7699: 6.23, 7702: 12.44}",True
7698,166339,166372,166401,top,116.13,109.09,124.14,51.89,"{7693: 18.5, 7694: 16.02, 7698: 0.0, 7695: 2.6, 7699: 7.43, 7702: 10.53}",True
7699,166350,166385,166416,bottom,109.09,102.86,116.13,42.81,"{7699: 0.0, 7698: 7.67, 7695: 6.52, 7702: 6.02, 7704: 1.7}",True
7702,166370,166412,166450,top,90.0,85.71,94.74,23.74,"{7698: 10.62, 7695: 12.48, 7699: 6.55, 7702: 0.0, 7704: 7.18, 7705: 2.63}",True
7704,166405,166442,166475,top,102.86,97.3,109.09,35.74,"{7704: 0.0, 7702: 7.11, 7699: 2.31, 7705: 5.03}",True
7705,166428,,166499,bottom,101.41,,,,{},True
7706,166516,166562,166599,bottom,86.75,78.26,97.3,51.45,"{7706: 0.0, 7707: 3.1, 7708: 8.18, 7709: 5.64}",True
7707,166520,166548,166574,bottom,133.33,128.57,138.46,38.04,"{7706: 2.91, 7707: 0.0, 7708: 6.67, 7709: 3.5}",True
7708,166535,166565,166592,top,126.32,120.0,133.33,49.38,"{7706: 7.87, 7707: 6.98, 7708: 0.0, 7709: 7.21}",True
7709,166552,166591,166626,top,97.3,92.31,102.86,30.14,"{7706: 6.42, 7708: 7.29, 7709: 0.0, 7707: 3.61, 7710: 16.94}",True
7710,166619,166655,166686,top,107.46,100.0,116.13,52.03,"{7709: 16.86, 7710: 0.0, 7711: 13.85}",True
7711,166669,166703,166732,top,114.29,105.88,124.14,62.95,"{7710: 13.82, 7711: 0.0}",True
7723,166732,,,bottom,,,,,{},False
7724,166764,166798,166827,top,114.29,105.88,124.14,62.95,"{7724: 0.0, 7725: 4.52}",True
7725,166783,166812,166837,top,133.33,124.14,144.0,79.45,"{7724: 4.45, 7725: 0.0}",True
7726,166844,166881,166913,top,104.35,97.3,112.5,47.51,{7726: 0.0},True
7727,166917,166952,166982,top,110.77,102.86,120.0,57.14,{7727: 0.0},True
7728,167018,167052,167081,top,114.29,105.88,124.14,62.95,{7728: 0.0},True
7729,167093,167119,167143,top,144.0,138.46,150.0,48.08,{7729: 0.0},True
7730,167253,167289,167321,top,105.88,100.0,112.5,39.06,"{7730: 0.0, 7731: 8.85, 7732: 3.27}",True
7731,167259,167289,167315,bottom,128.57,120.0,138.46,71.01,"{7730: 8.39, 7731: 0.0, 7732: 7.19}",True
7732,167272,167300,167325,top,135.85,128.57,144.0,61.71,"{7731: 7.75, 7732: 0.0, 7730: 3.13, 7736: 18.12}",True
7736,167323,167355,167384,top,118.03,112.5,124.14,40.13,"{7732: 18.17, 7736: 0.0, 7737: 7.08}",True
7737,167338,167368,167395,bottom,126.32,120.0,133.33,49.38,"{7737: 0.0, 7736: 7.59}",True
7738,167491,167526,167557,top,109.09,102.86,116.13,42.81,"{7738: 0.0, 7739: 8.52, 7745: 9.79}",True
7739,167497,167528,167564,bottom,107.46,116.13,100.0,-44.8,"{7738: 8.91, 7739: 0.0, 7745: 5.13, 7746: 15.82}",True
7745,167526,167559,167589,top,114.29,109.09,120.0,36.36,"{7738: 9.76, 7745: 0.0, 7739: 6.07, 7746: 4.7, 7742: 14.21}",True
7746,167557,167591,167622,bottom,110.77,105.88,116.13,33.05,"{7738: 0.63, 7746: 0.0, 7745: 4.97, 7739: 15.72, 7742: 14.52, 7747: 13.3, 7748: 15.09, 7750: 1.35}",True
7742,167571,,,top,,,,,{},False
7747,167603,167645,167682,bottom,91.14,85.71,97.3,31.31,"{7746: 13.46, 7747: 0.0, 7748: 1.58, 7750: 8.45, 7752: 16.54}",True
7748,167611,167641,167667,bottom,128.57,120.0,138.46,71.01,"{7748: 0.0, 7746: 14.91, 7747: 1.42, 7750: 8.55}",True
7750,167614,167645,167672,top,124.14,116.13,133.33,63.72,"{7748: 9.2, 7750: 0.0, 7746: 1.89, 7747: 7.87}",True
7752,167674,167703,167729,bottom,130.91,124.14,138.46,55.09,"{7752: 0.0, 7747: 16.28, 7753: 4.4, 7754: 3.37}",True
7753,167703,167734,167761,top,124.14,116.13,133.33,63.72,"{7753: 0.0, 7752: 4.49, 7754: 3.71, 7755: 15.12}",True
7754,167708,167749,167784,top,94.74,87.8,102.86,43.01,"{7753: 3.82, 7752: 3.31, 7754: 0.0, 7755: 10.13, 7756: 14.03}",True
7755,167748,167791,167829,top,88.89,83.72,94.74,28.99,"{7753: 15.25, 7754: 10.15, 7755: 0.0, 7756: 2.0, 7764: 12.62}",True
7756,167767,167799,167827,top,120.0,112.5,128.57,57.4,"{7754: 13.94, 7755: 2.05, 7756: 0.0, 7764: 12.18}",True
7764,167804,167840,167871,top,107.46,100.0,116.13,52.03,"{7764: 0.0, 7756: 12.23, 7755: 12.51, 7773: 16.78}",True
7773,167863,167907,167945,top,87.8,81.82,94.74,34.0,"{7764: 16.88, 7773: 0.0, 7774: 9.16, 7775: 9.23}",True
7774,167872,167909,167941,bottom,104.35,97.3,112.5,47.51,"{7764: 0.45, 7774: 0.0, 7773: 8.51, 7775: 4.73}",True
7775,167904,167946,167984,top,90.0,85.71,94.74,23.74,"{7774: 5.28, 7773: 9.22, 7775: 0.0, 7777: 10.91}",True
7777,167951,167991,168025,top,97.3,90.0,105.88,46.71,"{7777: 0.0, 7775: 10.86, 7778: 1.77}",True
7778,168010,168049,168083,bottom,98.63,92.31,105.88,39.93,"{7777: 2.29, 7778: 0.0, 7779: 16.73}",True
7779,168075,168116,168151,bottom,94.74,87.8,102.86,43.01,"{7779: 0.0, 7778: 16.74}",True
7780,168234,168265,168292,bottom,124.14,116.13,133.33,63.72,{7780: 0.0},True
7781,168343,168382,168415,top,100.0,92.31,109.09,50.86,"{7781: 0.0, 7783: 13.33}",True
7783,168393,168435,168471,top,92.31,85.71,100.0,39.68,"{7781: 13.36, 7783: 0.0, 7784: 8.39}",True
7784,168434,168466,168495,top,118.03,112.5,124.14,40.13,"{7783: 8.24, 7784: 0.0, 7785: 3.52}",True
7785,168470,168506,168537,bottom,107.46,100.0,116.13,52.03,"{7783: 0.66, 7784: 3.79, 7785: 0.0, 7786: 3.25, 7787: 13.02}",True
7786,168516,168548,168577,top,118.03,112.5,124.14,40.13,"{7786: 0.0, 7785: 3.9, 7787: 8.69, 7793: 17.67}",True
7787,168518,168553,168583,bottom,110.77,102.86,120.0,57.14,"{7786: 8.98, 7787: 0.0, 7785: 13.0, 7793: 1.63}",True
7793,168572,168615,168651,top,91.14,83.72,100.0,45.22,"{7786: 17.76, 7793: 0.0, 7787: 1.84, 7794: 9.05, 7795: 3.68}",True
7794,168611,168652,168685,top,97.3,87.8,109.09,64.5,"{7793: 9.02, 7794: 0.0, 7795: 7.99, 7796: 1.61, 7797: 17.51}",True
7795,168619,168663,168700,bottom,88.89,81.82,97.3,41.84,"{7793: 4.11, 7794: 8.43, 7795: 0.0, 7796: 11.32, 7797: 2.32}",True
7796,168673,168704,168731,bottom,124.14,116.13,133.33,63.72,"{7794: 2.33, 7796: 0.0, 7795: 11.06, 7797: 7.36}",True
7797,168680,168726,168765,top,84.71,78.26,92.31,36.02,"{7794: 17.57, 7797: 0.0, 7796: 7.48, 7795: 2.73, 7799: 2.16}",True
7799,168745,168789,168827,bottom,87.8,81.82,94.74,34.0,"{7797: 2.62, 7799: 0.0, 7800: 17.22}",True
7800,168821,168857,168886,bottom,110.77,100.0,124.14,83.23,"{7799: 17.01, 7800: 0.0, 7801: 12.83}",True
7801,168863,168911,168953,bottom,80.0,75.0,85.71,25.51,"{7801: 0.0, 7800: 13.04, 7802: 3.72}",True
7802,168921,168961,168996,top,96.0,90.0,102.86,36.73,"{7802: 0.0, 7801: 4.42}",True
7803,169011,169048,169081,bottom,102.86,97.3,109.09,35.74,"{7803: 0.0, 7804: 7.75, 7805: 2.97}",True
7804,169022,169062,169096,top,97.3,90.0,105.88,46.71,"{7803: 8.09, 7804: 0.0, 7805: 9.42, 7806: 1.63}",True
7805,169059,169100,169136,top,93.51,87.8,100.0,33.88,"{7804: 9.44, 7805: 0.0, 7803: 3.27, 7806: 6.99, 7807: 1.87, 7808: 17.88}",True
7806,169083,169117,169147,bottom,112.5,105.88,120.0,47.06,"{7806: 0.0, 7804: 2.28, 7805: 7.5, 7803: 19.06, 7807: 10.71, 7808: 2.24}",True
7807,169122,169151,169177,bottom,130.91,124.14,138.46,55.09,"{7805: 2.64, 7806: 10.59, 7807: 0.0, 7808: 6.89}",True
7808,169132,169177,169217,top,84.71,80.0,90.0,25.0,"{7805: 17.92, 7808: 0.0, 7807: 6.89, 7806: 2.43, 7809: 3.34}",True
7809,169191,169223,169251,bottom,120.0,112.5,128.57,57.4,"{7808: 4.05, 7809: 0.0, 7812: 14.98}",True
7812,169239,169276,169308,bottom,104.35,97.3,112.5,47.51,"{7812: 0.0, 7809: 15.09, 7813: 5.8}",True
7813,169270,169300,169327,top,126.32,120.0,133.33,49.38,"{7813: 0.0, 7812: 6.39}",True
7814,169359,169386,169411,top,138.46,133.33,144.0,42.67,{7814: 0.0},True
7815,169516,169545,169572,top,128.57,124.14,133.33,34.06,"{7815: 0.0, 7817: 5.08, 7820: 9.11}",True
7817,169532,169560,169586,top,133.33,128.57,138.46,38.04,"{7817: 0.0, 7815: 5.05, 7820: 4.13}",True
7820,169544,169572,169599,top,130.91,128.57,133.33,17.64,"{7820: 0.0, 7817: 4.15, 7815: 9.07}",True
7826,169601,169633,169661,top,120.0,112.5,128.57,57.4,"{7826: 0.0, 7827: 14.33}",True
7827,169646,169683,169717,top,101.41,97.3,105.88,25.25,"{7826: 14.38, 7827: 0.0}",True
7828,169779,169809,169836,top,126.32,120.0,133.33,49.38,"{7828: 0.0, 7837: 12.63, 7840: 0.68}",True
7837,169817,169848,169877,top,120.0,116.13,124.14,27.62,"{7837: 0.0, 7828: 12.63, 7840: 6.44, 7842: 11.18, 7843: 10.25, 7845: 1.87}",True
7840,169835,169867,169896,bottom,118.03,112.5,124.14,40.13,"{7840: 0.0, 7837: 6.74, 7828: 0.57, 7842: 6.56, 7843: 6.96, 7845: 9.57}",True
7842,169851,169886,169917,top,109.09,102.86,116.13,42.81,"{7837: 11.2, 7840: 6.97, 7842: 0.0, 7843: 1.48, 7845: 7.28, 7851: 2.76, 7853: 16.36, 7854: 16.72}",True
7843,169851,169881,169910,top,122.03,120.0,124.14,14.27,"{7837: 10.21, 7840: 7.47, 7842: 1.45, 7843: 0.0, 7845: 6.68, 7851: 1.85, 7853: 18.42}",True
7845,169863,169903,169938,bottom,96.0,90.0,102.86,36.73,"{7837: 2.19, 7845: 0.0, 7842: 7.46, 7840: 9.69, 7843: 6.82, 7851: 7.09, 7853: 4.19, 7854: 3.8}",True
7851,169898,169928,169954,bottom,128.57,120.0,138.46,71.01,"{7842: 3.29, 7845: 6.95, 7851: 0.0, 7843: 2.25, 7853: 7.1, 7854: 6.65}",True
7853,169908,169942,169972,top,112.5,105.88,120.0,47.06,"{7842: 16.33, 7843: 18.44, 7853: 0.0, 7845: 4.51, 7851: 7.66, 7854: 0.79}",True
7854,169910,169945,169976,top,109.09,102.86,116.13,42.81,"{7842: 16.73, 7851: 7.19, 7854: 0.0, 7853: 0.81, 7843: 18.75, 7845: 4.12}",True
7855,169975,170007,170037,top,116.13,112.5,120.0,25.0,"{7854: 18.26, 7855: 0.0}",True
7857,170067,170105,170139,bottom,100.0,94.74,105.88,32.78,"{7857: 0.0, 7858: 7.78, 7860: 1.2}",True
7858,170082,170118,170149,top,107.46,100.0,116.13,52.03,"{7858: 0.0, 7857: 8.23, 7860: 12.89, 7861: 16.89}",True
7860,170132,170156,170179,top,153.19,150.0,156.52,28.36,"{7858: 12.71, 7860: 0.0, 7857: 2.05, 7861: 6.85}",True
7861,170141,170183,170218,top,93.51,85.71,102.86,48.98,"{7860: 6.99, 7858: 16.93, 7857: 0.43, 7861: 0.0, 7864: 0.99}",True
7864,170211,170251,170287,bottom,94.74,90.0,100.0,27.78,"{7864: 0.0, 7861: 1.15, 7865: 2.98}",True
7865,170264,170302,170334,top,102.86,94.74,112.5,55.51,"{7865: 0.0, 7864: 3.53, 7866: 12.09, 7867: 13.68}",True
7866,170311,170343,170372,top,118.03,112.5,124.14,40.13,"{7865: 12.04, 7866: 0.0, 7867: 2.53, 7868: 11.29}",True
7867,170316,170353,170386,top,102.86,97.3,109.09,35.74,"{7865: 13.71, 7867: 0.0, 7866: 2.61, 7868: 8.4, 7869: 1.7, 7870: 18.24}",True
7868,170347,,,top,,,,,{},False
7869,170373,170405,170435,bottom,116.13,112.5,120.0,25.0,"{7867: 2.25, 7866: 0.75, 7869: 0.0, 7870: 7.4, 7872: 11.53}",True
7870,170384,170417,170447,top,114.29,109.09,120.0,36.36,"{7867: 18.21, 7869: 8.01, 7870: 0.0, 7872: 5.32}",True
7872,170408,170450,170487,bottom,91.14,85.71,97.3,31.31,"{7872: 0.0, 7870: 5.44, 7869: 11.68, 7874: 12.09}",True
7874,170459,,,bottom,,,,,{},False
7875,170549,170581,170610,top,118.03,112.5,124.14,40.13,"{7875: 0.0, 7876: 9.28}",True
7876,170550,170581,170608,bottom,124.14,116.13,133.33,63.72,"{7875: 8.97, 7876: 0.0}",True
7878,170615,170644,170670,top,130.91,124.14,138.46,55.09,"{7878: 0.0, 7879: 4.76}",True
7879,170623,170662,170695,top,100.0,92.31,109.09,50.86,"{7879: 0.0, 7878: 4.88, 7883: 1.2, 7886: 0.03}",True
7883,170687,170728,,bottom,,,,,{},False
7886,170693,170723,170750,bottom,126.32,120.0,133.33,49.38,"{7879: 1.08, 7886: 0.0, 7883: 1.51, 7889: 8.6}",True
7889,170697,170728,170756,top,122.03,116.13,128.57,44.44,"{7879: 19.21, 7889: 0.0, 7886: 8.91, 7883: 7.54}",True
7892,170778,,,top,,,,,{},False
7893,170795,170835,170870,bottom,96.0,90.0,102.86,36.73,"{7893: 0.0, 7894: 8.66, 7895: 4.72, 7896: 16.64}",True
7894,170797,170829,170858,top,118.03,112.5,124.14,40.13,"{7893: 8.42, 7894: 0.0, 7895: 12.48}",True
7895,170837,170869,170897,top,120.0,112.5,128.57,57.4,"{7894: 12.47, 7895: 0.0, 7893: 5.28, 7896: 5.05}",True
7896,170862,170897,170930,bottom,105.88,102.86,109.09,18.89,"{7895: 5.45, 7896: 0.0, 7893: 16.58, 7897: 4.59, 7898: 9.73, 7899: 17.48}",True
7897,170899,170930,170958,top,122.03,116.13,128.57,44.44,"{7897: 0.0, 7896: 5.14, 7898: 8.84, 7899: 4.71}",True
7898,170899,170932,170962,bottom,114.29,109.09,120.0,36.36,"{7897: 9.28, 7896: 9.7, 7898: 0.0, 7899: 8.01}",True
7899,170926,170960,170989,bottom,114.29,105.88,124.14,62.95,"{7899: 0.0, 7897: 5.14, 7896: 17.42, 7898: 8.03, 7909: 17.68}",True
7909,170986,171025,171059,bottom,98.63,92.31,105.88,39.93,"{7909: 0.0, 7899: 17.81, 7910: 6.82, 7911: 1.3}",True
7910,171009,171043,171073,top,112.5,105.88,120.0,47.06,"{7910: 0.0, 7909: 7.47, 7911: 11.83}",True
7911,171050,171083,171114,top,112.5,109.09,116.13,22.7,"{7910: 11.84, 7911: 0.0, 7909: 1.94, 7912: 3.3}",True
7912,171091,,171152,bottom,118.03,,,,{},True
7915,171166,171198,171226,top,120.0,112.5,128.57,57.4,"{7915: 0.0, 7916: 10.31, 7917: 3.44, 7918: 1.45}",True
7916,171199,171230,171258,top,122.03,116.13,128.57,44.44,"{7915: 10.3, 7916: 0.0, 7917: 8.53, 7918: 6.87, 7921: 11.85}",True
7917,171201,171243,171280,bottom,91.14,85.71,97.3,31.31,"{7915: 3.79, 7917: 0.0, 7916: 8.6, 7918: 1.57, 7921: 5.93, 7923: 2.58, 7925: 15.8, 7924: 1.93}",True
7918,171216,171247,171275,bottom,122.03,116.13,128.57,44.44,"{7915: 1.96, 7916: 7.37, 7918: 0.0, 7917: 1.57, 7921: 5.87, 7925: 16.64, 7923: 1.68, 7924: 1.29}",True
7921,171236,171267,171294,top,124.14,116.13,133.33,63.72,"{7916: 11.82, 7921: 0.0, 7918: 6.66, 7917: 6.72, 7925: 3.8, 7923: 9.97, 7924: 9.82}",True
7923,171267,,,top,,,,,{},False
7924,171267,171296,171323,top,128.57,124.14,133.33,34.06,"{7925: 8.13, 7921: 9.8, 7918: 2.26, 7923: 0.05, 7924: 0.0, 7917: 2.7, 7931: 10.94, 7933: 2.73, 7934: 1.76}",True
7925,171268,171313,171351,bottom,86.75,80.0,94.74,38.78,"{7921: 3.86, 7925: 0.0, 7924: 8.15, 7923: 17.6, 7917: 15.88, 7918: 16.89, 7931: 7.64, 7933: 6.36, 7934: 9.67}",True
7931,171301,171327,171351,top,144.0,138.46,150.0,48.08,"{7925: 7.64, 7931: 0.0, 7924: 10.85, 7933: 7.8, 7934: 6.32}",True
7933,171306,171338,171365,bottom,122.03,112.5,133.33,77.16,"{7933: 0.0, 7931: 8.04, 7925: 6.14, 7924: 3.04, 7934: 4.26}",True
7934,171312,171357,171396,bottom,85.71,80.0,92.31,31.56,"{7934: 0.0, 7933: 4.5, 7925: 9.7, 7924: 1.81, 7931: 6.3, 7937: 1.28, 7938: 0.38}",True
7937,171387,171418,171446,top,122.03,116.13,128.57,44.44,"{7937: 0.0, 7934: 2.0, 7938: 1.75, 7942: 17.17}",True
7938,171392,171425,,top,,,,,{},False
7942,171440,171474,171503,top,114.29,105.88,124.14,62.95,"{7937: 17.18, 7942: 0.0, 7943: 13.95}",True
7943,171487,171520,171549,top,116.13,109.09,124.14,51.89,"{7943: 0.0, 7942: 13.95, 7944: 2.36, 7945: 17.55}",True
7944,171534,171572,171604,bottom,102.86,94.74,112.5,55.51,"{7944: 0.0, 7943: 2.44, 7945: 8.13}",True
7945,171545,171580,171610,top,110.77,102.86,120.0,57.14,"{7944: 8.73, 7943: 17.6, 7945: 0.0}",True
7946,171615,171649,171679,top,112.5,105.88,120.0,47.06,"{7946: 0.0, 7947: 7.55}",True
7947,171625,171663,171695,bottom,102.86,94.74,112.5,55.51,"{7947: 0.0, 7946: 7.78}",True
7948,171702,171737,171768,bottom,109.09,102.86,116.13,42.81,"{7948: 0.0, 7949: 0.78}",True
7949,171764,171790,171813,top,146.94,138.46,156.52,78.52,"{7949: 0.0, 7948: 1.14}",True
7952,171837,171869,171897,bottom,120.0,112.5,128.57,57.4,{7952: 0.0},True
7953,171914,171944,171971,top,126.32,120.0,133.33,49.38,{7953: 0.0},True
7954,171996,172036,172071,bottom,96.0,90.0,102.86,36.73,"{7954: 0.0, 7955: 18.5}",True
7955,172070,172110,172145,bottom,96.0,90.0,102.86,36.73,"{7955: 0.0, 7954: 18.48, 7956: 8.55}",True
7956,172083,172116,172146,top,114.29,109.09,120.0,36.36,"{7956: 0.0, 7955: 8.58}",True
7961,172152,172183,172210,bottom,124.14,116.13,133.33,63.72,{7961: 0.0},True
7962,172221,172263,172300,bottom,91.14,85.71,97.3,31.31,"{7962: 0.0, 7963: 14.83}",True
7963,172286,172320,172350,bottom,112.5,105.88,120.0,47.06,"{7963: 0.0, 7962: 14.66, 7964: 4.02}",True
7964,172324,172353,172378,top,133.33,124.14,144.0,79.45,"{7963: 4.57, 7964: 0.0}",True
7967,172495,172527,172555,bottom,120.0,112.5,128.57,57.4,"{7967: 0.0, 7968: 7.61}",True
7968,172515,172537,172557,top,171.43,163.64,180.0,81.82,"{7968: 0.0, 7967: 8.12}",True
7969,172556,172583,172608,top,138.46,133.33,144.0,42.67,"{7968: 18.77, 7969: 0.0, 7977: 2.55}",True
7977,172559,172592,172621,top,116.13,109.09,124.14,51.89,"{7977: 0.0, 7969: 2.65}",True
7978,172700,172728,172753,top,135.85,128.57,144.0,61.71,"{7978: 0.0, 7984: 10.58}",True
7984,172729,172760,172788,top,122.03,116.13,128.57,44.44,"{7984: 0.0, 7978: 10.65, 7988: 11.02}",True
7988,172753,,,bottom,,,,,{},False
7989,172835,172877,172913,bottom,92.31,85.71,100.0,39.68,"{7989: 0.0, 7990: 5.74, 7991: 12.32}",True
7990,172879,172903,172925,top,156.52,150.0,163.64,61.98,"{7990: 0.0, 7989: 6.84, 7991: 6.06, 7992: 15.21}",True
7991,172892,172920,172945,bottom,135.85,128.57,144.0,61.71,"{7991: 0.0, 7990: 6.39, 7989: 12.01, 7992: 5.35, 7994: 1.82}",True
7992,172916,172942,172965,top,146.94,138.46,156.52,78.52,"{7990: 15.24, 7992: 0.0, 7989: 0.8, 7991: 5.77, 7994: 7.34, 7996: 2.26}",True
7994,172935,172962,172986,top,141.18,133.33,150.0,69.44,"{7992: 7.36, 7994: 0.0, 7991: 2.22, 7996: 5.34, 7997: 3.41}",True
7996,172951,173000,173041,bottom,80.0,73.47,87.8,34.96,"{7992: 2.39, 7994: 5.43, 7996: 0.0, 7997: 3.01, 7998: 6.22, 8001: 3.47, 8002: 17.67}",True
7997,172965,,,bottom,,,,,{},False
7998,172992,173027,173056,bottom,112.5,102.86,124.14,73.38,"{7998: 0.0, 7996: 6.02, 7997: 4.71, 8001: 6.26, 8002: 13.54, 8003: 18.14}",True
8001,173017,173046,173071,top,133.33,124.14,144.0,79.45,"{8001: 0.0, 7998: 6.86, 7996: 4.39, 8002: 5.54, 8003: 2.77, 8004: 14.26, 8005: 1.88}",True
8002,173035,,,bottom,,,,,{},False
8003,173053,173107,173151,bottom,73.47,66.67,81.82,34.44,"{8003: 0.0, 8001: 2.8, 7998: 18.44, 8002: 3.84, 8004: 18.37, 8005: 1.2, 8006: 10.26, 8007: 3.32, 8008: 1.35}",True
8004,173055,,,top,,,,,{},False
8005,173060,,,bottom,,,,,{},False
8006,173108,173159,173204,bottom,75.0,70.59,80.0,20.92,"{8003: 10.28, 8006: 0.0, 8002: 14.43, 8005: 9.07, 8007: 7.48, 8008: 8.15}",True
8007,173127,173155,173180,top,135.85,128.57,144.0,61.71,"{8006: 7.1, 8003: 4.58, 8007: 0.0, 8008: 5.52}",True
8008,173140,173172,173200,top,120.0,112.5,128.57,57.4,"{8003: 2.37, 8006: 7.65, 8007: 5.56, 8008: 0.0}",True
8009,173225,173269,173307,bottom,87.8,81.82,94.74,34.0,"{8009: 0.0, 8010: 2.04}",True
8010,173234,173262,173287,bottom,135.85,128.57,144.0,61.71,"{8009: 1.88, 8010: 0.0}",True
8011,173307,173337,173364,top,126.32,120.0,133.33,49.38,"{8009: 0.87, 8011: 0.0}",True
8014,173372,173405,173435,bottom,114.29,109.09,120.0,36.36,"{8014: 0.0, 8015: 5.04}",True
8015,173401,173436,173467,top,109.09,102.86,116.13,42.81,"{8015: 0.0, 8014: 5.28, 8016: 11.11}",True
8016,173440,173475,173506,top,109.09,102.86,116.13,42.81,"{8015: 11.1, 8016: 0.0, 8017: 4.64}",True
8017,173470,173511,173547,bottom,93.51,87.8,100.0,33.88,"{8016: 4.97, 8017: 0.0}",True
8018,173591,173625,173655,top,112.5,105.88,120.0,47.06,{8018: 0.0},True
8019,173729,173757,173781,top,138.46,128.57,150.0,89.29,"{8019: 0.0, 8020: 6.65}",True
8020,173738,173779,173814,bottom,94.74,87.8,102.86,43.01,"{8019: 6.91, 8020: 0.0}",True
8029,173816,173853,173885,top,104.35,97.3,112.5,47.51,"{8029: 0.0, 8020: 0.69, 8031: 4.61, 8032: 4.15}",True
8031,173847,173888,173923,bottom,94.74,87.8,102.86,43.01,"{8029: 4.96, 8031: 0.0, 8032: 1.23, 8033: 2.09}",True
8032,173856,173886,173913,bottom,126.32,120.0,133.33,49.38,"{8029: 4.69, 8032: 0.0, 8031: 1.14, 8033: 1.23}",True
8033,173907,173948,173984,top,93.51,87.8,100.0,33.88,"{8033: 0.0, 8032: 1.18, 8031: 2.49, 8034: 13.52}",True
8034,173965,173999,174029,top,112.5,105.88,120.0,47.06,"{8033: 13.45, 8034: 0.0}",True
8039,174029,,,bottom,,,,,{},False
8040,174122,174158,174188,bottom,109.09,100.0,120.0,66.67,"{8040: 0.0, 8041: 6.82, 8044: 3.06}",True
8041,174141,174174,174204,top,114.29,109.09,120.0,36.36,"{8041: 0.0, 8040: 7.45, 8044: 7.28, 8045: 0.36}",True
8044,174169,174196,174221,top,138.46,133.33,144.0,42.67,"{8041: 7.18, 8044: 0.0, 8040: 3.93, 8045: 2.94}",True
8045,174202,174240,174273,bottom,101.41,94.74,109.09,43.5,"{8041: 0.68, 8044: 3.15, 8045: 0.0}",True
8046,174307,174338,174366,top,122.03,116.13,128.57,44.44,"{8046: 0.0, 8047: 3.92}",True
8047,174338,174378,174413,bottom,96.0,90.0,102.86,36.73,"{8046: 4.24, 8047: 0.0, 8052: 7.29}",True
8052,174366,,,bottom,,,,,{},False
8053,174416,174454,174487,bottom,101.41,94.74,109.09,43.5,"{8053: 0.0, 8047: 19.26}",True
8054,174502,174531,174557,top,130.91,124.14,138.46,55.09,"{8054: 0.0, 8055: 4.78}",True
8055,174526,174560,174589,bottom,114.29,105.88,124.14,62.95,"{8054: 5.19, 8055: 0.0}",True
8060,174688,174716,174741,bottom,135.85,128.57,144.0,61.71,"{8060: 0.0, 8061: 5.49, 8062: 3.64, 8063: 2.5}",True
8061,174698,174735,174768,bottom,102.86,97.3,109.09,35.74,"{8061: 0.0, 8060: 5.67, 8062: 7.09, 8063: 5.94, 8064: 11.52}",True
8062,174720,174751,174778,top,124.14,116.13,133.33,63.72,"{8061: 7.83, 8062: 0.0, 8060: 3.92, 8063: 2.22, 8064: 5.07}",True
8063,174725,174758,174788,top,114.29,109.09,120.0,36.36,"{8061: 6.73, 8060: 2.94, 8062: 2.27, 8063: 0.0, 8064: 6.64}",True
8064,174746,174774,174800,bottom,133.33,128.57,138.46,38.04,"{8062: 5.64, 8064: 0.0, 8063: 7.07, 8061: 11.35}",True
8065,174859,174902,174939,bottom,90.0,83.72,97.3,36.69,"{8065: 0.0, 8066: 7.87, 8067: 2.02, 8068: 2.07}",True
8066,174880,174912,174941,top,118.03,112.5,124.14,40.13,"{8065: 8.2, 8066: 0.0, 8068: 13.69, 8067: 13.73}",True
8067,174924,174958,174989,top,110.77,105.88,116.13,33.05,"{8066: 13.75, 8068: 0.3, 8067: 0.0, 8065: 2.62, 8069: 4.59}",True
8068,174924,174957,174987,top,114.29,109.09,120.0,36.36,"{8066: 13.69, 8068: 0.0, 8067: 0.29, 8065: 2.71, 8069: 4.36}",True
8069,174956,174990,175019,bottom,114.29,105.88,124.14,62.95,"{8068: 4.81, 8067: 5.04, 8069: 0.0, 8075: 10.29}",True
8075,174988,175029,175065,bottom,93.51,87.8,100.0,33.88,"{8067: 0.49, 8068: 0.34, 8075: 0.0, 8069: 10.41}",True
8081,175079,175110,175136,bottom,126.32,116.13,138.46,85.89,"{8081: 0.0, 8082: 8.24}",True
8082,175101,175139,175172,bottom,101.41,94.74,109.09,43.5,"{8082: 0.0, 8081: 8.37, 8083: 10.46, 8084: 2.74}",True
8083,175144,175176,175205,bottom,118.03,112.5,124.14,40.13,"{8083: 0.0, 8082: 10.38, 8084: 7.9}",True
8084,175153,175186,175215,top,116.13,109.09,124.14,51.89,"{8084: 0.0, 8083: 8.2, 8082: 3.23}",True
8086,175225,175256,175284,top,122.03,116.13,128.57,44.44,"{8086: 0.0, 8087: 5.66, 8089: 6.39, 8090: 2.02}",True
8087,175241,175299,175339,bottom,73.47,62.07,90.0,69.83,"{8086: 5.78, 8087: 0.0, 8089: 3.26, 8090: 1.65, 8094: 3.84, 8091: 5.71}",True
8089,175256,,,bottom,,,,,{},False
8090,175270,175304,175333,bottom,114.29,105.88,124.14,62.95,"{8086: 2.5, 8090: 0.0, 8087: 1.59, 8094: 3.31, 8091: 5.14}",True
8094,175311,175345,175374,top,114.29,105.88,124.14,62.95,"{8094: 0.0, 8087: 4.71, 8090: 3.57, 8091: 1.95, 8096: 2.7}",True
8091,175314,,,top,,,,,{},False
8096,175355,175387,175416,bottom,118.03,112.5,124.14,40.13,"{8094: 3.18, 8096: 0.0, 8098: 1.41, 8100: 1.13}",True
8098,175406,175440,175470,top,112.5,105.88,120.0,47.06,"{8096: 1.81, 8098: 0.0, 8100: 0.61, 8105: 6.01, 8109: 10.48, 8112: 1.32}",True
8100,175408,175442,175473,top,110.77,105.88,116.13,33.05,"{8096: 1.51, 8100: 0.0, 8098: 0.63, 8105: 6.07, 8109: 9.78, 8112: 1.65}",True
8105,175425,175474,175515,bottom,80.0,73.47,87.8,34.96,"{8105: 0.0, 8100: 6.29, 8098: 6.05, 8109: 8.48, 8112: 7.2, 8116: 16.36, 8117: 18.25}",True
8109,175441,175477,175508,top,107.46,100.0,116.13,52.03,"{8098: 10.5, 8109: 0.0, 8100: 9.78, 8105: 8.08, 8112: 5.96}",True
8112,175461,175508,175548,bottom,82.76,76.6,90.0,33.51,"{8098: 1.37, 8112: 0.0, 8105: 7.21, 8100: 1.72, 8109: 6.05, 8116: 7.59, 8117: 11.27, 8118: 4.55}",True
8116,175507,175539,175568,bottom,118.03,112.5,124.14,40.13,"{8109: 0.78, 8116: 0.0, 8112: 7.33, 8105: 16.04, 8117: 5.08, 8118: 8.14, 8119: 17.31}",True
8117,175514,175563,175605,bottom,79.12,73.47,85.71,29.15,"{8117: 0.0, 8116: 5.3, 8112: 11.34, 8105: 18.31, 8118: 8.12, 8119: 9.97, 8120: 3.68, 8121: 16.56}",True
8118,175515,175546,175574,top,122.03,116.13,128.57,44.44,"{8117: 7.9, 8116: 8.64, 8118: 0.0, 8112: 5.36, 8105: 0.75, 8119: 1.56}",True
8119,175562,175613,175656,bottom,76.6,70.59,83.72,30.54,"{8118: 1.77, 8119: 0.0, 8117: 10.02, 8116: 17.57, 8120: 7.28, 8121: 6.57}",True
8120,175581,175607,175631,top,144.0,138.46,150.0,48.08,"{8119: 7.02, 8120: 0.0, 8117: 4.98, 8121: 5.93}",True
8121,175594,175647,175693,bottom,72.73,67.92,78.26,22.47,"{8121: 0.0, 8120: 5.77, 8119: 6.62, 8117: 16.62, 8122: 13.85}",True
8122,175674,175707,175736,bottom,116.13,109.09,124.14,51.89,"{8122: 0.0, 8121: 13.48}",True
8124,175744,175774,175800,top,128.57,120.0,138.46,71.01,{8124: 0.0},True
8125,175833,175874,175909,bottom,94.74,87.8,102.86,43.01,{8125: 0.0},True
8126,175987,176027,176062,bottom,96.0,90.0,102.86,36.73,"{8126: 0.0, 8133: 3.75}",True
8133,176038,176065,176090,top,138.46,133.33,144.0,42.67,"{8133: 0.0, 8126: 4.46, 8137: 2.59, 8127: 1.7}",True
8137,176074,176104,176130,bottom,128.57,120.0,138.46,71.01,"{8133: 2.96, 8137: 0.0, 8127: 4.59}",True
8127,176081,176121,176154,bottom,98.63,90.0,109.09,57.85,"{8133: 1.56, 8127: 0.0, 8137: 4.71}",True
8138,176161,176191,176218,top,126.32,120.0,133.33,49.38,"{8138: 0.0, 8139: 13.32}",True
8139,176202,176231,176257,top,130.91,124.14,138.46,55.09,"{8138: 13.3, 8139: 0.0}",True
8141,176311,176341,176368,top,126.32,120.0,133.33,49.38,"{8141: 0.0, 8142: 1.97, 8143: 4.32}",True
8142,176315,176347,176376,top,118.03,112.5,124.14,40.13,"{8141: 1.99, 8142: 0.0, 8143: 5.28, 8144: 1.22}",True
8143,176340,176375,176405,bottom,110.77,102.86,120.0,57.14,"{8141: 4.39, 8143: 0.0, 8142: 5.52, 8144: 6.12}",True
8144,176369,176394,176416,bottom,153.19,144.0,163.64,89.26,"{8142: 1.81, 8144: 0.0, 8143: 5.94}",True
8145,176441,176474,,bottom,,,,,{},False
8146,176453,176481,176507,top,133.33,128.57,138.46,38.04,"{8145: 6.33, 8146: 0.0, 8147: 8.59, 8148: 1.62}",True
8147,176459,176486,176509,bottom,144.0,133.33,156.52,100.82,"{8147: 0.0, 8145: 4.26, 8146: 8.8, 8148: 14.3, 8151: 1.05}",True
8148,176496,176532,176563,bottom,107.46,100.0,116.13,52.03,"{8146: 1.87, 8148: 0.0, 8147: 14.5, 8151: 15.74, 8152: 15.55}",True
8151,176506,,,top,,,,,{},False
8152,176554,,176607,bottom,135.85,,,,{},True
8154,176636,176673,176706,bottom,102.86,97.3,109.09,35.74,"{8154: 0.0, 8155: 12.92, 8156: 14.1}",True
8155,176687,176718,176746,bottom,122.03,116.13,128.57,44.44,"{8155: 0.0, 8154: 12.77, 8156: 2.38, 8157: 14.36}",True
8156,176689,176727,176761,bottom,100.0,94.74,105.88,32.78,"{8155: 2.47, 8156: 0.0, 8154: 14.11, 8157: 10.3}",True
8157,176733,176763,176790,bottom,126.32,120.0,133.33,49.38,"{8157: 0.0, 8155: 14.34, 8156: 10.16, 8158: 3.86}",True
8158,176768,176794,176818,top,144.0,138.46,150.0,48.08,"{8158: 0.0, 8157: 4.3}",True
8159,176822,176856,176885,bottom,114.29,105.88,124.14,62.95,{8159: 0.0},True
8160,176897,176930,176960,bottom,114.29,109.09,120.0,36.36,"{8160: 0.0, 8161: 4.25, 8162: 11.28}",True
8161,176904,176949,,bottom,,,,,{},False
8162,176936,176968,176996,bottom,120.0,112.5,128.57,57.4,"{8161: 5.2, 8160: 11.28, 8162: 0.0}",True
8173,176996,177040,177079,bottom,86.75,81.82,92.31,26.9,"{8173: 0.0, 8162: 18.8}",True
8177,177083,177115,177143,top,120.0,112.5,128.57,57.4,"{8177: 0.0, 8178: 3.39}",True
8178,177120,177165,177205,bottom,84.71,80.0,90.0,25.0,"{8178: 0.0, 8177: 3.4, 8179: 15.86, 8180: 1.06}",True
8179,177192,177236,177274,bottom,87.8,81.82,94.74,34.0,"{8178: 15.83, 8179: 0.0, 8180: 8.48, 8181: 2.0}",True
8180,177196,177229,177257,top,118.03,109.09,128.57,69.57,"{8178: 1.93, 8179: 8.16, 8180: 0.0}",True
8181,177259,177293,177323,top,112.5,105.88,120.0,47.06,"{8181: 0.0, 8179: 2.77, 8182: 4.32, 8183: 16.88}",True
8182,177291,177330,177364,bottom,98.63,92.31,105.88,39.93,"{8182: 0.0, 8181: 4.68, 8183: 6.19, 8184: 1.37}",True
8183,177316,177353,177386,top,102.86,97.3,109.09,35.74,"{8181: 16.93, 8183: 0.0, 8182: 6.73, 8184: 10.44}",True
8184,177354,177393,177428,top,97.3,92.31,102.86,30.14,"{8183: 10.45, 8184: 0.0, 8182: 1.66, 8185: 1.02}",True
8185,177426,177467,177501,bottom,96.0,87.8,105.88,53.17,"{8185: 0.0, 8184: 0.66, 8186: 5.97, 8187: 16.19}",True
8186,177451,177495,177535,top,85.71,81.82,90.0,20.45,"{8185: 6.49, 8186: 0.0, 8187: 5.11, 8188: 2.66, 8189: 16.73}",True
8187,177492,177531,,bottom,,,,,{},False
8188,177516,177545,177569,bottom,135.85,124.14,150.0,107.76,"{8186: 3.47, 8188: 0.0, 8187: 4.67, 8189: 6.89, 8191: 4.8, 8197: 0.56}",True
8189,177526,177564,177597,top,101.41,94.74,109.09,43.5,"{8186: 16.62, 8189: 0.0, 8187: 5.19, 8188: 7.01, 8191: 4.4, 8197: 11.23, 8198: 11.27}",True
8191,177539,177582,177621,top,87.8,83.72,92.31,22.02,"{8189: 4.45, 8191: 0.0, 8188: 4.8, 8187: 5.17, 8197: 6.75, 8198: 5.94}",True
8197,177567,,,top,,,,,{},False
8198,177569,177606,177640,top,101.41,97.3,105.88,25.25,"{8191: 5.87, 8189: 11.27, 8198: 0.0, 8197: 0.36, 8188: 0.46}",True
8207,177641,,,bottom,,,,,{},False
8208,177680,177715,177747,bottom,107.46,102.86,112.5,30.13,"{8208: 0.0, 8209: 8.36}",True
8209,177707,177749,177786,bottom,91.14,85.71,97.3,31.31,"{8209: 0.0, 8208: 8.46}",True
8212,177796,177827,177854,bottom,124.14,116.13,133.33,63.72,"{8212: 0.0, 8213: 7.59, 8214: 7.43}",True
8213,177805,177837,177866,top,118.03,112.5,124.14,40.13,"{8212: 8.05, 8213: 0.0, 8214: 0.52}",True
8214,177806,177839,177868,top,116.13,109.09,124.14,51.89,"{8212: 7.88, 8213: 0.52, 8214: 0.0}",True
8216,177898,177934,177967,top,104.35,100.0,109.09,27.55,"{8216: 0.0, 8217: 2.01, 8219: 16.09}",True
8217,177951,177990,178024,bottom,98.63,92.31,105.88,39.93,"{8216: 2.37, 8217: 0.0, 8219: 8.86, 8227: 0.81}",True
8219,177957,177994,178026,top,104.35,97.3,112.5,47.51,"{8216: 16.07, 8219: 0.0, 8217: 9.0, 8227: 17.24}",True
8227,178020,178058,178090,top,102.86,94.74,112.5,55.51,"{8219: 17.26, 8227: 0.0, 8217: 0.99}",True
8228,178093,178126,178155,bottom,116.13,109.09,124.14,51.89,"{8228: 0.0, 8229: 7.23}",True
8229,178105,178142,178174,top,104.35,97.3,112.5,47.51,"{8228: 7.58, 8229: 0.0}",True
8230,178175,178216,178251,top,94.74,87.8,102.86,43.01,"{8229: 19.17, 8230: 0.0, 8231: 8.54}",True
8231,178182,178221,178256,bottom,97.3,92.31,102.86,30.14,"{8230: 8.93, 8231: 0.0}",True
8242,178295,178337,,bottom,,,,,{},False
8243,178310,178346,178378,top,105.88,100.0,112.5,39.06,"{8242: 7.15, 8243: 0.0, 8244: 8.25, 8246: 5.72, 8251: 18.07}",True
8244,178329,178352,178376,bottom,153.19,156.52,150.0,-27.17,"{8242: 6.48, 8243: 7.82, 8244: 0.0, 8246: 4.72}",True
8246,178333,178373,178408,bottom,96.0,90.0,102.86,36.73,"{8243: 6.06, 8246: 0.0, 8242: 8.77, 8244: 5.02, 8251: 8.12}",True
8251,178375,,,top,,,,,{},False
8252,178469,178508,178542,bottom,98.63,92.31,105.88,39.93,"{8252: 0.0, 8253: 7.99, 8254: 5.47}",True
8253,178486,178517,178544,top,124.14,116.13,133.33,63.72,"{8252: 8.33, 8253: 0.0, 8254: 5.68}",True
8254,178503,178534,178563,top,120.0,116.13,124.14,27.62,"{8252: 6.33, 8253: 5.69, 8254: 0.0}",True
8255,178595,178634,178668,bottom,98.63,92.31,105.88,39.93,"{8255: 0.0, 8257: 2.56, 8256: 2.43}",True
8256,178649,178685,178718,top,104.35,100.0,109.09,27.55,"{8257: 0.61, 8255: 2.99, 8256: 0.0, 8259: 12.93, 8262: 1.9}",True
8257,178650,178684,178713,top,114.29,105.88,124.14,62.95,"{8257: 0.0, 8255: 3.04, 8256: 0.58, 8259: 14.05, 8262: 1.13}",True
8259,178696,178734,178766,top,102.86,94.74,112.5,55.51,"{8257: 14.1, 8259: 0.0, 8256: 12.94, 8262: 8.12, 8263: 15.28, 8264: 15.97, 8265: 1.18}",True
8262,178704,178743,178777,bottom,98.63,92.31,105.88,39.93,"{8257: 1.55, 8259: 8.36, 8262: 0.0, 8256: 2.14, 8263: 3.22, 8264: 2.87, 8265: 13.5, 8266: 15.5}",True
8263,178754,178787,178817,top,114.29,109.09,120.0,36.36,"{8263: 0.0, 8259: 15.21, 8262: 3.37, 8264: 1.8, 8265: 7.36, 8266: 6.62}",True
8264,178755,178794,178829,top,97.3,92.31,102.86,30.14,"{8263: 1.85, 8259: 16.0, 8264: 0.0, 8262: 2.91, 8265: 9.31, 8266: 9.6}",True
8265,178757,178797,178829,bottom,100.0,90.0,112.5,70.31,"{8263: 7.36, 8259: 1.6, 8265: 0.0, 8264: 9.12, 8262: 13.48, 8266: 1.3}",True
8266,178766,,178823,bottom,126.32,,,,{},True
8268,178850,178892,178928,top,92.31,85.71,100.0,39.68,"{8268: 0.0, 8269: 5.69, 8270: 3.2, 8271: 14.64}",True
8269,178881,178913,178942,top,118.03,112.5,124.14,40.13,"{8268: 5.59, 8269: 0.0, 8270: 5.81, 8271: 10.47}",True
8270,178901,178941,178977,bottom,94.74,90.0,100.0,27.78,"{8268: 3.56, 8270: 0.0, 8269: 5.85, 8271: 7.96, 8272: 4.51, 8273: 3.55}",True
8271,178910,178953,178991,top,88.89,83.72,94.74,28.99,"{8268: 14.67, 8269: 10.54, 8270: 8.41, 8271: 0.0, 8272: 6.83, 8273: 8.76}",True
8272,178943,178980,179012,top,104.35,97.3,112.5,47.51,"{8271: 6.77, 8272: 0.0, 8270: 4.93, 8273: 2.38, 8274: 18.07}",True
8273,178949,178990,179027,top,92.31,87.8,97.3,25.66,"{8272: 2.44, 8273: 0.0, 8270: 3.9, 8271: 8.75, 8274: 14.46}",True
8274,179009,,,top,,,,,{},False
8275,179082,,,bottom,,,,,{},False
8276,179166,179198,179227,bottom,118.03,112.5,124.14,40.13,"{8276: 0.0, 8277: 7.55, 8278: 0.68}",True
8277,179185,179228,179266,bottom,88.89,83.72,94.74,28.99,"{8277: 0.0, 8276: 7.67, 8278: 5.54, 8287: 15.59}",True
8278,179222,179258,179288,top,109.09,100.0,120.0,66.67,"{8277: 6.51, 8276: 1.06, 8278: 0.0, 8287: 4.56}",True
8287,179255,179290,179321,bottom,109.09,102.86,116.13,42.81,"{8287: 0.0, 8278: 4.84, 8277: 15.4, 8297: 15.51}",True
8297,179309,179351,179387,bottom,92.31,85.71,100.0,39.68,"{8287: 15.6, 8297: 0.0, 8301: 4.93}",True
8301,179352,179384,179412,top,120.0,112.5,128.57,57.4,"{8301: 0.0, 8297: 5.67, 8305: 11.18}",True
8305,179387,,,top,,,,,{},False
8306,179416,179447,179475,top,122.03,116.13,128.57,44.44,"{8306: 0.0, 8307: 3.77, 8308: 15.82}",True
8307,179449,179484,179514,bottom,110.77,102.86,120.0,57.14,"{8306: 4.19, 8307: 0.0, 8308: 6.77}",True
8308,179464,179503,179538,top,97.3,92.31,102.86,30.14,"{8306: 15.9, 8307: 7.25, 8308: 0.0}",True
8309,179820,179859,179893,bottom,98.63,92.31,105.88,39.93,"{8309: 0.0, 8310: 8.49}",True
8310,179835,179864,179889,top,133.33,124.14,144.0,79.45,"{8309: 7.96, 8310: 0.0}",True
8311,179893,,,top,,,,,{},False
8312,179953,179998,180037,bottom,85.71,80.0,92.31,31.56,"{8312: 0.0, 8313: 10.05, 8314: 0.87}",True
8313,180004,180037,180065,bottom,118.03,109.09,128.57,69.57,"{8313: 0.0, 8312: 9.78, 8314: 4.72}",True
8314,180035,180065,180092,top,126.32,120.0,133.33,49.38,"{8313: 5.41, 8314: 0.0, 8312: 1.23}",True
8315,180099,180128,180154,top,130.91,124.14,138.46,55.09,"{8315: 0.0, 8316: 7.34, 8317: 7.38, 8318: 15.57}",True
8316,180105,180145,180179,bottom,97.3,90.0,105.88,46.71,"{8315: 7.53, 8316: 0.0, 8317: 0.55, 8318: 5.21, 8319: 15.01, 8320: 14.97}",True
8317,180107,180143,180175,bottom,105.88,100.0,112.5,39.06,"{8317: 0.0, 8315: 7.43, 8316: 0.52, 8318: 4.78, 8319: 16.18, 8320: 16.08}",True
8318,180144,180174,180200,top,128.57,120.0,138.46,71.01,"{8315: 15.57, 8318: 0.0, 8316: 6.01, 8317: 5.2, 8319: 5.08, 8320: 10.28}",True
8319,180165,180206,180239,bottom,97.3,87.8,109.09,64.5,"{8318: 5.36, 8317: 16.24, 8316: 15.02, 8319: 0.0, 8320: 0.01, 8322: 8.43}",True
8320,180165,,,bottom,,,,,{},False
8322,180201,180238,180270,bottom,104.35,97.3,112.5,47.51,"{8318: 0.68, 8322: 0.0, 8319: 8.42, 8328: 10.12}",True
8328,180240,180273,180302,bottom,116.13,109.09,124.14,51.89,"{8328: 0.0, 8322: 10.06, 8319: 18.81, 8333: 15.73}",True
8333,180292,180328,180360,bottom,105.88,100.0,112.5,39.06,"{8333: 0.0, 8328: 15.82, 8334: 8.51}",True
8334,180324,180358,180388,bottom,112.5,105.88,120.0,47.06,"{8334: 0.0, 8333: 8.49, 8335: 12.63}",True
8335,180368,180402,180435,bottom,107.46,105.88,109.09,9.72,"{8335: 0.0, 8334: 12.66, 8337: 16.98, 8338: 1.13}",True
8337,180426,180478,180522,bottom,75.0,69.23,81.82,28.61,"{8337: 0.0, 8335: 17.18, 8338: 7.95, 8341: 8.19, 8348: 1.65}",True
8338,180428,180456,180483,top,130.91,128.57,133.33,17.64,"{8337: 7.84, 8338: 0.0, 8335: 2.06, 8341: 9.4}",True
8341,180453,180486,180514,top,118.03,109.09,128.57,69.57,"{8338: 9.42, 8337: 7.64, 8341: 0.0, 8348: 17.2}",True
8348,180509,180541,180570,top,118.03,112.5,124.14,40.13,"{8341: 17.23, 8348: 0.0, 8337: 2.59, 8353: 6.08, 8352: 5.62}",True
8352,180529,180570,180607,bottom,92.31,87.8,97.3,25.66,"{8353: 1.7, 8348: 5.94, 8352: 0.0}",True
8353,180530,180563,180592,bottom,116.13,109.09,124.14,51.89,"{8348: 6.37, 8353: 0.0, 8352: 1.63}",True
8355,180647,180678,180705,top,124.14,116.13,133.33,63.72,"{8355: 0.0, 8356: 7.63, 8357: 7.71, 8360: 13.54}",True
8356,180654,180689,180722,bottom,105.88,102.86,109.09,18.89,"{8356: 0.0, 8355: 7.84, 8357: 7.62, 8360: 4.83}",True
8357,180664,180711,180755,top,79.12,76.6,81.82,11.87,"{8356: 7.89, 8357: 0.0, 8355: 7.76, 8360: 2.95, 8368: 15.56, 8370: 0.6, 8369: 14.99}",True
8360,180690,180718,180746,top,128.57,128.57,128.57,,"{8355: 13.49, 8360: 0.0, 8357: 3.04, 8356: 5.79, 8368: 16.21, 8369: 16.43, 8370: 0.81}",True
8368,180736,180785,180827,top,79.12,73.47,85.71,29.15,"{8360: 16.37, 8368: 0.0, 8369: 3.41, 8370: 8.85, 8357: 15.64, 8362: 15.98, 8367: 12.4, 8373: 8.24, 8374: 7.46}",True
8369,180739,180768,180794,top,130.91,124.14,138.46,55.09,"{8360: 16.34, 8370: 8.37, 8369: 0.0, 8368: 3.27, 8357: 14.38, 8362: 14.66, 8367: 8.78, 8373: 13.21, 8374: 3.03}",True
8370,180740,180776,180808,bottom,105.88,100.0,112.5,39.06,"{8360: 1.18, 8370: 0.0, 8369: 8.52, 8368: 8.23, 8357: 2.48, 8362: 3.05, 8367: 7.84, 8373: 4.6, 8374: 8.09}",True
8362,180750,,,bottom,,,,,{},False
8367,180767,,,bottom,,,,,{},False
8373,180772,180828,180875,top,69.9,64.29,76.6,26.19,"{8369: 13.43, 8368: 8.29, 8373: 0.0, 8370: 4.7, 8374: 7.98, 8375: 3.73, 8376: 13.95, 8377: 14.27}",True
8374,180775,180803,180829,bottom,133.33,128.57,138.46,38.04,"{8369: 3.58, 8374: 0.0, 8368: 7.79, 8370: 7.89, 8373: 7.65}",True
8375,180846,180877,180904,bottom,124.14,116.13,133.33,63.72,"{8373: 4.59, 8375: 0.0, 8376: 7.74, 8377: 7.12}",True
8376,180848,180904,180952,top,69.23,64.29,75.0,22.32,"{8373: 13.96, 8376: 0.0, 8375: 7.86, 8377: 1.92, 8378: 5.12, 8379: 0.52}",True
8377,180855,180894,180930,top,96.0,92.31,100.0,21.37,"{8373: 14.09, 8375: 7.44, 8376: 1.82, 8377: 0.0, 8378: 2.44}",True
8378,180912,180943,180970,bottom,124.14,116.13,133.33,63.72,"{8376: 6.05, 8377: 2.99, 8378: 0.0, 8379: 12.15, 8380: 15.22}",True
8379,180949,180985,181030,bottom,88.89,100.0,80.0,-44.44,"{8376: 1.07, 8378: 12.2, 8379: 0.0, 8380: 1.98, 8381: 7.58}",True
8380,180960,180991,181019,bottom,122.03,116.13,128.57,44.44,"{8378: 15.24, 8380: 0.0, 8379: 1.94, 8381: 7.51}",True
8381,180970,181004,181035,top,110.77,105.88,116.13,33.05,"{8381: 0.0, 8380: 7.9, 8379: 7.84, 8378: 0.34}",True
8396,181060,,,top,,,,,{},False
8397,181065,181098,181129,top,112.5,109.09,116.13,22.7,"{8397: 0.0, 8398: 6.44}",True
8398,181090,181119,181145,top,130.91,124.14,138.46,55.09,"{8397: 6.32, 8398: 0.0, 8399: 2.06}",True
8399,181133,181162,181187,bottom,133.33,124.14,144.0,79.45,"{8399: 0.0, 8398: 2.43}",True
8400,181192,181226,181256,top,112.5,105.88,120.0,47.06,"{8400: 0.0, 8401: 5.5}",True
8401,181214,181255,181292,bottom,92.31,87.8,97.3,25.66,"{8400: 5.82, 8401: 0.0}",True
8402,181313,181349,,bottom,,,,,{},False
8403,181332,181363,181392,top,120.0,116.13,124.14,27.62,"{8403: 0.0, 8402: 6.65}",True
8404,181391,181425,181457,bottom,109.09,105.88,112.5,20.68,"{8403: 0.53, 8404: 0.0, 8405: 6.64}",True
8405,181415,181444,181470,top,130.91,124.14,138.46,55.09,"{8405: 0.0, 8404: 7.27}",True
8406,181489,181523,181552,bottom,114.29,105.88,124.14,62.95,"{8406: 0.0, 8407: 6.81, 8411: 3.24}",True
8407,181509,181549,181584,bottom,96.0,90.0,102.86,36.73,"{8406: 6.91, 8407: 0.0, 8411: 7.52, 8417: 14.38}",True
8411,181531,181562,181590,top,122.03,116.13,128.57,44.44,"{8411: 0.0, 8407: 8.11, 8406: 3.73, 8417: 3.31}",True
8417,181569,181601,181629,bottom,120.0,112.5,128.57,57.4,"{8411: 3.62, 8417: 0.0, 8407: 14.22, 8419: 5.68}",True
8419,181595,181623,181648,top,135.85,128.57,144.0,61.71,"{8419: 0.0, 8417: 6.26, 8421: 0.56}",True
8421,181644,181677,181706,bottom,116.13,109.09,124.14,51.89,"{8419: 1.0, 8421: 0.0, 8422: 9.2, 8423: 16.05}",True
8422,181647,181678,181705,top,124.14,116.13,133.33,63.72,"{8419: 18.45, 8422: 0.0, 8421: 8.89, 8423: 0.92}",True
8423,181698,181731,181760,bottom,116.13,109.09,124.14,51.89,"{8422: 1.44, 8423: 0.0, 8421: 16.08, 8424: 3.8, 8425: 18.33}",True
8424,181737,181765,181790,top,135.85,128.57,144.0,61.71,"{8424: 0.0, 8423: 4.41, 8425: 5.17}",True
8425,181759,181791,181820,bottom,118.03,112.5,124.14,40.13,"{8425: 0.0, 8424: 5.26, 8423: 18.23, 8426: 3.66}",True
8426,181797,181828,181856,top,122.03,116.13,128.57,44.44,"{8426: 0.0, 8425: 4.3, 8427: 12.08, 8428: 11.99, 8429: 1.6}",True
8428,181835,181865,181892,top,126.32,120.0,133.33,49.38,"{8426: 11.97, 8427: 0.01, 8428: 0.0, 8429: 7.25}",True
8427,181835,,,top,,,,,{},False
8429,181844,181881,181914,bottom,102.86,97.3,109.09,35.74,"{8426: 2.02, 8429: 0.0, 8428: 7.29}",True
8436,181933,181970,182002,bottom,104.35,97.3,112.5,47.51,"{8436: 0.0, 8437: 3.14, 8438: 2.63}",True
8437,181981,182013,182040,top,122.03,112.5,133.33,77.16,"{8437: 0.0, 8436: 3.61, 8438: 1.72}",True
8438,181984,182019,182050,top,109.09,102.86,116.13,42.81,"{8437: 1.77, 8438: 0.0, 8436: 3.01, 8439: 16.52}",True
8439,182043,182074,182103,top,120.0,116.13,124.14,27.62,"{8438: 16.47, 8439: 0.0}",True
8440,182141,182173,182201,bottom,120.0,112.5,128.57,57.4,"{8440: 0.0, 8441: 5.75, 8442: 3.06, 8443: 14.33}",True
8441,182167,182194,182219,top,138.46,133.33,144.0,42.67,"{8441: 0.0, 8440: 6.19, 8442: 6.03, 8443: 5.24}",True
8442,182182,182212,182239,top,126.32,120.0,133.33,49.38,"{8442: 0.0, 8441: 6.07, 8440: 3.41, 8443: 7.67, 8444: 0.3}",True
8443,182186,182225,182260,bottom,97.3,92.31,102.86,30.14,"{8442: 7.87, 8443: 0.0, 8441: 5.23, 8440: 14.45, 8444: 12.43}",True
8444,182236,182274,182307,bottom,101.41,94.74,109.09,43.5,"{8442: 0.61, 8444: 0.0, 8443: 12.42}",True
8445,182364,182402,182435,bottom,101.41,94.74,109.09,43.5,"{8445: 0.0, 8446: 8.92, 8447: 0.76}",True
8446,182371,182403,182431,top,120.0,112.5,128.57,57.4,"{8445: 8.47, 8446: 0.0}",True
8447,182432,182468,182499,top,107.46,100.0,116.13,52.03,"{8446: 19.05, 8447: 0.0, 8445: 0.89, 8448: 7.63}",True
8448,182444,182480,182512,bottom,105.88,100.0,112.5,39.06,"{8448: 0.0, 8447: 7.9}",True
8449,182539,182575,182608,bottom,104.35,100.0,109.09,27.55,{8449: 0.0},True
8450,182609,182643,182674,top,110.77,105.88,116.13,33.05,"{8450: 0.0, 8449: 0.56}",True
8451,182680,182716,182747,top,107.46,100.0,116.13,52.03,"{8451: 0.0, 8457: 8.35}",True
8457,182711,182744,182774,top,114.29,109.09,120.0,36.36,"{8457: 0.0, 8451: 8.3, 8464: 7.91, 8465: 13.07, 8466: 14.97}",True
8464,182747,,,bottom,,,,,{},False
8465,182754,182787,182817,top,114.29,109.09,120.0,36.36,"{8457: 13.06, 8465: 0.0, 8466: 2.76}",True
8466,182760,182798,182832,top,100.0,94.74,105.88,32.78,"{8457: 15.03, 8465: 2.82, 8466: 0.0, 8467: 14.43, 8468: 17.09}",True
8467,182817,182848,182876,top,122.03,116.13,128.57,44.44,"{8465: 18.72, 8466: 14.35, 8467: 0.0, 8468: 3.9}",True
8468,182824,182862,182895,top,101.41,94.74,109.09,43.5,"{8466: 17.05, 8468: 0.0, 8467: 3.94, 8469: 15.66}",True
8469,182884,182915,182942,top,124.14,116.13,133.33,63.72,"{8468: 15.58, 8469: 0.0, 8470: 0.42}",True
8470,182939,182970,,bottom,,,,,{},False
8471,182952,182984,183011,top,122.03,112.5,133.33,77.16,"{8471: 0.0, 8470: 6.28, 8472: 3.39, 8473: 14.37, 8474: 15.37}",True
8472,182987,,183058,bottom,101.41,,,,{},True
8473,182998,183029,183057,top,122.03,116.13,128.57,44.44,"{8471: 14.37, 8472: 9.06, 8473: 0.0, 8474: 1.2, 8477: 18.1}",True
8474,183001,183033,183061,top,120.0,112.5,128.57,57.4,"{8471: 15.39, 8474: 0.0, 8472: 8.9, 8473: 1.22, 8477: 16.71}",True
8477,183055,183084,183111,top,128.57,124.14,133.33,34.06,"{8474: 16.63, 8477: 0.0, 8473: 18.08, 8472: 1.07, 8478: 2.11}",True
8478,183097,183128,183156,bottom,122.03,116.13,128.57,44.44,"{8477: 2.45, 8478: 0.0, 8479: 13.77}",True
8479,183140,183176,183207,bottom,107.46,100.0,116.13,52.03,"{8478: 13.85, 8479: 0.0, 8481: 6.87}",True
8481,183161,183195,183224,top,114.29,105.88,124.14,62.95,"{8481: 0.0, 8479: 7.35}",True
8485,183324,183356,183384,bottom,120.0,112.5,128.57,57.4,{8485: 0.0},True
8489,183483,183519,183550,bottom,107.46,100.0,116.13,52.03,"{8489: 0.0, 8490: 16.12}",True
8490,183542,183582,183615,bottom,98.63,90.0,109.09,57.85,"{8489: 16.17, 8490: 0.0, 8491: 1.01, 8492: 7.57, 8496: 13.55}",True
8491,183550,183581,183608,bottom,124.14,116.13,133.33,63.72,"{8491: 0.0, 8489: 18.2, 8490: 0.92, 8492: 7.07, 8496: 14.91}",True
8492,183561,183594,183624,top,114.29,109.09,120.0,36.36,"{8491: 7.73, 8490: 8.29, 8492: 0.0, 8496: 3.91}",True
8496,183595,183636,183672,bottom,93.51,87.8,100.0,33.88,"{8496: 0.0, 8491: 15.13, 8490: 13.6, 8492: 4.08}",True
8497,183681,183713,183741,bottom,120.0,112.5,128.57,57.4,"{8497: 0.0, 8498: 13.1, 8499: 2.56, 8500: 16.63}",True
8498,183720,183765,183804,bottom,85.71,80.0,92.31,31.56,"{8498: 0.0, 8497: 13.28, 8499: 8.1, 8500: 1.54, 8501: 10.4}",True
8499,183724,183754,183780,top,128.57,120.0,138.46,71.01,"{8498: 7.81, 8497: 3.31, 8499: 0.0, 8500: 7.31, 8501: 0.8}",True
8500,183735,183766,183793,bottom,124.14,116.13,133.33,63.72,"{8500: 0.0, 8497: 16.62, 8498: 1.46, 8499: 7.63, 8501: 12.37}",True
8501,183774,183805,183833,bottom,122.03,116.13,128.57,44.44,"{8499: 1.42, 8500: 12.39, 8501: 0.0, 8498: 10.17}",True
8513,183866,183896,183922,bottom,128.57,120.0,138.46,71.01,"{8513: 0.0, 8514: 8.71, 8515: 11.26}",True
8514,183886,183931,183969,bottom,86.75,80.0,94.74,38.78,"{8514: 0.0, 8513: 8.94, 8515: 1.45, 8518: 5.52}",True
8515,183900,183931,183959,bottom,122.03,116.13,128.57,44.44,"{8515: 0.0, 8514: 1.37, 8513: 11.33, 8518: 4.47}",True
8518,183932,183961,183986,top,133.33,124.14,144.0,79.45,"{8514: 6.39, 8518: 0.0, 8515: 4.85}",True
8521,183986,184016,184042,bottom,128.57,120.0,138.46,71.01,"{8518: 0.64, 8521: 0.0}",True
8522,184178,184207,184233,top,130.91,124.14,138.46,55.09,"{8522: 0.0, 8528: 12.24, 8530: 0.68}",True
8528,184213,184243,184270,top,126.32,120.0,133.33,49.38,"{8528: 0.0, 8522: 12.25, 8530: 6.47, 8532: 2.15}",True
8530,184228,184264,184296,bottom,105.88,100.0,112.5,39.06,"{8528: 6.63, 8530: 0.0, 8522: 0.91, 8532: 6.74}",True
8532,184257,184287,184315,bottom,124.14,120.0,128.57,30.61,"{8532: 0.0, 8528: 2.52, 8530: 6.66}",True
8538,184347,184379,184408,top,118.03,112.5,124.14,40.13,{8538: 0.0},True
8543,184412,,,bottom,,,,,{},False
8547,184423,184447,184469,top,156.52,150.0,163.64,61.98,{8547: 0.0},True
8548,184468,184501,184530,top,116.13,109.09,124.14,51.89,"{8547: 18.51, 8548: 0.0, 8549: 14.86}",True
8549,184517,184550,184578,top,118.03,109.09,128.57,69.57,"{8548: 14.86, 8549: 0.0, 8551: 6.0}",True
8551,184540,184570,184598,bottom,124.14,120.0,128.57,30.61,"{8551: 0.0, 8549: 6.36, 8552: 14.77, 8553: 1.33}",True
8552,184586,,,bottom,,,,,{},False
8553,184590,184617,184641,top,141.18,133.33,150.0,69.44,"{8553: 0.0, 8551: 1.65, 8554: 7.12, 8557: 14.51}",True
8554,184599,184629,184656,bottom,126.32,120.0,133.33,49.38,"{8553: 7.45, 8554: 0.0, 8557: 4.48, 8558: 16.2}",True
8557,184628,184658,184685,top,126.32,120.0,133.33,49.38,"{8553: 14.54, 8554: 4.98, 8557: 0.0, 8558: 5.82, 8559: 3.48, 8556: 17.36}",True
8558,184649,184679,184706,bottom,126.32,120.0,133.33,49.38,"{8558: 0.0, 8554: 16.22, 8557: 6.15, 8559: 6.66, 8556: 8.98, 8560: 16.84}",True
8559,184660,184710,184753,bottom,77.42,72.0,83.72,27.26,"{8557: 3.65, 8559: 0.0, 8558: 6.85, 8556: 15.27, 8560: 5.64, 8561: 9.53, 8562: 4.21, 8563: 15.72, 8565: 1.38}",True
8556,184678,,,top,,,,,{},False
8560,184701,184732,,bottom,,,,,{},False
8561,184707,184757,184800,bottom,77.42,72.0,83.72,27.26,"{8561: 0.0, 8560: 4.48, 8559: 9.52, 8558: 19.3, 8562: 7.51, 8563: 4.51, 8565: 7.4, 8566: 8.2, 8567: 14.79, 8568: 16.8}",True
8562,184721,184750,184776,top,130.91,124.14,138.46,55.09,"{8561: 7.39, 8562: 0.0, 8559: 5.57, 8560: 5.27, 8563: 5.65, 8565: 8.54, 8566: 14.04}",True
8563,184740,184776,184806,bottom,109.09,100.0,120.0,66.67,"{8563: 0.0, 8561: 4.15, 8562: 5.69, 8560: 12.57, 8559: 15.16, 8565: 9.27, 8566: 12.95, 8567: 11.96, 8568: 14.64}",True
8565,184744,184777,184805,top,118.03,109.09,128.57,69.57,"{8565: 0.0, 8563: 8.96, 8561: 8.29, 8562: 8.58, 8560: 3.9, 8559: 2.41, 8566: 5.38, 8567: 4.18, 8568: 1.74}",True
8566,184760,,,top,,,,,{},False
8567,184776,184830,184874,bottom,73.47,66.67,81.82,34.44,"{8567: 0.0, 8562: 0.19, 8565: 4.12, 8563: 12.19, 8561: 14.68, 8568: 1.76, 8569: 7.73, 8572: 9.53, 8573: 15.66}",True
8568,184793,184826,184856,bottom,114.29,109.09,120.0,36.36,"{8565: 2.35, 8567: 1.64, 8568: 0.0, 8561: 16.32, 8563: 14.59, 8569: 6.72, 8572: 13.38}",True
8569,184809,184845,184877,top,105.88,100.0,112.5,39.06,"{8569: 0.0, 8567: 8.18, 8568: 7.11, 8572: 5.4, 8573: 2.27}",True
8572,184839,184870,184897,bottom,124.14,116.13,133.33,63.72,"{8572: 0.0, 8569: 5.92, 8567: 9.11, 8568: 13.29, 8573: 8.74}",True
8573,184858,184912,184958,bottom,72.0,66.67,78.26,25.2,"{8567: 15.67, 8569: 2.45, 8572: 9.01, 8573: 0.0, 8568: 19.58, 8583: 11.87}",True
8583,184928,184966,184999,bottom,101.41,94.74,109.09,43.5,"{8583: 0.0, 8573: 11.65, 8586: 17.94}",True
8586,184997,185042,185081,bottom,85.71,80.0,92.31,31.56,"{8586: 0.0, 8583: 18.2, 8588: 7.25, 8589: 16.74}",True
8588,185023,185060,185091,top,105.88,97.3,116.13,60.75,"{8586: 7.89, 8588: 0.0, 8589: 2.41}",True
8589,185072,185115,185153,bottom,88.89,83.72,94.74,28.99,"{8588: 2.7, 8589: 0.0, 8586: 16.68, 8590: 2.87}",True
8590,185133,185162,185188,top,130.91,124.14,138.46,55.09,"{8590: 0.0, 8589: 3.73, 8592: 7.08, 8594: 2.05}",True
8592,185153,185183,185210,top,126.32,120.0,133.33,49.38,"{8590: 7.09, 8589: 0.79, 8592: 0.0, 8594: 5.0}",True
8594,185174,,185254,bottom,90.0,,,,{},True
8603,185237,185280,185315,top,92.31,83.72,102.86,54.67,"{8603: 0.0, 8594: 2.45, 8604: 0.84, 8607: 16.84, 8608: 17.62}",True
8604,185244,185278,185307,top,114.29,105.88,124.14,62.95,"{8603: 0.79, 8604: 0.0, 8594: 1.95, 8607: 18.49}",True
8607,185306,185348,185385,top,91.14,85.71,97.3,31.31,"{8603: 16.87, 8607: 0.0, 8604: 18.67, 8608: 0.62, 8616: 10.78}",True
8608,185311,185349,185381,top,102.86,94.74,112.5,55.51,"{8603: 17.56, 8607: 0.6, 8608: 0.0, 8616: 11.48}",True
8616,185341,,,bottom,,,,,{},False
8617,185446,185478,185507,top,118.03,112.5,124.14,40.13,"{8617: 0.0, 8620: 5.35, 8622: 2.7, 8623: 1.06}",True
8620,185464,,185520,bottom,128.57,,,,{},True
8622,185486,185527,185561,bottom,96.0,87.8,105.88,53.17,"{8617: 2.7, 8622: 0.0, 8620: 8.88, 8623: 3.21, 8626: 3.3, 8625: 1.4}",True
8623,185500,,,bottom,,,,,{},False
8626,185538,185569,185598,top,120.0,116.13,124.14,27.62,"{8626: 0.0, 8622: 4.04, 8625: 5.88, 8627: 4.32}",True
8625,185556,,,top,,,,,{},False
8627,185568,185608,185643,bottom,96.0,90.0,102.86,36.73,"{8627: 0.0, 8626: 4.35, 8628: 4.11, 8629: 18.15}",True
8628,185612,185646,185677,top,110.77,105.88,116.13,33.05,"{8627: 4.88, 8628: 0.0, 8629: 5.0}",True
8629,185641,185679,185713,bottom,100.0,94.74,105.88,32.78,"{8629: 0.0, 8627: 18.06, 8628: 5.21}",True
8630,185746,185782,185814,bottom,105.88,100.0,112.5,39.06,{8630: 0.0},True
8631,185908,185943,185974,bottom,109.09,102.86,116.13,42.81,"{8631: 0.0, 8632: 6.75}",True
8632,185929,185960,185987,top,124.14,116.13,133.33,63.72,"{8632: 0.0, 8631: 7.45, 8633: 17.31}",True
8633,185982,186014,186043,top,118.03,112.5,124.14,40.13,"{8633: 0.0, 8632: 17.31, 8634: 16.52}",True
8634,186036,186068,186096,top,120.0,112.5,128.57,57.4,"{8633: 16.51, 8634: 0.0}",True
8635,186128,186155,186180,bottom,138.46,133.33,144.0,42.67,{8635: 0.0},True
8642,186180,186219,186252,top,100.0,92.31,109.09,50.86,"{8642: 0.0, 8635: 0.25}",True
8643,186275,186313,186346,bottom,101.41,94.74,109.09,43.5,"{8643: 0.0, 8644: 6.01, 8645: 4.01}",True
8644,186300,186334,186364,bottom,112.5,105.88,120.0,47.06,"{8644: 0.0, 8643: 5.95, 8645: 6.64}",True
8645,186317,186353,186385,top,105.88,100.0,112.5,39.06,"{8644: 7.31, 8645: 0.0, 8643: 4.44}",True
8646,186399,186434,186465,top,109.09,102.86,116.13,42.81,{8646: 0.0},True
8647,186472,186508,186540,top,105.88,100.0,112.5,39.06,"{8647: 0.0, 8648: 10.06}",True
8648,186510,186543,186573,top,114.29,109.09,120.0,36.36,"{8647: 10.03, 8648: 0.0}",True
8649,186580,186617,186649,bottom,104.35,97.3,112.5,47.51,"{8649: 0.0, 8650: 2.05}",True
8650,186635,,,top,,,,,{},False
8651,186700,,,bottom,,,,,{},False
8652,186746,186785,186818,bottom,100.0,92.31,109.09,50.86,"{8652: 0.0, 8653: 8.0, 8654: 6.01}",True
8653,186775,186796,186816,top,175.61,171.43,180.0,42.86,"{8652: 7.49, 8653: 0.0, 8654: 3.79}",True
8654,186780,186806,186830,top,144.0,138.46,150.0,48.08,"{8653: 3.87, 8652: 7.09, 8654: 0.0}",True
8655,186931,186962,186990,top,122.03,116.13,128.57,44.44,"{8655: 0.0, 8656: 16.79}",True
8656,186984,187014,187042,top,124.14,120.0,128.57,30.61,"{8655: 16.79, 8656: 0.0}",True
8665,187072,187103,187131,bottom,122.03,116.13,128.57,44.44,"{8665: 0.0, 8666: 7.27, 8667: 1.34}",True
8666,187090,187132,187168,bottom,92.31,85.71,100.0,39.68,"{8666: 0.0, 8665: 7.46, 8667: 6.05, 8668: 18.2}",True
8667,187124,187156,187184,top,120.0,112.5,128.57,57.4,"{8667: 0.0, 8666: 6.92, 8665: 1.69, 8668: 2.66}",True
8668,187166,187206,187241,bottom,96.0,90.0,102.86,36.73,"{8667: 2.79, 8668: 0.0, 8666: 18.16, 8669: 2.38}",True
8669,187227,187251,187273,top,156.52,150.0,163.64,61.98,"{8669: 0.0, 8668: 3.25, 8670: 10.57}",True
8670,187250,187281,187308,top,124.14,116.13,133.33,63.72,"{8670: 0.0, 8669: 10.65}",True
8672,187317,187354,187386,bottom,104.35,97.3,112.5,47.51,"{8672: 0.0, 8673: 8.76}",True
8673,187329,187357,187384,top,130.91,128.57,133.33,17.64,"{8673: 0.0, 8672: 8.28}",True
8674,187389,187418,187444,top,130.91,124.14,138.46,55.09,"{8672: 0.7, 8674: 0.0}",True
8675,187493,187524,187551,top,124.14,116.13,133.33,63.72,"{8675: 0.0, 8676: 7.03, 8678: 2.08}",True
8676,187505,187541,187572,bottom,107.46,100.0,116.13,52.03,"{8676: 0.0, 8675: 7.23, 8678: 9.27}",True
8678,187536,187579,187616,bottom,90.0,83.72,97.3,36.69,"{8675: 2.37, 8678: 0.0, 8676: 9.42, 8679: 18.0}",True
8679,187614,187648,187677,bottom,114.29,105.88,124.14,62.95,"{8679: 0.0, 8678: 17.8, 8680: 5.05, 8682: 4.82, 8687: 16.88}",True
8680,187627,187667,187702,bottom,96.0,90.0,102.86,36.73,"{8679: 5.13, 8680: 0.0, 8682: 8.09, 8687: 10.32}",True
8682,187646,187677,187704,top,124.14,116.13,133.33,63.72,"{8682: 0.0, 8679: 5.35, 8680: 8.33, 8687: 4.84}",True
8687,187671,187706,187737,bottom,109.09,102.86,116.13,42.81,"{8682: 5.1, 8687: 0.0, 8679: 16.92, 8680: 10.23, 8693: 4.6, 8694: 2.95, 8695: 17.11}",True
8693,187707,187737,187765,top,124.14,120.0,128.57,30.61,"{8693: 0.0, 8687: 5.16, 8694: 2.83, 8695: 4.84}",True
8694,187717,187746,187773,top,128.57,124.14,133.33,34.06,"{8687: 3.74, 8693: 2.82, 8694: 0.0, 8695: 6.26}",True
8695,187731,187772,187808,bottom,93.51,87.8,100.0,33.88,"{8693: 5.04, 8695: 0.0, 8694: 6.24, 8687: 17.28, 8697: 2.63, 8698: 17.8}",True
8697,187789,187823,187853,top,112.5,105.88,120.0,47.06,"{8697: 0.0, 8695: 3.12, 8698: 7.32, 8699: 17.8}",True
8698,187805,187836,187864,bottom,122.03,116.13,128.57,44.44,"{8698: 0.0, 8697: 7.69, 8695: 17.59, 8699: 2.01, 8701: 16.38, 8702: 0.52}",True
8699,187850,187881,187909,top,122.03,116.13,128.57,44.44,"{8697: 17.79, 8699: 0.0, 8698: 2.55, 8701: 7.74, 8702: 4.57, 8703: 8.63, 8704: 3.89, 8706: 16.74}",True
8701,187855,187897,187933,bottom,92.31,85.71,100.0,39.68,"{8701: 0.0, 8699: 7.84, 8698: 16.53, 8702: 8.7, 8703: 7.74, 8704: 5.89, 8706: 4.11}",True
8702,187863,187896,187926,top,114.29,109.09,120.0,36.36,"{8701: 8.3, 8699: 4.6, 8702: 0.0, 8698: 0.7, 8703: 3.75, 8704: 5.99, 8706: 11.94}",True
8703,187877,187908,187936,top,122.03,116.13,128.57,44.44,"{8699: 8.62, 8701: 8.25, 8702: 3.72, 8703: 0.0, 8704: 7.88, 8706: 8.58}",True
8704,187881,187921,187956,bottom,96.0,90.0,102.86,36.73,"{8699: 4.21, 8702: 6.33, 8701: 5.89, 8704: 0.0, 8703: 8.01, 8706: 7.2, 8708: 1.08}",True
8706,187902,187937,187968,top,109.09,102.86,116.13,42.81,"{8699: 16.81, 8703: 8.62, 8702: 11.95, 8706: 0.0, 8704: 7.98, 8701: 4.73, 8708: 13.15, 8709: 1.15}",True
8708,187949,187982,188011,top,116.13,109.09,124.14,51.89,"{8706: 13.12, 8708: 0.0, 8704: 1.85, 8709: 6.97, 8710: 5.17, 8711: 8.92, 8712: 14.34}",True
8709,187959,188001,188037,bottom,92.31,85.71,100.0,39.68,"{8706: 1.44, 8709: 0.0, 8708: 7.27, 8704: 19.05, 8710: 1.83, 8711: 8.08, 8712: 5.43, 8713: 2.62}",True
8710,187975,188008,188037,bottom,116.13,109.09,124.14,51.89,"{8708: 5.62, 8710: 0.0, 8709: 1.8, 8711: 8.77, 8712: 6.14, 8713: 2.71}",True
8711,187980,188010,188038,top,124.14,120.0,128.57,30.61,"{8708: 8.87, 8710: 8.93, 8711: 0.0, 8709: 8.15, 8712: 6.14, 8713: 12.7}",True
8712,187996,188031,188061,top,110.77,102.86,120.0,57.14,"{8708: 14.36, 8712: 0.0, 8711: 6.19, 8710: 6.54, 8709: 6.07, 8713: 5.63, 8714: 3.03}",True
8713,188019,188049,188076,top,126.32,120.0,133.33,49.38,"{8712: 5.57, 8711: 12.68, 8713: 0.0, 8710: 3.45, 8709: 3.41, 8714: 5.58, 8715: 16.55}",True
8714,188037,188082,188122,bottom,84.71,80.0,90.0,25.0,"{8711: 0.4, 8712: 3.29, 8714: 0.0, 8713: 5.62, 8709: 18.44, 8710: 18.79, 8715: 6.6}",True
8715,188068,188106,188139,top,101.41,94.74,109.09,43.5,"{8713: 16.65, 8715: 0.0, 8714: 7.2, 8716: 17.03, 8717: 0.47}",True
8716,188133,188170,188202,top,104.35,97.3,112.5,47.51,"{8715: 16.99, 8716: 0.0, 8717: 8.94, 8718: 6.07, 8719: 8.75, 8720: 11.94}",True
8717,188135,188172,188205,bottom,102.86,97.3,109.09,35.74,"{8715: 1.02, 8717: 0.0, 8716: 9.19, 8718: 5.7, 8719: 5.43, 8720: 3.74}",True
8718,188155,188195,188230,bottom,96.0,90.0,102.86,36.73,"{8718: 0.0, 8716: 6.41, 8717: 5.75, 8719: 8.14, 8720: 7.1, 8721: 16.45}",True
8719,188164,188204,188239,top,96.0,90.0,102.86,36.73,"{8716: 8.78, 8719: 0.0, 8718: 8.65, 8717: 5.9, 8720: 1.8, 8721: 2.09}",True
8720,188180,188210,188238,top,124.14,120.0,128.57,30.61,"{8716: 11.83, 8719: 1.83, 8720: 0.0, 8718: 7.83, 8717: 4.51, 8721: 2.32}",True
8721,188221,188261,188296,bottom,96.0,90.0,102.86,36.73,"{8719: 2.47, 8720: 2.65, 8721: 0.0, 8718: 16.47, 8722: 7.31}",True
8722,188249,188291,188326,bottom,93.51,85.71,102.86,48.98,"{8722: 0.0, 8721: 7.33}",True
8723,188344,188375,188402,top,124.14,116.13,133.33,63.72,"{8723: 0.0, 8724: 15.56}",True
8724,188392,188425,188455,top,114.29,109.09,120.0,36.36,"{8723: 15.58, 8724: 0.0, 8725: 4.7, 8726: 14.81}",True
8725,188420,188460,188495,bottom,96.0,90.0,102.86,36.73,"{8724: 5.05, 8725: 0.0, 8726: 7.32, 8727: 3.82}",True
8726,188442,188474,188503,top,118.03,112.5,124.14,40.13,"{8724: 14.78, 8725: 8.18, 8726: 0.0, 8727: 7.97, 8728: 18.19}",True
8727,188469,188498,188525,top,128.57,124.14,133.33,34.06,"{8726: 7.91, 8725: 4.79, 8727: 0.0, 8728: 11.13, 8729: 10.94, 8730: 14.18}",True
8728,188501,188533,188561,top,120.0,112.5,128.57,57.4,"{8726: 18.2, 8727: 11.14, 8728: 0.0, 8729: 0.02, 8730: 2.75, 8734: 12.71, 8735: 15.9}",True
8729,188503,,,top,,,,,{},False
8730,188511,188541,188569,top,124.14,120.0,128.57,30.61,"{8727: 14.18, 8730: 0.0, 8728: 2.74, 8734: 10.12, 8735: 13.34}",True
8734,188541,188573,188603,top,116.13,112.5,120.0,25.0,"{8730: 10.13, 8734: 0.0, 8728: 12.71, 8735: 3.29}",True
8735,188551,188585,188614,top,114.29,105.88,124.14,62.95,"{8734: 3.29, 8730: 13.37, 8735: 0.0, 8728: 15.92}",True
8738,188618,188654,188686,top,105.88,100.0,112.5,39.06,{8738: 0.0},True
8739,188696,188726,188754,top,124.14,120.0,128.57,30.61,{8739: 0.0},True
8740,188759,188800,188837,bottom,92.31,87.8,97.3,25.66,{8740: 0.0},True
8742,188854,188883,188910,top,128.57,124.14,133.33,34.06,"{8742: 0.0, 8743: 12.15}",True
8743,188890,188920,188948,top,124.14,120.0,128.57,30.61,"{8742: 12.13, 8743: 0.0, 8744: 2.88}",True
8744,188927,188969,189005,bottom,92.31,85.71,100.0,39.68,"{8743: 3.17, 8744: 0.0, 8745: 6.86}",True
8745,188952,188989,189021,top,104.35,97.3,112.5,47.51,"{8745: 0.0, 8744: 7.45, 8746: 1.05, 8747: 16.97}",True
8746,189012,189052,189087,bottom,96.0,90.0,102.86,36.73,"{8745: 1.48, 8747: 9.48, 8746: 0.0, 8748: 3.2}",True
8747,189013,189052,189085,top,100.0,92.31,109.09,50.86,"{8745: 16.99, 8747: 0.0, 8746: 9.1, 8748: 12.85}",True
8748,189063,189099,189131,top,105.88,100.0,112.5,39.06,"{8747: 12.83, 8748: 0.0, 8746: 3.65, 8749: 16.66}",True
8749,189123,189159,189190,top,107.46,100.0,116.13,52.03,"{8748: 16.63, 8749: 0.0, 8751: 16.51}",True
8751,189182,189212,189239,top,126.32,120.0,133.33,49.38,"{8749: 16.41, 8751: 0.0, 8752: 4.45}",True
8752,189195,189225,189252,top,126.32,120.0,133.33,49.38,"{8752: 0.0, 8751: 4.46}",True
8753,189484,189516,189544,bottom,120.0,112.5,128.57,57.4,"{8753: 0.0, 8755: 2.69}",True
8755,189527,189561,189591,top,112.5,105.88,120.0,47.06,"{8755: 0.0, 8753: 3.08}",True
8764,189593,,,bottom,,,,,{},False
8765,189644,189676,189705,bottom,118.03,112.5,124.14,40.13,"{8765: 0.0, 8766: 11.16, 8767: 10.31, 8769: 2.13}",True
8766,189676,189719,189755,bottom,91.14,83.72,100.0,45.22,"{8765: 11.3, 8766: 0.0, 8767: 0.0, 8769: 8.68}",True
8767,189677,,,bottom,,,,,{},False
8769,189690,189722,189751,top,118.03,112.5,124.14,40.13,"{8769: 0.0, 8765: 2.8, 8766: 8.37}",True
8780,189756,189793,189825,bottom,104.35,97.3,112.5,47.51,"{8780: 0.0, 8766: 18.67, 8782: 7.14}",True
8782,189773,189809,189841,top,105.88,100.0,112.5,39.06,"{8782: 0.0, 8780: 7.71}",True
8783,189861,189891,189917,bottom,128.57,120.0,138.46,71.01,{8783: 0.0},True
8785,189947,189976,190003,bottom,128.57,124.14,133.33,34.06,"{8785: 0.0, 8788: 3.77, 8791: 10.34, 8792: 4.95}",True
8788,189956,,,bottom,,,,,{},False
8791,189972,190018,,bottom,,,,,{},False
8792,189973,190004,190031,top,124.14,116.13,133.33,63.72,"{8792: 0.0, 8785: 5.22, 8791: 8.23}",True
8799,190038,190102,190143,bottom,68.57,56.25,87.8,76.96,"{8799: 0.0, 8787: 18.56, 8798: 16.92, 8811: 5.84, 8812: 9.76, 8810: 4.32}",True
8787,190039,,,top,,,,,{},False
8798,190061,,,top,,,,,{},False
8811,190105,190135,190162,top,126.32,120.0,133.33,49.38,"{8811: 0.0, 8799: 6.97, 8812: 8.56, 8810: 6.92}",True
8812,190110,190141,190168,bottom,124.14,116.13,133.33,63.72,"{8812: 0.0, 8811: 8.7, 8799: 9.19, 8810: 14.01}",True
8810,190124,,,top,,,,,{},False
8814,190171,190203,190230,top,122.03,112.5,133.33,77.16,"{8815: 8.87, 8814: 0.0, 8816: 8.01, 8819: 0.2}",True
8815,190172,190206,190236,bottom,112.5,105.88,120.0,47.06,"{8814: 9.12, 8816: 2.18, 8815: 0.0, 8819: 15.98}",True
8816,190173,190215,190252,bottom,91.14,85.71,97.3,31.31,"{8814: 8.28, 8816: 0.0, 8815: 2.31, 8819: 11.79, 8820: 1.99}",True
8819,190228,190260,190289,bottom,118.03,112.5,124.14,40.13,"{8814: 0.8, 8819: 0.0, 8816: 11.6, 8815: 15.94, 8820: 7.71}",True
8820,190237,190272,190303,top,109.09,102.86,116.13,42.81,"{8820: 0.0, 8816: 2.77, 8819: 7.97, 8815: 0.94}",True
8830,190348,190381,,bottom,,,,,{},False
8831,190360,190392,190421,bottom,118.03,112.5,124.14,40.13,"{8831: 0.0, 8830: 3.25, 8837: 1.58, 8838: 18.05}",True
8837,190412,190446,190476,top,112.5,105.88,120.0,47.06,"{8837: 0.0, 8831: 1.87, 8838: 8.45}",True
8838,190419,190454,190480,bottom,118.03,102.86,138.46,136.94,"{8837: 8.92, 8831: 19.07, 8838: 0.0}",True
8839,190488,,,top,,,,,{},False
8844,190490,190531,190567,bottom,93.51,87.8,100.0,33.88,"{8844: 0.0, 8839: 19.19}",True
8845,190658,190692,190722,top,112.5,105.88,120.0,47.06,"{8845: 0.0, 8848: 6.18}",True
8848,190678,190715,190748,bottom,102.86,97.3,109.09,35.74,"{8848: 0.0, 8845: 6.42}",True
8852,190830,190874,190912,bottom,87.8,81.82,94.74,34.0,{8852: 0.0},True
8854,190981,191014,191044,top,114.29,109.09,120.0,36.36,"{8854: 0.0, 8855: 9.99}",True
8855,191018,191045,191070,top,138.46,133.33,144.0,42.67,"{8854: 9.88, 8855: 0.0}",True
8856,191119,191166,191207,bottom,81.82,76.6,87.8,27.34,{8856: 0.0},True
8858,191210,191238,191264,top,133.33,128.57,138.46,38.04,"{8858: 0.0, 8856: 0.83, 8859: 4.45}",True
8859,191219,191253,191282,top,114.29,105.88,124.14,62.95,"{8858: 4.52, 8859: 0.0}",True
8860,191293,191335,191371,bottom,92.31,85.71,100.0,39.68,"{8860: 0.0, 8861: 2.64}",True
8861,191351,191386,191417,top,109.09,102.86,116.13,42.81,"{8861: 0.0, 8860: 3.28, 8862: 7.16, 8863: 7.03, 8864: 4.47, 8865: 17.31}",True
8862,191375,191412,191444,top,104.35,97.3,112.5,47.51,"{8861: 7.18, 8862: 0.0, 8864: 8.01, 8863: 1.64, 8865: 9.86, 8866: 16.64, 8867: 18.04}",True
8863,191382,191407,191430,top,150.0,144.0,156.52,54.44,"{8861: 6.87, 8864: 8.11, 8862: 1.55, 8863: 0.0, 8865: 12.54}",True
8864,191383,191423,191457,bottom,97.3,90.0,105.88,46.71,"{8864: 0.0, 8861: 4.81, 8862: 8.22, 8863: 8.03, 8865: 6.13, 8866: 3.16, 8867: 2.23}",True
8865,191411,191447,191479,top,105.88,100.0,112.5,39.06,"{8861: 17.34, 8862: 9.85, 8865: 0.0, 8863: 12.7, 8864: 6.7, 8866: 5.27, 8867: 8.25}",True
8866,191437,191464,191488,top,141.18,133.33,150.0,69.44,"{8862: 16.49, 8865: 5.12, 8866: 0.0, 8864: 4.01, 8867: 3.58, 8868: 0.85}",True
8867,191441,191477,191510,top,104.35,100.0,109.09,27.55,"{8862: 18.01, 8865: 8.24, 8866: 3.72, 8867: 0.0, 8864: 2.74, 8868: 3.38}",True
8868,191483,191523,,bottom,,,,,{},False
8869,191514,191549,191581,top,107.46,102.86,112.5,30.13,"{8868: 5.69, 8869: 0.0, 8870: 8.8}",True
8870,191516,191544,191568,bottom,138.46,128.57,150.0,89.29,"{8868: 5.81, 8870: 0.0, 8869: 8.23}",True
8872,191774,191806,191834,top,120.0,112.5,128.57,57.4,{8872: 0.0},True
8876,191845,191877,191904,bottom,122.03,112.5,133.33,77.16,"{8876: 0.0, 8877: 8.78, 8879: 0.58}",True
8877,191848,191879,191906,top,124.14,116.13,133.33,63.72,"{8876: 9.1, 8877: 0.0, 8879: 16.83}",True
8879,191901,191928,191954,top,135.85,133.33,138.46,19.72,"{8877: 16.81, 8879: 0.0, 8876: 1.37, 8880: 2.0}",True
8880,191942,191967,191991,bottom,146.94,144.0,150.0,25.0,"{8879: 2.47, 8880: 0.0}",True
8881,192070,192100,192127,bottom,126.32,120.0,133.33,49.38,"{8881: 0.0, 8882: 8.71, 8884: 1.97}",True
8882,192072,192103,192130,top,124.14,116.13,133.33,63.72,"{8881: 9.19, 8882: 0.0, 8884: 14.32}",True
8884,192116,192147,192174,top,124.14,116.13,133.33,63.72,"{8882: 14.32, 8884: 0.0, 8881: 2.34, 8885: 13.82}",True
8885,192158,192190,192218,top,120.0,112.5,128.57,57.4,"{8884: 13.84, 8885: 0.0}",True
8886,192269,192309,192343,bottom,97.3,90.0,105.88,46.71,"{8886: 0.0, 8887: 6.25}",True
8887,192298,192330,192358,top,120.0,112.5,128.57,57.4,"{8886: 7.09, 8887: 0.0}",True
8889,192363,192409,192448,bottom,84.71,78.26,92.31,36.02,"{8889: 0.0, 8890: 15.52, 8888: 13.32, 8891: 1.07}",True
8890,192363,,,top,,,,,{},False
8888,192424,,,bottom,,,,,{},False
8891,192440,192472,192501,top,118.03,112.5,124.14,40.13,"{8891: 0.0, 8889: 1.81, 8892: 7.1, 8893: 8.01, 8894: 16.33}",True
8892,192452,192490,192523,bottom,101.41,94.74,109.09,43.5,"{8892: 0.0, 8891: 7.15, 8893: 8.46, 8894: 4.35}",True
8893,192468,192496,192521,top,135.85,128.57,144.0,61.71,"{8891: 7.96, 8892: 8.09, 8893: 0.0, 8894: 9.58}",True
8894,192492,192527,192558,top,109.09,102.86,116.13,42.81,"{8891: 16.35, 8893: 9.67, 8894: 0.0, 8892: 4.95}",True
8897,192587,192624,192656,bottom,104.35,97.3,112.5,47.51,{8897: 0.0},True
8898,192657,192687,192714,top,126.32,120.0,133.33,49.38,"{8898: 0.0, 8897: 0.96, 8899: 14.02}",True
8899,192699,192730,192758,top,122.03,116.13,128.57,44.44,"{8898: 14.03, 8899: 0.0, 8900: 6.05}",True
8900,192722,192747,192771,bottom,146.94,144.0,150.0,25.0,"{8899: 6.7, 8900: 0.0}",True
8901,192774,192808,192837,top,114.29,105.88,124.14,62.95,"{8901: 0.0, 8903: 5.45}",True
8903,192801,192833,192861,bottom,120.0,112.5,128.57,57.4,"{8901: 5.77, 8903: 0.0}",True
8904,192937,192969,192997,top,120.0,112.5,128.57,57.4,"{8904: 0.0, 8905: 13.97}",True
8905,192981,193014,193042,top,118.03,109.09,128.57,69.57,"{8904: 13.97, 8905: 0.0}",True
8906,193076,193109,193138,top,116.13,109.09,124.14,51.89,"{8906: 0.0, 8907: 10.42}",True
8907,193109,193144,193175,top,109.09,102.86,116.13,42.81,"{8906: 10.44, 8907: 0.0}",True
8910,193196,193231,193262,bottom,109.09,102.86,116.13,42.81,"{8910: 0.0, 8911: 9.11, 8912: 6.77}",True
8911,193199,193231,193260,top,118.03,112.5,124.14,40.13,"{8910: 8.81, 8911: 0.0, 8912: 5.18}",True
8912,193216,193248,193276,top,120.0,112.5,128.57,57.4,"{8910: 7.42, 8911: 5.16, 8912: 0.0}",True
8913,193489,193531,193567,bottom,92.31,85.71,100.0,39.68,"{8913: 0.0, 8914: 3.13, 8915: 12.7}",True
8914,193543,193574,193602,top,122.03,116.13,128.57,44.44,"{8914: 0.0, 8913: 3.98, 8915: 9.07, 8917: 18.17}",True
8915,193547,193576,193602,bottom,130.91,124.14,138.46,55.09,"{8915: 0.0, 8914: 8.91, 8913: 12.47, 8917: 0.91}",True
8917,193600,193632,193660,top,120.0,112.5,128.57,57.4,"{8914: 18.21, 8917: 0.0, 8915: 0.76}",True
8919,193672,,,top,,,,,{},False
8930,193698,193731,193761,top,114.29,109.09,120.0,36.36,"{8930: 0.0, 8931: 8.51, 8950: 16.19, 8929: 16.57}",True
8931,193698,193737,193772,bottom,97.3,92.31,102.86,30.14,"{8930: 8.86, 8931: 0.0, 8950: 5.15, 8929: 5.25, 8951: 1.67}",True
8929,193752,,,top,,,,,{},False
8950,193752,,,top,,,,,{},False
8951,193761,193789,193814,top,135.85,128.57,144.0,61.71,"{8930: 18.52, 8951: 0.0, 8931: 2.35, 8954: 5.64}",True
8954,193777,193819,193855,bottom,92.31,85.71,100.0,39.68,"{8954: 0.0, 8951: 5.81, 8955: 3.44}",True
8955,193831,193862,193888,top,126.32,116.13,138.46,85.89,"{8955: 0.0, 8954: 4.06, 8956: 14.02}",True
8956,193874,193904,193931,top,126.32,120.0,133.33,49.38,"{8955: 14.03, 8956: 0.0}",True
8960,193974,194014,194050,bottom,94.74,90.0,100.0,27.78,"{8960: 0.0, 8961: 8.48, 8962: 15.68, 8964: 0.66}",True
8961,194014,194046,194074,bottom,120.0,112.5,128.57,57.4,"{8961: 0.0, 8960: 8.3, 8962: 8.73, 8964: 3.76}",True
8962,194038,194080,194116,bottom,92.31,85.71,100.0,39.68,"{8962: 0.0, 8960: 15.69, 8961: 8.91, 8964: 8.77, 8965: 8.56, 8966: 2.0, 8967: 16.53, 8968: 0.61}",True
8964,194049,194083,194114,top,110.77,105.88,116.13,33.05,"{8964: 0.0, 8962: 8.37, 8960: 1.01, 8961: 4.15, 8965: 4.94, 8966: 15.14, 8967: 0.87}",True
8965,194080,194111,194139,bottom,122.03,116.13,128.57,44.44,"{8964: 5.43, 8965: 0.0, 8962: 8.35, 8966: 5.81, 8967: 9.77, 8968: 3.58}",True
8966,194101,194137,194168,top,107.46,100.0,116.13,52.03,"{8964: 15.16, 8966: 0.0, 8962: 2.57, 8965: 6.16, 8967: 8.02, 8968: 4.07}",True
8967,194107,194149,194185,bottom,92.31,85.71,100.0,39.68,"{8967: 0.0, 8964: 1.2, 8966: 8.18, 8965: 9.97, 8962: 16.51, 8968: 8.83, 8970: 17.33, 8971: 0.22}",True
8968,194115,194152,194185,top,102.86,97.3,109.09,35.74,"{8968: 0.0, 8964: 18.92, 8966: 4.1, 8967: 8.71, 8965: 3.91, 8962: 0.94, 8970: 0.55, 8971: 17.53}",True
8970,194180,194216,194247,bottom,107.46,100.0,116.13,52.03,"{8968: 1.0, 8970: 0.0, 8967: 17.17, 8971: 8.08, 8973: 4.05, 8975: 3.02}",True
8971,194183,194209,194231,top,150.0,138.46,163.64,114.43,"{8968: 17.5, 8970: 7.79, 8967: 1.58, 8971: 0.0, 8973: 14.58, 8975: 16.74}",True
8973,194219,194252,194281,top,116.13,109.09,124.14,51.89,"{8973: 0.0, 8970: 4.55, 8971: 14.72, 8975: 2.91}",True
8975,194225,194263,194297,top,100.0,94.74,105.88,32.78,"{8973: 2.98, 8975: 0.0, 8971: 16.96, 8970: 3.39, 8977: 17.2}",True
8977,194291,194329,194363,top,100.0,94.74,105.88,32.78,"{8975: 17.19, 8977: 0.0, 8978: 6.93, 8979: 3.15, 8980: 14.1}",True
8978,194311,194346,194376,bottom,110.77,102.86,120.0,57.14,"{8977: 7.39, 8978: 0.0, 8979: 8.55, 8980: 4.41, 8981: 15.26}",True
8979,194336,194382,194432,bottom,75.0,78.26,72.0,-12.52,"{8977: 3.44, 8979: 0.0, 8978: 8.73, 8980: 7.78, 8981: 4.9, 8982: 6.79, 8983: 13.76, 8987: 2.37}",True
8980,194345,194383,194415,top,102.86,94.74,112.5,55.51,"{8977: 14.09, 8979: 7.63, 8980: 0.0, 8978: 4.74, 8981: 6.3, 8982: 7.9}",True
8981,194364,194401,,bottom,,,,,{},False
8982,194378,194410,194438,top,120.0,112.5,128.57,57.4,"{8981: 6.77, 8980: 7.78, 8982: 0.0, 8979: 7.65, 8978: 0.56, 8983: 3.53, 8987: 15.03}",True
8983,194414,194451,194484,bottom,102.86,97.3,109.09,35.74,"{8980: 0.75, 8983: 0.0, 8982: 3.71, 8979: 13.73, 8987: 15.9, 8989: 12.23}",True
8987,194424,,,top,,,,,{},False
8989,194460,194497,194530,bottom,102.86,97.3,109.09,35.74,"{8989: 0.0, 8983: 12.25, 8990: 2.03}",True
8990,194516,194546,194573,top,126.32,120.0,133.33,49.38,"{8989: 2.59, 8990: 0.0, 8993: 5.48}",True
8993,194535,194592,194642,bottom,67.29,63.16,72.0,17.68,"{8993: 0.0, 8990: 5.38, 8994: 6.65, 8995: 15.19, 8996: 17.08}",True
8994,194574,194630,,bottom,,,,,{},False
8995,194628,194659,194688,bottom,120.0,116.13,124.14,27.62,"{8995: 0.0, 8994: 7.45, 8993: 14.77, 8996: 5.09, 8997: 0.65}",True
8996,194634,194686,194733,bottom,72.73,69.23,76.6,15.67,"{8995: 5.34, 8994: 10.85, 8996: 0.0, 8993: 17.01, 8997: 6.59, 8998: 17.92}",True
8997,194683,194715,194742,top,122.03,112.5,133.33,77.16,"{8995: 1.33, 8997: 0.0, 8996: 7.62, 8998: 1.65, 8999: 17.67}",True
8998,194730,194770,194802,bottom,100.0,90.0,112.5,70.31,"{8997: 1.98, 8998: 0.0, 8996: 17.7, 8999: 8.76, 9000: 3.13, 9002: 3.1}",True
8999,194738,194772,194801,top,114.29,105.88,124.14,62.95,"{8997: 17.7, 8998: 8.61, 8999: 0.0, 9000: 12.39, 9002: 12.96}",True
9000,194779,194814,194845,top,109.09,102.86,116.13,42.81,"{8999: 12.4, 8998: 3.84, 9000: 0.0, 9002: 0.31, 9004: 14.12}",True
9002,194781,194815,194845,top,112.5,105.88,120.0,47.06,"{8999: 12.95, 9002: 0.0, 8998: 3.65, 9000: 0.31, 9004: 14.05}",True
9004,194828,194864,194896,top,105.88,100.0,112.5,39.06,"{9000: 14.13, 9002: 14.07, 9004: 0.0, 9005: 16.67, 9006: 1.08}",True
9005,194888,194923,194954,top,109.09,102.86,116.13,42.81,"{9004: 16.64, 9005: 0.0, 9006: 8.73}",True
9006,194890,194930,194964,bottom,97.3,90.0,105.88,46.71,"{9006: 0.0, 9004: 1.05, 9005: 8.91}",True
9007,195068,195104,195136,bottom,105.88,100.0,112.5,39.06,{9007: 0.0},True
9009,195276,195309,195338,top,116.13,109.09,124.14,51.89,"{9009: 0.0, 9010: 14.51}",True
9010,195324,195358,195388,top,112.5,105.88,120.0,47.06,"{9009: 14.53, 9010: 0.0}",True
9022,195409,195439,195466,top,126.32,120.0,133.33,49.38,"{9022: 0.0, 9027: 14.98}",True
9027,195454,195485,195512,top,124.14,116.13,133.33,63.72,"{9027: 0.0, 9022: 14.99}",True
9029,195533,195564,195591,top,124.14,116.13,133.33,63.72,{9029: 0.0},True
9030,195731,195769,195802,bottom,101.41,94.74,109.09,43.5,{9030: 0.0},True
9031,195888,195924,195955,top,107.46,100.0,116.13,52.03,"{9031: 0.0, 9032: 8.95, 9034: 5.31}",True
9032,195890,195928,195962,bottom,100.0,94.74,105.88,32.78,"{9032: 0.0, 9031: 9.07, 9034: 7.06}",True
9034,195894,195974,196003,top,66.06,45.0,124.14,272.89,"{9032: 6.99, 9031: 6.12, 9034: 0.0, 9041: 1.27, 9042: 0.93}",True
9041,195993,,,bottom,,,,,{},False
9042,195994,,,bottom,,,,,{},False
9045,196014,196044,196071,top,126.32,120.0,133.33,49.38,"{9045: 0.0, 9039: 16.88}",True
9039,196063,,,top,,,,,{},False
9048,196097,,,top,,,,,{},False
9051,196101,196130,196157,top,128.57,124.14,133.33,34.06,{9051: 0.0},True
9052,196206,,,bottom,,,,,{},False
9053,196270,196300,196327,bottom,126.32,120.0,133.33,49.38,"{9053: 0.0, 9054: 12.49}",True
9054,196309,196339,196365,bottom,128.57,120.0,138.46,71.01,"{9054: 0.0, 9053: 12.49, 9055: 12.57, 9056: 2.03}",True
9055,196344,196386,196423,bottom,91.14,85.71,97.3,31.31,"{9055: 0.0, 9054: 12.8, 9056: 8.11}",True
9056,196352,196381,196407,top,130.91,124.14,138.46,55.09,"{9055: 7.85, 9054: 2.78, 9056: 0.0}",True
9057,196466,196508,,bottom,,,,,{},False
9058,196490,196526,196557,bottom,107.46,100.0,116.13,52.03,"{9058: 0.0, 9057: 4.7, 9059: 8.26, 9062: 5.92}",True
9059,196500,196534,196564,top,112.5,105.88,120.0,47.06,"{9058: 8.71, 9057: 4.8, 9059: 0.0, 9062: 7.53}",True
9062,196512,196547,196579,bottom,107.46,102.86,112.5,30.13,"{9062: 0.0, 9057: 10.16, 9058: 5.93, 9059: 7.81}",True
9071,196590,196627,196661,bottom,101.41,97.3,105.88,25.25,{9071: 0.0},True
9073,196818,196849,196876,top,124.14,116.13,133.33,63.72,"{9073: 0.0, 9077: 1.38, 9079: 0.58}",True
9077,196866,196906,,bottom,,,,,{},False
9079,196874,,,bottom,,,,,{},False
9081,196882,196912,196938,top,128.57,120.0,138.46,71.01,"{9081: 0.0, 9079: 12.62, 9077: 6.44}",True
9082,196949,,,top,,,,,{},False
9090,196976,197018,197054,bottom,92.31,85.71,100.0,39.68,"{9090: 0.0, 9093: 0.48}",True
9093,197052,197079,197104,top,138.46,133.33,144.0,42.67,"{9090: 1.14, 9093: 0.0, 9095: 8.38, 9096: 9.27, 9097: 10.84}",True
9095,197075,,,top,,,,,{},False
9096,197075,197108,197137,top,116.13,109.09,124.14,51.89,"{9096: 0.0, 9093: 9.33, 9097: 0.83, 9102: 3.77}",True
9097,197082,197109,197134,top,138.46,133.33,144.0,42.67,"{9097: 0.0, 9093: 10.84, 9096: 0.81, 9102: 3.79}",True
9102,197111,197147,197179,bottom,105.88,100.0,112.5,39.06,"{9102: 0.0, 9097: 3.91, 9096: 4.03, 9112: 6.31, 9119: 0.63}",True
9112,197140,197166,197190,top,144.0,138.46,150.0,48.08,"{9102: 6.94, 9112: 0.0, 9119: 12.46}",True
9119,197174,197200,197225,top,141.18,138.46,144.0,22.15,"{9102: 1.46, 9119: 0.0, 9112: 12.46, 9107: 8.57, 9125: 13.23, 9127: 3.89, 9126: 1.93}",True
9124,197192,,,bottom,,,,,{},False
9107,197194,,,top,,,,,{},False
9125,197209,197238,197264,top,130.91,124.14,138.46,55.09,"{9119: 13.24, 9125: 0.0, 9127: 17.08, 9126: 7.55}",True
9126,197213,197259,197295,bottom,87.8,78.26,100.0,60.39,"{9119: 2.01, 9125: 7.79, 9127: 0.18, 9126: 0.0, 9128: 13.53}",True
9127,197213,,,bottom,,,,,{},False
9128,197274,197311,197343,bottom,104.35,97.3,112.5,47.51,"{9128: 0.0, 9126: 13.44, 9131: 4.67, 9132: 11.07, 9133: 15.06}",True
9131,197314,197341,197366,top,138.46,133.33,144.0,42.67,"{9131: 0.0, 9128: 5.55, 9132: 8.18, 9133: 6.07}",True
9132,197316,197352,197384,bottom,105.88,100.0,112.5,39.06,"{9132: 0.0, 9131: 8.2, 9128: 11.09, 9133: 5.04, 9134: 17.13}",True
9133,197328,197374,197413,bottom,84.71,78.26,92.31,36.02,"{9133: 0.0, 9131: 5.97, 9128: 15.21, 9132: 5.16, 9134: 11.31}",True
9134,197378,197424,197463,bottom,84.71,78.26,92.31,36.02,"{9134: 0.0, 9133: 11.27, 9132: 17.26, 9138: 10.5}",True
9138,197419,,,top,,,,,{},False
9140,197508,197552,197590,bottom,87.8,81.82,94.74,34.0,"{9140: 0.0, 9141: 8.36, 9142: 5.38}",True
9141,197546,197589,197628,bottom,87.8,83.72,92.31,22.02,"{9140: 8.38, 9141: 0.0, 9142: 8.65, 9151: 3.96}",True
9142,197551,197583,197611,top,120.0,112.5,128.57,57.4,"{9142: 0.0, 9140: 6.12, 9141: 8.16, 9151: 14.95}",True
9151,197598,197633,197662,top,112.5,102.86,124.14,73.38,"{9142: 14.98, 9151: 0.0, 9141: 4.48, 9155: 3.96, 9156: 14.25}",True
9155,197632,197676,197712,bottom,90.0,81.82,100.0,50.51,"{9151: 4.24, 9155: 0.0, 9156: 8.04, 9157: 6.16, 9159: 2.66}",True
9156,197646,197683,197717,top,101.41,97.3,105.88,25.25,"{9155: 8.74, 9151: 14.31, 9156: 0.0, 9157: 7.11, 9159: 12.31}",True
9157,197665,197700,197731,bottom,109.09,102.86,116.13,42.81,"{9157: 0.0, 9155: 6.0, 9156: 7.43, 9159: 5.46, 9160: 16.87}",True
9159,197691,197733,197770,top,91.14,85.71,97.3,31.31,"{9156: 12.34, 9159: 0.0, 9155: 3.19, 9157: 5.63, 9160: 5.59}",True
9160,197724,197760,197793,bottom,104.35,100.0,109.09,27.55,"{9159: 6.25, 9160: 0.0, 9157: 16.88}",True
9165,197833,197862,197889,bottom,128.57,124.14,133.33,34.06,"{9165: 0.0, 9168: 2.1}",True
9168,197876,197909,197939,top,114.29,109.09,120.0,36.36,"{9168: 0.0, 9165: 2.35, 9169: 6.93, 9170: 12.15}",True
9169,197892,197925,197954,bottom,116.13,109.09,124.14,51.89,"{9169: 0.0, 9168: 7.23, 9170: 5.44, 9173: 1.21}",True
9170,197916,197951,197983,top,107.46,102.86,112.5,30.13,"{9168: 12.18, 9169: 5.98, 9170: 0.0, 9173: 8.99}",True
9173,197948,197983,198013,top,110.77,102.86,120.0,57.14,"{9173: 0.0, 9169: 1.35, 9170: 8.97, 9176: 8.67}",True
9176,197983,,,bottom,,,,,{},False
9177,198121,198163,,bottom,,,,,{},False
9178,198129,198168,198204,bottom,96.0,92.31,100.0,21.37,"{9177: 1.82, 9179: 9.09, 9178: 0.0, 9183: 1.38}",True
9179,198130,198161,198188,top,124.14,116.13,133.33,63.72,"{9177: 7.07, 9179: 0.0, 9178: 8.74}",True
9183,198201,,,top,,,,,{},False
9184,198220,198246,198271,bottom,141.18,138.46,144.0,22.15,"{9184: 0.0, 9185: 6.79}",True
9185,198231,198266,198296,top,110.77,102.86,120.0,57.14,"{9184: 7.27, 9185: 0.0}",True
9186,198296,198325,198350,bottom,133.33,124.14,144.0,79.45,"{9185: 0.61, 9186: 0.0, 9187: 4.08, 9188: 2.76, 9189: 17.77, 9190: 17.95}",True
9187,198326,198358,198385,top,122.03,112.5,133.33,77.16,"{9187: 0.0, 9186: 4.31, 9188: 2.31, 9189: 5.84, 9190: 5.34}",True
9188,198333,198363,,top,,,,,{},False
9189,198348,198377,198403,bottom,130.91,124.14,138.46,55.09,"{9187: 6.37, 9189: 0.0, 9190: 2.1, 9186: 17.77, 9188: 7.9, 9192: 0.83}",True
9190,198348,198385,198418,bottom,102.86,97.3,109.09,35.74,"{9187: 5.69, 9189: 2.24, 9190: 0.0, 9186: 18.11, 9188: 8.74, 9192: 2.94}",True
9192,198399,198428,198455,top,128.57,124.14,133.33,34.06,"{9192: 0.0, 9189: 1.43, 9190: 3.56, 9193: 7.16}",True
9193,198419,198450,198479,top,120.0,116.13,124.14,27.62,"{9192: 7.18, 9190: 0.73, 9193: 0.0}",True
9198,198478,198515,198549,bottom,101.41,97.3,105.88,25.25,"{9193: 0.7, 9198: 0.0, 9199: 8.83, 9200: 5.47}",True
9199,198484,198515,198543,top,122.03,116.13,128.57,44.44,"{9199: 0.0, 9198: 8.23, 9200: 9.39}",True
9200,198514,198544,198571,top,126.32,120.0,133.33,49.38,"{9199: 9.35, 9198: 6.25, 9200: 0.0}",True
9201,198639,198675,198707,top,105.88,100.0,112.5,39.06,"{9201: 0.0, 9202: 1.49, 9212: 16.82, 9209: 15.18}",True
9202,198641,198669,198694,top,135.85,128.57,144.0,61.71,"{9201: 1.51, 9202: 0.0}",True
9209,198694,198728,198757,top,114.29,105.88,124.14,62.95,"{9202: 19.13, 9209: 0.0, 9212: 2.46, 9201: 15.12, 9208: 15.35, 9210: 11.14}",True
9212,198699,198737,198770,top,101.41,94.74,109.09,43.5,"{9212: 0.0, 9209: 2.52, 9201: 16.82, 9208: 17.15, 9210: 13.45}",True
9208,198706,,,bottom,,,,,{},False
9210,198720,,,bottom,,,,,{},False
9224,198792,198827,198857,bottom,110.77,102.86,120.0,57.14,"{9224: 0.0, 9225: 16.65}",True
9225,198850,198883,198912,bottom,116.13,109.09,124.14,51.89,"{9224: 16.59, 9225: 0.0}",True
9228,198935,198961,198985,top,144.0,138.46,150.0,48.08,"{9228: 0.0, 9229: 7.84}",True
9229,198936,198976,199012,bottom,94.74,90.0,100.0,27.78,"{9229: 0.0, 9228: 8.0, 9230: 2.34}",True
9230,198996,199026,199052,top,128.57,120.0,138.46,71.01,"{9230: 0.0, 9229: 2.96, 9231: 15.3}",True
9231,199041,199075,199106,top,110.77,105.88,116.13,33.05,"{9230: 15.38, 9231: 0.0, 9232: 9.39}",True
9232,199074,199107,199136,top,116.13,109.09,124.14,51.89,"{9231: 9.36, 9232: 0.0, 9233: 13.3, 9234: 14.04}",True
9233,199116,199153,199185,top,104.35,97.3,112.5,47.51,"{9232: 13.32, 9233: 0.0, 9234: 0.66, 9235: 9.06, 9236: 0.68}",True
9234,199120,199152,199180,top,120.0,112.5,128.57,57.4,"{9232: 14.02, 9233: 0.62, 9234: 0.0, 9235: 9.83}",True
9235,199149,199186,199219,top,102.86,97.3,109.09,35.74,"{9234: 9.9, 9233: 9.07, 9235: 0.0, 9236: 4.49, 9237: 10.71}",True
9236,199183,199227,199265,bottom,87.8,81.82,94.74,34.0,"{9233: 0.51, 9235: 4.73, 9236: 0.0, 9237: 9.02, 9251: 2.87}",True
9237,199189,199226,199260,top,101.41,97.3,105.88,25.25,"{9235: 10.69, 9237: 0.0, 9236: 8.65, 9251: 14.51}",True
9251,199243,199281,199314,top,101.41,94.74,109.09,43.5,"{9237: 14.51, 9251: 0.0, 9236: 3.63}",True
9244,199249,,,top,,,,,{},False
9253,199315,199359,199397,bottom,87.8,81.82,94.74,34.0,"{9251: 0.53, 9253: 0.0, 9256: 8.52, 9265: 0.92}",True
9254,199315,,,bottom,,,,,{},False
9256,199322,199365,199404,top,87.8,83.72,92.31,22.02,"{9256: 0.0, 9253: 8.98, 9265: 16.78}",True
9265,199394,199441,199481,top,82.76,76.6,90.0,33.51,"{9256: 16.78, 9265: 0.0, 9253: 0.82, 9267: 9.82}",True
9267,199444,199482,199516,top,100.0,94.74,105.88,32.78,"{9265: 9.73, 9267: 0.0}",True
9268,199537,199571,199603,top,109.09,105.88,112.5,20.68,"{9268: 0.0, 9269: 0.44}",True
9269,199599,199631,199659,bottom,120.0,112.5,128.57,57.4,"{9268: 0.98, 9269: 0.0, 9270: 6.78, 9272: 3.68}",True
9270,199612,199649,199681,top,104.35,97.3,112.5,47.51,"{9270: 0.0, 9269: 7.0, 9272: 4.39, 9278: 0.86}",True
9272,199637,199663,199686,top,146.94,138.46,156.52,78.52,"{9269: 4.31, 9270: 4.21, 9272: 0.0, 9278: 1.85}",True
9278,199676,199711,199742,bottom,109.09,102.86,116.13,42.81,"{9272: 1.96, 9278: 0.0, 9270: 1.06, 9279: 11.24, 9280: 17.41, 9281: 17.43}",True
9279,199718,199749,199776,bottom,124.14,116.13,133.33,63.72,"{9279: 0.0, 9278: 11.2, 9280: 6.39, 9281: 7.59, 9283: 3.44}",True
9281,199737,199777,199811,bottom,97.3,90.0,105.88,46.71,"{9278: 17.47, 9279: 7.73, 9281: 0.0, 9280: 0.0, 9283: 7.54}",True
9280,199737,,,bottom,,,,,{},False
9283,199754,199789,199820,top,109.09,102.86,116.13,42.81,"{9283: 0.0, 9279: 3.77, 9281: 8.29}",True
9287,199827,199864,199896,top,104.35,97.3,112.5,47.51,{9287: 0.0},True
9288,199957,199990,200019,top,116.13,109.09,124.14,51.89,{9288: 0.0},True
9289,200075,200108,200136,top,118.03,109.09,128.57,69.57,"{9289: 0.0, 9290: 7.22, 9291: 3.27}",True
9290,200088,200121,200151,bottom,114.29,109.09,120.0,36.36,"{9290: 0.0, 9289: 7.5, 9291: 6.9}",True
9291,200115,200143,200168,bottom,135.85,128.57,144.0,61.71,"{9289: 3.84, 9291: 0.0, 9290: 6.8, 9292: 14.99}",True
9292,200157,200191,200220,bottom,114.29,105.88,124.14,62.95,"{9292: 0.0, 9291: 15.1}",True
9293,200275,200305,200332,top,126.32,120.0,133.33,49.38,{9293: 0.0},True
9294,200447,200477,200503,top,128.57,120.0,138.46,71.01,{9294: 0.0},True
9295,200532,200564,200592,top,120.0,112.5,128.57,57.4,"{9295: 0.0, 9299: 12.61}",True
9299,200575,200598,200619,top,163.64,156.52,171.43,70.98,"{9299: 0.0, 9295: 12.37}",True
9298,200604,,,bottom,,,,,{},False
9303,200693,200721,200746,top,135.85,128.57,144.0,61.71,"{9303: 0.0, 9304: 15.19}",True
9304,200735,200766,200792,top,126.32,116.13,138.46,85.89,"{9303: 15.23, 9304: 0.0, 9305: 16.9}",True
9305,200787,200817,200844,top,126.32,120.0,133.33,49.38,"{9304: 16.92, 9305: 0.0, 9306: 7.76, 9307: 4.66}",True
9306,200792,200832,200866,bottom,97.3,90.0,105.88,46.71,"{9304: 0.4, 9306: 0.0, 9305: 7.77, 9307: 5.16, 9308: 13.17}",True
9307,200813,200852,200887,bottom,97.3,92.31,102.86,30.14,"{9305: 4.69, 9307: 0.0, 9306: 5.17, 9308: 7.69, 9309: 17.41}",True
9308,200845,200882,200914,bottom,104.35,97.3,112.5,47.51,"{9308: 0.0, 9307: 7.62, 9306: 13.11, 9309: 10.62}",True
9309,200883,200924,200960,bottom,93.51,87.8,100.0,33.88,"{9307: 17.42, 9308: 10.68, 9309: 0.0}",True
9323,200960,,,top,,,,,{},False
9324,200965,200996,201024,top,122.03,116.13,128.57,44.44,"{9324: 0.0, 9325: 4.24, 9326: 0.51}",True
9325,200995,,201058,bottom,114.29,,,,{},True
9326,201021,201063,201099,bottom,92.31,85.71,100.0,39.68,"{9324: 0.72, 9326: 0.0, 9325: 9.59, 9335: 3.81, 9331: 12.93, 9336: 0.94}",True
9335,201073,201101,201127,top,133.33,128.57,138.46,38.04,"{9335: 0.0, 9326: 4.6, 9331: 17.7, 9336: 7.51}",True
9331,201076,,,bottom,,,,,{},False
9336,201092,201125,201156,top,112.5,109.09,116.13,22.7,"{9336: 0.0, 9326: 1.45, 9335: 7.56}",True
9339,201171,201212,201248,bottom,93.51,87.8,100.0,33.88,"{9339: 0.0, 9340: 5.2}",True
9340,201210,201243,201271,top,118.03,109.09,128.57,69.57,"{9339: 5.87, 9340: 0.0}",True
9341,201287,201329,201365,bottom,92.31,85.71,100.0,39.68,{9341: 0.0},True
9343,201374,201415,201450,bottom,94.74,87.8,102.86,43.01,"{9343: 0.0, 9345: 14.35}",True
9345,201433,201472,201506,bottom,98.63,92.31,105.88,39.93,"{9345: 0.0, 9343: 14.34}",True
9347,201514,201542,201567,top,135.85,128.57,144.0,61.71,{9347: 0.0},True
9348,201672,201705,201733,top,118.03,109.09,128.57,69.57,{9348: 0.0},True
9355,201734,,,bottom,,,,,{},False
9359,201746,,,bottom,,,,,{},False
9360,201765,201801,201832,bottom,107.46,100.0,116.13,52.03,"{9360: 0.0, 9361: 9.03, 9362: 1.7}",True
9361,201770,201802,201831,top,118.03,112.5,124.14,40.13,"{9360: 8.73, 9361: 0.0, 9362: 15.33}",True
9362,201821,201851,201877,top,128.57,120.0,138.46,71.01,"{9361: 15.29, 9362: 0.0, 9360: 2.31}",True
9363,201896,201922,201946,bottom,144.0,138.46,150.0,48.08,"{9363: 0.0, 9364: 3.74, 9365: 3.24}",True
9364,201925,201955,201983,top,124.14,120.0,128.57,30.61,"{9364: 0.0, 9363: 3.98, 9365: 0.8, 9367: 1.69}",True
9365,201929,201954,201978,top,146.94,144.0,150.0,25.0,"{9364: 0.75, 9365: 0.0, 9363: 3.64, 9367: 1.04}",True
9367,201971,202007,202037,bottom,109.09,100.0,120.0,66.67,"{9364: 1.96, 9365: 1.31, 9367: 0.0}",True
9369,202289,202322,202351,top,116.13,109.09,124.14,51.89,"{9369: 0.0, 9370: 1.33}",True
9370,202341,202377,202409,bottom,105.88,100.0,112.5,39.06,"{9369: 1.77, 9370: 0.0, 9371: 7.55, 9372: 2.46}",True
9371,202358,202390,202418,top,120.0,112.5,128.57,57.4,"{9371: 0.0, 9370: 8.08, 9372: 10.94}",True
9372,202392,202426,202456,top,112.5,105.88,120.0,47.06,"{9371: 10.97, 9372: 0.0, 9370: 2.93, 9373: 3.74}",True
9373,202430,202465,202496,bottom,109.09,102.86,116.13,42.81,"{9373: 0.0, 9372: 4.0}",True
9374,202527,202555,202581,bottom,133.33,128.57,138.46,38.04,"{9374: 0.0, 9375: 5.7}",True
9375,202547,202575,202601,top,133.33,128.57,138.46,38.04,"{9375: 0.0, 9374: 6.42}",True
9376,202640,202676,202707,bottom,107.46,100.0,116.13,52.03,"{9376: 0.0, 9378: 2.24}",True
9378,202694,202719,202742,top,150.0,144.0,156.52,54.44,"{9378: 0.0, 9376: 3.02, 9384: 1.42}",True
9384,202735,202781,202821,bottom,83.72,78.26,90.0,29.35,"{9384: 0.0, 9378: 1.21, 9385: 9.73, 9386: 4.04, 9387: 2.33}",True
9385,202781,202825,202864,bottom,86.75,81.82,92.31,26.9,"{9385: 0.0, 9384: 9.72, 9386: 7.63, 9387: 7.55, 9402: 17.04}",True
9386,202795,202821,202845,top,144.0,138.46,150.0,48.08,"{9385: 7.36, 9386: 0.0, 9384: 5.04, 9387: 4.91}",True
9387,202801,202839,202873,top,100.0,94.74,105.88,32.78,"{9386: 5.02, 9385: 8.4, 9384: 3.01, 9387: 0.0, 9402: 1.87}",True
9402,202859,202891,202919,bottom,120.0,112.5,128.57,57.4,"{9385: 16.76, 9387: 2.43, 9402: 0.0, 9405: 8.37}",True
9405,202881,202924,202962,bottom,88.89,83.72,94.74,28.99,"{9405: 0.0, 9402: 8.57, 9408: 12.83}",True
9408,202937,202980,203017,bottom,90.0,83.72,97.3,36.69,"{9408: 0.0, 9405: 12.83, 9409: 3.75}",True
9409,202990,203019,,top,,,,,{},False
9411,203032,203078,203117,bottom,84.71,78.26,92.31,36.02,"{9411: 0.0, 9410: 3.71, 9412: 4.48, 9413: 0.48}",True
9410,203049,,,bottom,,,,,{},False
9412,203086,203115,203142,top,128.57,124.14,133.33,34.06,"{9412: 0.0, 9411: 5.35, 9413: 9.09}",True
9413,203114,203141,203166,top,138.46,133.33,144.0,42.67,"{9412: 9.06, 9413: 0.0, 9411: 1.4}",True
9414,203188,203219,203245,top,126.32,116.13,138.46,85.89,{9414: 0.0},True
9424,203245,,,bottom,,,,,{},False
9425,203330,203367,203399,bottom,104.35,97.3,112.5,47.51,{9425: 0.0},True
9426,203400,203432,203461,top,118.03,112.5,124.14,40.13,"{9426: 0.0, 9425: 0.92, 9427: 2.79}",True
9427,203441,203478,203511,bottom,102.86,97.3,109.09,35.74,"{9426: 3.15, 9427: 0.0, 9428: 7.81, 9429: 7.77, 9431: 15.25}",True
9428,203465,203489,203512,top,153.19,150.0,156.52,28.36,"{9427: 7.92, 9428: 0.0, 9429: 6.85, 9431: 2.32}",True
9429,203473,203506,203537,bottom,112.5,109.09,116.13,22.7,"{9429: 0.0, 9428: 6.86, 9427: 7.74, 9431: 8.02}",True
9431,203498,203537,203570,bottom,100.0,92.31,109.09,50.86,"{9428: 2.49, 9431: 0.0, 9429: 8.09, 9427: 15.29}",True
9432,203597,203619,203641,top,163.64,163.64,163.64,,{9432: 0.0},True
9433,203825,203853,203879,top,133.33,128.57,138.46,38.04,{9433: 0.0},True
9442,203879,203911,203939,bottom,120.0,112.5,128.57,57.4,"{9433: 0.76, 9442: 0.0, 9443: 7.32, 9444: 6.28, 9445: 15.07}",True
9443,203894,203923,203950,top,128.57,124.14,133.33,34.06,"{9444: 8.35, 9443: 0.0, 9442: 7.86, 9445: 3.48, 9447: 18.62}",True
9444,203895,203935,203969,bottom,97.3,90.0,105.88,46.71,"{9443: 8.35, 9444: 0.0, 9442: 6.43, 9445: 7.34, 9447: 2.85}",True
9445,203928,203963,203993,bottom,110.77,102.86,120.0,57.14,"{9443: 3.57, 9445: 0.0, 9444: 7.24, 9442: 15.17, 9447: 6.24}",True
9447,203948,203989,204024,top,94.74,87.8,102.86,43.01,"{9443: 18.75, 9447: 0.0, 9445: 6.4, 9444: 3.21}",True
9448,204066,204103,204136,bottom,102.86,97.3,109.09,35.74,"{9448: 0.0, 9449: 9.09, 9450: 3.56}",True
9449,204070,204103,204132,top,116.13,109.09,124.14,51.89,"{9448: 8.66, 9449: 0.0, 9450: 12.57}",True
9450,204111,204145,204175,top,112.5,105.88,120.0,47.06,"{9449: 12.58, 9450: 0.0, 9448: 4.17}",True
9451,204274,204298,204319,top,160.0,150.0,171.43,102.04,"{9451: 0.0, 9452: 4.6}",True
9452,204294,204322,204348,bottom,133.33,128.57,138.46,38.04,"{9451: 4.93, 9452: 0.0, 9453: 11.69}",True
9453,204324,204363,204396,bottom,100.0,92.31,109.09,50.86,"{9453: 0.0, 9452: 11.84, 9454: 9.6, 9455: 1.36}",True
9454,204367,204396,204422,bottom,130.91,124.14,138.46,55.09,"{9453: 9.45, 9454: 0.0, 9455: 6.11}",True
9455,204386,204416,204443,top,126.32,120.0,133.33,49.38,"{9453: 2.25, 9455: 0.0, 9454: 6.4}",True
9456,204479,204510,204537,top,124.14,116.13,133.33,63.72,"{9456: 0.0, 9457: 8.2, 9458: 8.79}",True
9457,204480,204523,204560,bottom,90.0,83.72,97.3,36.69,"{9457: 0.0, 9456: 8.36, 9458: 2.49}",True
9458,204482,204513,204541,bottom,122.03,116.13,128.57,44.44,"{9458: 0.0, 9457: 2.35, 9456: 8.93}",True
9462,204584,204614,204639,bottom,130.91,120.0,144.0,96.0,"{9462: 0.0, 9463: 17.46}",True
9463,204636,204666,204692,bottom,128.57,120.0,138.46,71.01,"{9463: 0.0, 9462: 17.55}",True
9464,204781,204818,204852,bottom,101.41,97.3,105.88,25.25,"{9464: 0.0, 9465: 11.47, 9466: 13.87, 9467: 1.58}",True
9465,204826,204861,,bottom,,,,,{},False
9466,204833,204873,204908,bottom,96.0,90.0,102.86,36.73,"{9466: 0.0, 9465: 3.06, 9464: 13.92, 9467: 8.68, 9468: 9.29}",True
9467,204842,204873,204900,top,124.14,116.13,133.33,63.72,"{9467: 0.0, 9466: 8.1, 9465: 6.54, 9464: 2.32, 9468: 3.99}",True
9468,204872,204910,,bottom,,,,,{},False
9469,204910,204940,204968,top,124.14,120.0,128.57,30.61,"{9469: 0.0, 9466: 0.63, 9468: 4.11, 9471: 12.06, 9472: 17.3}",True
9471,204946,204979,205008,top,116.13,109.09,124.14,51.89,"{9469: 12.08, 9471: 0.0, 9472: 4.61}",True
9472,204963,204994,205021,top,124.14,116.13,133.33,63.72,"{9469: 17.26, 9472: 0.0, 9471: 4.55, 9474: 16.43}",True
9474,205013,205044,205072,top,122.03,116.13,128.57,44.44,"{9472: 16.42, 9474: 0.0, 9478: 6.81}",True
9478,205032,,,top,,,,,{},False
9480,205077,205107,205133,top,128.57,120.0,138.46,71.01,"{9480: 0.0, 9481: 4.0, 9482: 15.71}",True
9481,205106,205140,205171,bottom,110.77,105.88,116.13,33.05,"{9480: 4.4, 9481: 0.0, 9482: 6.87}",True
9482,205124,205156,205183,top,122.03,112.5,133.33,77.16,"{9480: 15.73, 9481: 7.54, 9482: 0.0}",True
9483,205200,205230,205257,top,126.32,120.0,133.33,49.38,"{9483: 0.0, 9484: 7.95}",True
9484,205204,205241,205273,bottom,104.35,97.3,112.5,47.51,"{9483: 8.19, 9484: 0.0}",True
9489,205276,205310,205340,top,112.5,105.88,120.0,47.06,{9489: 0.0},True
9490,205347,205381,205411,top,112.5,105.88,120.0,47.06,{9490: 0.0},True
9491,205440,205476,205507,bottom,107.46,100.0,116.13,52.03,"{9491: 0.0, 9492: 2.26}",True
9492,205492,205526,205555,top,114.29,105.88,124.14,62.95,"{9492: 0.0, 9491: 2.65}",True
