tracking_id,start_frame,middle_frame,end_frame,first_crossed,speed,start_to_mid_speed,mid_to_end_speed,acceleration,average_vertical_distances,valid
5,2,,,top,,,,,{},False
1,6,,,top,,,,,{},False
3,7,,,bottom,,,,,{},False
2,19,,,bottom,,,,,{},False
9,24,54,87,bottom,68.57,72.0,65.45,-4.76,"{9: 0.0, 15: 17.81, 14: 17.15, 17: 11.65}",True
15,56,68,79,top,187.83,180.0,196.36,35.7,"{15: 0.0, 14: 0.71, 9: 16.56, 17: 32.65}",True
14,56,68,,top,,,,,{},False
17,72,84,94,top,196.36,180.0,216.0,86.4,"{14: 31.32, 15: 32.83, 9: 16.93, 17: 0.0, 18: 2.01}",True
18,91,117,147,bottom,77.14,83.08,72.0,-8.86,"{17: 2.4, 18: 0.0, 19: 16.21, 21: 36.18}",True
19,102,113,123,top,205.71,196.36,216.0,47.13,"{18: 15.53, 19: 0.0}",True
21,136,162,191,bottom,78.55,83.08,74.48,-7.11,"{21: 0.0, 18: 35.47, 20: 15.09, 22: 2.72, 24: 41.57}",True
20,152,,,bottom,,,,,{},False
22,186,198,209,top,187.83,180.0,196.36,35.7,"{21: 7.56, 22: 0.0, 24: 19.45, 26: 21.76, 28: 7.4}",True
24,186,211,235,bottom,88.16,86.4,90.0,3.6,"{21: 40.89, 22: 19.62, 24: 0.0, 26: 18.21, 28: 21.72, 29: 15.07, 33: 32.64, 36: 2.52, 37: 1.98}",True
26,196,210,222,top,166.15,154.29,180.0,51.43,"{26: 0.0, 22: 22.03, 24: 17.51, 28: 16.38, 29: 25.74}",True
28,202,245,286,bottom,51.43,50.23,52.68,1.43,"{28: 0.0, 22: 5.85, 26: 15.14, 24: 22.48, 29: 17.98, 33: 4.21, 36: 15.01, 37: 15.3, 38: 16.42, 40: 11.17, 42: 9.89, 43: 7.45, 44: 42.98, 45: 41.1}",True
29,209,227,242,top,130.91,120.0,144.0,38.4,"{28: 17.61, 29: 0.0, 26: 26.04, 24: 18.02, 33: 12.51, 36: 28.95, 37: 33.49}",True
33,221,247,275,bottom,80.0,83.08,77.14,-5.09,"{28: 4.08, 26: 2.1, 33: 0.0, 29: 13.3, 24: 32.41, 36: 17.11, 32: 14.97, 37: 17.09, 38: 18.74, 40: 5.24, 42: 1.76, 43: 1.31}",True
36,231,244,256,top,172.8,166.15,180.0,27.69,"{29: 28.61, 28: 14.39, 33: 16.51, 36: 0.0, 24: 6.35, 32: 41.32, 37: 4.38, 38: 34.24}",True
37,234,247,258,top,180.0,166.15,196.36,65.91,"{29: 33.09, 28: 14.55, 32: 46.27, 33: 16.34, 37: 0.0, 36: 4.32, 24: 4.62, 38: 31.01}",True
32,235,,,bottom,,,,,{},False
38,250,262,273,top,187.83,180.0,196.36,35.7,"{28: 15.38, 36: 34.43, 37: 31.13, 38: 0.0, 33: 17.55, 40: 32.74}",True
40,265,282,298,top,130.91,127.06,135.0,11.91,"{28: 16.36, 38: 33.15, 40: 0.0, 33: 8.3, 42: 4.36, 43: 9.32, 44: 11.6, 45: 11.6}",True
42,272,285,296,top,180.0,166.15,196.36,65.91,"{28: 16.84, 38: 44.92, 42: 0.0, 40: 4.23, 33: 5.99, 43: 6.0, 44: 14.79, 45: 13.86}",True
43,274,288,301,top,160.0,154.29,166.15,21.91,"{28: 13.63, 43: 0.0, 42: 6.15, 40: 9.08, 33: 4.43, 44: 16.33, 45: 15.75}",True
44,280,322,365,bottom,50.82,51.43,50.23,-0.67,"{44: 0.0, 45: 9.98, 28: 40.03, 42: 13.34, 43: 15.15, 40: 10.73, 46: 9.69, 41: 25.11, 47: 15.49, 48: 16.44, 49: 16.51}",True
45,280,305,331,bottom,84.71,86.4,83.08,-3.07,"{44: 9.3, 45: 0.0, 28: 36.09, 42: 12.88, 43: 14.99, 40: 11.17, 46: 31.15, 41: 11.65, 48: 7.32, 47: 8.9, 49: 2.85}",True
46,316,340,366,bottom,86.4,90.0,83.08,-6.39,"{44: 9.53, 46: 0.0, 45: 30.53, 41: 43.77, 47: 18.3, 48: 18.89, 49: 16.73}",True
41,317,,,top,,,,,{},False
47,318,331,342,top,180.0,166.15,196.36,65.91,"{44: 14.63, 46: 17.95, 48: 5.16, 45: 14.72, 47: 0.0, 41: 4.39, 49: 15.5}",True
48,319,334,347,top,154.29,144.0,166.15,40.9,"{44: 15.65, 46: 18.44, 45: 11.87, 48: 0.0, 47: 5.42, 41: 3.2, 49: 8.22}",True
49,327,338,349,top,196.36,196.36,196.36,,"{44: 15.45, 46: 15.95, 48: 8.03, 49: 0.0, 47: 15.48, 45: 9.15}",True
50,413,458,502,bottom,48.54,48.0,49.09,0.6,"{50: 0.0, 51: 7.07, 57: 4.56, 60: 16.23, 55: 23.42, 62: 33.38, 66: 42.27}",True
51,427,450,475,bottom,90.0,93.91,86.4,-7.21,"{50: 6.5, 51: 0.0, 57: 13.31, 60: 19.29, 55: 30.89}",True
57,438,465,494,bottom,77.14,80.0,74.48,-4.57,"{57: 0.0, 50: 4.5, 51: 13.36, 60: 18.45, 55: 18.28, 62: 35.05}",True
60,445,460,473,top,154.29,144.0,166.15,40.9,"{57: 17.96, 50: 15.13, 60: 0.0, 51: 18.07, 55: 28.79}",True
55,457,,,bottom,,,,,{},False
62,463,522,565,bottom,42.35,36.61,50.23,7.6,"{62: 0.0, 57: 35.35, 50: 33.27, 51: 47.36, 66: 5.77, 67: 39.39}",True
66,497,520,545,bottom,90.0,93.91,86.4,-7.21,"{66: 0.0, 62: 5.36, 50: 40.29, 57: 46.6}",True
65,497,,,top,,,,,{},False
67,553,595,641,bottom,49.09,51.43,46.96,-2.33,"{67: 0.0, 62: 39.3, 69: 15.87, 70: 17.96, 68: 10.08, 72: 13.5, 74: 4.67}",True
69,593,607,619,top,166.15,154.29,180.0,51.43,"{67: 15.03, 69: 0.0, 70: 36.25}",True
70,614,625,,top,,,,,{},False
68,619,,,top,,,,,{},False
72,624,636,647,top,187.83,180.0,196.36,35.7,"{67: 20.76, 70: 23.41, 72: 0.0, 74: 20.95}",True
74,633,648,661,top,154.29,144.0,166.15,40.9,"{70: 42.62, 67: 10.3, 74: 0.0, 72: 21.5, 76: 24.65, 77: 42.93}",True
76,648,662,675,top,160.0,154.29,166.15,21.91,"{74: 24.73, 76: 0.0, 77: 19.66, 75: 22.13, 71: 29.14, 73: 40.68}",True
77,658,674,689,top,139.35,135.0,144.0,14.4,"{76: 19.84, 74: 43.01, 77: 0.0, 75: 40.52, 71: 8.96, 73: 19.6}",True
75,663,,,bottom,,,,,{},False
71,663,,,top,,,,,{},False
73,670,,,top,,,,,{},False
81,688,698,707,top,227.37,216.0,240.0,64.0,"{77: 45.06, 81: 0.0}",True
82,711,730,751,bottom,108.0,113.68,102.86,-12.37,"{82: 0.0, 83: 18.67, 80: 34.33, 84: 17.68, 85: 34.84}",True
83,714,726,,top,,,,,{},False
80,720,,,top,,,,,{},False
84,725,736,,top,,,,,{},False
85,743,757,772,bottom,148.97,154.29,144.0,-16.46,"{82: 34.11, 85: 0.0, 84: 2.18, 90: 30.79}",True
90,761,779,798,bottom,116.76,120.0,113.68,-7.98,"{90: 0.0, 85: 30.83, 88: 28.07}",True
88,781,,,bottom,,,,,{},False
91,810,,,bottom,,,,,{},False
92,822,838,852,top,144.0,135.0,154.29,33.06,{92: 0.0},True
101,852,,,bottom,,,,,{},False
93,859,,,top,,,,,{},False
105,863,,,bottom,,,,,{},False
106,903,,,top,,,,,{},False
109,909,925,939,top,144.0,135.0,154.29,33.06,"{109: 0.0, 108: 39.62, 110: 14.15}",True
108,914,,,bottom,,,,,{},False
110,920,939,960,bottom,108.0,113.68,102.86,-12.37,"{110: 0.0, 109: 13.87, 111: 32.29, 112: 4.83}",True
111,944,975,1005,bottom,70.82,69.68,72.0,1.86,"{111: 0.0, 110: 32.57, 112: 17.65, 113: 20.13}",True
112,952,968,981,top,148.97,135.0,166.15,57.51,"{111: 17.29, 112: 0.0, 110: 7.19, 113: 23.04}",True
113,968,,,bottom,,,,,{},False
114,1008,,,bottom,,,,,{},False
118,1029,1044,1058,top,148.97,144.0,154.29,17.63,{118: 0.0},True
119,1078,1092,1107,bottom,148.97,154.29,144.0,-16.46,"{119: 0.0, 120: 18.6, 122: 14.95, 121: 10.86, 123: 31.52, 124: 1.44}",True
120,1083,1099,1112,top,148.97,135.0,166.15,57.51,"{119: 19.42, 120: 0.0, 122: 5.1, 121: 13.21, 123: 13.31, 124: 35.97}",True
122,1091,1101,,top,,,,,{},False
121,1091,1108,1122,top,139.35,127.06,154.29,46.67,"{120: 13.54, 122: 9.18, 121: 0.0, 119: 12.41, 123: 18.6, 124: 21.41, 125: 37.35}",True
123,1094,1126,1158,bottom,67.5,67.5,67.5,,"{123: 0.0, 120: 12.52, 121: 18.07, 122: 16.24, 119: 32.55, 124: 17.19, 125: 18.25, 128: 12.37}",True
124,1106,1121,1135,top,148.97,144.0,154.29,17.63,"{123: 16.69, 121: 21.44, 120: 36.24, 122: 37.6, 124: 0.0, 119: 2.78, 125: 17.5}",True
125,1115,1133,1148,top,130.91,120.0,144.0,38.4,"{121: 37.73, 123: 17.56, 124: 17.64, 125: 0.0, 128: 30.66}",True
128,1137,1153,1168,top,139.35,135.0,144.0,14.4,"{125: 30.72, 123: 15.13, 128: 0.0, 131: 42.24}",True
131,1165,1181,1195,top,144.0,135.0,154.29,33.06,"{128: 42.45, 131: 0.0, 132: 2.99, 123: 7.97, 130: 18.55, 129: 42.26}",True
132,1169,1183,1195,top,166.15,154.29,180.0,51.43,"{131: 2.88, 132: 0.0, 123: 4.72, 130: 21.05, 129: 41.47}",True
130,1184,,,bottom,,,,,{},False
129,1191,,,top,,,,,{},False
134,1204,1218,1231,top,160.0,154.29,166.15,21.91,"{134: 0.0, 135: 5.91}",True
135,1206,1222,1236,top,144.0,135.0,154.29,33.06,"{134: 6.04, 135: 0.0, 136: 42.78}",True
136,1234,1244,1253,top,227.37,216.0,240.0,64.0,"{135: 42.58, 136: 0.0}",True
138,1253,1279,1308,bottom,78.55,83.08,74.48,-7.11,"{138: 0.0, 139: 18.78, 137: 29.51, 141: 22.15, 140: 6.68, 142: 3.78}",True
139,1254,1267,1279,top,172.8,166.15,180.0,27.69,"{138: 18.54, 139: 0.0, 137: 37.39}",True
137,1272,,,top,,,,,{},False
141,1287,1303,1320,bottom,130.91,135.0,127.06,-11.21,"{141: 0.0, 138: 21.22, 140: 27.53, 142: 13.23, 144: 40.67}",True
140,1299,,,top,,,,,{},False
142,1301,1317,1332,top,139.35,135.0,144.0,14.4,"{138: 6.41, 142: 0.0, 141: 14.29, 144: 12.37, 145: 37.32}",True
144,1316,1331,1348,bottom,135.0,144.0,127.06,-23.92,"{144: 0.0, 142: 12.47, 141: 40.24, 145: 16.46, 143: 18.94, 147: 35.62}",True
145,1326,1340,1352,top,166.15,154.29,180.0,51.43,"{142: 37.28, 144: 19.5, 145: 0.0, 143: 16.42, 147: 10.58}",True
143,1334,,,top,,,,,{},False
147,1339,1365,1393,bottom,80.0,83.08,77.14,-5.09,"{147: 0.0, 144: 36.31, 145: 9.58}",True
164,1404,1418,1430,top,166.15,154.29,180.0,51.43,"{164: 0.0, 163: 30.3}",True
163,1421,,,top,,,,,{},False
171,1430,,,bottom,,,,,{},False
173,1444,1457,1470,top,166.15,166.15,166.15,,"{173: 0.0, 174: 14.88, 172: 18.6}",True
174,1451,1478,1505,bottom,80.0,80.0,80.0,,"{174: 0.0, 173: 14.03, 172: 44.91, 176: 24.38, 177: 11.53}",True
172,1453,,,top,,,,,{},False
176,1481,1505,1529,bottom,90.0,90.0,90.0,,"{176: 0.0, 174: 23.94, 177: 18.0, 178: 5.95}",True
177,1488,1501,1513,top,172.8,166.15,180.0,27.69,"{176: 17.45, 177: 0.0, 174: 15.89}",True
178,1521,1533,1544,top,187.83,180.0,196.36,35.7,"{178: 0.0, 176: 9.36}",True
179,1543,1567,1593,bottom,86.4,90.0,83.08,-6.39,"{178: 2.68, 179: 0.0, 181: 19.11, 180: 18.93, 184: 1.44}",True
181,1555,1573,1587,top,135.0,120.0,154.29,58.78,"{179: 18.4, 181: 0.0, 180: 24.05}",True
180,1571,,,top,,,,,{},False
184,1592,1608,1621,top,148.97,135.0,166.15,57.51,"{184: 0.0, 179: 3.13}",True
188,1626,1643,1657,top,139.35,127.06,154.29,46.67,{188: 0.0},True
187,1633,,,bottom,,,,,{},False
189,1667,,,bottom,,,,,{},False
191,1672,1684,1694,top,196.36,180.0,216.0,86.4,"{191: 0.0, 190: 27.41}",True
190,1685,,,top,,,,,{},False
195,1719,,,top,,,,,{},False
196,1736,,,bottom,,,,,{},False
198,1759,,,top,,,,,{},False
199,1772,,,top,,,,,{},False
200,1783,,,top,,,,,{},False
201,1784,1796,1807,top,187.83,180.0,196.36,35.7,"{201: 0.0, 203: 42.07}",True
203,1805,1817,1827,top,196.36,180.0,216.0,86.4,"{201: 42.01, 203: 0.0}",True
205,1816,,,bottom,,,,,{},False
202,1816,,,top,,,,,{},False
206,1828,1839,1850,top,196.36,196.36,196.36,,{206: 0.0},True
204,1831,,,top,,,,,{},False
208,1857,1880,1904,bottom,91.91,93.91,90.0,-3.91,"{208: 0.0, 209: 16.99, 211: 4.83}",True
207,1864,,,top,,,,,{},False
209,1874,1885,1895,top,205.71,196.36,216.0,47.13,"{208: 15.95, 209: 0.0}",True
211,1895,1911,1924,top,148.97,135.0,166.15,57.51,"{208: 7.52, 211: 0.0, 212: 5.93}",True
210,1911,,,top,,,,,{},False
212,1917,1940,1965,bottom,90.0,93.91,86.4,-7.21,"{212: 0.0, 211: 5.13, 213: 17.25}",True
213,1927,1938,1949,top,196.36,196.36,196.36,,"{212: 16.51, 213: 0.0}",True
214,1983,,,bottom,,,,,{},False
222,1990,2015,2044,bottom,80.0,86.4,74.48,-9.86,"{222: 0.0, 223: 19.09, 232: 17.38, 219: 29.11, 234: 17.61, 235: 11.13, 231: 40.13, 237: 5.03}",True
223,1990,2006,2020,top,144.0,135.0,154.29,33.06,"{222: 18.8, 223: 0.0, 232: 25.91, 219: 28.61, 234: 37.45}",True
232,2008,2020,2032,top,180.0,180.0,180.0,,"{222: 16.44, 232: 0.0, 219: 2.66, 223: 25.6, 234: 11.54, 235: 41.4}",True
219,2008,,,top,,,,,{},False
234,2015,2026,2036,top,205.71,196.36,216.0,47.13,"{222: 16.42, 234: 0.0, 232: 11.45, 223: 36.89, 235: 32.26, 231: 5.52}",True
235,2029,2041,2053,top,180.0,180.0,180.0,,"{222: 14.67, 234: 32.54, 232: 41.65, 235: 0.0, 231: 38.69, 237: 14.64}",True
231,2033,,,bottom,,,,,{},False
237,2035,2050,2064,top,148.97,144.0,154.29,17.63,"{222: 7.97, 237: 0.0, 234: 45.45, 235: 15.16}",True
240,2081,2097,2110,top,148.97,135.0,166.15,57.51,"{240: 0.0, 241: 6.34}",True
238,2089,,,top,,,,,{},False
239,2093,,,bottom,,,,,{},False
241,2102,2115,2129,bottom,160.0,166.15,154.29,-20.35,"{240: 7.46, 241: 0.0}",True
246,2150,2175,2201,bottom,84.71,86.4,83.08,-3.07,"{246: 0.0, 247: 18.74, 248: 10.53, 249: 44.22}",True
247,2151,2162,2173,top,196.36,196.36,196.36,,"{246: 18.53, 247: 0.0}",True
248,2190,,,top,,,,,{},False
249,2198,,,bottom,,,,,{},False
250,2206,2230,2259,bottom,81.51,90.0,74.48,-12.84,"{250: 0.0, 251: 5.91}",True
251,2249,2264,2277,top,154.29,144.0,166.15,40.9,"{250: 9.02, 251: 0.0}",True
253,2286,2301,2314,top,154.29,144.0,166.15,40.9,"{253: 0.0, 254: 24.48}",True
254,2302,2315,2327,top,172.8,166.15,180.0,27.69,"{253: 24.37, 254: 0.0, 255: 25.59}",True
255,2315,2329,2342,top,160.0,154.29,166.15,21.91,"{254: 25.73, 255: 0.0, 257: 9.79, 258: 40.43, 259: 43.15}",True
257,2330,2356,2388,bottom,74.48,83.08,67.5,-11.68,"{257: 0.0, 255: 9.02, 258: 17.83, 259: 17.38, 262: 19.08, 263: 30.97, 260: 40.63}",True
258,2338,2353,2367,top,148.97,144.0,154.29,17.63,"{257: 17.3, 258: 0.0, 255: 40.65, 259: 1.44, 256: 40.11, 262: 40.35}",True
259,2340,2353,2365,top,172.8,166.15,180.0,27.69,"{257: 16.21, 255: 43.41, 258: 1.36, 259: 0.0, 256: 42.47, 262: 42.53}",True
256,2342,,,bottom,,,,,{},False
262,2363,2376,2387,top,180.0,166.15,196.36,65.91,"{258: 40.24, 259: 42.64, 257: 17.98, 262: 0.0, 263: 14.94, 260: 22.22}",True
263,2370,2393,2416,bottom,93.91,93.91,93.91,,"{263: 0.0, 262: 13.96, 257: 29.68, 260: 9.1, 264: 16.61, 266: 45.63}",True
260,2377,,,bottom,,,,,{},False
261,2377,,,top,,,,,{},False
264,2399,,,top,,,,,{},False
266,2415,2442,2470,bottom,78.55,80.0,77.14,-2.45,"{266: 0.0, 263: 45.02, 265: 30.4, 267: 27.1, 268: 11.99, 270: 4.89}",True
265,2433,,,top,,,,,{},False
267,2446,,,bottom,,,,,{},False
268,2456,,,top,,,,,{},False
270,2464,2474,2484,top,216.0,216.0,216.0,,"{266: 9.1, 270: 0.0}",True
272,2483,2499,2513,top,144.0,135.0,154.29,33.06,"{270: 45.03, 272: 0.0, 273: 4.75}",True
273,2490,2501,2511,top,205.71,196.36,216.0,47.13,"{273: 0.0, 272: 4.46}",True
275,2515,2525,2535,top,216.0,216.0,216.0,,"{275: 0.0, 274: 25.04}",True
274,2525,,,bottom,,,,,{},False
276,2566,,,bottom,,,,,{},False
277,2576,,,bottom,,,,,{},False
278,2588,2620,2655,bottom,64.48,67.5,61.71,-3.97,"{278: 0.0, 282: 29.91}",True
282,2633,2662,2698,bottom,66.46,74.48,60.0,-9.66,"{282: 0.0, 278: 29.37, 284: 15.44, 285: 17.14, 286: 36.81}",True
284,2656,2666,2676,top,216.0,216.0,216.0,,"{282: 14.49, 284: 0.0, 278: 5.38, 285: 16.34}",True
285,2662,2674,2686,top,180.0,180.0,180.0,,"{285: 0.0, 282: 15.9, 284: 16.87, 286: 1.39}",True
286,2685,2715,2755,bottom,61.71,72.0,54.0,-10.8,"{285: 1.52, 286: 0.0, 282: 36.28, 292: 16.2, 294: 44.39}",True
292,2718,2730,2741,top,187.83,180.0,196.36,35.7,"{286: 15.19, 292: 0.0}",True
294,2751,,,bottom,,,,,{},False
296,2758,,,top,,,,,{},False
289,2765,,,bottom,,,,,{},False
297,2785,2800,2814,top,148.97,144.0,154.29,17.63,{297: 0.0},True
298,2870,,,top,,,,,{},False
300,2880,2896,2909,top,148.97,135.0,166.15,57.51,"{300: 0.0, 299: 6.17, 301: 17.34, 302: 5.29}",True
299,2883,,,top,,,,,{},False
301,2884,2920,2961,bottom,56.1,60.0,52.68,-4.28,"{301: 0.0, 300: 16.45, 302: 17.58, 303: 21.36, 306: 43.36}",True
302,2888,2897,2906,top,240.0,240.0,240.0,,"{301: 17.69, 302: 0.0, 300: 4.95}",True
303,2912,,,bottom,,,,,{},False
306,2955,3007,3067,bottom,38.57,41.54,36.0,-2.22,"{306: 0.0, 301: 42.72, 305: 38.17, 309: 15.15, 307: 29.67, 310: 14.38, 311: 9.96, 313: 12.07, 312: 3.48}",True
305,2973,,,top,,,,,{},False
309,2987,3003,3016,top,148.97,135.0,166.15,57.51,"{306: 14.18, 309: 0.0, 307: 6.45, 310: 21.35, 311: 2.28}",True
307,2990,,,top,,,,,{},False
310,3003,3014,3024,top,205.71,196.36,216.0,47.13,"{309: 20.85, 306: 13.52, 310: 0.0, 311: 12.31}",True
311,3012,3027,3044,bottom,135.0,144.0,127.06,-23.92,"{309: 4.7, 306: 10.07, 311: 0.0, 310: 11.71}",True
313,3045,3062,3077,top,135.0,127.06,144.0,27.11,"{313: 0.0, 306: 20.03, 312: 24.96, 316: 3.34}",True
312,3061,,,top,,,,,{},False
316,3072,3123,3184,bottom,38.57,42.35,35.41,-2.73,"{313: 3.32, 316: 0.0, 306: 47.65, 317: 12.58, 315: 41.52, 314: 38.61, 319: 14.1, 321: 13.58, 323: 38.38, 324: 17.28, 325: 3.09}",True
317,3081,3098,3115,bottom,127.06,127.06,127.06,,"{316: 11.78, 317: 0.0, 315: 39.84, 314: 33.66, 319: 0.11}",True
315,3085,,,top,,,,,{},False
314,3089,,,top,,,,,{},False
318,3107,,,top,,,,,{},False
319,3113,3126,3137,top,180.0,166.15,196.36,65.91,"{317: 3.13, 319: 0.0, 316: 13.44}",True
321,3146,,,top,,,,,{},False
323,3154,,,bottom,,,,,{},False
324,3163,3175,3186,top,187.83,180.0,196.36,35.7,"{316: 19.58, 324: 0.0, 325: 31.45}",True
325,3178,3193,3207,top,148.97,144.0,154.29,17.63,"{325: 0.0, 324: 32.17, 316: 13.79}",True
326,3218,,,top,,,,,{},False
329,3240,3253,3264,top,180.0,166.15,196.36,65.91,"{329: 0.0, 328: 24.41, 327: 29.47, 335: 4.59}",True
328,3252,,,bottom,,,,,{},False
327,3255,,,top,,,,,{},False
335,3261,3316,3381,bottom,36.0,39.27,33.23,-2.23,"{335: 0.0, 329: 2.42, 331: 38.91, 341: 14.77, 345: 15.49, 348: 17.26, 349: 19.1, 351: 16.84, 352: 9.52}",True
331,3279,,,top,,,,,{},False
341,3285,3297,3308,top,187.83,180.0,196.36,35.7,"{335: 14.46, 341: 0.0, 338: 42.08}",True
338,3287,,,bottom,,,,,{},False
342,3322,,,bottom,,,,,{},False
343,3328,,,top,,,,,{},False
345,3339,,,top,,,,,{},False
348,3346,3357,,top,,,,,{},False
349,3353,3364,3374,top,205.71,196.36,216.0,47.13,"{335: 17.85, 348: 14.72, 349: 0.0, 351: 21.67, 347: 20.43, 352: 39.61}",True
351,3363,3374,3384,top,205.71,196.36,216.0,47.13,"{335: 20.59, 348: 36.5, 351: 0.0, 349: 21.77, 347: 41.37, 352: 17.08}",True
347,3365,,,bottom,,,,,{},False
352,3371,3381,3391,top,216.0,216.0,216.0,,"{349: 39.57, 335: 21.15, 351: 17.1, 352: 0.0, 350: 38.36}",True
350,3386,,,top,,,,,{},False
353,3397,3412,3425,top,154.29,144.0,166.15,40.9,{353: 0.0},True
354,3425,,,bottom,,,,,{},False
355,3443,,,top,,,,,{},False
356,3449,,,top,,,,,{},False
358,3451,,,top,,,,,{},False
370,3470,3525,3588,bottom,36.61,39.27,34.29,-1.9,"{370: 0.0, 380: 16.32, 366: 37.82, 381: 27.97, 384: 17.79, 385: 35.79, 392: 6.09}",True
365,3483,,,bottom,,,,,{},False
380,3488,3501,3513,top,172.8,166.15,180.0,27.69,"{370: 16.17, 380: 0.0, 366: 8.02}",True
366,3492,,,top,,,,,{},False
381,3538,,,bottom,,,,,{},False
384,3549,3564,3577,top,154.29,144.0,166.15,40.9,"{370: 16.88, 384: 0.0, 385: 37.61, 382: 36.85}",True
383,3549,,,top,,,,,{},False
385,3554,,,bottom,,,,,{},False
382,3556,,,bottom,,,,,{},False
392,3578,3593,3606,top,154.29,144.0,166.15,40.9,"{392: 0.0, 370: 13.61, 391: 42.07}",True
391,3602,,,top,,,,,{},False
394,3630,,,bottom,,,,,{},False
395,3632,3643,3654,top,196.36,196.36,196.36,,"{395: 0.0, 396: 8.7, 398: 7.04}",True
396,3638,3647,3655,top,254.12,240.0,270.0,90.0,"{395: 8.45, 396: 0.0, 398: 11.63}",True
398,3647,3685,,bottom,,,,,{},False
399,3657,3668,3679,top,196.36,196.36,196.36,,"{398: 16.35, 399: 0.0, 397: 18.48, 400: 1.88}",True
397,3666,,,top,,,,,{},False
400,3678,3712,3749,bottom,60.85,63.53,58.38,-3.34,"{400: 0.0, 399: 0.97, 398: 19.62, 405: 18.13, 403: 20.1}",True
405,3699,3715,3729,top,144.0,135.0,154.29,33.06,"{405: 0.0, 398: 5.53, 400: 16.03, 403: 26.67}",True
403,3715,,,top,,,,,{},False
414,3752,,,bottom,,,,,{},False
420,3753,3763,3772,top,227.37,216.0,240.0,64.0,"{420: 0.0, 400: 3.72, 417: 38.21}",True
421,3753,,,top,,,,,{},False
417,3767,,,top,,,,,{},False
422,3781,,,top,,,,,{},False
425,3785,,,bottom,,,,,{},False
424,3799,,,top,,,,,{},False
427,3807,,,bottom,,,,,{},False
426,3813,,,top,,,,,{},False
430,3830,,,top,,,,,{},False
431,3844,,,bottom,,,,,{},False
435,3893,3904,,top,,,,,{},False
433,3895,,,bottom,,,,,{},False
432,3896,,,bottom,,,,,{},False
434,3908,,,top,,,,,{},False
436,3942,,,bottom,,,,,{},False
437,3959,,,bottom,,,,,{},False
441,4005,4021,4035,top,144.0,135.0,154.29,33.06,"{441: 0.0, 440: 0.03, 438: 18.93, 439: 25.91}",True
440,4005,,,top,,,,,{},False
438,4016,,,top,,,,,{},False
439,4019,,,bottom,,,,,{},False
446,4058,4069,,top,,,,,{},False
447,4058,4073,4087,top,148.97,144.0,154.29,17.63,"{446: 5.97, 447: 0.0, 444: 10.03, 445: 23.29}",True
444,4064,,,top,,,,,{},False
445,4072,,,top,,,,,{},False
449,4085,,,bottom,,,,,{},False
453,4102,,,top,,,,,{},False
457,4103,4113,4123,top,216.0,216.0,216.0,,{457: 0.0},True
460,4134,4149,4163,top,148.97,144.0,154.29,17.63,"{458: 3.35, 460: 0.0, 459: 28.59}",True
458,4135,,,top,,,,,{},False
459,4146,,,bottom,,,,,{},False
466,4196,,,top,,,,,{},False
465,4200,,,top,,,,,{},False
468,4206,4221,4234,top,154.29,144.0,166.15,40.9,"{468: 0.0, 469: 4.14, 470: 16.52}",True
469,4211,4223,4234,top,187.83,180.0,196.36,35.7,"{470: 19.13, 469: 0.0, 468: 4.02}",True
470,4212,4232,4252,bottom,108.0,108.0,108.0,,"{470: 0.0, 468: 16.07, 469: 18.35}",True
467,4226,,,top,,,,,{},False
473,4257,4267,4276,top,227.37,216.0,240.0,64.0,"{473: 0.0, 472: 29.97}",True
472,4269,,,top,,,,,{},False
471,4277,,,top,,,,,{},False
475,4300,,,top,,,,,{},False
478,4302,,,top,,,,,{},False
485,4318,4333,4346,top,154.29,144.0,166.15,40.9,"{485: 0.0, 487: 31.42}",True
483,4322,,,top,,,,,{},False
487,4338,4350,4360,top,196.36,180.0,216.0,86.4,"{485: 31.32, 487: 0.0, 484: 37.19, 493: 40.23}",True
484,4354,,,top,,,,,{},False
493,4357,4369,,top,,,,,{},False
486,4359,,,top,,,,,{},False
492,4373,,,bottom,,,,,{},False
488,4387,,,top,,,,,{},False
495,4396,,,bottom,,,,,{},False
491,4398,,,top,,,,,{},False
502,4423,4441,4461,bottom,113.68,120.0,108.0,-14.4,"{502: 0.0, 500: 35.49, 504: 6.55}",True
500,4430,,,top,,,,,{},False
504,4450,4463,4475,top,172.8,166.15,180.0,27.69,"{502: 10.43, 504: 0.0, 505: 20.86, 503: 14.12}",True
505,4460,,,top,,,,,{},False
503,4468,,,bottom,,,,,{},False
507,4479,4492,4503,top,180.0,166.15,196.36,65.91,{507: 0.0},True
508,4523,,,bottom,,,,,{},False
509,4536,,,top,,,,,{},False
515,4565,4580,4594,top,148.97,144.0,154.29,17.63,"{515: 0.0, 514: 7.59}",True
514,4568,,,top,,,,,{},False
519,4634,4645,4654,top,216.0,196.36,240.0,116.36,{519: 0.0},True
521,4699,,,top,,,,,{},False
523,4725,,,bottom,,,,,{},False
522,4727,,,top,,,,,{},False
524,4751,,,bottom,,,,,{},False
528,4780,,,bottom,,,,,{},False
538,4787,4798,4808,top,205.71,196.36,216.0,47.13,"{538: 0.0, 526: 8.25}",True
526,4790,,,top,,,,,{},False
539,4791,,,top,,,,,{},False
533,4802,,,top,,,,,{},False
541,4820,,,top,,,,,{},False
546,4850,4863,4875,top,172.8,166.15,180.0,27.69,{546: 0.0},True
547,4917,4927,4936,top,227.37,216.0,240.0,64.0,{547: 0.0},True
549,4941,4957,4976,bottom,123.43,135.0,113.68,-26.93,"{549: 0.0, 548: 41.29}",True
548,4944,,,top,,,,,{},False
567,4983,4994,5004,top,205.71,196.36,216.0,47.13,"{567: 0.0, 575: 36.7}",True
575,5000,5011,5022,top,196.36,196.36,196.36,,"{575: 0.0, 567: 37.1, 572: 37.2}",True
572,5004,,,bottom,,,,,{},False
577,5033,5043,5053,top,216.0,216.0,216.0,,{577: 0.0},True
579,5053,,,bottom,,,,,{},False
580,5082,,,bottom,,,,,{},False
581,5088,,,top,,,,,{},False
582,5140,,,top,,,,,{},False
588,5160,,,top,,,,,{},False
593,5168,5179,5190,top,196.36,196.36,196.36,,"{593: 0.0, 591: 30.57}",True
590,5174,,,top,,,,,{},False
591,5181,,,top,,,,,{},False
592,5193,,,top,,,,,{},False
595,5193,5205,5215,top,196.36,180.0,216.0,86.4,"{592: 2.94, 595: 0.0}",True
594,5215,,,top,,,,,{},False
599,5241,,,top,,,,,{},False
601,5243,5254,5264,top,205.71,196.36,216.0,47.13,"{601: 0.0, 603: 15.36}",True
603,5247,5263,5281,bottom,127.06,135.0,120.0,-20.0,"{601: 16.01, 603: 0.0, 608: 9.62}",True
608,5268,5283,5296,top,154.29,144.0,166.15,40.9,"{608: 0.0, 603: 11.15}",True
610,5291,,,bottom,,,,,{},False
614,5295,5308,5323,bottom,154.29,166.15,144.0,-35.45,"{608: 3.13, 614: 0.0, 613: 0.04}",True
613,5295,,,bottom,,,,,{},False
615,5339,,,top,,,,,{},False
616,5348,,,bottom,,,,,{},False
617,5353,,,top,,,,,{},False
618,5385,,,bottom,,,,,{},False
622,5418,5434,5448,top,144.0,135.0,154.29,33.06,"{622: 0.0, 619: 7.31, 627: 12.59}",True
619,5421,,,top,,,,,{},False
627,5432,5447,5465,bottom,130.91,144.0,120.0,-32.0,"{627: 0.0, 622: 12.59, 630: 6.69}",True
620,5433,,,top,,,,,{},False
630,5454,5471,5485,top,139.35,127.06,154.29,46.67,"{627: 8.27, 630: 0.0}",True
639,5494,5507,5518,top,180.0,166.15,196.36,65.91,"{639: 0.0, 632: 42.49, 631: 9.0, 642: 17.07, 633: 18.16, 635: 33.36}",True
632,5497,,,bottom,,,,,{},False
631,5497,,,top,,,,,{},False
642,5501,5518,5533,top,135.0,127.06,144.0,27.11,"{642: 0.0, 639: 17.7, 633: 35.19, 635: 16.54, 647: 9.65}",True
633,5508,,,bottom,,,,,{},False
635,5511,,,top,,,,,{},False
647,5520,5537,5556,bottom,120.0,127.06,113.68,-16.89,"{647: 0.0, 642: 9.63, 648: 7.63, 649: 2.82}",True
648,5549,,,top,,,,,{},False
649,5552,5565,5576,top,180.0,166.15,196.36,65.91,"{647: 5.42, 649: 0.0, 650: 17.86}",True
650,5559,5576,5590,top,139.35,127.06,154.29,46.67,"{650: 0.0, 649: 18.38}",True
651,5590,,,bottom,,,,,{},False
652,5592,5608,5622,top,144.0,135.0,154.29,33.06,"{652: 0.0, 654: 9.5}",True
654,5601,5614,5625,top,180.0,166.15,196.36,65.91,"{652: 9.34, 654: 0.0}",True
653,5624,,,top,,,,,{},False
656,5631,,,top,,,,,{},False
657,5644,,,top,,,,,{},False
659,5646,5657,5668,top,196.36,196.36,196.36,,"{659: 0.0, 660: 2.49, 661: 8.58}",True
660,5649,5658,5667,top,240.0,240.0,240.0,,"{660: 0.0, 659: 2.48, 661: 9.07}",True
658,5651,,,top,,,,,{},False
662,5658,,,bottom,,,,,{},False
661,5658,5674,5691,bottom,130.91,135.0,127.06,-11.21,"{660: 9.71, 659: 9.34, 661: 0.0, 667: 19.27, 663: 17.84}",True
667,5671,5680,5689,top,240.0,240.0,240.0,,"{667: 0.0, 661: 17.4}",True
663,5678,,,top,,,,,{},False
672,5696,,,top,,,,,{},False
677,5699,5709,,top,,,,,{},False
682,5712,5724,5735,top,187.83,180.0,196.36,35.7,"{677: 33.96, 682: 0.0, 675: 39.94, 680: 30.39, 678: 30.76}",True
675,5716,,,bottom,,,,,{},False
680,5720,,,bottom,,,,,{},False
676,5722,,,top,,,,,{},False
678,5726,,,top,,,,,{},False
679,5731,,,top,,,,,{},False
681,5744,,,top,,,,,{},False
683,5749,5762,5773,top,180.0,166.15,196.36,65.91,{683: 0.0},True
684,5797,,,top,,,,,{},False
685,5825,,,top,,,,,{},False
686,5830,,,bottom,,,,,{},False
703,5843,5856,5868,top,172.8,166.15,180.0,27.69,{703: 0.0},True
706,5892,,,top,,,,,{},False
712,5926,,,top,,,,,{},False
716,5934,,,bottom,,,,,{},False
721,5965,,,top,,,,,{},False
722,5977,,,top,,,,,{},False
704,5985,,,bottom,,,,,{},False
730,5998,,,top,,,,,{},False
731,6005,6014,6023,top,240.0,240.0,240.0,,{731: 0.0},True
732,6024,6033,6042,top,240.0,240.0,240.0,,{732: 0.0},True
734,6045,6056,6067,top,196.36,196.36,196.36,,{734: 0.0},True
733,6049,,,top,,,,,{},False
735,6075,,,bottom,,,,,{},False
736,6096,,,top,,,,,{},False
737,6101,,,bottom,,,,,{},False
739,6105,6117,6129,top,180.0,180.0,180.0,,"{739: 0.0, 740: 29.66}",True
740,6119,6135,6149,top,144.0,135.0,154.29,33.06,"{739: 29.97, 740: 0.0, 738: 26.27}",True
738,6132,,,bottom,,,,,{},False
741,6138,,,bottom,,,,,{},False
742,6167,,,top,,,,,{},False
744,6202,6212,,top,,,,,{},False
745,6205,,,bottom,,,,,{},False
743,6210,,,top,,,,,{},False
747,6224,6239,6253,top,148.97,144.0,154.29,17.63,"{747: 0.0, 746: 3.22}",True
746,6226,,,top,,,,,{},False
751,6278,6290,6302,top,180.0,180.0,180.0,,{751: 0.0},True
753,6368,6379,6389,top,205.71,196.36,216.0,47.13,"{753: 0.0, 752: 12.64}",True
752,6384,,,bottom,,,,,{},False
759,6396,6407,,top,,,,,{},False
760,6410,6425,6439,top,148.97,144.0,154.29,17.63,"{760: 0.0, 759: 32.99, 758: 39.68, 768: 28.56}",True
758,6415,,,bottom,,,,,{},False
768,6430,6440,6450,top,216.0,216.0,216.0,,"{768: 0.0, 760: 28.36}",True
770,6462,6475,6487,top,172.8,166.15,180.0,27.69,{770: 0.0},True
771,6515,6531,6544,top,148.97,135.0,166.15,57.51,{771: 0.0},True
773,6547,6558,6568,top,205.71,196.36,216.0,47.13,"{773: 0.0, 774: 11.82}",True
774,6556,6570,,bottom,,,,,{},False
778,6568,6584,,bottom,,,,,{},False
788,6588,6604,6618,top,144.0,135.0,154.29,33.06,"{788: 0.0, 778: 9.19, 781: 15.07, 780: 17.38, 787: 23.61}",True
781,6597,,,top,,,,,{},False
780,6599,,,top,,,,,{},False
783,6603,,,bottom,,,,,{},False
787,6603,,,top,,,,,{},False
790,6609,,,bottom,,,,,{},False
789,6630,,,top,,,,,{},False
792,6631,6649,6671,bottom,108.0,120.0,98.18,-23.8,"{792: 0.0, 791: 36.87, 793: 28.15}",True
791,6638,,,top,,,,,{},False
793,6655,6675,6696,bottom,105.37,108.0,102.86,-5.88,"{793: 0.0, 792: 27.96, 795: 27.45, 794: 34.08, 796: 2.22, 797: 1.33}",True
795,6680,6698,6717,bottom,116.76,120.0,113.68,-7.98,"{795: 0.0, 793: 27.03, 796: 18.68, 797: 16.35, 798: 3.02}",True
794,6683,,,bottom,,,,,{},False
796,6693,6703,6713,top,216.0,216.0,216.0,,"{795: 17.42, 796: 0.0, 793: 5.26, 797: 9.01}",True
797,6694,6709,6721,top,160.0,144.0,180.0,72.0,"{795: 19.43, 793: 2.41, 797: 0.0, 796: 9.37}",True
798,6715,,,top,,,,,{},False
800,6728,,,bottom,,,,,{},False
802,6746,6757,6767,top,205.71,196.36,216.0,47.13,"{802: 0.0, 803: 24.64, 804: 29.39}",True
803,6755,6771,6786,top,139.35,135.0,144.0,14.4,"{803: 0.0, 802: 25.59, 804: 3.18}",True
804,6758,6770,6782,top,180.0,180.0,180.0,,"{803: 2.99, 802: 29.64, 804: 0.0}",True
805,6817,6827,6836,top,227.37,216.0,240.0,64.0,{805: 0.0},True
807,6836,6852,6866,top,144.0,135.0,154.29,33.06,{807: 0.0},True
811,6877,,,top,,,,,{},False
812,6896,,,top,,,,,{},False
813,7031,,,bottom,,,,,{},False
814,7031,7042,,top,,,,,{},False
816,7082,7094,7105,top,187.83,180.0,196.36,35.7,{816: 0.0},True
817,7112,,,top,,,,,{},False
819,7120,7135,7152,bottom,135.0,144.0,127.06,-23.92,"{819: 0.0, 820: 20.18, 821: 11.11}",True
820,7125,7137,7148,top,187.83,180.0,196.36,35.7,"{819: 19.14, 820: 0.0, 818: 22.84, 821: 28.15}",True
818,7137,,,bottom,,,,,{},False
821,7139,7150,,top,,,,,{},False
822,7169,,,top,,,,,{},False
826,7191,,,bottom,,,,,{},False
827,7205,,,bottom,,,,,{},False
831,7209,7220,7231,top,196.36,196.36,196.36,,"{831: 0.0, 828: 41.94, 833: 14.15, 829: 14.96}",True
828,7211,,,bottom,,,,,{},False
833,7216,7229,7242,bottom,166.15,166.15,166.15,,"{833: 0.0, 831: 15.12, 829: 17.67, 832: 31.61}",True
829,7223,,,bottom,,,,,{},False
832,7233,,,bottom,,,,,{},False
835,7246,7266,7287,bottom,105.37,108.0,102.86,-5.88,"{835: 0.0, 838: 7.39, 839: 4.76}",True
836,7274,,,top,,,,,{},False
838,7275,7290,7302,top,160.0,144.0,180.0,72.0,"{838: 0.0, 835: 10.51, 839: 6.6}",True
839,7280,7293,7305,top,172.8,166.15,180.0,27.69,"{838: 6.57, 835: 8.0, 839: 0.0}",True
840,7321,,,top,,,,,{},False
841,7337,,,top,,,,,{},False
842,7340,,,bottom,,,,,{},False
843,7348,,,top,,,,,{},False
844,7425,7436,7446,top,205.71,196.36,216.0,47.13,"{844: 0.0, 845: 37.34}",True
845,7441,7455,7466,top,172.8,154.29,196.36,91.81,"{844: 37.76, 845: 0.0}",True
846,7465,,,bottom,,,,,{},False
848,7468,,,top,,,,,{},False
849,7489,,,bottom,,,,,{},False
850,7518,,,top,,,,,{},False
851,7518,7534,7548,top,144.0,135.0,154.29,33.06,"{851: 0.0, 855: 37.54}",True
855,7543,7555,7566,top,187.83,180.0,196.36,35.7,"{851: 37.44, 855: 0.0, 853: 27.0}",True
853,7552,,,bottom,,,,,{},False
856,7566,7583,7598,top,135.0,127.06,144.0,27.11,{856: 0.0},True
858,7611,,,top,,,,,{},False
867,7624,7641,7655,top,139.35,127.06,154.29,46.67,"{867: 0.0, 866: 42.8}",True
866,7651,,,top,,,,,{},False
871,7659,7677,7692,top,130.91,120.0,144.0,38.4,"{871: 0.0, 869: 13.05, 873: 10.42}",True
869,7669,,,top,,,,,{},False
873,7669,7683,7696,top,160.0,154.29,166.15,21.91,"{871: 10.29, 869: 2.15, 873: 0.0}",True
875,7704,,,top,,,,,{},False
876,7704,7722,7737,top,130.91,120.0,144.0,38.4,"{876: 0.0, 875: 0.08}",True
881,7778,7794,7807,top,148.97,135.0,166.15,57.51,{881: 0.0},True
882,7815,7827,,top,,,,,{},False
883,7821,7831,7841,top,216.0,216.0,216.0,,"{882: 8.82, 883: 0.0}",True
885,7869,7880,7889,top,216.0,196.36,240.0,116.36,{885: 0.0},True
886,7896,7907,,top,,,,,{},False
889,7952,7964,7975,top,187.83,180.0,196.36,35.7,"{890: 2.76, 889: 0.0, 891: 36.22}",True
890,7952,7963,7972,top,216.0,196.36,240.0,116.36,"{890: 0.0, 889: 2.6, 891: 34.69}",True
891,7958,,,bottom,,,,,{},False
888,7974,,,top,,,,,{},False
895,7990,8009,8030,bottom,108.0,113.68,102.86,-12.37,"{895: 0.0, 898: 31.67, 897: 16.25, 900: 39.09}",True
897,8015,,,top,,,,,{},False
898,8016,,,bottom,,,,,{},False
900,8023,,,bottom,,,,,{},False
906,8035,8048,8060,top,172.8,166.15,180.0,27.69,{906: 0.0},True
909,8120,,,top,,,,,{},False
908,8128,,,bottom,,,,,{},False
915,8143,8168,8196,bottom,81.51,86.4,77.14,-7.93,"{915: 0.0, 917: 18.82, 916: 38.93}",True
914,8159,,,top,,,,,{},False
917,8177,,,top,,,,,{},False
916,8187,,,bottom,,,,,{},False
919,8201,8221,8241,bottom,108.0,108.0,108.0,,"{919: 0.0, 918: 36.32, 921: 14.95, 920: 20.98}",True
918,8209,,,top,,,,,{},False
921,8219,8235,8248,top,148.97,135.0,166.15,57.51,"{919: 17.26, 921: 0.0, 920: 5.15}",True
920,8222,,,top,,,,,{},False
928,8282,,,bottom,,,,,{},False
929,8303,,,bottom,,,,,{},False
930,8307,,,bottom,,,,,{},False
932,8321,8332,,top,,,,,{},False
931,8339,,,top,,,,,{},False
933,8349,,,top,,,,,{},False
934,8378,8390,8401,top,187.83,180.0,196.36,35.7,{934: 0.0},True
935,8433,,,top,,,,,{},False
937,8435,8447,8458,top,187.83,180.0,196.36,35.7,"{937: 0.0, 936: 17.42}",True
936,8443,,,top,,,,,{},False
938,8469,8490,8514,bottom,96.0,102.86,90.0,-12.86,"{938: 0.0, 943: 14.23, 939: 15.26, 945: 29.63}",True
943,8493,8509,8522,top,148.97,135.0,166.15,57.51,"{943: 0.0, 938: 15.8, 945: 17.15}",True
939,8498,,,top,,,,,{},False
945,8499,8518,8537,bottom,113.68,113.68,113.68,,"{943: 16.81, 945: 0.0, 938: 29.07, 946: 13.99}",True
946,8525,,,top,,,,,{},False
949,8553,8569,8583,top,144.0,135.0,154.29,33.06,{949: 0.0},True
968,8590,8601,8612,top,196.36,196.36,196.36,,{968: 0.0},True
953,8604,,,top,,,,,{},False
979,8612,,,bottom,,,,,{},False
970,8619,,,top,,,,,{},False
984,8623,8639,8653,top,144.0,135.0,154.29,33.06,"{984: 0.0, 981: 15.37}",True
981,8632,,,top,,,,,{},False
987,8651,,,bottom,,,,,{},False
989,8659,,,bottom,,,,,{},False
997,8664,8679,8695,bottom,139.35,144.0,135.0,-13.5,"{997: 0.0, 1001: 13.5, 1002: 31.16, 999: 11.73, 1000: 43.26}",True
1001,8676,8693,8708,top,135.0,127.06,144.0,27.11,"{997: 14.96, 1001: 0.0, 1002: 16.75, 999: 18.09}",True
1002,8684,8703,8724,bottom,108.0,113.68,102.86,-12.37,"{1002: 0.0, 1001: 16.53, 997: 31.16, 999: 42.44, 1004: 12.31}",True
999,8687,,,top,,,,,{},False
1000,8692,,,bottom,,,,,{},False
1004,8708,8720,8731,top,187.83,180.0,196.36,35.7,"{1002: 14.74, 1004: 0.0}",True
1005,8753,8769,8783,top,144.0,135.0,154.29,33.06,"{1005: 0.0, 1006: 16.19, 1009: 22.76}",True
1006,8763,8779,8793,top,144.0,135.0,154.29,33.06,"{1005: 16.25, 1006: 0.0, 1009: 4.97}",True
1009,8770,8781,,top,,,,,{},False
1020,8794,8806,8817,top,187.83,180.0,196.36,35.7,{1020: 0.0},True
1021,8831,8841,8851,top,216.0,216.0,216.0,,{1021: 0.0},True
1022,8862,8892,8922,bottom,72.0,72.0,72.0,,"{1022: 0.0, 1023: 30.79, 1027: 18.01, 1025: 29.76, 1024: 17.14, 1028: 8.46}",True
1023,8882,,,top,,,,,{},False
1027,8887,8902,8915,top,154.29,144.0,166.15,40.9,"{1027: 0.0, 1022: 17.13, 1025: 31.84, 1024: 22.03, 1028: 43.35}",True
1025,8897,,,bottom,,,,,{},False
1024,8899,,,top,,,,,{},False
1026,8904,,,bottom,,,,,{},False
1028,8911,,,top,,,,,{},False
1029,8935,,,top,,,,,{},False
1031,8949,,,bottom,,,,,{},False
1030,8957,,,top,,,,,{},False
1032,8967,,,top,,,,,{},False
1033,8984,,,top,,,,,{},False
1034,9003,,,top,,,,,{},False
1035,9005,9021,9039,bottom,127.06,135.0,120.0,-20.0,"{1035: 0.0, 1037: 8.33}",True
1037,9028,9041,9054,top,166.15,166.15,166.15,,"{1035: 9.99, 1037: 0.0}",True
1038,9064,,,top,,,,,{},False
1040,9085,,,bottom,,,,,{},False
1039,9090,,,top,,,,,{},False
1041,9106,9133,9161,bottom,78.55,80.0,77.14,-2.45,"{1041: 0.0, 1042: 15.61, 1046: 35.43}",True
1043,9138,,,bottom,,,,,{},False
1042,9142,,,top,,,,,{},False
1046,9148,9176,9203,bottom,78.55,77.14,80.0,2.54,"{1041: 35.11, 1046: 0.0, 1053: 9.15, 1051: 40.67, 1050: 5.69}",True
1044,9151,,,top,,,,,{},False
1049,9185,,,top,,,,,{},False
1053,9189,9203,9215,top,166.15,154.29,180.0,51.43,"{1046: 12.3, 1053: 0.0, 1051: 39.33, 1050: 14.05}",True
1051,9194,,,bottom,,,,,{},False
1050,9196,,,top,,,,,{},False
1075,9227,,,bottom,,,,,{},False
1086,9256,9270,9282,top,166.15,154.29,180.0,51.43,{1086: 0.0},True
1087,9329,,,bottom,,,,,{},False
1088,9345,,,top,,,,,{},False
1089,9368,,,top,,,,,{},False
1090,9403,,,top,,,,,{},False
1093,9428,,,bottom,,,,,{},False
1092,9428,,,top,,,,,{},False
1094,9458,,,bottom,,,,,{},False
1095,9479,,,top,,,,,{},False
1096,9481,,,top,,,,,{},False
1097,9531,,,bottom,,,,,{},False
1098,9583,,,bottom,,,,,{},False
1099,9591,9603,9617,bottom,166.15,180.0,154.29,-44.08,{1099: 0.0},True
1100,9629,,,bottom,,,,,{},False
1102,9667,9678,9689,top,196.36,196.36,196.36,,{1102: 0.0},True
1101,9672,,,top,,,,,{},False
1108,9708,9744,9770,bottom,69.68,60.0,83.08,21.3,"{1108: 0.0, 1111: 19.2, 1115: 2.79}",True
1103,9710,,,bottom,,,,,{},False
1106,9718,,,bottom,,,,,{},False
1111,9725,9742,9757,top,135.0,127.06,144.0,27.11,"{1108: 18.66, 1111: 0.0}",True
1115,9765,9778,9789,top,180.0,166.15,196.36,65.91,"{1108: 7.48, 1115: 0.0, 1117: 16.35, 1114: 25.79, 1119: 30.05}",True
1117,9772,9788,9802,top,144.0,135.0,154.29,33.06,"{1115: 16.63, 1117: 0.0, 1108: 3.38, 1114: 9.19, 1119: 13.15}",True
1114,9777,,,top,,,,,{},False
1119,9781,,,top,,,,,{},False
1116,9790,,,top,,,,,{},False
1118,9807,,,bottom,,,,,{},False
1123,9807,,,bottom,,,,,{},False
1124,9841,9854,9866,top,172.8,166.15,180.0,27.69,{1124: 0.0},True
1125,9861,,,bottom,,,,,{},False
1129,9866,9882,9896,top,144.0,135.0,154.29,33.06,"{1129: 0.0, 1131: 3.92, 1128: 18.59}",True
1131,9872,9883,9893,top,205.71,196.36,216.0,47.13,"{1129: 3.67, 1131: 0.0, 1128: 19.64}",True
1128,9885,,,bottom,,,,,{},False
1137,9905,,,top,,,,,{},False
1139,9924,,,top,,,,,{},False
1140,9930,,,bottom,,,,,{},False
1141,9941,9957,9970,top,148.97,135.0,166.15,57.51,"{1141: 0.0, 1143: 22.29}",True
1143,9957,9969,9979,top,196.36,180.0,216.0,86.4,"{1141: 21.93, 1143: 0.0, 1145: 36.09}",True
1145,9974,9987,9998,top,180.0,166.15,196.36,65.91,"{1143: 36.35, 1145: 0.0, 1144: 30.88}",True
1142,9976,,,top,,,,,{},False
1144,9989,,,top,,,,,{},False
1146,10002,,,top,,,,,{},False
1147,10007,,,bottom,,,,,{},False
1148,10014,,,top,,,,,{},False
1151,10016,10027,10037,top,205.71,196.36,216.0,47.13,"{1151: 0.0, 1150: 9.74}",True
1149,10025,,,top,,,,,{},False
1150,10032,,,bottom,,,,,{},False
1152,10051,,,top,,,,,{},False
1153,10059,10075,10089,top,144.0,135.0,154.29,33.06,"{1153: 0.0, 1157: 4.49, 1158: 28.06}",True
1157,10064,10078,10090,top,166.15,154.29,180.0,51.43,"{1153: 4.37, 1157: 0.0, 1154: 20.59, 1158: 25.27}",True
1155,10077,,,top,,,,,{},False
1154,10079,,,bottom,,,,,{},False
1158,10079,10090,10100,top,205.71,196.36,216.0,47.13,"{1153: 27.84, 1157: 25.2, 1158: 0.0, 1156: 6.23}",True
1156,10082,,,top,,,,,{},False
1160,10112,10126,10138,top,166.15,154.29,180.0,51.43,"{1160: 0.0, 1159: 23.41}",True
1159,10126,,,top,,,,,{},False
1161,10144,10158,10173,top,148.97,154.29,144.0,-16.46,{1161: 0.0},True
1165,10196,10216,10239,bottom,100.47,108.0,93.91,-14.7,"{1165: 0.0, 1167: 19.05, 1164: 19.67}",True
1167,10205,10219,10232,top,160.0,154.29,166.15,21.91,"{1165: 18.25, 1167: 0.0, 1164: 28.07}",True
1164,10220,,,top,,,,,{},False
1169,10238,10256,10275,bottom,116.76,120.0,113.68,-7.98,"{1169: 0.0, 1165: 44.98, 1168: 33.09, 1170: 14.12, 1172: 6.25, 1174: 5.82, 1173: 43.93}",True
1168,10248,,,top,,,,,{},False
1170,10258,10269,10279,top,205.71,196.36,216.0,47.13,"{1169: 18.1, 1170: 0.0, 1172: 18.93, 1174: 19.5, 1173: 12.51}",True
1172,10264,10281,10296,top,135.0,127.06,144.0,27.11,"{1172: 0.0, 1170: 19.42, 1169: 8.58, 1174: 3.67, 1173: 33.61, 1176: 4.78}",True
1174,10266,10279,10291,top,172.8,166.15,180.0,27.69,"{1172: 3.45, 1170: 19.96, 1169: 9.12, 1174: 0.0, 1173: 33.04}",True
1173,10273,,,bottom,,,,,{},False
1176,10290,10305,10321,bottom,139.35,144.0,135.0,-13.5,"{1176: 0.0, 1174: 2.9, 1172: 6.05, 1175: 22.74, 1177: 9.89, 1178: 6.49}",True
1175,10304,,,bottom,,,,,{},False
1177,10310,10321,10331,top,205.71,196.36,216.0,47.13,"{1177: 0.0, 1176: 10.81, 1178: 8.03}",True
1178,10312,10325,10337,top,172.8,166.15,180.0,27.69,"{1177: 8.27, 1178: 0.0, 1176: 7.67}",True
1183,10349,,,bottom,,,,,{},False
1179,10354,,,bottom,,,,,{},False
1181,10355,,,top,,,,,{},False
1190,10358,10375,10389,top,139.35,127.06,154.29,46.67,"{1190: 0.0, 1186: 34.01, 1188: 20.76}",True
1186,10368,,,bottom,,,,,{},False
1188,10376,,,bottom,,,,,{},False
1192,10398,10411,10424,top,166.15,166.15,166.15,,"{1192: 0.0, 1193: 27.98, 1191: 36.01}",True
1193,10413,10426,10439,top,166.15,166.15,166.15,,"{1192: 28.05, 1193: 0.0, 1191: 6.67, 1195: 25.1}",True
1191,10416,,,top,,,,,{},False
1195,10425,10443,10458,top,130.91,120.0,144.0,38.4,"{1193: 25.41, 1195: 0.0}",True
1194,10449,,,top,,,,,{},False
1197,10488,10503,10518,top,144.0,144.0,144.0,,{1197: 0.0},True
1200,10529,,,top,,,,,{},False
1201,10542,,,bottom,,,,,{},False
1203,10560,10572,10583,top,187.83,180.0,196.36,35.7,{1203: 0.0},True
1205,10586,,,bottom,,,,,{},False
1208,10587,10603,10621,bottom,127.06,135.0,120.0,-20.0,"{1208: 0.0, 1206: 37.98, 1204: 7.87, 1207: 24.6, 1209: 6.03}",True
1206,10592,,,top,,,,,{},False
1207,10602,,,top,,,,,{},False
1204,10603,,,top,,,,,{},False
1209,10616,,,top,,,,,{},False
1210,10625,,,bottom,,,,,{},False
1212,10635,10646,,top,,,,,{},False
1211,10645,,,bottom,,,,,{},False
1213,10656,10666,10675,top,227.37,216.0,240.0,64.0,{1213: 0.0},True
1214,10677,10687,10696,top,227.37,216.0,240.0,64.0,"{1214: 0.0, 1215: 17.92}",True
1215,10683,10695,10705,top,196.36,180.0,216.0,86.4,"{1215: 0.0, 1214: 18.43}",True
1217,10721,,,top,,,,,{},False
1220,10761,10773,10784,top,187.83,180.0,196.36,35.7,"{1220: 0.0, 1221: 28.07, 1219: 23.56}",True
1221,10770,,,bottom,,,,,{},False
1219,10771,,,top,,,,,{},False
1238,10797,10812,10826,top,148.97,144.0,154.29,17.63,"{1238: 0.0, 1243: 13.82, 1249: 26.18}",True
1243,10805,10828,10853,bottom,90.0,93.91,86.4,-7.21,"{1238: 14.37, 1243: 0.0, 1249: 39.69, 1228: 32.45, 1234: 24.9, 1259: 8.99, 1252: 15.21}",True
1249,10812,,,top,,,,,{},False
1228,10819,,,top,,,,,{},False
1234,10826,,,top,,,,,{},False
1251,10836,,,top,,,,,{},False
1252,10838,,,top,,,,,{},False
1259,10839,10855,10869,top,144.0,135.0,154.29,33.06,"{1259: 0.0, 1243: 11.43, 1257: 26.89}",True
1257,10854,,,top,,,,,{},False
1262,10877,,,bottom,,,,,{},False
1264,10878,10904,10931,bottom,81.51,83.08,80.0,-2.74,"{1264: 0.0, 1265: 17.16, 1267: 11.43, 1269: 7.5}",True
1265,10882,10892,10901,top,227.37,216.0,240.0,64.0,"{1264: 16.95, 1265: 0.0}",True
1263,10895,,,top,,,,,{},False
1267,10912,10928,10941,top,148.97,135.0,166.15,57.51,"{1264: 15.29, 1267: 0.0, 1269: 10.28, 1273: 35.91, 1274: 3.1, 1275: 40.0}",True
1269,10920,10933,10945,top,172.8,166.15,180.0,27.69,"{1267: 9.85, 1264: 11.9, 1269: 0.0, 1273: 28.74, 1274: 6.4, 1275: 31.98}",True
1273,10935,10949,10961,top,166.15,154.29,180.0,51.43,"{1267: 36.02, 1269: 28.95, 1273: 0.0, 1274: 18.28, 1275: 3.22}",True
1274,10938,10961,10985,bottom,91.91,93.91,90.0,-3.91,"{1267: 2.73, 1274: 0.0, 1269: 5.54, 1275: 19.02, 1273: 17.44}",True
1275,10938,10948,10957,top,227.37,216.0,240.0,64.0,"{1267: 39.36, 1274: 18.99, 1269: 31.85, 1275: 0.0, 1273: 2.97}",True
1276,10975,,,top,,,,,{},False
1277,11016,,,bottom,,,,,{},False
1280,11020,11046,11076,bottom,77.14,83.08,72.0,-8.86,"{1280: 0.0, 1282: 17.39, 1281: 18.21, 1283: 18.31}",True
1278,11027,,,bottom,,,,,{},False
1282,11034,11048,11060,top,166.15,154.29,180.0,51.43,"{1280: 16.66, 1282: 0.0, 1281: 39.46, 1283: 24.36}",True
1279,11035,,,top,,,,,{},False
1281,11038,,,bottom,,,,,{},False
1283,11048,11061,11072,top,180.0,166.15,196.36,65.91,"{1280: 17.22, 1282: 24.4, 1283: 0.0}",True
1284,11099,,,bottom,,,,,{},False
1285,11113,,,top,,,,,{},False
1287,11116,11126,11135,top,227.37,216.0,240.0,64.0,"{1287: 0.0, 1288: 12.33}",True
1288,11123,11136,11149,bottom,166.15,166.15,166.15,,"{1287: 13.2, 1288: 0.0, 1286: 6.43}",True
1286,11126,,,bottom,,,,,{},False
1298,11165,,,bottom,,,,,{},False
1296,11167,,,bottom,,,,,{},False
1299,11189,11214,11242,bottom,81.51,86.4,77.14,-7.93,"{1299: 0.0, 1300: 18.81, 1301: 41.28}",True
1300,11190,11203,11216,top,166.15,166.15,166.15,,"{1299: 18.51, 1300: 0.0}",True
1301,11237,,,bottom,,,,,{},False
1303,11251,,,top,,,,,{},False
1304,11251,,,top,,,,,{},False
1305,11270,,,top,,,,,{},False
1306,11276,,,top,,,,,{},False
1307,11283,,,bottom,,,,,{},False
1308,11298,,,bottom,,,,,{},False
1309,11375,,,top,,,,,{},False
1312,11399,11415,11429,top,144.0,135.0,154.29,33.06,"{1312: 0.0, 1313: 44.76}",True
1313,11426,,,top,,,,,{},False
1314,11467,,,bottom,,,,,{},False
1316,11486,11498,11508,top,196.36,180.0,216.0,86.4,"{1316: 0.0, 1323: 1.58}",True
1323,11506,11518,11532,bottom,166.15,180.0,154.29,-44.08,"{1323: 0.0, 1316: 1.84, 1325: 10.94, 1315: 19.86, 1327: 24.69, 1324: 33.51, 1319: 8.72}",True
1325,11512,11524,11537,bottom,172.8,180.0,166.15,-25.56,"{1323: 10.58, 1325: 0.0, 1315: 30.5, 1327: 14.23, 1324: 23.42, 1319: 19.11, 1331: 43.26}",True
1315,11519,,,top,,,,,{},False
1327,11519,11532,,bottom,,,,,{},False
1324,11524,,,bottom,,,,,{},False
1319,11527,,,top,,,,,{},False
1331,11534,,,bottom,,,,,{},False
1326,11539,,,bottom,,,,,{},False
1339,11554,11566,11577,top,187.83,180.0,196.36,35.7,"{1339: 0.0, 1340: 6.55}",True
1340,11559,11569,11579,top,216.0,216.0,216.0,,"{1340: 0.0, 1339: 6.41, 1343: 42.45}",True
1329,11559,,,top,,,,,{},False
1343,11577,11589,11600,top,187.83,180.0,196.36,35.7,"{1340: 42.8, 1343: 0.0, 1332: 10.74, 1342: 5.04}",True
1332,11581,,,top,,,,,{},False
1342,11597,,,bottom,,,,,{},False
1344,11602,,,bottom,,,,,{},False
1349,11680,,,bottom,,,,,{},False
1350,11692,,,top,,,,,{},False
1353,11745,11760,11774,top,148.97,144.0,154.29,17.63,"{1353: 0.0, 1355: 11.72, 1352: 19.08, 1354: 34.29}",True
1355,11755,11767,11777,top,196.36,180.0,216.0,86.4,"{1353: 11.49, 1355: 0.0, 1352: 4.37, 1354: 23.17}",True
1352,11755,,,top,,,,,{},False
1354,11765,,,top,,,,,{},False
1360,11787,11803,11817,top,144.0,135.0,154.29,33.06,"{1360: 0.0, 1359: 12.0, 1358: 14.1}",True
1359,11795,,,top,,,,,{},False
1358,11796,,,top,,,,,{},False
1362,11829,11843,11855,top,166.15,154.29,180.0,51.43,{1362: 0.0},True
1363,11862,,,bottom,,,,,{},False
1364,11871,,,top,,,,,{},False
1366,11873,11885,11896,top,187.83,180.0,196.36,35.7,"{1366: 0.0, 1365: 24.39}",True
1365,11885,,,bottom,,,,,{},False
1367,11942,11954,,top,,,,,{},False
1368,11969,11980,11990,top,205.71,196.36,216.0,47.13,{1368: 0.0},True
1370,11993,12009,12023,top,144.0,135.0,154.29,33.06,"{1370: 0.0, 1369: 18.43}",True
1369,12004,,,top,,,,,{},False
1376,12060,12073,12084,top,180.0,166.15,196.36,65.91,{1376: 0.0},True
1377,12080,,,bottom,,,,,{},False
1380,12089,12100,12109,top,216.0,196.36,240.0,116.36,{1380: 0.0},True
1378,12109,,,top,,,,,{},False
1381,12127,12138,12148,top,205.71,196.36,216.0,47.13,{1381: 0.0},True
1383,12161,12177,12190,top,148.97,135.0,166.15,57.51,"{1383: 0.0, 1382: 30.65}",True
1382,12179,,,top,,,,,{},False
1385,12199,12214,12228,top,148.97,144.0,154.29,17.63,{1385: 0.0},True
1386,12253,,,top,,,,,{},False
1389,12273,12295,12321,bottom,90.0,98.18,83.08,-13.94,"{1389: 0.0, 1387: 40.07, 1388: 21.68, 1394: 16.99}",True
1387,12278,,,top,,,,,{},False
1388,12297,,,top,,,,,{},False
1394,12300,12312,12322,top,196.36,180.0,216.0,86.4,"{1394: 0.0, 1389: 18.12}",True
1395,12323,,,top,,,,,{},False
1404,12326,12338,12348,top,196.36,180.0,216.0,86.4,"{1404: 0.0, 1405: 21.91, 1399: 30.05, 1406: 12.28}",True
1405,12337,12348,12357,top,216.0,196.36,240.0,116.36,"{1405: 0.0, 1404: 21.96, 1399: 8.13, 1402: 11.78, 1406: 34.32, 1408: 34.63}",True
1399,12340,,,top,,,,,{},False
1402,12342,,,top,,,,,{},False
1406,12343,,,bottom,,,,,{},False
1408,12352,12363,,top,,,,,{},False
1409,12358,12374,12387,top,148.97,135.0,166.15,57.51,"{1408: 18.6, 1409: 0.0}",True
1418,12411,12423,12434,top,187.83,180.0,196.36,35.7,"{1418: 0.0, 1419: 16.42, 1420: 24.99, 1421: 27.17}",True
1419,12417,12432,12445,top,154.29,144.0,166.15,40.9,"{1419: 0.0, 1418: 16.71, 1420: 9.0, 1421: 10.73}",True
1420,12422,,,top,,,,,{},False
1421,12422,12439,12454,top,135.0,127.06,144.0,27.11,"{1419: 10.99, 1418: 27.56, 1420: 0.17, 1421: 0.0}",True
1422,12451,,,bottom,,,,,{},False
1425,12482,,,bottom,,,,,{},False
1424,12482,,,top,,,,,{},False
1427,12491,12507,12520,top,148.97,135.0,166.15,57.51,"{1427: 0.0, 1429: 6.03, 1428: 43.73}",True
1429,12498,12510,12521,top,187.83,180.0,196.36,35.7,"{1429: 0.0, 1427: 5.82, 1428: 41.33}",True
1428,12517,,,top,,,,,{},False
1433,12571,,,top,,,,,{},False
1432,12575,,,top,,,,,{},False
1439,12591,,,bottom,,,,,{},False
1434,12591,,,bottom,,,,,{},False
1435,12601,,,bottom,,,,,{},False
1442,12616,12632,12646,top,144.0,135.0,154.29,33.06,"{1442: 0.0, 1440: 23.03, 1446: 27.29}",True
1440,12630,,,top,,,,,{},False
1446,12636,12647,12657,top,205.71,196.36,216.0,47.13,"{1442: 27.07, 1446: 0.0}",True
1448,12675,12692,12707,top,135.0,127.06,144.0,27.11,"{1448: 0.0, 1449: 5.81, 1450: 2.79, 1447: 34.54, 1452: 30.42}",True
1449,12678,12688,12698,top,216.0,216.0,216.0,,"{1449: 0.0, 1448: 5.51, 1450: 8.36, 1447: 32.33}",True
1450,12678,12694,12708,top,144.0,135.0,154.29,33.06,"{1449: 8.76, 1448: 2.72, 1450: 0.0, 1447: 38.3, 1452: 28.87}",True
1447,12685,,,bottom,,,,,{},False
1452,12697,12712,12725,top,154.29,144.0,166.15,40.9,"{1449: 45.14, 1448: 30.36, 1450: 28.99, 1452: 0.0, 1455: 15.45}",True
1455,12709,12720,12730,top,205.71,196.36,216.0,47.13,"{1455: 0.0, 1452: 14.98}",True
1456,12748,,,bottom,,,,,{},False
1458,12767,,,top,,,,,{},False
1460,12777,12793,12811,bottom,127.06,135.0,120.0,-20.0,"{1460: 0.0, 1461: 19.51}",True
1461,12783,12799,12812,top,148.97,135.0,166.15,57.51,"{1460: 20.37, 1461: 0.0}",True
1463,12849,,,bottom,,,,,{},False
1464,12874,,,top,,,,,{},False
1467,12901,12912,12921,top,216.0,196.36,240.0,116.36,"{1467: 0.0, 1466: 5.63, 1468: 14.15, 1465: 10.96, 1469: 32.86}",True
1466,12902,,,top,,,,,{},False
1468,12905,12921,12935,top,144.0,135.0,154.29,33.06,"{1468: 0.0, 1465: 3.31, 1467: 14.99, 1469: 14.38, 1471: 7.94}",True
1465,12905,,,top,,,,,{},False
1469,12914,12929,12942,top,154.29,144.0,166.15,40.9,"{1468: 14.38, 1467: 33.28, 1469: 0.0, 1471: 14.23}",True
1471,12922,12955,12992,bottom,61.71,65.45,58.38,-4.59,"{1468: 8.15, 1469: 14.0, 1471: 0.0, 1475: 17.21, 1472: 27.25, 1477: 19.13, 1473: 29.81, 1482: 29.02}",True
1475,12956,12971,12985,top,148.97,144.0,154.29,17.63,"{1472: 46.54, 1475: 0.0, 1471: 16.05, 1477: 7.83, 1473: 38.21, 1482: 6.91}",True
1472,12957,,,bottom,,,,,{},False
1477,12960,12976,12990,top,144.0,135.0,154.29,33.06,"{1475: 7.89, 1471: 17.29, 1477: 0.0, 1473: 44.72, 1482: 10.66}",True
1473,12962,,,bottom,,,,,{},False
1482,12977,12991,13008,bottom,139.35,154.29,127.06,-38.44,"{1475: 7.0, 1482: 0.0, 1477: 11.57, 1471: 24.55, 1485: 37.37, 1486: 4.17}",True
1485,13001,13018,13038,bottom,116.76,127.06,108.0,-22.87,"{1485: 0.0, 1482: 37.09, 1486: 22.01, 1484: 16.51, 1488: 6.07, 1489: 5.87}",True
1486,13002,13019,13033,top,139.35,127.06,154.29,46.67,"{1485: 21.34, 1486: 0.0, 1482: 5.01, 1484: 35.2, 1488: 40.3}",True
1484,13024,,,top,,,,,{},False
1488,13029,13042,13054,top,172.8,166.15,180.0,27.69,"{1485: 8.29, 1486: 40.27, 1488: 0.0, 1487: 40.87, 1489: 9.16, 1490: 18.77, 1492: 36.78}",True
1489,13032,,,top,,,,,{},False
1487,13033,,,bottom,,,,,{},False
1490,13038,13053,13066,top,154.29,144.0,166.15,40.9,"{1485: 2.82, 1490: 0.0, 1488: 18.99, 1492: 15.99}",True
1492,13048,13062,13075,top,160.0,154.29,166.15,21.91,"{1488: 37.18, 1492: 0.0, 1490: 15.97, 1491: 4.45}",True
1491,13072,,,bottom,,,,,{},False
1494,13074,13088,13100,top,166.15,154.29,180.0,51.43,"{1492: 45.92, 1494: 0.0, 1495: 39.53}",True
1495,13096,13111,13125,top,148.97,144.0,154.29,17.63,"{1494: 39.7, 1495: 0.0}",True
1499,13138,13152,13164,top,166.15,154.29,180.0,51.43,"{1499: 0.0, 1496: 21.38}",True
1497,13139,,,bottom,,,,,{},False
1496,13149,,,top,,,,,{},False
1498,13154,,,bottom,,,,,{},False
1501,13240,,,bottom,,,,,{},False
1503,13255,,,bottom,,,,,{},False
1505,13298,13308,,top,,,,,{},False
1504,13307,,,top,,,,,{},False
1506,13323,13334,13345,top,196.36,196.36,196.36,,{1506: 0.0},True
1507,13360,,,bottom,,,,,{},False
1509,13392,13403,13413,top,205.71,196.36,216.0,47.13,"{1509: 0.0, 1508: 16.69, 1516: 40.1}",True
1508,13406,,,bottom,,,,,{},False
1516,13410,13426,13439,top,148.97,135.0,166.15,57.51,"{1516: 0.0, 1509: 41.44}",True
1519,13420,,,bottom,,,,,{},False
1513,13438,,,top,,,,,{},False
1520,13514,13524,13534,top,216.0,216.0,216.0,,{1520: 0.0},True
1522,13541,,,bottom,,,,,{},False
1521,13554,,,bottom,,,,,{},False
1523,13647,,,bottom,,,,,{},False
1524,13661,,,top,,,,,{},False
1525,13690,13706,13720,top,144.0,135.0,154.29,33.06,"{1525: 0.0, 1526: 8.99, 1533: 29.72}",True
1526,13695,13712,13727,top,135.0,127.06,144.0,27.11,"{1526: 0.0, 1525: 9.06, 1533: 19.37}",True
1533,13709,13724,13738,top,148.97,144.0,154.29,17.63,"{1525: 29.75, 1526: 19.36, 1533: 0.0}",True
1537,13770,,,bottom,,,,,{},False
1540,13781,,,top,,,,,{},False
1539,13781,13796,13809,top,154.29,144.0,166.15,40.9,"{1540: 0.15, 1539: 0.0, 1538: 10.77}",True
1538,13786,,,top,,,,,{},False
1544,13836,13848,13858,top,196.36,180.0,216.0,86.4,"{1544: 0.0, 1545: 15.76, 1547: 32.34, 1543: 40.67}",True
1545,13842,13857,13870,top,154.29,144.0,166.15,40.9,"{1545: 0.0, 1544: 16.36, 1547: 12.94, 1543: 21.62}",True
1547,13851,13864,13876,top,172.8,166.15,180.0,27.69,"{1545: 12.78, 1544: 32.61, 1547: 0.0, 1543: 6.5}",True
1543,13854,,,top,,,,,{},False
1548,13887,13898,13909,top,196.36,196.36,196.36,,"{1548: 0.0, 1549: 28.72}",True
1549,13899,13916,13931,top,135.0,127.06,144.0,27.11,"{1548: 29.22, 1549: 0.0, 1551: 5.14}",True
1551,13924,13952,13984,bottom,72.0,77.14,67.5,-7.23,"{1551: 0.0, 1549: 4.38, 1553: 15.14, 1552: 16.62, 1555: 42.93, 1554: 1.75, 1557: 1.13}",True
1553,13945,13955,,top,,,,,{},False
1552,13961,,,top,,,,,{},False
1555,13977,,,bottom,,,,,{},False
1554,13981,,,top,,,,,{},False
1557,13981,13997,14011,top,144.0,135.0,154.29,33.06,"{1551: 4.94, 1559: 46.25, 1554: 3.07, 1557: 0.0, 1556: 21.68, 1563: 38.59}",True
1559,13982,,,bottom,,,,,{},False
1556,13994,,,top,,,,,{},False
1563,14007,14019,14029,top,196.36,180.0,216.0,86.4,"{1557: 38.29, 1563: 0.0}",True
1561,14033,,,top,,,,,{},False
1564,14037,14053,14067,top,144.0,135.0,154.29,33.06,"{1564: 0.0, 1565: 18.92}",True
1565,14039,14071,14109,bottom,61.71,67.5,56.84,-6.73,"{1565: 0.0, 1564: 18.11, 1566: 17.91}",True
1566,14068,14084,14097,top,148.97,135.0,166.15,57.51,"{1565: 16.31, 1566: 0.0}",True
1567,14088,,,bottom,,,,,{},False
1568,14092,,,bottom,,,,,{},False
1570,14132,14148,14164,bottom,135.0,135.0,135.0,,"{1570: 0.0, 1569: 17.17}",True
1569,14143,,,bottom,,,,,{},False
1571,14168,,,top,,,,,{},False
1572,14192,,,top,,,,,{},False
1573,14200,14214,14227,bottom,160.0,154.29,166.15,21.91,{1573: 0.0},True
1574,14300,14315,14332,bottom,135.0,144.0,127.06,-23.92,{1574: 0.0},True
1578,14334,14371,14410,bottom,56.84,58.38,55.38,-1.84,"{1578: 0.0, 1575: 3.47, 1576: 37.69, 1579: 15.93, 1577: 30.6, 1581: 22.09, 1580: 26.84, 1584: 18.01}",True
1575,14337,,,bottom,,,,,{},False
1576,14346,,,top,,,,,{},False
1579,14352,14368,14382,top,144.0,135.0,154.29,33.06,"{1578: 15.44, 1579: 0.0, 1577: 11.66, 1580: 13.75, 1581: 34.78, 1584: 36.75}",True
1577,14358,,,top,,,,,{},False
1580,14372,,,bottom,,,,,{},False
1581,14373,,,top,,,,,{},False
1584,14376,14391,14404,top,154.29,144.0,166.15,40.9,"{1579: 36.84, 1578: 17.06, 1584: 0.0}",True
1587,14419,14435,14450,top,139.35,135.0,144.0,14.4,"{1587: 0.0, 1588: 5.91, 1586: 38.18, 1592: 26.69, 1593: 39.16}",True
1588,14420,14432,14442,top,196.36,180.0,216.0,86.4,"{1588: 0.0, 1587: 5.6, 1586: 36.01, 1592: 39.0}",True
1586,14425,,,bottom,,,,,{},False
1592,14438,14450,14461,top,187.83,180.0,196.36,35.7,"{1587: 26.37, 1588: 39.23, 1592: 0.0, 1593: 15.07, 1591: 25.97}",True
1593,14445,14458,14469,top,180.0,166.15,196.36,65.91,"{1587: 39.08, 1593: 0.0, 1592: 15.32, 1591: 39.9}",True
1591,14449,,,bottom,,,,,{},False
1594,14478,,,bottom,,,,,{},False
1596,14497,,,bottom,,,,,{},False
1595,14497,,,top,,,,,{},False
1600,14527,14539,14549,top,196.36,180.0,216.0,86.4,{1600: 0.0},True
1604,14552,14608,14667,bottom,37.57,38.57,36.61,-0.8,"{1604: 0.0, 1601: 44.14, 1603: 43.04, 1605: 29.56, 1611: 14.41, 1612: 18.1}",True
1602,14558,,,bottom,,,,,{},False
1601,14560,,,top,,,,,{},False
1603,14564,,,top,,,,,{},False
1607,14592,,,bottom,,,,,{},False
1605,14592,,,top,,,,,{},False
1608,14603,,,bottom,,,,,{},False
1611,14631,,,top,,,,,{},False
1612,14634,14646,14657,top,187.83,180.0,196.36,35.7,"{1604: 16.98, 1612: 0.0}",True
1619,14667,14684,14698,top,139.35,127.06,154.29,46.67,"{1620: 21.23, 1604: 5.2, 1619: 0.0, 1613: 7.2, 1616: 34.22, 1621: 11.75, 1622: 34.73}",True
1620,14668,14739,14843,bottom,24.69,30.42,20.77,-2.23,"{1620: 0.0, 1604: 46.57, 1619: 19.79, 1613: 46.53, 1622: 15.93, 1624: 14.16, 1628: 13.53, 1623: 22.74, 1626: 19.14, 1629: 16.67, 1635: 17.16, 1634: 11.39, 1637: 42.71, 1638: 16.12}",True
1613,14672,,,top,,,,,{},False
1616,14677,,,bottom,,,,,{},False
1621,14691,,,bottom,,,,,{},False
1622,14691,14704,14716,top,172.8,166.15,180.0,27.69,"{1620: 15.89, 1619: 34.59, 1622: 0.0}",True
1624,14715,14730,14744,top,148.97,144.0,154.29,17.63,"{1620: 13.74, 1622: 45.03, 1624: 0.0, 1628: 18.48, 1623: 40.79}",True
1628,14729,14740,14751,top,196.36,196.36,196.36,,"{1620: 12.78, 1628: 0.0, 1624: 18.29, 1623: 21.85}",True
1623,14738,,,top,,,,,{},False
1633,14751,,,bottom,,,,,{},False
1626,14753,,,top,,,,,{},False
1629,14763,,,top,,,,,{},False
1632,14764,,,bottom,,,,,{},False
1635,14778,14793,14806,top,154.29,144.0,166.15,40.9,"{1620: 15.45, 1635: 0.0, 1634: 14.0}",True
1634,14785,,,top,,,,,{},False
1637,14820,14970,15143,bottom,13.37,14.4,12.49,-0.27,"{1637: 0.0, 1620: 41.82, 1638: 20.9, 1636: 43.4, 1639: 38.95, 1640: 15.57, 1641: 10.91, 1645: 12.68, 1646: 27.75, 1644: 27.2, 1643: 27.07, 1642: 19.84, 1650: 13.77, 1651: 11.56, 1652: 11.72, 1654: 19.18, 1656: 18.42, 1653: 5.52, 1655: 2.85}",True
1638,14821,14836,14849,top,154.29,144.0,166.15,40.9,"{1637: 21.45, 1620: 21.53, 1638: 0.0, 1636: 37.59}",True
1636,14842,,,top,,,,,{},False
1639,14864,,,top,,,,,{},False
1640,14867,14883,14896,top,148.97,135.0,166.15,57.51,"{1637: 15.61, 1640: 0.0}",True
1641,14960,14975,14991,bottom,139.35,144.0,135.0,-13.5,"{1637: 10.27, 1641: 0.0, 1645: 7.12, 1646: 40.81, 1644: 41.42}",True
1645,14980,14996,15009,top,148.97,135.0,166.15,57.51,"{1637: 12.11, 1641: 8.93, 1645: 0.0, 1646: 21.9, 1644: 38.08, 1642: 30.38}",True
1646,14983,15199,15303,bottom,13.5,10.0,20.77,2.49,"{1637: 28.02, 1646: 0.0, 1645: 20.31, 1641: 42.64, 1644: 0.38, 1643: 0.48, 1642: 46.0, 1648: 3.39, 1650: 19.43, 1651: 19.26, 1649: 4.35, 1652: 18.91, 1654: 15.89, 1656: 14.89, 1653: 36.26, 1655: 34.53, 1657: 31.2, 1659: 13.69, 1658: 19.64, 1661: 13.29, 1660: 22.64, 1662: 27.71, 1672: 15.19, 1676: 39.68, 1677: 2.19}",True
1644,14985,,,bottom,,,,,{},False
1643,14992,,,bottom,,,,,{},False
1642,14998,,,top,,,,,{},False
1648,15011,,,bottom,,,,,{},False
1650,15019,15035,15049,top,144.0,135.0,154.29,33.06,"{1637: 13.1, 1646: 19.83, 1650: 0.0, 1651: 13.0, 1649: 25.56, 1652: 4.75}",True
1651,15033,15048,15064,bottom,139.35,144.0,135.0,-13.5,"{1651: 0.0, 1637: 11.46, 1646: 18.41, 1650: 13.07, 1652: 12.72}",True
1649,15033,,,bottom,,,,,{},False
1652,15043,15056,15070,bottom,160.0,166.15,154.29,-20.35,"{1646: 17.42, 1650: 6.12, 1637: 11.78, 1651: 12.36, 1652: 0.0}",True
1654,15101,15114,15125,top,180.0,166.15,196.36,65.91,"{1637: 18.64, 1654: 0.0, 1646: 15.12, 1656: 15.4, 1653: 29.53}",True
1656,15108,15124,15141,bottom,130.91,135.0,127.06,-11.21,"{1656: 0.0, 1646: 13.89, 1654: 14.99, 1637: 18.76, 1653: 35.11, 1655: 17.93}",True
1653,15115,,,top,,,,,{},False
1655,15127,,,top,,,,,{},False
1657,15149,,,top,,,,,{},False
1659,15167,15183,15196,top,148.97,135.0,166.15,57.51,"{1659: 0.0, 1646: 12.45, 1661: 32.94}",True
1658,15174,,,bottom,,,,,{},False
1661,15189,15200,15210,top,205.71,196.36,216.0,47.13,"{1659: 32.56, 1661: 0.0, 1646: 12.07, 1660: 24.89}",True
1660,15199,,,top,,,,,{},False
1662,15217,,,bottom,,,,,{},False
1672,15242,15255,15266,top,180.0,166.15,196.36,65.91,"{1672: 0.0, 1646: 14.26}",True
1676,15267,15385,15494,bottom,19.03,18.31,19.82,0.33,"{1676: 0.0, 1646: 39.74, 1677: 42.28, 1682: 7.24, 1690: 15.49, 1692: 24.31, 1699: 12.98, 1694: 25.48, 1700: 13.84, 1710: 18.37, 1708: 39.35, 1711: 18.3, 1713: 14.24, 1715: 44.7}",True
1677,15300,,,top,,,,,{},False
1682,15307,,,bottom,,,,,{},False
1686,15320,,,top,,,,,{},False
1690,15320,15331,15341,top,205.71,196.36,216.0,47.13,"{1676: 15.52, 1690: 0.0}",True
1692,15383,,,bottom,,,,,{},False
1699,15388,15397,15406,top,240.0,240.0,240.0,,"{1694: 44.23, 1699: 0.0, 1676: 11.47, 1700: 29.54}",True
1694,15389,,,bottom,,,,,{},False
1700,15399,15409,15419,top,216.0,216.0,216.0,,"{1700: 0.0, 1699: 29.88, 1676: 12.34}",True
1710,15449,15462,15474,top,172.8,166.15,180.0,27.69,"{1676: 17.76, 1710: 0.0, 1708: 40.43, 1711: 11.84}",True
1708,15453,,,bottom,,,,,{},False
1711,15456,15468,15478,top,196.36,180.0,216.0,86.4,"{1710: 11.76, 1711: 0.0, 1676: 17.63}",True
1713,15477,15489,15500,top,187.83,180.0,196.36,35.7,"{1711: 44.03, 1713: 0.0, 1676: 21.72, 1715: 18.8}",True
1715,15482,15596,15699,bottom,19.91,18.95,20.97,0.47,"{1715: 0.0, 1713: 16.93, 1676: 44.51, 1718: 7.16, 1719: 15.82, 1721: 13.28, 1728: 17.99, 1724: 11.28, 1729: 20.49}",True
1716,15504,,,bottom,,,,,{},False
1718,15514,,,bottom,,,,,{},False
1719,15525,15536,15546,top,205.71,196.36,216.0,47.13,"{1715: 15.91, 1719: 0.0}",True
1721,15586,15601,15615,top,148.97,144.0,154.29,17.63,"{1715: 12.74, 1721: 0.0, 1720: 17.32}",True
1720,15605,,,bottom,,,,,{},False
1725,15637,,,bottom,,,,,{},False
1724,15648,,,top,,,,,{},False
1728,15648,15664,15678,top,144.0,135.0,154.29,33.06,"{1715: 16.36, 1728: 0.0, 1724: 2.43, 1729: 37.61}",True
1729,15673,15685,15696,top,187.83,180.0,196.36,35.7,"{1728: 37.4, 1715: 19.35, 1729: 0.0}",True
1730,15706,15789,15903,bottom,21.93,26.02,18.95,-1.49,"{1730: 0.0, 1715: 47.57, 1731: 15.32, 1732: 13.2, 1734: 15.27, 1733: 10.59, 1738: 19.47, 1739: 19.75, 1740: 42.95, 1737: 5.88}",True
1731,15739,15754,15768,top,148.97,144.0,154.29,17.63,"{1730: 15.18, 1731: 0.0}",True
1732,15804,15815,15824,top,216.0,196.36,240.0,116.36,"{1730: 12.24, 1732: 0.0}",True
1734,15824,15836,15848,top,180.0,180.0,180.0,,"{1730: 14.33, 1734: 0.0}",True
1733,15850,,,top,,,,,{},False
1735,15860,,,bottom,,,,,{},False
1738,15868,15884,15897,top,148.97,135.0,166.15,57.51,"{1730: 18.57, 1738: 0.0, 1739: 1.83, 1740: 11.8, 1737: 31.47}",True
1739,15871,15884,15896,top,172.8,166.15,180.0,27.69,"{1730: 18.72, 1738: 1.73, 1739: 0.0, 1740: 12.66, 1737: 30.69}",True
1740,15884,16026,16134,bottom,17.28,15.21,20.0,1.06,"{1740: 0.0, 1738: 10.14, 1730: 42.56, 1739: 10.73, 1737: 48.73, 1743: 16.46, 1744: 16.26, 1742: 35.71, 1745: 14.58, 1746: 12.84, 1748: 19.85, 1750: 12.61, 1749: 22.53, 1751: 14.31, 1753: 14.66, 1756: 34.9, 1757: 8.11, 1758: 6.44, 1760: 33.15, 1761: 7.97}",True
1737,15886,,,top,,,,,{},False
1743,15928,15940,15950,top,196.36,180.0,216.0,86.4,"{1740: 16.74, 1743: 0.0, 1744: 5.48}",True
1744,15931,15942,15952,top,205.71,196.36,216.0,47.13,"{1740: 16.51, 1744: 0.0, 1743: 5.45, 1741: 7.17}",True
1741,15934,,,top,,,,,{},False
1742,15955,,,top,,,,,{},False
1745,15957,15973,15986,top,148.97,135.0,166.15,57.51,"{1740: 14.48, 1745: 0.0, 1746: 18.3}",True
1746,15962,15977,15993,bottom,139.35,144.0,135.0,-13.5,"{1740: 11.78, 1746: 0.0, 1745: 19.08}",True
1747,15989,,,top,,,,,{},False
1748,15996,,,bottom,,,,,{},False
1750,16004,16017,,top,,,,,{},False
1749,16031,,,top,,,,,{},False
1751,16040,16056,16070,top,144.0,135.0,154.29,33.06,"{1740: 13.03, 1751: 0.0, 1753: 35.7}",True
1753,16064,16076,16087,top,187.83,180.0,196.36,35.7,"{1751: 35.37, 1740: 13.71, 1753: 0.0, 1756: 10.89}",True
1756,16079,16196,16306,bottom,19.03,18.46,19.64,0.26,"{1740: 34.43, 1756: 0.0, 1753: 8.56, 1757: 42.91, 1758: 41.26, 1760: 14.96, 1761: 15.82, 1764: 14.49, 1765: 26.07, 1767: 13.63, 1768: 11.59, 1773: 14.48}",True
1757,16103,,,top,,,,,{},False
1759,16109,,,bottom,,,,,{},False
1758,16112,,,top,,,,,{},False
1760,16121,16136,16152,bottom,139.35,144.0,135.0,-13.5,"{1756: 13.84, 1740: 21.3, 1761: 22.49, 1760: 0.0, 1764: 13.56, 1763: 45.56}",True
1761,16122,16136,16149,top,160.0,154.29,166.15,21.91,"{1756: 15.86, 1740: 21.89, 1760: 20.88, 1761: 0.0, 1764: 22.96}",True
1764,16137,16148,16158,top,205.71,196.36,216.0,47.13,"{1756: 14.34, 1761: 22.79, 1740: 21.26, 1760: 15.77, 1764: 0.0, 1763: 16.84}",True
1763,16151,,,bottom,,,,,{},False
1765,16207,,,bottom,,,,,{},False
1767,16212,16225,16237,top,172.8,166.15,180.0,27.69,"{1756: 12.84, 1767: 0.0, 1768: 6.3}",True
1768,16229,16244,16260,bottom,139.35,144.0,135.0,-13.5,"{1756: 11.66, 1767: 7.22, 1768: 0.0}",True
1771,16261,,,top,,,,,{},False
1773,16282,16299,16313,top,139.35,127.06,154.29,46.67,"{1756: 20.51, 1773: 0.0}",True
1775,16316,,,top,,,,,{},False
1776,16317,16333,16346,top,148.97,135.0,166.15,57.51,"{1776: 0.0, 1774: 29.06}",True
1774,16328,,,bottom,,,,,{},False
1778,16365,16453,16487,bottom,35.41,24.55,63.53,27.52,"{1778: 0.0, 1780: 9.42, 1783: 12.04, 1777: 27.08, 1785: 48.75, 1795: 36.92, 1794: 16.27, 1793: 12.86, 1797: 12.35, 1796: 45.64}",True
1780,16373,,,bottom,,,,,{},False
1783,16384,16397,16410,top,166.15,166.15,166.15,,"{1783: 0.0, 1780: 20.4, 1778: 11.16, 1777: 7.3, 1779: 34.73}",True
1777,16386,,,top,,,,,{},False
1779,16391,,,bottom,,,,,{},False
1785,16416,,,top,,,,,{},False
1790,16417,,,bottom,,,,,{},False
1792,16457,,,bottom,,,,,{},False
1794,16462,16477,16490,top,154.29,144.0,166.15,40.9,"{1795: 22.29, 1778: 19.2, 1794: 0.0, 1793: 9.84, 1797: 12.34}",True
1795,16463,16557,16614,bottom,28.61,22.98,37.89,6.28,"{1778: 37.92, 1795: 0.0, 1794: 20.79, 1793: 47.29, 1797: 19.92, 1796: 4.99, 1798: 10.93, 1805: 14.66, 1806: 12.28, 1791: 10.01, 1807: 40.78, 1810: 11.86}",True
1793,16467,,,top,,,,,{},False
1797,16472,16484,16494,top,196.36,180.0,216.0,86.4,"{1778: 18.47, 1795: 20.54, 1794: 12.17, 1797: 0.0, 1796: 25.39, 1798: 4.33}",True
1796,16483,,,bottom,,,,,{},False
1798,16489,16524,16559,bottom,61.71,61.71,61.71,,"{1794: 0.52, 1798: 0.0, 1797: 4.16, 1795: 10.04, 1778: 46.99, 1805: 2.97}",True
1799,16528,,,bottom,,,,,{},False
1805,16553,16569,16582,top,148.97,135.0,166.15,57.51,"{1795: 13.98, 1798: 8.66, 1805: 0.0, 1806: 7.31}",True
1806,16572,16588,16604,bottom,135.0,135.0,135.0,,"{1805: 8.18, 1806: 0.0, 1795: 12.2, 1791: 17.76, 1807: 41.87, 1810: 3.22}",True
1791,16587,,,top,,,,,{},False
1810,16599,16611,16622,top,187.83,180.0,196.36,35.7,"{1807: 45.55, 1810: 0.0, 1806: 5.89, 1795: 17.82, 1812: 39.03}",True
1807,16600,,,bottom,,,,,{},False
1812,16618,16630,16641,top,187.83,180.0,196.36,35.7,"{1810: 39.17, 1812: 0.0}",True
1811,16644,,,top,,,,,{},False
1813,16678,16689,16699,top,205.71,196.36,216.0,47.13,"{1813: 0.0, 1814: 9.31, 1809: 18.86}",True
1814,16689,16703,16718,bottom,148.97,154.29,144.0,-16.46,"{1813: 10.08, 1814: 0.0, 1809: 5.64, 1816: 2.96}",True
1809,16691,,,bottom,,,,,{},False
1816,16714,16729,16743,top,148.97,144.0,154.29,17.63,"{1816: 0.0, 1814: 3.86}",True
1815,16729,,,top,,,,,{},False
1818,16744,16796,16849,bottom,41.14,41.54,40.75,-0.35,"{1818: 0.0, 1817: 2.74, 1821: 16.31, 1819: 11.88, 1823: 9.08, 1827: 24.31, 1828: 2.38}",True
1817,16749,,,bottom,,,,,{},False
1821,16760,16775,16789,top,148.97,144.0,154.29,17.63,"{1818: 16.08, 1821: 0.0, 1819: 38.43}",True
1819,16766,,,bottom,,,,,{},False
1823,16789,16803,16817,bottom,154.29,154.29,154.29,,"{1818: 8.76, 1823: 0.0, 1827: 9.05}",True
1827,16792,,,bottom,,,,,{},False
1822,16795,,,top,,,,,{},False
1828,16845,,,top,,,,,{},False
1829,16848,16861,16874,top,166.15,166.15,166.15,,"{1818: 8.49, 1829: 0.0}",True
1834,16874,,,bottom,,,,,{},False
1837,16901,16919,16933,top,135.0,120.0,154.29,58.78,"{1837: 0.0, 1836: 26.9, 1843: 42.02}",True
1836,16915,,,bottom,,,,,{},False
1835,16918,,,top,,,,,{},False
1843,16931,16943,16954,top,187.83,180.0,196.36,35.7,"{1837: 41.99, 1843: 0.0, 1846: 10.57}",True
1846,16943,16958,16974,bottom,139.35,144.0,135.0,-13.5,"{1846: 0.0, 1843: 10.21, 1844: 14.4, 1849: 6.7, 1850: 5.6}",True
1844,16964,,,top,,,,,{},False
1849,16965,16979,16991,top,166.15,154.29,180.0,51.43,"{1849: 0.0, 1846: 8.83, 1850: 1.37, 1852: 38.93}",True
1850,16967,16979,16990,top,187.83,180.0,196.36,35.7,"{1850: 0.0, 1849: 1.26, 1846: 8.32, 1852: 40.56}",True
1852,16987,17001,17014,top,160.0,154.29,166.15,21.91,"{1850: 40.84, 1849: 39.37, 1852: 0.0, 1851: 19.05}",True
1851,17004,,,bottom,,,,,{},False
1855,17030,17078,17131,bottom,42.77,45.0,40.75,-1.92,"{1855: 0.0, 1853: 41.43, 1856: 15.34, 1858: 34.18, 1860: 20.03}",True
1854,17040,,,bottom,,,,,{},False
1853,17042,,,top,,,,,{},False
1856,17051,17063,17074,top,187.83,180.0,196.36,35.7,"{1855: 15.02, 1856: 0.0}",True
1857,17082,,,bottom,,,,,{},False
1858,17098,,,bottom,,,,,{},False
1860,17106,17117,17128,top,196.36,196.36,196.36,,"{1855: 18.79, 1860: 0.0, 1859: 29.21}",True
1859,17115,,,bottom,,,,,{},False
1861,17133,,,bottom,,,,,{},False
1862,17143,,,top,,,,,{},False
1865,17162,17173,17183,top,205.71,196.36,216.0,47.13,"{1865: 0.0, 1863: 25.94, 1867: 24.48}",True
1863,17171,,,bottom,,,,,{},False
1867,17171,17187,17201,top,144.0,135.0,154.29,33.06,"{1863: 46.25, 1867: 0.0, 1865: 25.32, 1866: 44.58, 1868: 41.31}",True
1866,17198,,,top,,,,,{},False
1868,17198,17210,17221,top,187.83,180.0,196.36,35.7,"{1867: 41.26, 1866: 3.29, 1868: 0.0, 1869: 20.76}",True
1869,17200,17279,17382,bottom,23.74,27.34,20.97,-1.48,"{1867: 0.58, 1869: 0.0, 1868: 19.0, 1872: 15.98, 1870: 36.78, 1875: 9.87, 1873: 30.18, 1876: 13.48, 1879: 12.16, 1882: 13.61, 1883: 10.18, 1884: 28.31, 1888: 15.81, 1889: 42.59}",True
1872,17226,17239,17250,top,180.0,166.15,196.36,65.91,"{1869: 15.98, 1872: 0.0, 1870: 16.11}",True
1870,17233,,,top,,,,,{},False
1875,17252,17268,17284,bottom,135.0,135.0,135.0,,"{1869: 9.11, 1875: 0.0, 1873: 43.44, 1874: 12.76, 1876: 13.06, 1879: 7.47}",True
1873,17253,,,top,,,,,{},False
1874,17260,,,bottom,,,,,{},False
1876,17266,17280,17292,top,166.15,154.29,180.0,51.43,"{1869: 12.37, 1875: 15.03, 1876: 0.0, 1879: 15.51, 1882: 27.66, 1883: 7.27}",True
1879,17275,,17305,top,144.0,,,,{},True
1882,17283,17294,17303,top,216.0,196.36,240.0,116.36,"{1883: 19.35, 1882: 0.0, 1869: 12.39, 1875: 3.26, 1876: 27.21, 1879: 4.24, 1884: 26.09}",True
1883,17284,17300,17317,bottom,130.91,135.0,127.06,-11.21,"{1869: 9.47, 1883: 0.0, 1882: 18.49, 1875: 45.55, 1876: 7.82, 1879: 15.56, 1884: 15.34, 1888: 4.95}",True
1884,17292,,,bottom,,,,,{},False
1887,17300,,,bottom,,,,,{},False
1888,17310,17323,17336,top,166.15,166.15,166.15,,"{1869: 14.92, 1888: 0.0, 1883: 6.51}",True
1889,17363,,,bottom,,,,,{},False
1893,17413,17425,17436,top,187.83,180.0,196.36,35.7,"{1893: 0.0, 1892: 31.2, 1891: 33.2}",True
1892,17427,,,top,,,,,{},False
1891,17429,,,top,,,,,{},False
1896,17447,17460,17472,top,172.8,166.15,180.0,27.69,"{1896: 0.0, 1895: 15.8}",True
1895,17464,,,bottom,,,,,{},False
1897,17500,,,top,,,,,{},False
1899,17558,,,bottom,,,,,{},False
1903,17569,17657,18574,bottom,4.3,24.55,2.36,-0.58,"{1903: 0.0, 1904: 18.22, 1900: 44.5, 1901: 43.4, 1909: 14.12, 1910: 26.26, 1907: 26.45, 1912: 10.94, 1911: 28.06, 1914: 14.22, 1917: 35.56, 1918: 12.77, 1920: 17.38, 1922: 16.25, 1921: 11.31, 1932: 15.21, 1933: 15.24, 1936: 14.9, 1938: 12.57, 1944: 15.06, 1943: 36.05, 1948: 36.41, 1951: 14.98, 1952: 36.18, 1954: 15.24, 1955: 11.63, 1956: 15.37, 1957: 15.0, 1958: 11.77, 1959: 35.5, 1961: 15.69, 1962: 14.25, 1963: 15.2, 1965: 15.62, 1966: 12.54, 1973: 15.14, 1967: 35.41, 1974: 14.46, 1976: 14.88, 1977: 15.27, 1980: 15.44, 1981: 6.22}",True
1904,17578,17589,17599,top,205.71,196.36,216.0,47.13,"{1903: 18.58, 1904: 0.0, 1900: 8.17, 1902: 38.21, 1901: 14.89}",True
1900,17580,,,top,,,,,{},False
1902,17582,,,bottom,,,,,{},False
1901,17583,,,top,,,,,{},False
1905,17601,,,top,,,,,{},False
1909,17614,17630,17644,top,144.0,135.0,154.29,33.06,"{1903: 13.56, 1909: 0.0, 1910: 40.62, 1907: 43.96}",True
1908,17634,,,bottom,,,,,{},False
1910,17639,,,top,,,,,{},False
1907,17641,,,top,,,,,{},False
1912,17670,17685,17702,bottom,135.0,144.0,127.06,-23.92,"{1903: 10.57, 1912: 0.0, 1911: 15.82, 1913: 44.46}",True
1911,17680,,,bottom,,,,,{},False
1913,17700,,,bottom,,,,,{},False
1914,17710,17725,17738,top,154.29,144.0,166.15,40.9,"{1903: 12.81, 1914: 0.0}",True
1917,17741,18700,18786,bottom,4.13,2.25,25.12,6.38,"{1917: 0.0, 1903: 35.74, 1918: 47.64, 1920: 22.16, 1922: 22.55, 1921: 47.09, 1932: 21.98, 1933: 23.45, 1936: 22.12, 1938: 47.72, 1944: 22.64, 1951: 22.16, 1954: 22.38, 1955: 46.76, 1956: 22.37, 1957: 22.63, 1958: 47.07, 1961: 21.38, 1962: 25.33, 1963: 22.36, 1965: 21.54, 1966: 47.48, 1973: 22.22, 1967: 0.69, 1974: 24.6, 1976: 22.21, 1977: 22.07, 1980: 22.43, 1981: 47.47, 1983: 19.93, 1982: 4.3, 1987: 16.82, 1990: 14.16, 1996: 15.07, 1992: 12.99, 1993: 12.38, 1998: 19.03, 1997: 6.72, 1999: 4.68}",True
1918,17791,,,top,,,,,{},False
1920,17806,17822,17836,top,144.0,135.0,154.29,33.06,"{1920: 0.0, 1903: 16.74, 1917: 22.19, 1922: 19.42}",True
1919,17812,,,top,,,,,{},False
1922,17821,17832,17842,top,205.71,196.36,216.0,47.13,"{1920: 19.14, 1917: 23.67, 1903: 15.29, 1922: 0.0}",True
1923,17854,,,top,,,,,{},False
1921,17859,,,top,,,,,{},False
1932,17868,17885,17900,top,135.0,127.06,144.0,27.11,"{1917: 23.34, 1932: 0.0, 1903: 14.06, 1933: 8.24, 1936: 38.5}",True
1933,17887,17909,17929,bottom,102.86,98.18,108.0,11.78,"{1932: 9.01, 1917: 21.75, 1903: 15.51, 1933: 0.0, 1936: 18.72, 1939: 42.65}",True
1931,17889,,,top,,,,,{},False
1936,17896,17908,,top,,,,,{},False
1937,17920,,,top,,,,,{},False
1939,17925,,,bottom,,,,,{},False
1938,17928,,,top,,,,,{},False
1944,17936,17954,17969,top,130.91,120.0,144.0,38.4,"{1917: 23.3, 1903: 14.39, 1944: 0.0, 1943: 22.21}",True
1943,17954,,,bottom,,,,,{},False
1948,17987,,,bottom,,,,,{},False
1950,17998,,,bottom,,,,,{},False
1949,18004,,,top,,,,,{},False
1951,18022,18033,18043,top,205.71,196.36,216.0,47.13,"{1917: 23.25, 1903: 13.95, 1951: 0.0}",True
1952,18049,,,bottom,,,,,{},False
1954,18064,18075,18085,top,205.71,196.36,216.0,47.13,"{1917: 23.47, 1903: 14.2, 1954: 0.0}",True
1955,18097,,,top,,,,,{},False
1956,18114,18131,18146,top,135.0,127.06,144.0,27.11,"{1917: 23.05, 1903: 14.69, 1956: 0.0, 1957: 4.99}",True
1957,18120,18134,18146,top,166.15,154.29,180.0,51.43,"{1917: 23.51, 1903: 14.17, 1957: 0.0, 1956: 4.86}",True
1958,18189,,,top,,,,,{},False
1959,18199,,,bottom,,,,,{},False
1961,18243,18252,18261,top,240.0,240.0,240.0,,"{1917: 22.52, 1903: 14.43, 1961: 0.0}",True
1962,18282,18296,18312,bottom,144.0,154.29,135.0,-28.93,"{1917: 23.83, 1903: 14.44, 1962: 0.0, 1963: 18.74}",True
1963,18287,18303,18318,top,139.35,135.0,144.0,14.4,"{1917: 23.05, 1903: 14.48, 1963: 0.0, 1962: 19.61}",True
1965,18327,18336,18345,top,240.0,240.0,240.0,,"{1917: 22.71, 1903: 14.38, 1965: 0.0}",True
1966,18373,,,top,,,,,{},False
1969,18392,,,bottom,,,,,{},False
1973,18395,18406,18415,top,216.0,196.36,240.0,116.36,"{1917: 23.34, 1903: 14.04, 1973: 0.0, 1967: 38.04, 1971: 5.68}",True
1967,18399,,,bottom,,,,,{},False
1971,18413,,,bottom,,,,,{},False
1974,18414,18434,18454,bottom,108.0,108.0,108.0,,"{1917: 22.93, 1903: 14.64, 1973: 1.7, 1974: 0.0, 1976: 19.18, 1975: 39.85}",True
1976,18431,18442,18453,top,196.36,196.36,196.36,,"{1917: 23.22, 1903: 13.92, 1974: 17.95, 1976: 0.0, 1975: 8.7}",True
1975,18449,,,bottom,,,,,{},False
1977,18460,18472,18484,top,180.0,180.0,180.0,,"{1917: 23.0, 1903: 14.39, 1977: 0.0}",True
1980,18488,18500,18510,top,196.36,180.0,216.0,86.4,"{1917: 23.49, 1903: 14.43, 1978: 43.77, 1980: 0.0}",True
1978,18489,,,bottom,,,,,{},False
1979,18508,,,top,,,,,{},False
1981,18549,,,top,,,,,{},False
1983,18589,18599,18608,top,227.37,216.0,240.0,64.0,"{1917: 20.77, 1983: 0.0, 1982: 17.19}",True
1982,18601,,,bottom,,,,,{},False
1984,18618,,,top,,,,,{},False
1987,18618,18629,,top,,,,,{},False
1986,18628,,,bottom,,,,,{},False
1990,18652,18663,18674,top,196.36,196.36,196.36,,"{1917: 13.96, 1990: 0.0}",True
1996,18728,18744,,bottom,,,,,{},False
1992,18732,,,top,,,,,{},False
1993,18739,,,top,,,,,{},False
1998,18745,18760,18773,top,154.29,144.0,166.15,40.9,"{1917: 17.24, 1998: 0.0, 1996: 9.93, 1997: 28.84}",True
1997,18761,,,top,,,,,{},False
1999,18774,,,top,,,,,{},False
2001,18788,18797,18805,top,254.12,240.0,270.0,90.0,"{1917: 13.98, 2001: 0.0}",True
2002,18806,18817,18827,top,205.71,196.36,216.0,47.13,{2002: 0.0},True
2003,18834,,,top,,,,,{},False
2004,18841,18949,19086,bottom,17.63,20.0,15.77,-0.74,"{2004: 0.0, 2005: 9.35, 2006: 9.88, 2008: 14.74, 2013: 10.19, 2014: 18.86, 2016: 1.56}",True
2005,18876,,,bottom,,,,,{},False
2006,18914,18937,18959,bottom,96.0,93.91,98.18,4.66,"{2004: 9.16, 2006: 0.0}",True
2008,18978,18994,19007,top,148.97,135.0,166.15,57.51,"{2004: 13.33, 2008: 0.0}",True
2007,18994,,,top,,,,,{},False
2013,19028,,,top,,,,,{},False
2014,19036,19052,19067,top,139.35,135.0,144.0,14.4,"{2004: 18.04, 2014: 0.0}",True
2015,19060,,,bottom,,,,,{},False
2016,19082,19096,19108,top,166.15,154.29,180.0,51.43,"{2004: 19.39, 2016: 0.0, 2017: 18.74}",True
2017,19088,19204,19168,bottom,54.0,,,,{},True
2019,19130,19141,19150,top,216.0,196.36,240.0,116.36,"{2017: 15.48, 2019: 0.0}",True
2018,19146,,,top,,,,,{},False
2020,19170,19189,19211,bottom,105.37,113.68,98.18,-16.91,"{2020: 0.0, 2017: 10.1}",True
2021,19220,,,top,,,,,{},False
2023,19253,19265,19278,bottom,172.8,180.0,166.15,-25.56,"{2017: 12.99, 2023: 0.0, 2025: 20.63}",True
2025,19258,19268,19278,top,216.0,216.0,216.0,,"{2017: 15.14, 2025: 0.0, 2023: 19.86}",True
2028,19286,,,bottom,,,,,{},False
2030,19319,,,bottom,,,,,{},False
2034,19331,,,top,,,,,{},False
2031,19336,,,top,,,,,{},False
2033,19348,,,bottom,,,,,{},False
2032,19349,,,top,,,,,{},False
2035,19364,,,top,,,,,{},False
2043,19373,19387,19400,top,160.0,154.29,166.15,21.91,"{2043: 0.0, 2041: 39.93, 2038: 40.73, 2036: 14.97, 2039: 29.69, 2046: 8.32}",True
2041,19376,,,bottom,,,,,{},False
2038,19377,,,bottom,,,,,{},False
2036,19381,,,top,,,,,{},False
2039,19384,,,bottom,,,,,{},False
2046,19393,19521,19615,bottom,19.46,16.88,22.98,1.56,"{2046: 0.0, 2043: 6.31, 2049: 13.56, 2050: 26.52, 2052: 10.94, 2051: 28.25, 2055: 32.22, 2053: 11.34}",True
2045,19401,,,bottom,,,,,{},False
2047,19457,,,top,,,,,{},False
2048,19464,,,bottom,,,,,{},False
2049,19467,19479,19490,top,187.83,180.0,196.36,35.7,"{2046: 13.28, 2049: 0.0}",True
2050,19501,,,top,,,,,{},False
2052,19535,19553,19573,bottom,113.68,120.0,108.0,-14.4,"{2046: 10.33, 2052: 0.0, 2051: 6.78}",True
2051,19539,,,bottom,,,,,{},False
2055,19591,,,bottom,,,,,{},False
2054,19600,,,bottom,,,,,{},False
2053,19600,,,top,,,,,{},False
2056,19624,,,bottom,,,,,{},False
2058,19626,19647,19670,bottom,98.18,102.86,93.91,-9.33,"{2058: 0.0, 2057: 36.68, 2046: 8.81}",True
2057,19634,,,top,,,,,{},False
2059,19674,,,top,,,,,{},False
2062,19683,19705,19727,bottom,98.18,98.18,98.18,,"{2046: 19.3, 2062: 0.0, 2063: 18.31, 2069: 31.5, 2060: 24.0, 2075: 6.44, 2067: 8.2, 2070: 41.74}",True
2064,19686,,,top,,,,,{},False
2063,19686,19698,19709,top,187.83,180.0,196.36,35.7,"{2046: 20.53, 2062: 17.79, 2063: 0.0, 2069: 11.96, 2060: 37.77}",True
2069,19698,20595,20717,bottom,4.24,2.41,17.7,3.01,"{2069: 0.0, 2046: 31.63, 2063: 9.69, 2062: 33.3, 2060: 48.52, 2075: 21.02, 2078: 42.46, 2082: 36.52, 2083: 35.72, 2084: 16.05, 2085: 35.89, 2089: 15.79, 2088: 35.88, 2090: 35.73, 2092: 14.42, 2096: 35.97, 2094: 35.22, 2103: 14.0, 2104: 14.4, 2105: 14.26, 2106: 15.68, 2107: 14.4, 2111: 14.62, 2122: 14.26, 2123: 14.47, 2126: 14.88, 2120: 35.57, 2136: 14.9, 2137: 14.14, 2139: 14.24, 2140: 14.32, 2142: 35.56, 2145: 14.11, 2148: 12.93, 2147: 31.58, 2151: 10.66, 2152: 12.51, 2153: 12.91, 2154: 12.63, 2155: 12.6, 2156: 12.23, 2162: 14.32, 2161: 17.95, 2164: 15.73, 2166: 17.29, 2168: 18.8, 2170: 38.71, 2165: 37.56, 2171: 18.64, 2169: 5.44, 2173: 4.23}",True
2060,19703,,,top,,,,,{},False
2075,19719,19730,19739,top,216.0,196.36,240.0,116.36,"{2069: 21.98, 2046: 18.56, 2075: 0.0, 2062: 10.44, 2070: 40.85}",True
2067,19720,,,top,,,,,{},False
2070,19722,,,bottom,,,,,{},False
2080,19739,,,bottom,,,,,{},False
2077,19745,,,bottom,,,,,{},False
2078,19754,,,top,,,,,{},False
2081,19795,,,top,,,,,{},False
2082,19827,,,top,,,,,{},False
2083,19863,,,top,,,,,{},False
2084,19918,19934,19951,bottom,130.91,135.0,127.06,-11.21,"{2069: 14.31, 2046: 18.96, 2084: 0.0}",True
2085,19969,,,top,,,,,{},False
2089,19986,20003,20021,bottom,123.43,127.06,120.0,-9.41,"{2069: 14.13, 2046: 18.63, 2089: 0.0, 2088: 27.45}",True
2086,19988,,,bottom,,,,,{},False
2088,20000,,,top,,,,,{},False
2090,20031,,,top,,,,,{},False
2092,20046,20062,20076,top,144.0,135.0,154.29,33.06,"{2069: 14.46, 2046: 18.68, 2092: 0.0}",True
2096,20085,,,top,,,,,{},False
2094,20090,,,top,,,,,{},False
2100,20091,,,bottom,,,,,{},False
2103,20107,20117,20127,top,216.0,216.0,216.0,,"{2069: 14.09, 2046: 18.95, 2103: 0.0}",True
2104,20130,20141,20151,top,205.71,196.36,216.0,47.13,"{2069: 14.42, 2046: 19.3, 2104: 0.0, 2105: 18.29}",True
2105,20137,20150,20162,top,172.8,166.15,180.0,27.69,"{2069: 14.35, 2046: 18.79, 2105: 0.0, 2104: 18.83, 2106: 6.1, 2107: 35.53}",True
2106,20154,20172,20191,bottom,116.76,120.0,113.68,-7.98,"{2069: 14.6, 2046: 19.05, 2105: 6.74, 2106: 0.0, 2107: 21.11, 2111: 6.81}",True
2107,20156,20169,20182,top,166.15,166.15,166.15,,"{2069: 14.44, 2046: 19.92, 2105: 35.71, 2107: 0.0, 2106: 19.56}",True
2111,20181,20196,20208,top,160.0,144.0,180.0,72.0,"{2107: 46.55, 2069: 14.79, 2046: 18.16, 2111: 0.0, 2106: 8.2}",True
2114,20230,,,top,,,,,{},False
2115,20241,,,bottom,,,,,{},False
2122,20243,20255,20265,top,196.36,180.0,216.0,86.4,"{2069: 14.35, 2046: 18.61, 2122: 0.0, 2123: 18.8}",True
2123,20251,20264,20276,top,172.8,166.15,180.0,27.69,"{2069: 14.57, 2046: 18.49, 2122: 18.99, 2123: 0.0, 2126: 28.72}",True
2126,20265,20282,20297,top,135.0,127.06,144.0,27.11,"{2069: 14.95, 2046: 18.55, 2123: 29.03, 2126: 0.0, 2120: 19.25}",True
2120,20277,,,top,,,,,{},False
2136,20326,20342,20356,top,144.0,135.0,154.29,33.06,"{2069: 14.41, 2046: 18.91, 2136: 0.0}",True
2137,20355,20370,20383,top,154.29,144.0,166.15,40.9,"{2136: 44.0, 2069: 14.22, 2046: 19.11, 2137: 0.0, 2139: 32.93}",True
2139,20376,20387,20397,top,205.71,196.36,216.0,47.13,"{2069: 14.34, 2137: 32.8, 2046: 19.1, 2139: 0.0, 2140: 19.82}",True
2140,20383,20399,20414,top,139.35,135.0,144.0,14.4,"{2069: 14.38, 2046: 19.67, 2140: 0.0, 2139: 20.29}",True
2141,20412,,,top,,,,,{},False
2143,20437,,,bottom,,,,,{},False
2142,20438,,,top,,,,,{},False
2144,20450,,,bottom,,,,,{},False
2145,20452,20468,20482,top,144.0,135.0,154.29,33.06,"{2069: 14.12, 2046: 20.97, 2145: 0.0}",True
2146,20500,,,bottom,,,,,{},False
2148,20501,20512,,top,,,,,{},False
2147,20513,,,top,,,,,{},False
2150,20521,,,bottom,,,,,{},False
2151,20524,20534,20544,top,216.0,216.0,216.0,,"{2069: 10.21, 2151: 0.0, 2152: 11.76}",True
2152,20532,20545,20560,bottom,154.29,166.15,144.0,-35.45,"{2069: 11.49, 2152: 0.0, 2151: 12.65, 2153: 4.31, 2154: 3.57, 2155: 1.16}",True
2153,20553,20570,20584,top,139.35,127.06,154.29,46.67,"{2069: 12.56, 2153: 0.0, 2152: 5.77, 2154: 4.86, 2155: 6.98, 2156: 10.84}",True
2154,20556,20567,20577,top,205.71,196.36,216.0,47.13,"{2069: 12.09, 2154: 0.0, 2153: 4.49, 2152: 5.5, 2155: 11.87, 2156: 19.3}",True
2155,20559,20574,20587,top,154.29,144.0,166.15,40.9,"{2069: 11.74, 2153: 6.91, 2155: 0.0, 2154: 12.26, 2152: 2.74, 2156: 3.67}",True
2156,20564,20576,20586,top,196.36,180.0,216.0,86.4,"{2069: 11.7, 2153: 10.57, 2155: 3.75, 2154: 19.46, 2156: 0.0}",True
2162,20625,20641,20655,top,144.0,135.0,154.29,33.06,"{2069: 13.62, 2162: 0.0, 2161: 17.28}",True
2161,20635,,,top,,,,,{},False
2163,20652,,,bottom,,,,,{},False
2164,20657,20668,20678,top,205.71,196.36,216.0,47.13,"{2069: 14.6, 2164: 0.0, 2166: 12.68, 2168: 22.71, 2170: 12.25, 2165: 20.37}",True
2166,20662,20675,20687,top,172.8,166.15,180.0,27.69,"{2069: 16.3, 2164: 12.92, 2166: 0.0, 2168: 10.94, 2170: 17.2, 2165: 33.05, 2171: 29.5}",True
2168,20666,20682,20697,top,139.35,135.0,144.0,14.4,"{2069: 18.03, 2168: 0.0, 2164: 23.52, 2166: 11.28, 2170: 20.03, 2165: 42.29, 2171: 14.51}",True
2170,20669,20819,20906,bottom,18.23,14.4,24.83,2.88,"{2069: 39.24, 2170: 0.0, 2165: 0.97, 2166: 15.48, 2164: 9.88, 2168: 18.59, 2171: 21.14, 2169: 43.72, 2173: 19.27, 2174: 36.54, 2176: 16.45, 2180: 12.18, 2178: 24.98, 2181: 13.52, 2182: 14.58, 2184: 17.0, 2185: 15.59}",True
2165,20669,,,bottom,,,,,{},False
2171,20678,20690,20701,top,187.83,180.0,196.36,35.7,"{2069: 17.56, 2170: 21.9, 2166: 29.58, 2171: 0.0, 2168: 14.23, 2169: 44.57}",True
2172,20687,,,bottom,,,,,{},False
2169,20698,,,top,,,,,{},False
2173,20709,20725,20739,top,144.0,135.0,154.29,33.06,"{2069: 17.43, 2170: 19.55, 2173: 0.0}",True
2174,20738,,,top,,,,,{},False
2176,20770,,,bottom,,,,,{},False
2179,20795,,,bottom,,,,,{},False
2180,20797,20810,20821,top,180.0,166.15,196.36,65.91,"{2170: 11.6, 2180: 0.0, 2178: 10.35, 2181: 27.31}",True
2178,20801,,,top,,,,,{},False
2181,20812,20822,20832,top,216.0,216.0,216.0,,"{2170: 12.65, 2180: 27.26, 2181: 0.0}",True
2182,20846,,,top,,,,,{},False
2184,20851,20867,20881,top,144.0,135.0,154.29,33.06,"{2170: 16.22, 2184: 0.0, 2185: 10.83}",True
2185,20856,20875,,top,,,,,{},False
2198,20921,20934,20946,top,172.8,166.15,180.0,27.69,"{2198: 0.0, 2200: 19.58, 2194: 34.31}",True
2200,20926,21035,21184,bottom,16.74,19.82,14.5,-0.86,"{2200: 0.0, 2198: 17.8, 2205: 17.59, 2197: 41.93, 2201: 40.5, 2206: 31.19, 2209: 19.13, 2211: 16.01, 2215: 21.03, 2219: 21.16, 2217: 1.73}",True
2194,20929,,,bottom,,,,,{},False
2205,20949,20965,20979,top,144.0,135.0,154.29,33.06,"{2200: 17.91, 2205: 0.0, 2197: 9.22, 2201: 17.43}",True
2197,20954,,,top,,,,,{},False
2201,20959,,,top,,,,,{},False
2207,20979,,,bottom,,,,,{},False
2208,20996,,,bottom,,,,,{},False
2206,20998,,,top,,,,,{},False
2209,21008,,,bottom,,,,,{},False
2210,21022,,,top,,,,,{},False
2211,21076,,,top,,,,,{},False
2212,21079,,,bottom,,,,,{},False
2215,21143,21159,21173,top,144.0,135.0,154.29,33.06,"{2200: 19.35, 2215: 0.0, 2219: 9.37}",True
2219,21154,21165,,top,,,,,{},False
2217,21175,,,top,,,,,{},False
2221,21193,21344,21510,bottom,13.63,14.3,13.01,-0.19,"{2221: 0.0, 2200: 48.61, 2222: 19.62, 2225: 15.65, 2226: 13.61, 2228: 12.94, 2230: 12.96, 2231: 12.34, 2233: 9.24, 2234: 10.48, 2238: 12.82, 2244: 10.71, 2251: 13.34, 2253: 15.29, 2255: 16.29, 2257: 37.52, 2259: 18.13, 2256: 8.62, 2268: 20.04, 2258: 7.27, 2269: 17.55}",True
2222,21209,21225,21239,top,144.0,135.0,154.29,33.06,"{2221: 20.53, 2222: 0.0}",True
2220,21212,,,bottom,,,,,{},False
2225,21257,21275,21290,top,130.91,120.0,144.0,38.4,"{2221: 15.66, 2224: 45.72, 2225: 0.0, 2223: 41.1, 2226: 14.13}",True
2224,21258,,,bottom,,,,,{},False
2223,21261,,,bottom,,,,,{},False
2226,21269,21286,21304,bottom,123.43,127.06,120.0,-9.41,"{2221: 12.23, 2225: 14.84, 2226: 0.0, 2228: 4.79}",True
2228,21298,21309,21319,top,205.71,196.36,216.0,47.13,"{2221: 12.56, 2228: 0.0, 2226: 8.52, 2230: 25.78, 2231: 37.39}",True
2230,21309,21322,21333,top,180.0,166.15,196.36,65.91,"{2221: 12.49, 2230: 0.0, 2228: 26.07, 2231: 8.67}",True
2231,21315,21326,,top,,,,,{},False
2233,21332,21350,,bottom,,,,,{},False
2234,21339,21357,21377,bottom,113.68,120.0,108.0,-14.4,"{2221: 10.04, 2233: 9.17, 2234: 0.0, 2232: 37.11, 2238: 18.48, 2244: 36.71}",True
2232,21346,,,top,,,,,{},False
2238,21351,21362,21371,top,216.0,196.36,240.0,116.36,"{2221: 12.01, 2238: 0.0, 2233: 8.9, 2234: 16.77, 2244: 2.7}",True
2244,21369,21386,21405,bottom,120.0,127.06,113.68,-16.89,"{2221: 10.34, 2244: 0.0, 2238: 2.05, 2234: 36.09, 2251: 17.52, 2241: 25.97, 2253: 2.17}",True
2251,21379,21389,,top,,,,,{},False
2241,21387,,,bottom,,,,,{},False
2253,21402,21417,21431,top,148.97,144.0,154.29,17.63,"{2221: 14.5, 2253: 0.0, 2244: 4.75, 2255: 27.92}",True
2255,21419,21434,21447,top,154.29,144.0,166.15,40.9,"{2253: 28.0, 2221: 14.69, 2255: 0.0}",True
2259,21451,21467,21480,top,148.97,135.0,166.15,57.51,"{2257: 45.83, 2221: 17.3, 2259: 0.0, 2256: 8.34, 2265: 11.03, 2268: 42.88}",True
2257,21452,,,bottom,,,,,{},False
2256,21456,,,top,,,,,{},False
2265,21474,,,bottom,,,,,{},False
2268,21478,21490,21500,top,196.36,180.0,216.0,86.4,"{2221: 18.88, 2259: 42.9, 2268: 0.0, 2258: 5.85, 2266: 35.58, 2269: 17.25}",True
2258,21479,,,top,,,,,{},False
2262,21482,,,top,,,,,{},False
2266,21484,,,bottom,,,,,{},False
2269,21484,21499,21512,top,154.29,144.0,166.15,40.9,"{2221: 19.44, 2268: 17.55, 2269: 0.0}",True
2270,21521,21535,21548,top,160.0,154.29,166.15,21.91,"{2221: 17.5, 2270: 0.0, 2271: 39.74}",True
2271,21544,21558,21571,top,160.0,154.29,166.15,21.91,"{2270: 40.1, 2271: 0.0, 2272: 24.31}",True
2272,21560,21571,21581,top,205.71,196.36,216.0,47.13,"{2271: 24.12, 2272: 0.0, 2273: 13.66}",True
2273,21572,,,bottom,,,,,{},False
2275,21594,21605,,top,,,,,{},False
2274,21629,,,top,,,,,{},False
2276,21631,,,bottom,,,,,{},False
2279,21633,21647,21659,top,166.15,154.29,180.0,51.43,"{2279: 0.0, 2281: 19.44, 2282: 24.0}",True
2281,21638,21797,21951,bottom,13.8,13.58,14.03,0.07,"{2281: 0.0, 2279: 17.75, 2282: 20.89, 2285: 15.53, 2287: 13.32, 2289: 12.3, 2290: 14.62, 2291: 13.49, 2293: 12.91, 2304: 23.57, 2310: 12.97, 2311: 14.03, 2313: 16.44, 2314: 16.38, 2318: 45.03, 2319: 44.82}",True
2282,21646,21660,21673,top,160.0,154.29,166.15,21.91,"{2281: 21.48, 2279: 24.11, 2282: 0.0}",True
2285,21703,21716,21728,top,172.8,166.15,180.0,27.69,"{2281: 15.6, 2285: 0.0}",True
2287,21728,21739,,top,,,,,{},False
2289,21729,21744,21760,bottom,139.35,144.0,135.0,-13.5,"{2281: 11.76, 2289: 0.0, 2287: 18.6, 2290: 31.27, 2291: 9.46, 2293: 9.88}",True
2290,21739,21907,,bottom,,,,,{},False
2291,21746,21762,21775,top,148.97,135.0,166.15,57.51,"{2281: 12.94, 2287: 42.57, 2290: 21.81, 2289: 10.31, 2291: 0.0, 2293: 4.34}",True
2293,21748,21759,21770,top,196.36,196.36,196.36,,"{2281: 12.51, 2291: 4.08, 2289: 11.21, 2290: 21.03, 2293: 0.0}",True
2304,21770,,,bottom,,,,,{},False
2307,21776,,,bottom,,,,,{},False
2306,21796,,,bottom,,,,,{},False
2310,21818,21831,21843,top,172.8,166.15,180.0,27.69,"{2281: 12.24, 2290: 13.93, 2310: 0.0, 2311: 37.01}",True
2311,21838,21852,21864,top,166.15,154.29,180.0,51.43,"{2281: 13.22, 2310: 37.22, 2290: 12.94, 2311: 0.0}",True
2313,21882,21893,21903,top,205.71,196.36,216.0,47.13,"{2281: 15.32, 2313: 0.0, 2290: 11.69, 2314: 4.69}",True
2314,21885,21895,,top,,,,,{},False
2318,21942,,,bottom,,,,,{},False
2319,21948,,,bottom,,,,,{},False
2322,21959,21978,21997,bottom,113.68,113.68,113.68,,"{2281: 38.79, 2322: 0.0, 2323: 17.46, 2326: 34.65, 2321: 26.97, 2327: 13.18, 2328: 43.74}",True
2323,21970,21983,,top,,,,,{},False
2326,21978,22120,22368,bottom,11.08,15.21,8.71,-0.63,"{2326: 0.0, 2323: 16.75, 2322: 36.11, 2327: 21.29, 2331: 17.71, 2333: 16.4, 2330: 37.34, 2332: 36.22, 2337: 12.9, 2338: 13.16, 2341: 12.7, 2343: 12.44, 2344: 32.83, 2348: 14.21, 2350: 13.47, 2349: 11.48, 2351: 11.26, 2353: 14.92, 2356: 17.58, 2354: 8.43, 2361: 16.7, 2358: 38.74, 2360: 9.11, 2364: 38.89, 2362: 9.68, 2366: 6.05, 2363: 8.78}",True
2321,21979,,,bottom,,,,,{},False
2327,21982,21993,22003,top,205.71,196.36,216.0,47.13,"{2326: 22.12, 2327: 0.0, 2323: 21.83, 2322: 15.61}",True
2328,21994,,,bottom,,,,,{},False
2331,22013,22026,22038,top,172.8,166.15,180.0,27.69,"{2326: 17.97, 2331: 0.0, 2333: 12.81}",True
2333,22021,22032,22042,top,205.71,196.36,216.0,47.13,"{2326: 16.72, 2331: 12.69, 2333: 0.0, 2330: 35.59}",True
2330,22037,,,top,,,,,{},False
2332,22047,,,top,,,,,{},False
2337,22070,22081,22091,top,205.71,196.36,216.0,47.13,"{2326: 12.57, 2337: 0.0, 2338: 27.61}",True
2338,22081,22098,22113,top,135.0,127.06,144.0,27.11,"{2326: 12.84, 2337: 28.11, 2338: 0.0, 2341: 37.92}",True
2339,22103,,,bottom,,,,,{},False
2341,22107,22123,22137,top,144.0,135.0,154.29,33.06,"{2338: 38.01, 2326: 12.24, 2341: 0.0}",True
2343,22139,22151,,top,,,,,{},False
2342,22147,,,bottom,,,,,{},False
2344,22178,,,bottom,,,,,{},False
2346,22181,,,bottom,,,,,{},False
2345,22181,,,top,,,,,{},False
2348,22183,22196,22208,top,172.8,166.15,180.0,27.69,"{2326: 13.36, 2348: 0.0, 2350: 1.75}",True
2347,22199,,,bottom,,,,,{},False
2350,22206,22222,22239,bottom,130.91,135.0,127.06,-11.21,"{2326: 13.62, 2348: 2.5, 2350: 0.0, 2349: 20.76}",True
2349,22222,,,top,,,,,{},False
2351,22239,,,top,,,,,{},False
2352,22244,,,bottom,,,,,{},False
2353,22250,22267,22286,bottom,120.0,127.06,113.68,-16.89,"{2326: 15.28, 2353: 0.0, 2356: 10.57}",True
2356,22274,22285,22295,top,205.71,196.36,216.0,47.13,"{2326: 16.44, 2356: 0.0, 2353: 13.06, 2355: 18.86, 2354: 46.13}",True
2355,22287,,,bottom,,,,,{},False
2354,22293,,,top,,,,,{},False
2361,22306,22322,22336,top,144.0,135.0,154.29,33.06,"{2326: 15.94, 2361: 0.0, 2358: 37.25, 2360: 24.85, 2364: 6.74}",True
2358,22312,,,bottom,,,,,{},False
2360,22321,,,top,,,,,{},False
2364,22330,23421,23586,bottom,3.44,1.98,13.09,1.62,"{2361: 5.06, 2364: 0.0, 2326: 39.32, 2362: 49.22, 2366: 24.04, 2363: 47.65, 2371: 23.9, 2377: 22.43, 2378: 21.07, 2368: 48.29, 2382: 47.6, 2383: 26.44, 2386: 23.93, 2384: 47.95, 2391: 23.66, 2395: 26.22, 2397: 23.28, 2394: 48.35, 2398: 48.51, 2406: 26.13, 2408: 23.27, 2402: 47.98, 2401: 49.03, 2412: 23.27, 2410: 48.3, 2414: 23.56, 2411: 48.1, 2416: 26.17, 2415: 48.65, 2417: 26.11, 2418: 23.16, 2420: 26.45, 2419: 48.06, 2421: 47.81, 2423: 23.51, 2424: 23.95, 2426: 23.28, 2427: 48.33, 2428: 48.27, 2429: 48.48, 2433: 23.98, 2431: 48.38, 2434: 26.46, 2435: 48.25, 2436: 26.26, 2438: 25.77, 2441: 47.83, 2443: 22.11, 2444: 20.55, 2445: 18.17, 2447: 14.99, 2446: 33.56, 2449: 12.5, 2450: 10.2, 2451: 12.82, 2448: 26.2, 2452: 10.72, 2453: 12.84, 2457: 13.09, 2458: 11.37, 2459: 14.84, 2456: 14.67, 2461: 15.68}",True
2362,22336,,,top,,,,,{},False
2366,22355,22370,22384,top,148.97,144.0,154.29,17.63,"{2326: 17.01, 2366: 0.0, 2364: 24.09, 2363: 4.49, 2371: 31.51}",True
2363,22356,,,top,,,,,{},False
2365,22374,,,bottom,,,,,{},False
2371,22376,22387,,top,,,,,{},False
2377,22392,22405,22418,bottom,166.15,166.15,166.15,,"{2364: 20.49, 2326: 15.51, 2377: 0.0, 2371: 5.19, 2378: 18.97, 2368: 34.0}",True
2378,22394,22410,22424,top,144.0,135.0,154.29,33.06,"{2364: 21.77, 2326: 15.43, 2378: 0.0, 2371: 41.51, 2377: 20.42, 2368: 7.56, 2382: 38.51}",True
2368,22398,,,top,,,,,{},False
2382,22418,,,top,,,,,{},False
2383,22426,22444,22463,bottom,116.76,120.0,113.68,-7.98,"{2364: 24.68, 2383: 0.0, 2386: 18.13, 2326: 9.31, 2384: 10.26}",True
2386,22437,22453,22467,top,144.0,135.0,154.29,33.06,"{2364: 24.74, 2383: 20.23, 2386: 0.0, 2326: 15.66, 2384: 27.48}",True
2389,22450,,,bottom,,,,,{},False
2384,22454,,,top,,,,,{},False
2388,22469,,,bottom,,,,,{},False
2391,22495,22510,22524,top,148.97,144.0,154.29,17.63,"{2364: 24.5, 2391: 0.0, 2326: 15.92, 2395: 3.37}",True
2395,22519,22535,22552,bottom,130.91,135.0,127.06,-11.21,"{2364: 24.22, 2391: 4.38, 2326: 15.85, 2395: 0.0, 2397: 14.88, 2392: 23.73, 2394: 11.3}",True
2397,22532,22546,22558,top,166.15,154.29,180.0,51.43,"{2364: 24.21, 2326: 15.96, 2395: 18.02, 2397: 0.0, 2392: 42.2, 2394: 23.84}",True
2392,22535,,,bottom,,,,,{},False
2394,22544,,,top,,,,,{},False
2398,22569,,,top,,,,,{},False
2406,22592,22608,22624,bottom,135.0,135.0,135.0,,"{2364: 24.72, 2326: 15.49, 2406: 0.0, 2408: 14.45, 2402: 23.01, 2401: 22.72, 2407: 43.05}",True
2408,22604,22620,22634,top,144.0,135.0,154.29,33.06,"{2364: 24.06, 2326: 16.04, 2408: 0.0, 2406: 15.5, 2402: 7.01, 2401: 9.51}",True
2402,22607,,,top,,,,,{},False
2401,22608,,,top,,,,,{},False
2407,22621,,,bottom,,,,,{},False
2409,22629,,,bottom,,,,,{},False
2412,22636,22646,22655,top,227.37,216.0,240.0,64.0,"{2364: 24.53, 2326: 15.45, 2412: 0.0, 2410: 41.02, 2414: 40.44}",True
2410,22651,,,top,,,,,{},False
2414,22652,22668,22681,top,148.97,135.0,166.15,57.51,"{2364: 24.4, 2326: 15.92, 2412: 41.06, 2414: 0.0, 2410: 2.88, 2413: 29.59, 2411: 30.57}",True
2413,22663,,,bottom,,,,,{},False
2411,22670,,,top,,,,,{},False
2416,22711,22729,22747,bottom,120.0,120.0,120.0,,"{2364: 24.35, 2326: 15.63, 2416: 0.0, 2415: 41.52, 2417: 28.69}",True
2415,22714,,,top,,,,,{},False
2417,22734,22752,22770,bottom,120.0,120.0,120.0,,"{2364: 24.89, 2326: 15.48, 2417: 0.0, 2416: 28.33}",True
2418,22774,22790,22804,top,144.0,135.0,154.29,33.06,"{2364: 24.71, 2326: 15.26, 2418: 0.0, 2420: 9.92}",True
2420,22789,22810,22833,bottom,98.18,102.86,93.91,-9.33,"{2364: 24.99, 2418: 10.89, 2326: 15.36, 2420: 0.0, 2419: 29.48}",True
2419,22804,,,top,,,,,{},False
2422,22876,,,bottom,,,,,{},False
2421,22882,,,top,,,,,{},False
2423,22889,22900,22911,top,196.36,196.36,196.36,,"{2364: 24.62, 2326: 15.61, 2423: 0.0, 2424: 30.8}",True
2424,22902,22919,22934,top,135.0,127.06,144.0,27.11,"{2364: 24.72, 2326: 15.64, 2423: 31.3, 2424: 0.0, 2426: 6.93}",True
2426,22912,22924,22934,top,196.36,180.0,216.0,86.4,"{2364: 24.38, 2326: 15.79, 2424: 6.93, 2426: 0.0}",True
2427,22970,,,top,,,,,{},False
2428,22985,,,top,,,,,{},False
2429,22999,,,top,,,,,{},False
2430,23001,,,bottom,,,,,{},False
2433,23038,23050,23060,top,196.36,180.0,216.0,86.4,"{2364: 25.05, 2326: 15.09, 2433: 0.0, 2431: 10.89, 2434: 12.01, 2432: 15.26}",True
2431,23042,,,top,,,,,{},False
2434,23048,23063,23080,bottom,135.0,144.0,127.06,-23.92,"{2364: 25.06, 2326: 15.31, 2434: 0.0, 2433: 11.35, 2432: 11.12}",True
2432,23054,,,bottom,,,,,{},False
2435,23086,,,top,,,,,{},False
2436,23126,23142,23159,bottom,130.91,135.0,127.06,-11.21,"{2364: 24.89, 2326: 15.74, 2436: 0.0, 2438: 38.7}",True
2438,23152,23171,23191,bottom,110.77,113.68,108.0,-6.82,"{2364: 24.59, 2326: 18.36, 2438: 0.0, 2436: 38.59, 2440: 34.68}",True
2440,23179,,,bottom,,,,,{},False
2441,23229,,,top,,,,,{},False
2442,23235,,,bottom,,,,,{},False
2443,23258,23270,23280,top,196.36,180.0,216.0,86.4,"{2364: 23.1, 2443: 0.0}",True
2444,23280,23290,23300,top,216.0,216.0,216.0,,"{2364: 21.4, 2444: 0.0}",True
2445,23304,23315,23325,top,205.71,196.36,216.0,47.13,"{2364: 18.73, 2445: 0.0}",True
2447,23340,23350,23360,top,216.0,216.0,216.0,,"{2364: 14.99, 2447: 0.0}",True
2446,23360,,,top,,,,,{},False
2449,23389,23401,23412,top,187.83,180.0,196.36,35.7,"{2364: 12.05, 2449: 0.0, 2450: 11.98, 2451: 26.02, 2448: 39.26}",True
2450,23399,23419,23440,bottom,105.37,108.0,102.86,-5.88,"{2364: 9.75, 2450: 0.0, 2449: 11.06, 2451: 19.78, 2448: 37.34, 2452: 17.06, 2453: 18.96, 2457: 3.91}",True
2451,23401,23416,23428,top,160.0,144.0,180.0,72.0,"{2364: 12.34, 2450: 19.25, 2449: 26.24, 2451: 0.0, 2448: 12.85, 2452: 10.15, 2453: 23.93}",True
2448,23407,,,top,,,,,{},False
2452,23416,23434,23452,bottom,120.0,120.0,120.0,,"{2364: 9.95, 2452: 0.0, 2451: 9.71, 2450: 16.69, 2453: 20.23, 2457: 13.03, 2458: 31.23}",True
2453,23416,23428,23440,top,180.0,180.0,180.0,,"{2364: 12.16, 2452: 19.67, 2451: 23.89, 2450: 18.96, 2453: 0.0, 2457: 35.88}",True
2455,23428,,,bottom,,,,,{},False
2457,23434,23448,23461,top,160.0,154.29,166.15,21.91,"{2453: 36.2, 2364: 12.41, 2452: 14.53, 2457: 0.0, 2450: 5.63, 2458: 16.68}",True
2458,23440,23458,23477,bottom,116.76,120.0,113.68,-7.98,"{2458: 0.0, 2364: 10.76, 2457: 16.27, 2452: 30.94, 2450: 45.98}",True
2459,23476,23489,23500,top,180.0,166.15,196.36,65.91,"{2364: 13.93, 2458: 3.55, 2459: 0.0, 2456: 6.17}",True
2456,23478,,,top,,,,,{},False
2461,23523,23541,23560,bottom,116.76,120.0,113.68,-7.98,"{2364: 16.58, 2461: 0.0}",True
2463,23585,,,top,,,,,{},False
2464,23618,,,bottom,,,,,{},False
2466,23633,23845,24011,bottom,11.43,10.19,13.01,0.41,"{2466: 0.0, 2467: 23.2, 2465: 48.81, 2470: 20.29, 2471: 19.6, 2472: 19.28, 2469: 42.88, 2479: 16.09, 2475: 10.33, 2490: 14.6, 2491: 13.58, 2492: 12.96, 2499: 11.64, 2495: 21.01, 2501: 25.26, 2500: 21.57, 2504: 33.91, 2505: 35.39, 2507: 17.39, 2512: 16.24, 2514: 22.25, 2513: 19.91, 2511: 2.98, 2517: 3.22, 2518: 2.4}",True
2467,23638,23661,23685,bottom,91.91,93.91,90.0,-3.91,"{2466: 21.96, 2467: 0.0, 2465: 45.71, 2470: 17.43, 2471: 14.94, 2472: 12.26, 2469: 2.34}",True
2465,23638,,,top,,,,,{},False
2470,23658,23669,23679,top,205.71,196.36,216.0,47.13,"{2466: 21.1, 2470: 0.0, 2467: 16.27, 2471: 13.09, 2472: 23.38}",True
2471,23662,23677,23691,top,148.97,144.0,154.29,17.63,"{2466: 20.05, 2471: 0.0, 2467: 17.63, 2470: 13.77, 2472: 6.58, 2469: 36.27}",True
2472,23668,23681,23692,top,180.0,166.15,196.36,65.91,"{2471: 6.45, 2466: 20.37, 2470: 23.66, 2467: 15.74, 2472: 0.0, 2469: 30.67}",True
2469,23683,,,top,,,,,{},False
2479,23708,23723,23737,top,148.97,144.0,154.29,17.63,"{2466: 16.23, 2479: 0.0, 2481: 40.51, 2475: 9.42}",True
2481,23712,,,bottom,,,,,{},False
2475,23731,,,bottom,,,,,{},False
2489,23737,,,bottom,,,,,{},False
2490,23738,23753,23767,top,148.97,144.0,154.29,17.63,"{2466: 14.51, 2490: 0.0, 2491: 10.77, 2492: 11.23}",True
2491,23746,23759,23771,top,172.8,166.15,180.0,27.69,"{2466: 13.51, 2490: 10.69, 2491: 0.0, 2492: 15.81}",True
2492,23752,23772,23793,bottom,105.37,108.0,102.86,-5.88,"{2492: 0.0, 2466: 11.85, 2490: 10.9, 2491: 15.12}",True
2493,23791,,,bottom,,,,,{},False
2499,23806,23825,23844,bottom,113.68,113.68,113.68,,"{2499: 0.0, 2466: 10.22, 2495: 2.78}",True
2495,23808,,,bottom,,,,,{},False
2501,23844,,,bottom,,,,,{},False
2500,23848,,,top,,,,,{},False
2503,23854,,,bottom,,,,,{},False
2504,23917,,,bottom,,,,,{},False
2505,23930,24115,,bottom,,,,,{},False
2507,23936,23961,23978,bottom,102.86,86.4,127.06,57.4,"{2505: 17.78, 2466: 18.27, 2507: 0.0, 2512: 24.39, 2513: 6.84, 2514: 36.77}",True
2512,23961,23979,23999,bottom,113.68,120.0,108.0,-14.4,"{2505: 18.47, 2512: 0.0, 2466: 17.28, 2507: 24.19, 2514: 15.12, 2513: 17.92}",True
2513,23970,23981,23991,top,205.71,196.36,216.0,47.13,"{2505: 18.32, 2514: 18.7, 2512: 16.93, 2513: 0.0, 2466: 18.69, 2507: 10.28}",True
2514,23971,23993,24018,bottom,91.91,98.18,86.4,-11.31,"{2505: 16.25, 2514: 0.0, 2512: 15.4, 2466: 19.0, 2513: 17.62, 2507: 37.01, 2511: 14.63, 2517: 8.71, 2518: 7.65}",True
2511,24001,,,top,,,,,{},False
2517,24003,24020,24034,top,139.35,127.06,154.29,46.67,"{2505: 15.68, 2466: 22.2, 2514: 11.0, 2517: 0.0, 2518: 1.95}",True
2518,24006,24020,24031,top,172.8,154.29,196.36,91.81,"{2505: 15.42, 2466: 21.69, 2517: 1.88, 2514: 10.96, 2518: 0.0}",True
2519,24056,24073,24087,top,139.35,127.06,154.29,46.67,"{2505: 12.72, 2519: 0.0, 2520: 14.82, 2521: 26.6}",True
2520,24066,24086,24107,bottom,105.37,108.0,102.86,-5.88,"{2519: 15.05, 2520: 0.0, 2505: 10.22, 2521: 17.82}",True
2521,24077,24087,24097,top,216.0,216.0,216.0,,"{2505: 11.57, 2519: 25.95, 2520: 16.13, 2521: 0.0}",True
2523,24114,,,bottom,,,,,{},False
2522,24122,,,top,,,,,{},False
2525,24158,24336,24755,bottom,7.24,12.13,5.16,-0.4,"{2525: 0.0, 2505: 28.25, 2526: 21.16, 2527: 16.66, 2528: 18.12, 2530: 15.71, 2531: 15.62, 2533: 14.04, 2532: 29.19, 2534: 10.91, 2535: 12.07, 2537: 12.81, 2538: 12.94, 2540: 11.67, 2542: 13.96, 2544: 21.04, 2541: 32.26, 2543: 13.36, 2545: 14.65, 2546: 14.5, 2549: 14.8, 2550: 14.09, 2548: 32.44, 2551: 14.4, 2552: 12.85, 2553: 33.95, 2557: 12.76, 2558: 14.59, 2560: 14.62, 2562: 35.89, 2563: 15.04, 2565: 15.69, 2566: 16.66, 2569: 17.02, 2572: 13.71, 2564: 8.1, 2579: 16.83, 2580: 19.97, 2584: 44.91}",True
2524,24174,,,bottom,,,,,{},False
2526,24177,24188,24197,top,216.0,196.36,240.0,116.36,"{2525: 21.3, 2505: 13.2, 2526: 0.0, 2527: 15.26}",True
2527,24182,24201,24221,bottom,110.77,113.68,108.0,-6.82,"{2525: 14.16, 2505: 16.03, 2527: 0.0, 2526: 14.2, 2528: 12.06, 2530: 36.83}",True
2528,24207,24217,24227,top,216.0,216.0,216.0,,"{2528: 0.0, 2505: 6.46, 2527: 17.45, 2525: 17.6, 2530: 14.58, 2529: 5.86}",True
2530,24213,24235,24258,bottom,96.0,98.18,93.91,-4.45,"{2530: 0.0, 2525: 14.64, 2528: 13.4, 2527: 36.61, 2529: 14.08, 2531: 16.84, 2533: 10.17}",True
2529,24225,,,bottom,,,,,{},False
2531,24227,24237,24246,top,227.37,216.0,240.0,64.0,"{2525: 15.8, 2531: 0.0, 2530: 15.75}",True
2533,24245,24255,24264,top,227.37,216.0,240.0,64.0,"{2525: 14.04, 2531: 45.18, 2533: 0.0, 2530: 15.37}",True
2532,24270,,,top,,,,,{},False
2534,24311,24329,24350,bottom,110.77,120.0,102.86,-19.59,"{2525: 10.0, 2534: 0.0, 2535: 18.4}",True
2535,24323,24335,24345,top,196.36,180.0,216.0,86.4,"{2525: 11.49, 2534: 17.31, 2535: 0.0}",True
2537,24352,24368,24381,top,148.97,135.0,166.15,57.51,"{2525: 12.23, 2537: 0.0, 2536: 33.07, 2538: 37.28}",True
2536,24361,,,bottom,,,,,{},False
2538,24375,24391,24404,top,148.97,135.0,166.15,57.51,"{2537: 37.48, 2525: 12.29, 2538: 0.0, 2540: 9.91}",True
2540,24391,24412,24435,bottom,98.18,102.86,93.91,-9.33,"{2540: 0.0, 2525: 11.1, 2538: 9.49, 2542: 12.11, 2543: 11.61, 2544: 34.94, 2541: 33.21, 2545: 5.85, 2546: 44.65}",True
2542,24415,24432,24446,top,139.35,127.06,154.29,46.67,"{2542: 0.0, 2525: 13.17, 2540: 14.36, 2543: 2.34, 2544: 19.49, 2545: 12.52, 2546: 7.48}",True
2543,24419,24432,,top,,,,,{},False
2544,24420,24746,,bottom,,,,,{},False
2541,24420,,,bottom,,,,,{},False
2545,24426,24439,24450,top,180.0,166.15,196.36,65.91,"{2542: 12.37, 2543: 13.63, 2545: 0.0, 2525: 13.49, 2540: 9.25, 2544: 18.65, 2546: 13.85, 2549: 5.59}",True
2546,24434,24459,24488,bottom,80.0,86.4,74.48,-9.86,"{2542: 7.93, 2546: 0.0, 2525: 14.25, 2543: 7.08, 2540: 44.49, 2545: 12.85, 2544: 22.14, 2549: 11.6, 2548: 26.97, 2550: 18.57, 2551: 2.04, 2552: 42.8}",True
2547,24437,,,bottom,,,,,{},False
2549,24445,24474,24503,bottom,74.48,74.48,74.48,,"{2542: 1.87, 2544: 18.02, 2545: 4.07, 2546: 11.49, 2549: 0.0, 2525: 14.63, 2548: 15.21, 2550: 17.4, 2551: 10.83, 2552: 28.66}",True
2550,24462,24476,24487,top,172.8,154.29,196.36,91.81,"{2544: 19.8, 2548: 45.17, 2549: 15.94, 2546: 17.51, 2550: 0.0, 2525: 12.48, 2551: 39.93, 2552: 2.86}",True
2548,24463,,,bottom,,,,,{},False
2551,24484,24501,24515,top,139.35,127.06,154.29,46.67,"{2544: 16.11, 2552: 19.61, 2550: 40.89, 2551: 0.0, 2546: 6.38, 2525: 13.78, 2549: 15.12, 2557: 2.16, 2558: 39.49}",True
2552,24485,24507,24534,bottom,88.16,98.18,80.0,-16.16,"{2544: 14.9, 2550: 2.85, 2552: 0.0, 2551: 19.18, 2546: 41.31, 2525: 12.42, 2549: 27.64, 2553: 21.72, 2557: 26.31, 2558: 17.18}",True
2553,24505,,,bottom,,,,,{},False
2557,24511,24538,24567,bottom,77.14,80.0,74.48,-4.57,"{2551: 2.63, 2544: 12.22, 2525: 12.74, 2557: 0.0, 2552: 26.11, 2558: 19.05, 2560: 9.82}",True
2558,24511,24524,24535,top,180.0,166.15,196.36,65.91,"{2551: 39.39, 2544: 14.06, 2525: 12.88, 2557: 18.72, 2552: 18.32, 2558: 0.0}",True
2560,24550,24566,24580,top,144.0,135.0,154.29,33.06,"{2525: 13.89, 2544: 12.65, 2560: 0.0, 2557: 13.6, 2559: 15.01, 2562: 0.12}",True
2559,24571,,,bottom,,,,,{},False
2561,24574,,,bottom,,,,,{},False
2562,24579,,,bottom,,,,,{},False
2563,24586,24602,24616,top,144.0,135.0,154.29,33.06,"{2544: 12.02, 2525: 14.29, 2563: 0.0, 2565: 15.95, 2566: 30.54}",True
2565,24599,24611,24622,top,187.83,180.0,196.36,35.7,"{2544: 11.61, 2525: 14.73, 2563: 15.77, 2565: 0.0, 2566: 17.32}",True
2566,24606,24622,24636,top,144.0,135.0,154.29,33.06,"{2525: 15.17, 2544: 11.78, 2563: 30.64, 2566: 0.0, 2565: 17.88, 2569: 30.43}",True
2569,24627,24639,24651,top,180.0,180.0,180.0,,"{2525: 16.01, 2566: 30.2, 2544: 11.55, 2569: 0.0, 2572: 13.03}",True
2572,24636,24666,24709,bottom,59.18,72.0,50.23,-12.15,"{2566: 2.2, 2544: 11.76, 2525: 14.59, 2572: 0.0, 2569: 11.97, 2564: 28.9, 2579: 22.79, 2580: 16.88, 2578: 34.68}",True
2564,24655,,,top,,,,,{},False
2579,24670,24704,24754,bottom,51.43,63.53,43.2,-9.76,"{2579: 0.0, 2525: 17.03, 2544: 10.81, 2572: 21.87, 2580: 18.2, 2578: 10.97, 2584: 45.23}",True
2580,24672,24683,24694,top,196.36,196.36,196.36,,"{2525: 18.85, 2579: 18.18, 2544: 11.4, 2572: 15.76, 2580: 0.0, 2578: 21.68}",True
2578,24684,,,bottom,,,,,{},False
2584,24752,24786,24832,bottom,54.0,63.53,46.96,-8.65,"{2584: 0.0, 2525: 40.54, 2544: 32.19, 2579: 42.83, 2585: 7.76, 2586: 19.48, 2588: 3.64, 2589: 36.64, 2590: 13.51}",True
2585,24775,24800,24829,bottom,80.0,86.4,74.48,-9.86,"{2585: 0.0, 2584: 7.94, 2586: 13.36, 2588: 5.45, 2589: 35.85, 2590: 10.37}",True
2586,24784,24822,24881,bottom,44.54,56.84,36.61,-8.23,"{2585: 13.83, 2586: 0.0, 2584: 19.1, 2588: 12.44, 2589: 15.78, 2590: 13.61}",True
2588,24812,,,top,,,,,{},False
2589,24814,24858,24934,bottom,36.0,49.09,28.42,-6.53,"{2585: 35.74, 2589: 0.0, 2586: 15.47, 2584: 35.72, 2588: 18.97, 2590: 17.93, 2591: 18.38, 2593: 30.96, 2592: 43.34}",True
2590,24818,24828,,top,,,,,{},False
2591,24899,24912,24923,top,180.0,166.15,196.36,65.91,"{2591: 0.0, 2588: 23.23, 2589: 17.71, 2593: 14.48}",True
2593,24905,24935,24967,bottom,69.68,72.0,67.5,-3.38,"{2588: 23.17, 2593: 0.0, 2591: 14.49, 2589: 26.9, 2592: 14.66, 2594: 36.72, 2595: 35.09, 2597: 40.32}",True
2592,24923,,,bottom,,,,,{},False
2594,24939,,,bottom,,,,,{},False
2595,24950,24997,25057,bottom,40.37,45.96,36.0,-3.98,"{2595: 0.0, 2588: 21.08, 2593: 35.23, 2594: 27.2, 2597: 4.02, 2598: 22.98, 2599: 16.52, 2600: 39.04}",True
2597,24959,24995,25032,bottom,59.18,60.0,58.38,-1.05,"{2597: 0.0, 2595: 3.65, 2593: 40.06, 2588: 22.7, 2594: 25.89, 2598: 29.38, 2599: 16.24}",True
2598,25001,25055,25120,bottom,36.3,40.0,33.23,-2.5,"{2598: 0.0, 2588: 21.25, 2597: 29.63, 2595: 22.57, 2594: 25.03, 2599: 17.85, 2600: 8.01, 2602: 20.42, 2601: 30.76}",True
2599,25008,25022,25035,top,160.0,154.29,166.15,21.91,"{2598: 17.85, 2588: 22.95, 2599: 0.0, 2597: 19.49, 2595: 15.56, 2594: 23.14}",True
2600,25045,25074,25106,bottom,70.82,74.48,67.5,-5.24,"{2600: 0.0, 2598: 8.02, 2588: 22.29, 2595: 36.27, 2594: 24.12, 2602: 17.6, 2601: 22.34}",True
2602,25061,25106,25168,bottom,40.37,48.0,34.84,-5.09,"{2600: 18.01, 2602: 0.0, 2588: 20.47, 2598: 19.96, 2594: 25.68, 2595: 45.88, 2601: 7.11, 2603: 17.11, 2604: 28.39, 2605: 18.45, 2606: 5.95}",True
2601,25071,,,bottom,,,,,{},False
2603,25124,25138,25151,top,160.0,154.29,166.15,21.91,"{2603: 0.0, 2588: 22.92, 2602: 16.27, 2594: 22.81, 2598: 6.77, 2604: 19.08, 2605: 28.98}",True
2604,25126,25177,25254,bottom,33.75,42.35,28.05,-4.46,"{2604: 0.0, 2603: 17.89, 2588: 20.02, 2602: 27.03, 2594: 25.29, 2598: 46.88, 2605: 15.67, 2606: 33.05, 2607: 29.26, 2608: 16.18, 2609: 28.85, 2616: 37.48}",True
2605,25142,25152,25162,top,216.0,216.0,216.0,,"{2603: 28.87, 2604: 15.56, 2588: 22.46, 2605: 0.0, 2602: 17.68, 2594: 23.54, 2606: 23.18}",True
2606,25150,,,top,,,,,{},False
2607,25188,,,bottom,,,,,{},False
2608,25196,25209,25221,top,172.8,166.15,180.0,27.69,"{2588: 22.37, 2594: 24.43, 2604: 14.36, 2608: 0.0, 2609: 17.93}",True
2609,25201,25268,25340,bottom,31.08,32.24,30.0,-0.75,"{2609: 0.0, 2588: 22.22, 2604: 27.94, 2594: 25.05, 2608: 16.07, 2616: 7.56, 2615: 20.84, 2617: 23.23, 2618: 15.03, 2621: 39.41, 2622: 13.88}",True
2616,25241,25267,25297,bottom,77.14,83.08,72.0,-8.86,"{2616: 0.0, 2588: 20.46, 2609: 6.97, 2594: 24.48, 2604: 32.36, 2615: 15.09, 2617: 29.16, 2618: 13.78}",True
2615,25256,,,bottom,,,,,{},False
2617,25262,25348,25433,bottom,25.26,25.12,25.41,0.08,"{2617: 0.0, 2616: 29.95, 2609: 23.18, 2594: 21.24, 2604: 47.86, 2588: 25.06, 2618: 18.15, 2621: 16.67, 2622: 13.91, 2623: 9.94, 2624: 14.63, 2625: 32.79, 2626: 31.34, 2587: 12.92}",True
2618,25277,25291,25303,top,166.15,154.29,180.0,51.43,"{2617: 18.35, 2616: 18.16, 2618: 0.0, 2609: 14.19, 2594: 23.62, 2588: 22.68}",True
2621,25318,,,bottom,,,,,{},False
2622,25321,25334,25345,top,180.0,166.15,196.36,65.91,"{2588: 22.18, 2622: 0.0, 2617: 13.02, 2594: 24.05, 2609: 19.68}",True
2623,25348,25382,25413,bottom,66.46,63.53,69.68,4.76,"{2623: 0.0, 2588: 24.43, 2594: 20.62, 2617: 10.01, 2609: 45.84, 2624: 16.05, 2625: 37.3, 2626: 39.61}",True
2624,25370,25382,25393,top,187.83,180.0,196.36,35.7,"{2624: 0.0, 2623: 14.71, 2588: 22.81, 2617: 13.63, 2594: 41.99}",True
2625,25398,25451,25501,bottom,41.94,40.75,43.2,1.17,"{2625: 0.0, 2588: 44.21, 2617: 31.22, 2623: 37.69, 2594: 22.47, 2626: 6.3, 2587: 8.73, 2627: 14.25, 2628: 26.53, 2629: 10.64, 2630: 17.1, 2632: 40.56, 2634: 45.24}",True
2626,25405,25438,25470,bottom,66.46,65.45,67.5,1.53,"{2625: 5.59, 2623: 39.34, 2626: 0.0, 2588: 44.48, 2617: 28.23, 2594: 22.53, 2587: 8.57, 2627: 17.02, 2628: 35.36, 2629: 5.57, 2630: 3.82}",True
2587,25412,,,top,,,,,{},False
2627,25435,25448,25460,top,172.8,166.15,180.0,27.69,"{2626: 16.08, 2625: 13.64, 2627: 0.0, 2587: 12.45, 2617: 10.59, 2594: 22.57, 2628: 10.52}",True
2628,25449,25521,25567,bottom,36.61,30.0,46.96,8.85,"{2628: 0.0, 2626: 36.58, 2627: 8.95, 2587: 14.34, 2625: 26.89, 2594: 19.68, 2629: 24.81, 2630: 18.72, 2632: 12.52, 2634: 18.72, 2633: 19.33, 2635: 14.87, 2636: 18.64, 2637: 42.57}",True
2629,25459,,,top,,,,,{},False
2630,25463,25479,25492,top,148.97,135.0,166.15,57.51,"{2630: 0.0, 2628: 18.1, 2587: 12.14, 2594: 23.31, 2626: 9.09, 2625: 16.25, 2629: 22.85, 2632: 10.4}",True
2632,25486,,,bottom,,,,,{},False
2634,25497,25570,25614,bottom,36.92,29.59,49.09,10.64,"{2634: 0.0, 2587: 14.11, 2594: 19.4, 2629: 26.97, 2628: 19.07, 2625: 45.27, 2635: 8.95, 2636: 16.18, 2637: 22.55, 2638: 29.64}",True
2633,25509,,,bottom,,,,,{},False
2635,25517,25549,25578,bottom,70.82,67.5,74.48,5.78,"{2634: 8.29, 2635: 0.0, 2587: 12.24, 2629: 23.71, 2628: 14.09, 2594: 22.53, 2636: 18.25, 2637: 35.24}",True
2636,25532,25548,25562,top,144.0,135.0,154.29,33.06,"{2636: 0.0, 2587: 11.84, 2635: 16.55, 2629: 22.7, 2634: 15.11, 2594: 23.47, 2628: 16.93, 2637: 5.37}",True
2637,25556,25624,25665,bottom,39.63,31.76,52.68,12.24,"{2636: 4.22, 2637: 0.0, 2587: 14.65, 2635: 36.34, 2629: 27.18, 2594: 19.14, 2634: 22.89, 2628: 43.24, 2638: 7.23, 2639: 29.38, 2640: 39.04}",True
2638,25584,,,bottom,,,,,{},False
2639,25628,25687,25727,bottom,43.64,36.61,54.0,10.43,"{2639: 0.0, 2629: 31.04, 2587: 13.96, 2637: 29.76, 2594: 19.89, 2640: 8.86, 2643: 15.39, 2644: 13.67, 2645: 23.78}",True
2641,25649,,,bottom,,,,,{},False
2640,25651,,,bottom,,,,,{},False
2643,25669,25685,25698,top,148.97,135.0,166.15,57.51,"{2629: 22.27, 2587: 12.14, 2639: 14.87, 2594: 23.77, 2643: 0.0, 2644: 4.76, 2645: 12.7}",True
2644,25673,25683,,top,,,,,{},False
2645,25681,25737,25777,bottom,45.0,38.57,54.0,9.26,"{2643: 12.35, 2645: 0.0, 2629: 42.2, 2644: 11.78, 2587: 13.59, 2639: 24.04, 2594: 20.61, 2646: 19.84, 2649: 42.91}",True
2646,25733,25771,25807,bottom,58.38,56.84,60.0,2.11,"{2587: 12.12, 2646: 0.0, 2594: 22.74, 2645: 19.49, 2649: 26.41, 2647: 31.94, 2648: 31.56, 2651: 39.8}",True
2649,25771,25818,25856,bottom,50.82,45.96,56.84,6.87,"{2649: 0.0, 2587: 12.47, 2646: 26.6, 2594: 21.51, 2645: 43.12, 2647: 5.74, 2648: 5.36, 2651: 10.64, 2652: 14.88, 2654: 12.54, 2655: 35.78, 2653: 41.2, 2659: 3.03, 2662: 1.08}",True
2647,25783,,,bottom,,,,,{},False
2648,25783,,,bottom,,,,,{},False
2651,25797,25835,25872,bottom,57.6,56.84,58.38,1.0,"{2587: 11.94, 2651: 0.0, 2649: 10.52, 2594: 22.81, 2646: 39.64, 2652: 15.69, 2654: 17.33, 2655: 26.98, 2653: 31.66, 2659: 15.66, 2662: 10.96, 2666: 45.09}",True
2652,25812,25822,25832,top,216.0,216.0,216.0,,"{2587: 12.97, 2651: 15.31, 2649: 13.93, 2652: 0.0, 2594: 23.08}",True
2654,25833,25850,25865,top,135.0,127.06,144.0,27.11,"{2587: 14.27, 2651: 16.48, 2594: 24.13, 2649: 16.96, 2654: 0.0, 2655: 19.82, 2653: 29.91, 2659: 23.25, 2662: 29.39}",True
2655,25836,25885,25924,bottom,49.09,44.08,55.38,6.96,"{2587: 17.54, 2655: 0.0, 2651: 27.21, 2594: 21.44, 2649: 36.04, 2654: 18.77, 2653: 5.38, 2659: 16.71, 2662: 17.17, 2666: 15.41, 2664: 20.64, 2669: 29.33, 2670: 18.67, 2671: 14.34}",True
2653,25846,,,bottom,,,,,{},False
2659,25851,25864,25875,top,180.0,166.15,196.36,65.91,"{2587: 15.32, 2651: 19.19, 2655: 16.59, 2594: 23.28, 2649: 8.62, 2659: 0.0, 2654: 23.1, 2662: 8.48, 2666: 6.63}",True
2662,25854,25869,25882,top,154.29,144.0,166.15,40.9,"{2587: 15.51, 2662: 0.0, 2651: 14.92, 2594: 23.32, 2649: 6.04, 2655: 15.92, 2659: 8.87, 2654: 29.5, 2666: 10.86, 2664: 9.84}",True
2665,25865,,,bottom,,,,,{},False
2666,25869,25911,25951,bottom,52.68,51.43,54.0,1.54,"{2587: 25.63, 2666: 0.0, 2662: 9.53, 2655: 15.36, 2659: 4.93, 2594: 22.59, 2651: 45.1, 2664: 4.36, 2669: 14.74, 2670: 14.61, 2671: 16.28}",True
2664,25877,,,bottom,,,,,{},False
2669,25892,25940,25980,bottom,49.09,45.0,54.0,5.4,"{2587: 35.59, 2669: 0.0, 2666: 14.83, 2655: 29.41, 2594: 22.11, 2670: 17.7, 2671: 17.85, 2674: 17.91, 2675: 37.42}",True
2670,25900,25911,25921,top,205.71,196.36,216.0,47.13,"{2587: 20.95, 2669: 17.86, 2666: 13.88, 2670: 0.0, 2655: 17.4, 2594: 23.47, 2671: 8.04}",True
2671,25901,25916,25929,top,154.29,144.0,166.15,40.9,"{2587: 21.7, 2669: 17.73, 2671: 0.0, 2666: 14.94, 2655: 19.43, 2670: 8.36, 2594: 23.79}",True
2674,25960,25971,25980,top,216.0,196.36,240.0,116.36,"{2674: 0.0, 2669: 18.28, 2594: 23.49, 2675: 16.46}",True
2675,25965,26005,26041,bottom,56.84,54.0,60.0,4.0,"{2675: 0.0, 2669: 37.23, 2674: 14.66, 2594: 22.03, 2676: 23.38, 2678: 31.71, 2679: 8.15, 2677: 41.51}",True
2676,26005,26042,26077,bottom,60.0,58.38,61.71,2.29,"{2676: 0.0, 2675: 23.25, 2594: 15.99, 2678: 7.18, 2679: 16.94, 2677: 18.94, 2680: 29.49, 2681: 8.13}",True
2678,26019,26053,26082,bottom,68.57,63.53,74.48,9.06,"{2678: 0.0, 2676: 6.92, 2675: 31.42, 2594: 12.71, 2679: 18.4, 2677: 9.95, 2680: 24.11, 2681: 12.06}",True
2679,26026,26043,26057,top,139.35,127.06,154.29,46.67,"{2678: 18.08, 2675: 11.72, 2676: 16.36, 2679: 0.0, 2594: 27.13, 2677: 37.47, 2680: 2.95}",True
2677,26033,,,bottom,,,,,{},False
2680,26053,26088,,bottom,,,,,{},False
2681,26065,26078,26090,top,172.8,166.15,180.0,27.69,"{2680: 15.45, 2678: 16.61, 2681: 0.0, 2676: 12.76, 2594: 39.98, 2682: 2.98, 2683: 2.65}",True
2682,26085,26116,26148,bottom,68.57,69.68,67.5,-1.63,"{2682: 0.0, 2681: 3.49, 2680: 20.08, 2683: 3.21, 2684: 17.56, 2696: 37.99, 2697: 35.95, 2689: 38.58, 2699: 41.21, 2700: 4.57}",True
2683,26086,26121,26152,bottom,65.45,61.71,69.68,6.17,"{2682: 3.18, 2681: 2.83, 2683: 0.0, 2680: 21.77, 2684: 18.21, 2696: 35.58, 2697: 32.56, 2689: 35.3, 2699: 37.59, 2700: 7.81}",True
2684,26091,26104,26115,top,180.0,166.15,196.36,65.91,"{2682: 17.29, 2684: 0.0, 2683: 18.12}",True
2696,26127,26235,26307,bottom,24.0,20.0,30.0,3.33,"{2696: 0.0, 2682: 39.2, 2683: 36.9, 2697: 16.96, 2689: 0.14, 2699: 16.44, 2700: 19.93, 2704: 17.82, 2710: 15.7, 2712: 9.96, 2716: 8.27, 2717: 13.18, 2718: 12.77, 2719: 23.89, 2721: 18.46, 2722: 41.35}",True
2697,26133,26168,26202,bottom,62.61,61.71,63.53,1.28,"{2696: 16.12, 2697: 0.0, 2682: 35.85, 2683: 32.58, 2689: 2.61, 2699: 2.16, 2700: 18.13, 2704: 16.23, 2710: 15.24, 2712: 28.19}",True
2689,26137,,,bottom,,,,,{},False
2699,26141,26171,26199,bottom,74.48,72.0,77.14,4.41,"{2696: 15.66, 2699: 0.0, 2700: 19.31, 2682: 40.71, 2683: 37.26, 2697: 2.12, 2704: 16.84, 2710: 15.6, 2712: 28.89}",True
2700,26141,26153,26165,top,180.0,180.0,180.0,,"{2696: 20.47, 2699: 19.24, 2700: 0.0, 2682: 9.22, 2683: 12.34, 2697: 16.93, 2704: 38.49}",True
2704,26160,26173,26185,top,172.8,166.15,180.0,27.69,"{2696: 18.1, 2700: 38.69, 2704: 0.0, 2699: 16.07, 2697: 15.44, 2710: 16.75, 2712: 6.35}",True
2710,26172,26181,,top,,,,,{},False
2712,26178,26208,26237,bottom,73.22,72.0,74.48,2.05,"{2696: 9.14, 2712: 0.0, 2704: 5.27, 2697: 27.82, 2699: 28.79, 2710: 12.57, 2716: 33.29, 2717: 9.96, 2715: 39.5}",True
2716,26220,26250,26276,bottom,77.14,72.0,83.08,10.22,"{2696: 8.16, 2716: 0.0, 2712: 32.96, 2717: 18.24, 2715: 5.81, 2718: 23.57, 2719: 39.98}",True
2717,26223,26236,26247,top,180.0,166.15,196.36,65.91,"{2696: 12.55, 2716: 18.07, 2717: 0.0, 2712: 14.69, 2715: 41.57}",True
2715,26226,,,bottom,,,,,{},False
2718,26251,26278,26305,bottom,80.0,80.0,80.0,,"{2696: 13.23, 2718: 0.0, 2716: 23.31, 2719: 15.95, 2721: 16.41, 2722: 40.38}",True
2719,26270,26297,26323,bottom,81.51,80.0,83.08,2.84,"{2696: 21.37, 2719: 0.0, 2718: 15.8, 2716: 39.43, 2721: 16.76, 2722: 24.51, 2727: 2.94}",True
2721,26277,26287,26296,top,227.37,216.0,240.0,64.0,"{2696: 17.11, 2718: 15.2, 2719: 16.42, 2721: 0.0, 2716: 4.59}",True
2722,26299,26325,26349,bottom,86.4,83.08,90.0,6.92,"{2722: 0.0, 2696: 38.25, 2718: 40.06, 2719: 24.33, 2727: 19.16, 2723: 22.54, 2732: 25.07}",True
2727,26317,26333,26347,top,144.0,135.0,154.29,33.06,"{2722: 18.31, 2727: 0.0, 2719: 5.73, 2723: 37.6, 2732: 27.94}",True
2723,26323,,,bottom,,,,,{},False
2732,26324,,,bottom,,,,,{},False
2739,26351,26377,26403,bottom,83.08,83.08,83.08,,"{2739: 0.0, 2722: 46.9, 2737: 7.33, 2741: 19.38, 2744: 16.88, 2743: 35.02, 2745: 38.25}",True
2737,26358,,,bottom,,,,,{},False
2741,26364,26380,26394,top,144.0,135.0,154.29,33.06,"{2741: 0.0, 2739: 17.47, 2744: 12.72}",True
2744,26377,26387,,top,,,,,{},False
2743,26389,,,bottom,,,,,{},False
2745,26395,26417,26439,bottom,98.18,98.18,98.18,,"{2744: 0.39, 2745: 0.0, 2739: 37.5, 2726: 30.65, 2746: 24.15, 2748: 4.76}",True
2726,26407,,,top,,,,,{},False
2746,26417,,,bottom,,,,,{},False
2748,26431,26447,26462,top,139.35,135.0,144.0,14.4,"{2748: 0.0, 2745: 6.98, 2742: 23.85, 2734: 21.83}",True
2742,26443,,,top,,,,,{},False
2734,26445,,,top,,,,,{},False
2747,26454,,,bottom,,,,,{},False
2749,26465,26488,26510,bottom,96.0,93.91,98.18,4.66,"{2749: 0.0, 2751: 33.16, 2750: 45.4}",True
2751,26497,26521,26544,bottom,91.91,90.0,93.91,4.08,"{2751: 0.0, 2749: 33.0, 2750: 12.94}",True
2750,26509,,,bottom,,,,,{},False
2755,26562,26585,26608,bottom,93.91,93.91,93.91,,"{2755: 0.0, 2756: 4.14, 2753: 10.82}",True
2756,26564,26581,26599,bottom,123.43,127.06,120.0,-9.41,"{2756: 0.0, 2755: 3.83}",True
2753,26571,,,bottom,,,,,{},False
2761,26618,26639,26659,bottom,105.37,102.86,108.0,6.17,"{2761: 0.0, 2762: 18.43, 2752: 2.19}",True
2759,26619,,,bottom,,,,,{},False
2762,26635,26646,26656,top,205.71,196.36,216.0,47.13,"{2762: 0.0, 2761: 17.23}",True
2752,26657,,,top,,,,,{},False
2763,26693,,,top,,,,,{},False
2764,26695,,,bottom,,,,,{},False
2765,26703,,,bottom,,,,,{},False
2766,26729,,,top,,,,,{},False
2767,26731,26783,26829,bottom,44.08,41.54,46.96,2.83,"{2767: 0.0, 2769: 14.09, 2770: 14.95, 2771: 17.5}",True
2769,26768,26811,26849,bottom,53.33,50.23,56.84,4.17,"{2767: 13.6, 2769: 0.0, 2768: 5.45, 2770: 16.71, 2771: 14.82, 2772: 2.69}",True
2768,26778,,,bottom,,,,,{},False
2770,26784,26795,26806,top,196.36,196.36,196.36,,"{2767: 13.98, 2770: 0.0, 2769: 15.5, 2771: 31.46}",True
2771,26799,26810,26820,top,205.71,196.36,216.0,47.13,"{2770: 31.52, 2769: 14.03, 2771: 0.0, 2767: 16.4}",True
2772,26845,,,top,,,,,{},False
2775,26854,,,top,,,,,{},False
2776,26881,,,bottom,,,,,{},False
2778,26906,26919,26931,top,172.8,166.15,180.0,27.69,"{2778: 0.0, 2779: 13.76, 2777: 26.27, 2780: 34.37}",True
2779,26915,26933,26951,bottom,120.0,120.0,120.0,,"{2779: 0.0, 2778: 13.3, 2777: 2.8, 2780: 20.15}",True
2777,26917,,,bottom,,,,,{},False
2780,26924,26937,26949,top,172.8,166.15,180.0,27.69,"{2778: 34.51, 2780: 0.0, 2779: 19.13}",True
2782,26960,,,bottom,,,,,{},False
2784,26980,27027,27071,bottom,47.47,45.96,49.09,1.71,"{2784: 0.0, 2785: 15.46, 2783: 32.34, 2787: 9.49, 2788: 15.26, 2786: 17.94}",True
2785,26997,27005,27013,top,270.0,270.0,270.0,,"{2784: 15.37, 2785: 0.0, 2783: 38.23}",True
2783,27009,,,top,,,,,{},False
2787,27026,27039,27053,bottom,160.0,166.15,154.29,-20.35,"{2784: 8.97, 2787: 0.0, 2788: 21.67, 2786: 25.88}",True
2788,27026,27038,27049,top,187.83,180.0,196.36,35.7,"{2784: 14.34, 2787: 20.86, 2788: 0.0, 2786: 24.09}",True
2786,27037,,,top,,,,,{},False
2789,27104,,,top,,,,,{},False
2791,27108,,,bottom,,,,,{},False
2790,27113,,,top,,,,,{},False
2792,27122,27171,27198,bottom,56.84,44.08,80.0,31.93,"{2792: 0.0, 2793: 18.06, 2795: 7.97, 2796: 8.5, 2799: 11.75, 2800: 24.39, 2801: 16.33}",True
2793,27124,27136,27146,top,196.36,180.0,216.0,86.4,"{2793: 0.0, 2792: 18.38, 2795: 10.9, 2796: 11.34}",True
2795,27136,27182,,bottom,,,,,{},False
2796,27137,27184,,bottom,,,,,{},False
2799,27146,,,bottom,,,,,{},False
2800,27166,27211,27254,bottom,49.09,48.0,50.23,1.25,"{2796: 14.53, 2800: 0.0, 2792: 21.9, 2795: 14.38, 2801: 15.89}",True
2801,27175,27188,27199,top,180.0,166.15,196.36,65.91,"{2801: 0.0, 2792: 17.73, 2800: 13.01, 2795: 17.97, 2796: 14.67}",True
2802,27217,,,top,,,,,{},False
2808,27256,,,top,,,,,{},False
2809,27257,,,bottom,,,,,{},False
2811,27294,27310,27324,top,144.0,135.0,154.29,33.06,{2811: 0.0},True
2812,27327,,,top,,,,,{},False
2820,27339,,,bottom,,,,,{},False
2835,27363,27378,27392,top,148.97,144.0,154.29,17.63,"{2835: 0.0, 2823: 8.01, 2840: 44.76}",True
2823,27366,,,top,,,,,{},False
2832,27368,,,bottom,,,,,{},False
2840,27390,27408,27423,top,130.91,120.0,144.0,38.4,"{2835: 45.22, 2840: 0.0, 2838: 41.6, 2841: 16.78, 2843: 40.97, 2842: 42.77}",True
2838,27395,,,bottom,,,,,{},False
2841,27397,27443,27488,bottom,47.47,46.96,48.0,0.56,"{2841: 0.0, 2840: 15.8, 2843: 15.17, 2842: 16.4, 2847: 16.25, 2846: 4.89}",True
2842,27420,27438,27453,top,130.91,120.0,144.0,38.4,"{2840: 42.93, 2841: 16.0, 2843: 9.36, 2842: 0.0, 2847: 42.74}",True
2843,27420,27431,27442,top,196.36,196.36,196.36,,"{2840: 40.58, 2841: 14.72, 2843: 0.0, 2842: 8.95}",True
2847,27451,27463,27474,top,187.83,180.0,196.36,35.7,"{2842: 42.38, 2841: 15.22, 2847: 0.0}",True
2846,27481,,,top,,,,,{},False
2849,27513,,,top,,,,,{},False
2851,27519,,,top,,,,,{},False
2850,27520,,,bottom,,,,,{},False
2852,27524,27539,27555,bottom,139.35,144.0,135.0,-13.5,"{2852: 0.0, 2853: 16.68, 2854: 18.64}",True
2853,27526,27567,27610,bottom,51.43,52.68,50.23,-1.37,"{2853: 0.0, 2852: 18.32, 2854: 19.47, 2856: 18.62}",True
2854,27527,27537,27546,top,227.37,216.0,240.0,64.0,"{2853: 19.93, 2852: 17.83, 2854: 0.0}",True
2856,27575,27591,27603,top,154.29,135.0,180.0,90.0,"{2853: 16.76, 2856: 0.0}",True
2858,27655,,,bottom,,,,,{},False
2857,27657,,,top,,,,,{},False
2859,27664,,,top,,,,,{},False
2860,27691,27735,27782,bottom,47.47,49.09,45.96,-1.6,"{2860: 0.0, 2861: 18.07, 2863: 21.2, 2864: 18.58, 2875: 18.65}",True
2861,27696,27711,27725,top,148.97,144.0,154.29,17.63,"{2860: 17.96, 2861: 0.0, 2863: 23.48}",True
2863,27710,,,top,,,,,{},False
2865,27733,,,bottom,,,,,{},False
2864,27745,,,top,,,,,{},False
2875,27747,27765,27780,top,130.91,120.0,144.0,38.4,"{2860: 17.82, 2875: 0.0}",True
2871,27751,,,bottom,,,,,{},False
2876,27785,,,top,,,,,{},False
2884,27816,27832,27846,top,144.0,135.0,154.29,33.06,"{2884: 0.0, 2877: 5.91}",True
2883,27817,,,top,,,,,{},False
2877,27817,,,top,,,,,{},False
2885,27865,,,top,,,,,{},False
2886,27879,27892,27904,top,172.8,166.15,180.0,27.69,{2886: 0.0},True
2888,27909,27919,27928,top,227.37,216.0,240.0,64.0,"{2888: 0.0, 2889: 38.64, 2890: 12.83}",True
2887,27911,,,top,,,,,{},False
2889,27913,,,bottom,,,,,{},False
2890,27915,27934,27954,bottom,110.77,113.68,108.0,-6.82,"{2888: 13.06, 2890: 0.0, 2895: 32.54, 2896: 7.91, 2898: 31.35, 2892: 9.16, 2899: 42.39}",True
2895,27937,27987,28038,bottom,42.77,43.2,42.35,-0.4,"{2895: 0.0, 2890: 33.72, 2896: 18.45, 2898: 15.07, 2899: 9.17, 2902: 8.48, 2904: 7.04}",True
2896,27943,27956,27968,top,172.8,166.15,180.0,27.69,"{2895: 18.52, 2898: 21.43, 2896: 0.0, 2890: 10.8, 2892: 7.77, 2899: 14.4}",True
2898,27944,27958,27972,bottom,154.29,154.29,154.29,,"{2895: 14.03, 2898: 0.0, 2896: 21.3, 2890: 30.06, 2899: 16.89, 2902: 44.35}",True
2892,27947,,,top,,,,,{},False
2899,27951,27971,27991,bottom,108.0,108.0,108.0,,"{2895: 8.56, 2899: 0.0, 2898: 17.48, 2896: 13.78, 2890: 42.14, 2902: 18.62, 2901: 37.08}",True
2902,27971,27985,27999,bottom,154.29,154.29,154.29,,"{2895: 7.87, 2902: 0.0, 2899: 17.85, 2898: 44.17, 2901: 20.56}",True
2901,27983,,,bottom,,,,,{},False
2903,28022,,,bottom,,,,,{},False
2904,28027,,,top,,,,,{},False
2906,28039,28055,28068,top,148.97,135.0,166.15,57.51,"{2906: 0.0, 2895: 4.67, 2905: 37.88}",True
2905,28061,,,top,,,,,{},False
2910,28104,28154,28215,bottom,38.92,43.2,35.41,-3.06,"{2910: 0.0, 2909: 45.19, 2911: 17.1, 2912: 24.89, 2915: 14.29, 2923: 40.04, 2920: 6.18}",True
2909,28107,,,top,,,,,{},False
2911,28115,28127,28137,top,196.36,180.0,216.0,86.4,"{2910: 17.16, 2911: 0.0}",True
2912,28151,,,top,,,,,{},False
2913,28168,,,bottom,,,,,{},False
2915,28174,,,top,,,,,{},False
2919,28192,,,bottom,,,,,{},False
2923,28200,28259,28374,bottom,24.83,36.61,18.78,-3.72,"{2923: 0.0, 2910: 35.11, 2920: 47.93, 2925: 12.95, 2926: 9.19, 2927: 16.22, 2933: 5.0, 2935: 15.64}",True
2920,28200,,,top,,,,,{},False
2924,28226,,,top,,,,,{},False
2925,28236,28249,28261,top,172.8,166.15,180.0,27.69,"{2925: 0.0, 2923: 12.38, 2926: 17.5}",True
2926,28240,28256,28274,bottom,127.06,135.0,120.0,-20.0,"{2926: 0.0, 2925: 17.15, 2923: 8.15}",True
2927,28286,,,top,,,,,{},False
2933,28352,,,top,,,,,{},False
2935,28358,28369,28378,top,216.0,196.36,240.0,116.36,"{2923: 20.54, 2935: 0.0}",True
2934,28374,,,top,,,,,{},False
2936,28388,,,bottom,,,,,{},False
2937,28390,,,top,,,,,{},False
2939,28411,28422,28432,top,205.71,196.36,216.0,47.13,"{2939: 0.0, 2941: 29.45}",True
2938,28421,,,top,,,,,{},False
2941,28424,28435,28445,top,205.71,196.36,216.0,47.13,"{2939: 29.6, 2941: 0.0, 2940: 6.11}",True
2940,28442,,,bottom,,,,,{},False
2945,28453,28530,28559,bottom,40.75,28.05,74.48,38.43,"{2945: 0.0, 2942: 39.51, 2947: 18.99, 2946: 10.72, 2951: 9.62}",True
2942,28459,,,top,,,,,{},False
2947,28502,,28522,top,216.0,,,,{},True
2946,28513,,,bottom,,,,,{},False
2951,28530,28543,28556,bottom,166.15,166.15,166.15,,"{2945: 10.22, 2951: 0.0}",True
2950,28547,,,top,,,,,{},False
2952,28582,,,bottom,,,,,{},False
2948,28589,,,top,,,,,{},False
2957,28619,28636,28651,top,135.0,127.06,144.0,27.11,"{2948: 10.98, 2957: 0.0, 2958: 0.91, 2954: 11.11, 2960: 9.43}",True
2958,28620,28636,28650,top,144.0,135.0,154.29,33.06,"{2948: 11.2, 2957: 0.87, 2958: 0.0, 2954: 10.58, 2960: 9.09}",True
2954,28626,,,top,,,,,{},False
2956,28631,,,top,,,,,{},False
2960,28637,28656,28676,bottom,110.77,113.68,108.0,-6.82,"{2958: 9.82, 2960: 0.0, 2957: 10.1, 2948: 17.9}",True
2962,28677,,,top,,,,,{},False
2961,28679,,,bottom,,,,,{},False
2963,28710,28728,28743,top,130.91,120.0,144.0,38.4,{2963: 0.0},True
2965,28748,28763,28775,top,160.0,144.0,180.0,72.0,{2965: 0.0},True
2966,28821,,,top,,,,,{},False
2975,28848,,,bottom,,,,,{},False
2991,28871,28932,28977,bottom,40.75,35.41,48.0,6.71,"{2991: 0.0, 2994: 11.64, 2986: 26.89, 2995: 23.51, 2998: 15.4, 3003: 24.78, 2989: 8.0, 3004: 4.86}",True
2994,28897,28911,28926,bottom,148.97,154.29,144.0,-16.46,"{2994: 0.0, 2991: 10.2, 2986: 6.92}",True
2992,28898,,,bottom,,,,,{},False
2986,28917,,,top,,,,,{},False
2995,28928,,,bottom,,,,,{},False
2998,28931,28944,28956,top,172.8,166.15,180.0,27.69,"{2991: 14.54, 2998: 0.0, 2997: 8.21}",True
2997,28952,,,bottom,,,,,{},False
3003,28959,28972,28985,bottom,166.15,166.15,166.15,,"{3003: 0.0, 2991: 21.02, 2989: 38.06, 3004: 13.5}",True
2989,28960,,,top,,,,,{},False
3004,28970,28982,28993,top,187.83,180.0,196.36,35.7,"{2991: 10.87, 3004: 0.0, 3003: 14.96}",True
3009,28994,29050,29098,bottom,41.54,38.57,45.0,3.21,"{3009: 0.0, 3007: 11.9, 3012: 16.18, 3011: 9.86, 3005: 38.66, 3013: 14.92, 3014: 17.09, 3015: 15.82, 3016: 32.54, 3017: 1.26}",True
3007,29013,,,bottom,,,,,{},False
3012,29014,29030,29043,top,148.97,135.0,166.15,57.51,"{3009: 15.76, 3012: 0.0, 3007: 35.51, 3011: 45.74, 3005: 5.56, 3013: 13.59}",True
3011,29014,,,bottom,,,,,{},False
3005,29015,,,top,,,,,{},False
3010,29020,,,top,,,,,{},False
3013,29025,29037,29048,top,187.83,180.0,196.36,35.7,"{3009: 14.48, 3012: 13.17, 3013: 0.0, 3007: 30.35}",True
3014,29053,29069,29083,top,144.0,135.0,154.29,33.06,"{3009: 15.53, 3014: 0.0, 3015: 3.2}",True
3015,29057,29068,29079,top,196.36,196.36,196.36,,"{3009: 14.79, 3014: 3.0, 3015: 0.0}",True
3016,29087,29099,29113,bottom,166.15,180.0,154.29,-44.08,"{3009: 29.13, 3016: 0.0, 3017: 14.47}",True
3017,29094,29111,29125,top,139.35,127.06,154.29,46.67,"{3009: 5.47, 3016: 15.93, 3017: 0.0, 3018: 23.77, 3019: 44.03}",True
3018,29112,29124,29135,top,187.83,180.0,196.36,35.7,"{3017: 23.66, 3016: 4.01, 3018: 0.0, 3019: 24.91, 3020: 9.05, 3022: 35.36}",True
3019,29123,29139,29153,top,144.0,135.0,154.29,33.06,"{3017: 44.42, 3018: 25.22, 3019: 0.0, 3020: 18.58, 3022: 4.56}",True
3020,29127,29178,29223,bottom,45.0,42.35,48.0,3.01,"{3020: 0.0, 3018: 7.1, 3019: 17.25, 3022: 18.98, 3021: 36.02, 3023: 31.5, 3024: 8.07, 3027: 5.11}",True
3022,29130,29142,29153,top,187.83,180.0,196.36,35.7,"{3020: 19.28, 3018: 35.57, 3019: 4.56, 3022: 0.0}",True
3021,29152,,,top,,,,,{},False
3023,29161,,,top,,,,,{},False
3025,29210,,,bottom,,,,,{},False
3024,29210,,,top,,,,,{},False
3027,29214,29228,29241,top,160.0,154.29,166.15,21.91,"{3020: 12.91, 3027: 0.0}",True
3028,29270,,,top,,,,,{},False
3030,29285,,,bottom,,,,,{},False
3029,29297,,,top,,,,,{},False
3031,29298,,,top,,,,,{},False
3035,29310,,,bottom,,,,,{},False
3038,29337,,,top,,,,,{},False
3040,29356,,,top,,,,,{},False
3041,29363,29374,29385,top,196.36,196.36,196.36,,"{3041: 0.0, 3042: 16.17}",True
3042,29368,29385,29402,bottom,127.06,127.06,127.06,,"{3042: 0.0, 3041: 15.53}",True
3044,29402,,,bottom,,,,,{},False
3043,29402,,,top,,,,,{},False
3036,29404,,,top,,,,,{},False
3049,29420,29435,29448,top,154.29,144.0,166.15,40.9,"{3049: 0.0, 3048: 43.98, 3050: 20.97}",True
3048,29422,,,bottom,,,,,{},False
3050,29433,29447,29459,top,166.15,154.29,180.0,51.43,"{3050: 0.0, 3049: 21.07}",True
3051,29464,,,top,,,,,{},False
3057,29469,29516,29564,bottom,45.47,45.96,45.0,-0.48,"{3057: 0.0, 3058: 21.66}",True
3058,29518,,,top,,,,,{},False
3059,29589,29632,29675,bottom,50.23,50.23,50.23,,"{3059: 0.0, 3061: 14.61, 3060: 29.5}",True
3061,29615,29625,29634,top,227.37,216.0,240.0,64.0,"{3059: 13.99, 3061: 0.0, 3060: 15.27}",True
3060,29620,,,top,,,,,{},False
3064,29674,29685,,top,,,,,{},False
3063,29679,,,bottom,,,,,{},False
3062,29686,,,top,,,,,{},False
3065,29701,,,bottom,,,,,{},False
3068,29711,29726,29742,bottom,139.35,144.0,135.0,-13.5,"{3066: 1.93, 3068: 0.0}",True
3066,29712,,,bottom,,,,,{},False
3067,29722,,,bottom,,,,,{},False
3069,29736,,,top,,,,,{},False
3071,29758,29774,29788,top,144.0,135.0,154.29,33.06,"{3071: 0.0, 3072: 3.36}",True
3072,29762,29774,29784,top,196.36,180.0,216.0,86.4,"{3072: 0.0, 3071: 3.07}",True
3070,29779,,,top,,,,,{},False
3075,29796,29838,29881,bottom,50.82,51.43,50.23,-0.67,"{3075: 0.0, 3079: 18.44, 3082: 17.84, 3098: 16.14, 3108: 18.89}",True
3079,29801,29818,29833,top,135.0,127.06,144.0,27.11,"{3075: 18.21, 3079: 0.0, 3082: 3.5, 3098: 11.12}",True
3082,29804,29817,29828,top,180.0,166.15,196.36,65.91,"{3075: 17.76, 3079: 3.26, 3082: 0.0, 3098: 15.81}",True
3098,29812,29825,29836,top,180.0,166.15,196.36,65.91,"{3075: 15.84, 3082: 15.92, 3098: 0.0, 3079: 10.65}",True
3108,29847,29864,29879,top,135.0,127.06,144.0,27.11,"{3075: 18.05, 3108: 0.0}",True
3114,29884,29897,29908,top,180.0,166.15,196.36,65.91,"{3075: 4.12, 3114: 0.0}",True
3115,29912,29952,29991,bottom,54.68,54.0,55.38,0.85,"{3115: 0.0, 3117: 17.33, 3116: 33.28, 3121: 17.63, 3118: 16.28, 3120: 13.03}",True
3117,29922,29935,29947,top,172.8,166.15,180.0,27.69,"{3115: 17.13, 3117: 0.0, 3116: 24.17}",True
3116,29934,,,top,,,,,{},False
3121,29952,29967,29980,top,154.29,144.0,166.15,40.9,"{3115: 15.94, 3121: 0.0, 3118: 18.46, 3120: 29.96}",True
3118,29962,,,top,,,,,{},False
3120,29969,,,top,,,,,{},False
3125,29993,30006,30018,top,172.8,166.15,180.0,27.69,"{3125: 0.0, 3115: 2.55, 3124: 43.41}",True
3124,29995,,,bottom,,,,,{},False
3127,30022,30060,30100,bottom,55.38,56.84,54.0,-1.71,"{3127: 0.0, 3130: 17.21, 3129: 14.15}",True
3126,30031,,,top,,,,,{},False
3128,30047,,,top,,,,,{},False
3130,30065,30077,30089,top,180.0,180.0,180.0,,"{3130: 0.0, 3127: 16.1}",True
3129,30077,,,top,,,,,{},False
3134,30114,,,top,,,,,{},False
3136,30132,,,bottom,,,,,{},False
3139,30149,30162,30174,top,172.8,166.15,180.0,27.69,"{3139: 0.0, 3140: 18.63}",True
3140,30152,30177,30222,bottom,61.71,86.4,48.0,-20.48,"{3140: 0.0, 3139: 17.48, 3143: 14.29, 3141: 26.69}",True
3143,30187,30206,30227,bottom,108.0,113.68,102.86,-12.37,"{3143: 0.0, 3140: 12.4}",True
3141,30190,,,bottom,,,,,{},False
3142,30200,,,bottom,,,,,{},False
3144,30215,,,bottom,,,,,{},False
3145,30228,,,top,,,,,{},False
3146,30245,,,top,,,,,{},False
3147,30269,,,top,,,,,{},False
3148,30279,,,top,,,,,{},False
3149,30297,,,top,,,,,{},False
3152,30320,30332,30343,top,187.83,180.0,196.36,35.7,"{3152: 0.0, 3150: 6.79, 3151: 20.07}",True
3150,30322,,,top,,,,,{},False
3151,30329,,,top,,,,,{},False
3157,30343,30358,30372,top,148.97,144.0,154.29,17.63,"{3157: 0.0, 3159: 17.37, 3154: 11.32}",True
3159,30348,30399,30452,bottom,41.54,42.35,40.75,-0.72,"{3159: 0.0, 3157: 16.2, 3154: 46.11, 3162: 12.84, 3164: 15.03, 3160: 29.64, 3163: 23.02, 3168: 16.12, 3170: 14.68, 3167: 34.47, 3171: 2.91}",True
3154,30350,,,top,,,,,{},False
3164,30371,30382,30393,top,196.36,196.36,196.36,,"{3157: 44.39, 3159: 14.69, 3162: 45.87, 3164: 0.0, 3160: 32.75}",True
3162,30371,,,bottom,,,,,{},False
3160,30385,,,top,,,,,{},False
3163,30399,,,top,,,,,{},False
3168,30405,30419,30432,top,160.0,154.29,166.15,21.91,"{3159: 15.25, 3168: 0.0, 3170: 23.23, 3167: 19.78}",True
3170,30417,30439,30448,top,139.35,98.18,240.0,378.18,"{3159: 13.68, 3168: 24.2, 3170: 0.0, 3167: 41.73, 3169: 32.14}",True
3167,30422,,,bottom,,,,,{},False
3169,30435,,,bottom,,,,,{},False
3171,30448,,,top,,,,,{},False
3174,30459,30512,30569,bottom,39.27,40.75,37.89,-1.2,"{3174: 0.0, 3176: 21.64, 3177: 14.89, 3180: 27.3, 3183: 16.73, 3175: 11.5, 3178: 11.28}",True
3176,30508,30559,30602,bottom,45.96,42.35,50.23,4.4,"{3174: 21.47, 3176: 0.0, 3177: 20.84, 3180: 5.41, 3183: 19.37, 3186: 25.12, 3193: 15.59, 3188: 33.77, 3196: 9.68, 3189: 10.21}",True
3177,30511,30524,30536,top,172.8,166.15,180.0,27.69,"{3174: 14.08, 3177: 0.0, 3176: 20.15, 3180: 12.48, 3183: 29.49}",True
3180,30521,30570,,bottom,,,,,{},False
3183,30527,30540,30552,top,172.8,166.15,180.0,27.69,"{3174: 15.73, 3177: 29.58, 3183: 0.0, 3180: 21.21, 3176: 18.3, 3175: 23.92, 3178: 26.24}",True
3179,30539,,,bottom,,,,,{},False
3175,30539,,,top,,,,,{},False
3178,30540,,,top,,,,,{},False
3186,30562,,,bottom,,,,,{},False
3193,30577,30588,30597,top,216.0,196.36,240.0,116.36,"{3193: 0.0, 3176: 14.36, 3188: 31.4, 3196: 19.23, 3189: 39.77}",True
3196,30583,30599,30613,top,144.0,135.0,154.29,33.06,"{3188: 45.64, 3176: 19.03, 3196: 0.0, 3193: 19.65, 3189: 17.28}",True
3188,30584,,,bottom,,,,,{},False
3189,30593,,,top,,,,,{},False
3208,30617,30665,30717,bottom,43.2,45.0,41.54,-1.6,"{3208: 0.0, 3176: 41.14, 3204: 42.09, 3187: 33.7, 3205: 30.35, 3215: 16.01, 3211: 29.34, 3213: 21.68, 3216: 28.78, 3214: 17.22}",True
3204,30625,,,top,,,,,{},False
3187,30629,,,top,,,,,{},False
3205,30639,,,top,,,,,{},False
3215,30651,30666,30680,top,148.97,144.0,154.29,17.63,"{3211: 3.8, 3208: 14.43, 3215: 0.0, 3213: 30.19, 3216: 11.42}",True
3211,30652,,,top,,,,,{},False
3213,30670,,,top,,,,,{},False
3216,30674,,,bottom,,,,,{},False
3214,30679,,,top,,,,,{},False
3226,30696,,,bottom,,,,,{},False
3232,30720,,,top,,,,,{},False
3242,30721,,,bottom,,,,,{},False
3244,30733,30778,30830,bottom,44.54,48.0,41.54,-2.98,"{3244: 0.0, 3247: 34.07, 3246: 12.36}",True
3243,30743,,,bottom,,,,,{},False
3245,30774,,,top,,,,,{},False
3247,30803,30858,30942,bottom,31.08,39.27,25.71,-3.87,"{3244: 33.79, 3247: 0.0, 3246: 47.72, 3251: 15.55, 3253: 14.81, 3250: 22.43, 3260: 17.06, 3255: 13.54, 3268: 37.6, 3269: 43.07, 3265: 2.66}",True
3249,30803,,,bottom,,,,,{},False
3246,30804,,,top,,,,,{},False
3251,30833,30848,30861,top,154.29,144.0,166.15,40.9,"{3244: 4.46, 3251: 0.0, 3247: 14.07, 3253: 9.29, 3250: 44.86}",True
3253,30841,30853,30864,top,187.83,180.0,196.36,35.7,"{3251: 8.91, 3253: 0.0, 3247: 13.61, 3250: 38.94}",True
3250,30859,,,top,,,,,{},False
3260,30870,30879,30890,top,216.0,240.0,196.36,-95.21,"{3260: 0.0, 3247: 15.99, 3255: 35.75}",True
3255,30882,,,top,,,,,{},False
3268,30910,30987,,bottom,,,,,{},False
3269,30916,,,bottom,,,,,{},False
3262,30916,,,bottom,,,,,{},False
3265,30925,,,top,,,,,{},False
3270,30943,,,top,,,,,{},False
3271,30951,,,bottom,,,,,{},False
3274,30986,31003,31020,bottom,127.06,127.06,127.06,,"{3274: 0.0, 3268: 16.34, 3272: 38.48, 3277: 13.87, 3279: 8.27, 3280: 41.67}",True
3272,30991,,,top,,,,,{},False
3273,31001,,,bottom,,,,,{},False
3277,31001,31015,31027,top,166.15,154.29,180.0,51.43,"{3274: 16.97, 3277: 0.0, 3279: 11.31, 3280: 8.7, 3275: 40.56, 3283: 4.92}",True
3279,31009,31020,31033,top,180.0,196.36,166.15,-55.77,"{3277: 11.27, 3274: 12.14, 3279: 0.0, 3280: 13.77, 3275: 27.87, 3283: 15.46}",True
3280,31017,31034,31051,bottom,127.06,127.06,127.06,,"{3280: 0.0, 3277: 8.33, 3274: 41.0, 3279: 13.29, 3275: 38.86, 3283: 13.0}",True
3275,31022,,,top,,,,,{},False
3283,31025,,,bottom,,,,,{},False
3284,31051,,,bottom,,,,,{},False
3281,31051,,,top,,,,,{},False
3285,31074,,,top,,,,,{},False
3286,31076,,,bottom,,,,,{},False
3289,31076,31092,31105,top,148.97,135.0,166.15,57.51,"{3289: 0.0, 3290: 2.84, 3288: 40.16}",True
3290,31076,31090,31102,top,166.15,154.29,180.0,51.43,"{3289: 2.68, 3290: 0.0, 3288: 44.75}",True
3288,31100,,,top,,,,,{},False
3287,31139,,,bottom,,,,,{},False
3291,31139,,,bottom,,,,,{},False
3294,31161,31176,31189,top,154.29,144.0,166.15,40.9,"{3294: 0.0, 3292: 11.47, 3293: 30.2, 3295: 25.13}",True
3292,31166,,,top,,,,,{},False
3293,31172,,,bottom,,,,,{},False
3295,31176,31190,31203,top,160.0,154.29,166.15,21.91,"{3294: 25.16, 3295: 0.0}",True
3296,31196,,,bottom,,,,,{},False
3297,31204,,,top,,,,,{},False
3302,31205,,,top,,,,,{},False
3298,31207,,,top,,,,,{},False
3303,31214,31228,31243,bottom,148.97,154.29,144.0,-16.46,"{3303: 0.0, 3305: 10.82, 3306: 41.38, 3304: 43.41}",True
3305,31228,31243,31256,top,154.29,144.0,166.15,40.9,"{3305: 0.0, 3303: 12.6, 3306: 13.83, 3304: 26.73, 3307: 26.67}",True
3306,31240,31254,31268,bottom,154.29,154.29,154.29,,"{3306: 0.0, 3305: 13.79, 3303: 41.08, 3307: 19.78, 3310: 8.6}",True
3304,31241,,,bottom,,,,,{},False
3307,31246,31257,31266,top,216.0,196.36,240.0,116.36,"{3305: 26.46, 3306: 18.58, 3307: 0.0, 3310: 28.99}",True
3310,31257,31274,31288,top,139.35,127.06,154.29,46.67,"{3307: 30.03, 3310: 0.0, 3306: 9.74}",True
3309,31284,,,top,,,,,{},False
3311,31288,,,bottom,,,,,{},False
3312,31303,,,top,,,,,{},False
3316,31310,31326,31341,top,139.35,135.0,144.0,14.4,"{3316: 0.0, 3313: 28.42, 3315: 17.86, 3308: 9.96, 3314: 37.27}",True
3313,31322,,,bottom,,,,,{},False
3315,31329,,,bottom,,,,,{},False
3308,31333,,,bottom,,,,,{},False
3314,31333,,,top,,,,,{},False
3318,31382,,,top,,,,,{},False
3319,31405,,,bottom,,,,,{},False
3321,31430,,,bottom,,,,,{},False
3323,31435,31446,,top,,,,,{},False
3320,31439,,,top,,,,,{},False
3322,31456,,,bottom,,,,,{},False
3328,31464,31480,31493,top,148.97,135.0,166.15,57.51,"{3328: 0.0, 3326: 36.14}",True
3326,31485,,,top,,,,,{},False
3331,31492,31504,31518,bottom,166.15,180.0,154.29,-44.08,"{3328: 2.85, 3332: 21.79, 3331: 0.0, 3333: 7.4, 3335: 2.57, 3334: 43.74}",True
3332,31493,31507,31520,top,160.0,154.29,166.15,21.91,"{3333: 20.98, 3332: 0.0, 3331: 22.63, 3335: 37.17}",True
3333,31494,31509,31526,bottom,135.0,144.0,127.06,-23.92,"{3333: 0.0, 3332: 20.73, 3331: 7.81, 3335: 7.88, 3334: 33.54}",True
3335,31514,31530,31544,top,144.0,135.0,154.29,33.06,"{3332: 37.37, 3333: 9.55, 3331: 4.11, 3335: 0.0, 3334: 45.4, 3340: 26.75, 3341: 30.06}",True
3336,31515,,,top,,,,,{},False
3334,31516,,,bottom,,,,,{},False
3340,31532,31547,31559,top,160.0,144.0,180.0,72.0,"{3335: 26.72, 3340: 0.0, 3341: 1.94}",True
3341,31535,31548,31559,top,180.0,166.15,196.36,65.91,"{3341: 0.0, 3340: 1.94, 3335: 29.84}",True
3343,31579,,,bottom,,,,,{},False
3344,31599,,,bottom,,,,,{},False
3345,31608,31626,31641,top,130.91,120.0,144.0,38.4,"{3345: 0.0, 3346: 44.37}",True
3346,31638,,,top,,,,,{},False
3349,31663,31676,31688,top,172.8,166.15,180.0,27.69,{3349: 0.0},True
3348,31676,,,top,,,,,{},False
3350,31696,,,top,,,,,{},False
3351,31715,,,bottom,,,,,{},False
3353,31719,31732,31744,top,172.8,166.15,180.0,27.69,{3353: 0.0},True
3354,31744,,,top,,,,,{},False
3347,31749,,,top,,,,,{},False
3357,31767,31784,31799,top,135.0,127.06,144.0,27.11,"{3357: 0.0, 3356: 13.83, 3363: 13.0, 3364: 19.22}",True
3356,31775,,,top,,,,,{},False
3363,31782,31890,31948,bottom,26.02,20.0,37.24,7.13,"{3363: 0.0, 3357: 11.59, 3364: 21.79, 3370: 14.42, 3372: 19.37, 3375: 39.71}",True
3364,31782,31796,31808,top,166.15,154.29,180.0,51.43,"{3363: 22.51, 3357: 19.1, 3364: 0.0}",True
3360,31799,,,top,,,,,{},False
3370,31893,31906,31917,top,180.0,166.15,196.36,65.91,"{3370: 0.0, 3363: 13.56, 3368: 15.63}",True
3368,31910,,,bottom,,,,,{},False
3372,31921,31935,31947,top,166.15,154.29,180.0,51.43,"{3363: 18.32, 3372: 0.0, 3375: 3.64}",True
3371,31922,,,top,,,,,{},False
3375,31942,31956,31971,bottom,148.97,154.29,144.0,-16.46,"{3372: 4.72, 3375: 0.0, 3363: 33.04, 3373: 17.68, 3377: 35.19}",True
3373,31952,,,bottom,,,,,{},False
3374,31956,,,top,,,,,{},False
3377,31959,32016,32064,bottom,41.14,37.89,45.0,3.55,"{3377: 0.0, 3375: 36.65, 3376: 39.75, 3379: 13.97, 3378: 28.02}",True
3376,31978,,,top,,,,,{},False
3379,31988,,,bottom,,,,,{},False
3378,32003,,,top,,,,,{},False
3380,32066,,,top,,,,,{},False
3381,32073,,,bottom,,,,,{},False
3382,32085,,,top,,,,,{},False
3383,32095,,,top,,,,,{},False
3384,32120,,,top,,,,,{},False
3387,32137,32147,,top,,,,,{},False
3386,32153,,,top,,,,,{},False
3388,32184,,,bottom,,,,,{},False
3391,32186,32200,32215,bottom,148.97,154.29,144.0,-16.46,"{3391: 0.0, 3393: 0.01}",True
3389,32196,,,bottom,,,,,{},False
3392,32196,,,bottom,,,,,{},False
3393,32213,32225,32236,top,187.83,180.0,196.36,35.7,"{3391: 3.45, 3393: 0.0, 3395: 15.21}",True
3395,32221,32276,32321,bottom,43.2,39.27,48.0,4.65,"{3395: 0.0, 3393: 13.45, 3400: 16.82, 3398: 34.33, 3403: 8.27, 3404: 15.59, 3405: 14.71, 3402: 24.17, 3406: 10.89}",True
3400,32238,32254,32268,top,144.0,135.0,154.29,33.06,"{3395: 16.71, 3400: 0.0, 3398: 26.84, 3403: 9.61, 3404: 27.77}",True
3398,32254,,,top,,,,,{},False
3403,32256,32271,32288,bottom,135.0,144.0,127.06,-23.92,"{3395: 7.66, 3403: 0.0, 3400: 9.55, 3404: 22.83, 3405: 12.25, 3402: 20.1}",True
3404,32256,32272,32285,top,148.97,135.0,166.15,57.51,"{3395: 14.63, 3403: 21.35, 3400: 27.81, 3404: 0.0, 3401: 41.4, 3405: 22.94, 3402: 28.37}",True
3401,32260,,,bottom,,,,,{},False
3405,32272,32285,32296,top,180.0,166.15,196.36,65.91,"{3395: 13.89, 3405: 0.0, 3404: 22.75, 3403: 14.54, 3402: 4.94}",True
3402,32273,,,top,,,,,{},False
3406,32304,32318,32330,top,166.15,154.29,180.0,51.43,"{3395: 18.12, 3406: 0.0}",True
3407,32415,32430,32446,bottom,139.35,144.0,135.0,-13.5,{3407: 0.0},True
3419,32491,32502,32512,top,205.71,196.36,216.0,47.13,"{3419: 0.0, 3421: 10.01, 3422: 30.73}",True
3421,32504,32562,32618,bottom,37.89,37.24,38.57,0.57,"{3421: 0.0, 3419: 7.94, 3422: 20.19, 3426: 16.23, 3428: 15.07, 3432: 20.75, 3437: 15.46}",True
3422,32505,32516,32526,top,205.71,196.36,216.0,47.13,"{3421: 20.71, 3422: 0.0, 3419: 31.06}",True
3426,32525,32538,32550,top,172.8,166.15,180.0,27.69,"{3421: 16.08, 3422: 46.03, 3426: 0.0, 3428: 11.13}",True
3428,32532,32544,32554,top,196.36,180.0,216.0,86.4,"{3421: 14.77, 3428: 0.0, 3426: 11.04}",True
3432,32568,,,top,,,,,{},False
3437,32578,32589,32599,top,205.71,196.36,216.0,47.13,"{3421: 14.26, 3437: 0.0}",True
3440,32622,,,bottom,,,,,{},False
3453,32644,32697,32746,bottom,42.35,40.75,44.08,1.63,"{3453: 0.0, 3464: 32.14, 3465: 13.77, 3466: 7.05}",True
3464,32679,,,top,,,,,{},False
3465,32718,,,top,,,,,{},False
3466,32732,,,top,,,,,{},False
3468,32750,32765,32779,top,148.97,144.0,154.29,17.63,"{3468: 0.0, 3453: 4.96, 3470: 17.73, 3469: 7.33, 3467: 41.58}",True
3469,32754,32770,32784,top,144.0,135.0,154.29,33.06,"{3470: 20.02, 3468: 7.42, 3453: 3.66, 3469: 0.0, 3467: 31.64}",True
3470,32755,32803,32852,bottom,44.54,45.0,44.08,-0.45,"{3470: 0.0, 3468: 16.59, 3469: 18.83, 3467: 37.74, 3472: 43.26}",True
3467,32774,,,top,,,,,{},False
3472,32847,,,bottom,,,,,{},False
3475,32873,32915,32960,bottom,49.66,51.43,48.0,-1.83,"{3475: 0.0, 3472: 14.23, 3477: 18.01, 3476: 27.43, 3478: 28.88}",True
3473,32895,,,bottom,,,,,{},False
3477,32900,,,bottom,,,,,{},False
3476,32907,,,top,,,,,{},False
3478,32925,,,bottom,,,,,{},False
3479,33014,33058,33095,bottom,53.33,49.09,58.38,6.02,"{3479: 0.0, 3485: 17.33, 3487: 37.1, 3488: 2.44}",True
3480,33038,,,bottom,,,,,{},False
3485,33047,33065,33079,top,135.0,120.0,154.29,58.78,"{3479: 16.32, 3485: 0.0}",True
3487,33080,33116,33151,bottom,60.85,60.0,61.71,1.18,"{3487: 0.0, 3479: 36.35, 3488: 17.56, 3493: 17.1}",True
3488,33089,33105,33118,top,148.97,135.0,166.15,57.51,"{3487: 16.91, 3488: 0.0, 3479: 6.16}",True
3493,33121,33138,33153,top,135.0,127.06,144.0,27.11,"{3487: 18.85, 3493: 0.0}",True
3495,33167,,,bottom,,,,,{},False
3496,33171,33186,33200,top,148.97,144.0,154.29,17.63,"{3496: 0.0, 3497: 10.91}",True
3497,33181,33192,33202,top,205.71,196.36,216.0,47.13,"{3496: 10.6, 3497: 0.0}",True
3498,33210,,33227,top,254.12,,,,{},True
3499,33216,33232,33246,top,144.0,135.0,154.29,33.06,"{3499: 0.0, 3498: 24.24, 3501: 6.42}",True
3501,33238,33274,33313,bottom,57.6,60.0,55.38,-2.84,"{3501: 0.0, 3499: 5.29, 3504: 16.21, 3505: 16.9, 3502: 32.3}",True
3504,33262,33277,33291,top,148.97,144.0,154.29,17.63,"{3501: 15.56, 3504: 0.0, 3505: 9.79, 3502: 4.58}",True
3505,33267,33284,33299,top,135.0,127.06,144.0,27.11,"{3501: 16.19, 3505: 0.0, 3504: 9.92, 3502: 16.81}",True
3502,33287,,,bottom,,,,,{},False
3508,33313,,,top,,,,,{},False
3509,33313,33330,33345,top,135.0,127.06,144.0,27.11,"{3501: 4.76, 3509: 0.0, 3511: 3.29, 3507: 36.37, 3515: 1.35}",True
3511,33317,33329,33340,top,187.83,180.0,196.36,35.7,"{3501: 4.86, 3511: 0.0, 3509: 3.08, 3507: 39.06}",True
3507,33321,,,bottom,,,,,{},False
3515,33344,33383,33422,bottom,55.38,55.38,55.38,,"{3515: 0.0, 3509: 0.73, 3513: 43.67, 3516: 13.73}",True
3514,33350,,,top,,,,,{},False
3513,33350,,,top,,,,,{},False
3516,33403,33416,33427,top,180.0,166.15,196.36,65.91,"{3515: 19.53, 3516: 0.0}",True
3517,33427,,,bottom,,,,,{},False
3519,33453,,,bottom,,,,,{},False
3520,33454,33467,33478,top,180.0,166.15,196.36,65.91,"{3520: 0.0, 3521: 19.27, 3524: 29.55}",True
3521,33457,33471,33486,bottom,148.97,154.29,144.0,-16.46,"{3521: 0.0, 3520: 19.03, 3524: 14.45}",True
3524,33470,33481,33491,top,205.71,196.36,216.0,47.13,"{3521: 15.79, 3524: 0.0, 3520: 29.58}",True
3526,33491,33502,33512,top,205.71,196.36,216.0,47.13,{3526: 0.0},True
3523,33492,,,top,,,,,{},False
3528,33514,,,bottom,,,,,{},False
3527,33539,,,top,,,,,{},False
3530,33565,33578,33591,top,166.15,166.15,166.15,,"{3530: 0.0, 3531: 7.05, 3529: 3.67}",True
3531,33583,33622,33659,bottom,56.84,55.38,58.38,1.94,"{3531: 0.0, 3530: 5.81, 3532: 16.22, 3534: 15.11, 3533: 2.61}",True
3529,33589,,,bottom,,,,,{},False
3532,33599,33612,33624,top,172.8,166.15,180.0,27.69,"{3531: 15.82, 3532: 0.0}",True
3534,33637,33651,33663,top,166.15,154.29,180.0,51.43,"{3531: 19.5, 3534: 0.0, 3533: 37.26, 3538: 38.07}",True
3533,33657,,,top,,,,,{},False
3538,33658,33670,33681,top,187.83,180.0,196.36,35.7,"{3531: 6.86, 3534: 38.11, 3538: 0.0, 3535: 37.72, 3540: 19.36, 3537: 41.05}",True
3535,33663,,,bottom,,,,,{},False
3540,33667,33681,33693,top,166.15,154.29,180.0,51.43,"{3538: 19.52, 3540: 0.0, 3537: 21.79}",True
3537,33678,,,top,,,,,{},False
3545,33694,33708,33720,top,166.15,154.29,180.0,51.43,"{3545: 0.0, 3575: 39.26}",True
3575,33716,33729,33741,top,172.8,166.15,180.0,27.69,"{3545: 39.37, 3575: 0.0, 3580: 16.86, 3564: 39.25, 3548: 5.52}",True
3580,33721,33747,33773,bottom,83.08,83.08,83.08,,"{3580: 0.0, 3575: 15.87, 3564: 32.91, 3548: 17.95, 3581: 18.18}",True
3564,33736,,,top,,,,,{},False
3548,33738,,,bottom,,,,,{},False
3581,33744,33757,33769,top,172.8,166.15,180.0,27.69,"{3580: 17.18, 3581: 0.0}",True
3541,33779,,,top,,,,,{},False
3584,33812,,,bottom,,,,,{},False
3585,33813,33824,33833,top,216.0,196.36,240.0,116.36,"{3585: 0.0, 3583: 8.61}",True
3583,33817,,,top,,,,,{},False
3591,33858,33896,33928,bottom,61.71,56.84,67.5,7.99,"{3591: 0.0, 3589: 40.95, 3594: 17.5, 3595: 16.98, 3599: 17.46, 3593: 18.85}",True
3589,33874,,,top,,,,,{},False
3594,33876,33891,33903,top,160.0,144.0,180.0,72.0,"{3591: 17.07, 3594: 0.0, 3595: 2.79, 3599: 33.93}",True
3595,33879,33892,33904,top,172.8,166.15,180.0,27.69,"{3591: 16.45, 3594: 2.72, 3595: 0.0, 3599: 32.42, 3596: 7.86}",True
3599,33896,33909,33921,top,172.8,166.15,180.0,27.69,"{3591: 16.51, 3594: 33.98, 3599: 0.0, 3595: 32.63, 3596: 40.27, 3593: 15.1}",True
3596,33900,,,bottom,,,,,{},False
3593,33903,,,top,,,,,{},False
3606,33934,33946,33958,top,180.0,180.0,180.0,,"{3606: 0.0, 3604: 42.51}",True
3604,33936,,,bottom,,,,,{},False
3603,33942,,,top,,,,,{},False
3607,33979,,,top,,,,,{},False
3609,33988,34006,34019,top,139.35,120.0,166.15,85.21,"{3609: 0.0, 3610: 6.5, 3608: 11.71}",True
3610,33990,34001,,top,,,,,{},False
3608,33995,,,top,,,,,{},False
3613,34028,34045,34059,top,139.35,127.06,154.29,46.67,"{3613: 0.0, 3611: 23.15, 3625: 34.05, 3619: 4.01, 3617: 43.82}",True
3611,34044,,,top,,,,,{},False
3625,34052,34064,34076,top,180.0,180.0,180.0,,"{3613: 33.93, 3625: 0.0, 3619: 37.8, 3617: 10.03, 3618: 33.71, 3631: 36.82, 3632: 44.14}",True
3619,34057,,,bottom,,,,,{},False
3617,34057,,,top,,,,,{},False
3618,34059,,,bottom,,,,,{},False
3628,34059,,,bottom,,,,,{},False
3631,34071,34084,34096,top,172.8,166.15,180.0,27.69,"{3625: 36.99, 3631: 0.0, 3632: 11.2, 3630: 28.74}",True
3632,34075,34092,34106,top,139.35,127.06,154.29,46.67,"{3625: 45.67, 3632: 0.0, 3631: 11.62, 3630: 38.45}",True
3630,34081,,,bottom,,,,,{},False
3629,34082,,,top,,,,,{},False
3643,34108,34119,34129,top,205.71,196.36,216.0,47.13,"{3643: 0.0, 3636: 16.14, 3647: 3.09}",True
3636,34115,,,top,,,,,{},False
3647,34126,34176,34212,bottom,50.23,43.2,60.0,11.2,"{3643: 2.43, 3647: 0.0, 3645: 42.74, 3648: 9.67, 3649: 8.66, 3652: 19.21, 3654: 12.79, 3662: 29.71, 3653: 13.19, 3650: 7.18}",True
3645,34132,,,top,,,,,{},False
3648,34134,34148,34163,bottom,148.97,154.29,144.0,-16.46,"{3648: 0.0, 3647: 9.52, 3649: 16.36, 3652: 12.92}",True
3649,34138,,,bottom,,,,,{},False
3652,34145,34161,34174,top,148.97,135.0,166.15,57.51,"{3648: 13.81, 3652: 0.0, 3649: 24.86, 3647: 16.75, 3654: 39.03}",True
3654,34170,34182,34193,top,187.83,180.0,196.36,35.7,"{3652: 38.94, 3654: 0.0, 3647: 11.71, 3662: 5.66, 3653: 43.23}",True
3662,34186,34223,34258,bottom,60.0,58.38,61.71,2.29,"{3654: 5.64, 3662: 0.0, 3647: 29.5, 3650: 36.45, 3668: 8.37, 3669: 17.27, 3670: 19.51, 3666: 29.95, 3672: 18.48, 3667: 14.36, 3673: 2.69, 3674: 1.91}",True
3653,34191,,,top,,,,,{},False
3650,34202,,,top,,,,,{},False
3668,34218,34232,34248,bottom,144.0,154.29,135.0,-28.93,"{3668: 0.0, 3662: 8.03, 3669: 20.29, 3670: 34.97, 3666: 21.02, 3672: 10.44, 3667: 16.82}",True
3670,34221,,,top,,,,,{},False
3669,34221,34237,34250,top,148.97,135.0,166.15,57.51,"{3668: 22.02, 3662: 16.44, 3669: 0.0, 3670: 0.13, 3672: 19.15, 3667: 25.19}",True
3666,34230,,,bottom,,,,,{},False
3672,34236,34247,,top,,,,,{},False
3667,34236,,,top,,,,,{},False
3673,34253,34269,34283,top,144.0,135.0,154.29,33.06,"{3672: 40.43, 3673: 0.0, 3662: 7.22, 3674: 2.95}",True
3674,34255,34267,34278,top,187.83,180.0,196.36,35.7,"{3672: 43.33, 3674: 0.0, 3673: 2.78, 3662: 7.79}",True
3676,34282,,,top,,,,,{},False
3681,34293,34328,34364,bottom,60.85,61.71,60.0,-1.14,"{3681: 0.0, 3678: 40.23, 3683: 16.3, 3680: 9.8, 3687: 18.44, 3684: 23.25, 3694: 4.71}",True
3679,34298,,,bottom,,,,,{},False
3678,34303,,,top,,,,,{},False
3683,34304,34314,,top,,,,,{},False
3680,34307,,,bottom,,,,,{},False
3687,34324,34340,34355,top,139.35,135.0,144.0,14.4,"{3687: 0.0, 3681: 17.4, 3684: 7.8}",True
3684,34328,,,top,,,,,{},False
3694,34358,34368,,top,,,,,{},False
3691,34375,,,top,,,,,{},False
3693,34379,,,top,,,,,{},False
3697,34397,,,bottom,,,,,{},False
3707,34404,,,bottom,,,,,{},False
3708,34407,34417,34427,top,216.0,216.0,216.0,,{3708: 0.0},True
3705,34418,,,top,,,,,{},False
3709,34451,,,top,,,,,{},False
3710,34463,,,top,,,,,{},False
3711,34464,34477,34491,bottom,160.0,166.15,154.29,-20.35,"{3711: 0.0, 3710: 45.68, 3712: 12.03, 3714: 5.34}",True
3712,34469,,,bottom,,,,,{},False
3714,34484,34499,34512,top,154.29,144.0,166.15,40.9,"{3714: 0.0, 3711: 5.52, 3717: 8.35, 3716: 7.28}",True
3717,34498,34530,34557,bottom,73.22,67.5,80.0,11.11,"{3714: 8.52, 3717: 0.0, 3715: 4.55, 3716: 9.78, 3721: 14.79, 3720: 26.49, 3723: 34.44, 3727: 34.5, 3725: 42.13}",True
3715,34507,,,bottom,,,,,{},False
3716,34507,34546,,bottom,,,,,{},False
3721,34518,34551,34584,bottom,65.45,65.45,65.45,,"{3721: 0.0, 3717: 14.9, 3716: 3.52, 3720: 11.06, 3723: 19.64, 3727: 18.81, 3725: 27.65}",True
3720,34533,,,bottom,,,,,{},False
3723,34542,,,bottom,,,,,{},False
3727,34542,34578,,bottom,,,,,{},False
3725,34554,,,bottom,,,,,{},False
3732,34584,,,top,,,,,{},False
3734,34597,,,top,,,,,{},False
3735,34609,,,top,,,,,{},False
3729,34625,,,top,,,,,{},False
3740,34652,34674,34697,bottom,96.0,98.18,93.91,-4.45,"{3740: 0.0, 3741: 17.91, 3739: 8.74, 3742: 16.63, 3744: 44.1}",True
3741,34656,34667,34677,top,205.71,196.36,216.0,47.13,"{3740: 17.41, 3741: 0.0, 3739: 40.52}",True
3739,34659,,,bottom,,,,,{},False
3742,34680,,,top,,,,,{},False
3744,34693,34742,34794,bottom,42.77,44.08,41.54,-1.17,"{3744: 0.0, 3740: 44.39, 3743: 40.04, 3745: 28.44, 3757: 17.33}",True
3743,34709,,,top,,,,,{},False
3748,34724,,,bottom,,,,,{},False
3745,34731,,,top,,,,,{},False
3746,34732,,,top,,,,,{},False
3749,34740,,,bottom,,,,,{},False
3750,34751,,,top,,,,,{},False
3757,34777,34787,34796,top,227.37,216.0,240.0,64.0,"{3744: 20.11, 3757: 0.0}",True
3762,34796,34812,34826,top,144.0,135.0,154.29,33.06,"{3744: 4.1, 3762: 0.0, 3763: 18.32}",True
3761,34796,,,bottom,,,,,{},False
3763,34800,34847,34888,bottom,49.09,45.96,52.68,3.94,"{3763: 0.0, 3762: 17.24, 3759: 3.16, 3765: 15.12, 3766: 18.99}",True
3759,34808,,,bottom,,,,,{},False
3765,34826,34837,34848,top,196.36,196.36,196.36,,"{3763: 14.63, 3765: 0.0}",True
3764,34835,,,bottom,,,,,{},False
3766,34853,,,top,,,,,{},False
3767,34889,,,bottom,,,,,{},False
3768,34897,,,bottom,,,,,{},False
3771,34907,,,bottom,,,,,{},False
3769,34909,,,bottom,,,,,{},False
3770,34917,,,top,,,,,{},False
3773,34930,34982,35035,bottom,41.14,41.54,40.75,-0.35,"{3773: 0.0, 3774: 26.81, 3775: 19.31, 3778: 4.63, 3784: 2.41}",True
3772,34946,,,bottom,,,,,{},False
3774,34986,,,bottom,,,,,{},False
3775,34990,,,top,,,,,{},False
3779,35018,,,bottom,,,,,{},False
3778,35028,,,top,,,,,{},False
3784,35030,35043,35054,top,180.0,166.15,196.36,65.91,"{3773: 11.92, 3784: 0.0, 3783: 28.48}",True
3783,35044,,,top,,,,,{},False
3787,35055,35070,35084,top,148.97,144.0,154.29,17.63,"{3787: 0.0, 3785: 21.2, 3786: 25.32, 3791: 4.6, 3792: 1.67}",True
3785,35068,,,top,,,,,{},False
3786,35071,,,top,,,,,{},False
3791,35079,35135,35196,bottom,36.92,38.57,35.41,-1.24,"{3791: 0.0, 3787: 3.26, 3792: 18.59, 3793: 31.04, 3796: 37.62}",True
3792,35082,35095,35108,bottom,166.15,166.15,166.15,,"{3791: 17.34, 3792: 0.0, 3787: 3.08}",True
3790,35084,,,bottom,,,,,{},False
3793,35117,,,top,,,,,{},False
3794,35131,,,bottom,,,,,{},False
3796,35167,,,bottom,,,,,{},False
3795,35167,,,top,,,,,{},False
3797,35211,35228,35242,top,139.35,127.06,154.29,46.67,"{3797: 0.0, 3799: 14.82, 3800: 14.18}",True
3799,35221,35283,35398,bottom,24.41,34.84,18.78,-3.35,"{3799: 0.0, 3797: 13.7, 3800: 19.0, 3802: 26.63, 3803: 14.19, 3804: 13.02, 3805: 14.43, 3808: 43.6, 3810: 10.92, 3812: 1.96}",True
3800,35225,35236,35245,top,216.0,196.36,240.0,116.36,"{3799: 19.48, 3797: 13.87, 3800: 0.0, 3798: 26.25}",True
3798,35234,,,bottom,,,,,{},False
3801,35260,,,bottom,,,,,{},False
3802,35271,,,top,,,,,{},False
3803,35281,35296,35309,top,154.29,144.0,166.15,40.9,"{3799: 12.93, 3803: 0.0, 3804: 3.87, 3805: 41.88}",True
3804,35285,35295,,top,,,,,{},False
3805,35307,35320,35332,top,172.8,166.15,180.0,27.69,"{3799: 13.57, 3803: 42.2, 3805: 0.0}",True
3806,35350,,,top,,,,,{},False
3807,35352,,,bottom,,,,,{},False
3808,35378,,,bottom,,,,,{},False
3810,35384,35397,35409,top,172.8,166.15,180.0,27.69,"{3799: 21.58, 3810: 0.0, 3812: 18.99}",True
3812,35395,35407,35417,top,196.36,180.0,216.0,86.4,"{3810: 18.94, 3799: 22.44, 3812: 0.0}",True
3809,35400,,,top,,,,,{},False
3816,35410,,,top,,,,,{},False
3811,35410,,,top,,,,,{},False
3818,35454,35467,35480,top,166.15,166.15,166.15,,"{3818: 0.0, 3817: 14.35}",True
3817,35462,,,top,,,,,{},False
3821,35495,,,top,,,,,{},False
3820,35496,,,bottom,,,,,{},False
3819,35512,,,top,,,,,{},False
3822,35547,,,bottom,,,,,{},False
3823,35587,,,bottom,,,,,{},False
3824,35610,35622,35634,top,180.0,180.0,180.0,,{3824: 0.0},True
3825,35618,,,bottom,,,,,{},False
3827,35663,,,top,,,,,{},False
3836,35669,35681,,top,,,,,{},False
3834,35675,,,bottom,,,,,{},False
3835,35689,,,bottom,,,,,{},False
3837,35696,36428,36528,bottom,5.19,2.95,21.6,4.48,"{3837: 0.0, 3838: 20.88, 3839: 16.91, 3841: 14.65, 3843: 14.72, 3847: 18.2, 3846: 30.37, 3854: 12.32, 3848: 28.96, 3849: 27.85, 3857: 27.67, 3859: 11.97, 3866: 21.57, 3881: 11.94, 3882: 27.8, 3894: 27.8, 3896: 27.76, 3899: 27.02, 3900: 25.31, 3902: 20.69, 3904: 11.39, 3906: 22.48, 3908: 30.63, 3910: 39.33, 3911: 41.62}",True
3838,35712,35725,35737,top,172.8,166.15,180.0,27.69,"{3837: 21.52, 3838: 0.0}",True
3839,35755,35767,35778,top,187.83,180.0,196.36,35.7,"{3837: 17.22, 3839: 0.0}",True
3840,35806,,,top,,,,,{},False
3841,35811,35822,35833,top,196.36,196.36,196.36,,"{3837: 14.76, 3841: 0.0, 3843: 31.57}",True
3843,35825,35839,35852,top,160.0,154.29,166.15,21.91,"{3837: 14.75, 3841: 31.84, 3843: 0.0}",True
3844,35860,,,bottom,,,,,{},False
3845,35905,,,bottom,,,,,{},False
3847,35912,,,bottom,,,,,{},False
3846,35915,,,top,,,,,{},False
3854,35948,35958,35967,top,227.37,216.0,240.0,64.0,"{3837: 11.83, 3854: 0.0, 3848: 3.78, 3849: 35.26}",True
3848,35948,,,top,,,,,{},False
3849,35961,,,top,,,,,{},False
3856,35975,,,top,,,,,{},False
3857,35984,,,top,,,,,{},False
3859,36019,36034,36047,top,154.29,144.0,166.15,40.9,"{3837: 11.34, 3859: 0.0}",True
3860,36059,,,bottom,,,,,{},False
3866,36073,,,bottom,,,,,{},False
3867,36085,,,bottom,,,,,{},False
3881,36091,36103,36115,top,180.0,180.0,180.0,,"{3837: 11.53, 3881: 0.0, 3880: 28.53}",True
3880,36100,,,bottom,,,,,{},False
3882,36124,,,top,,,,,{},False
3894,36143,,,top,,,,,{},False
3898,36160,,,bottom,,,,,{},False
3896,36163,,,top,,,,,{},False
3899,36217,,,top,,,,,{},False
3900,36264,,,top,,,,,{},False
3902,36304,,,bottom,,,,,{},False
3904,36359,36370,36380,top,205.71,196.36,216.0,47.13,"{3837: 11.0, 3904: 0.0, 3903: 32.94}",True
3903,36365,,,bottom,,,,,{},False
3905,36414,,,bottom,,,,,{},False
3906,36430,,,top,,,,,{},False
3908,36462,,,bottom,,,,,{},False
3909,36484,,,top,,,,,{},False
3910,36501,,,bottom,,,,,{},False
3911,36507,,,bottom,,,,,{},False
3912,36531,36546,36560,top,148.97,144.0,154.29,17.63,"{3837: 7.9, 3912: 0.0, 3920: 14.8, 3922: 23.58}",True
3916,36539,,,top,,,,,{},False
3920,36544,36554,36564,top,216.0,216.0,216.0,,"{3920: 0.0, 3912: 14.09, 3922: 10.51}",True
3922,36546,36561,36573,top,160.0,144.0,180.0,72.0,"{3922: 0.0, 3912: 23.55, 3920: 11.21}",True
3929,36564,,,bottom,,,,,{},False
3918,36582,,,top,,,,,{},False
3930,36592,,,bottom,,,,,{},False
3939,36631,36647,36660,top,148.97,135.0,166.15,57.51,"{3939: 0.0, 3936: 4.24}",True
3936,36633,,,top,,,,,{},False
3937,36652,,,bottom,,,,,{},False
3942,36664,,,top,,,,,{},False
3941,36666,,,top,,,,,{},False
3947,36674,36685,36695,top,205.71,196.36,216.0,47.13,{3947: 0.0},True
3946,36693,,,top,,,,,{},False
3948,36700,36717,36731,top,139.35,127.06,154.29,46.67,"{3948: 0.0, 3951: 15.84, 3953: 11.26}",True
3951,36710,36727,36744,bottom,127.06,127.06,127.06,,"{3951: 0.0, 3948: 15.72, 3953: 27.51}",True
3953,36718,36820,36901,bottom,23.61,21.18,26.67,1.63,"{3953: 0.0, 3951: 29.17, 3948: 9.72, 3957: 17.04, 3959: 14.24, 3958: 25.53, 3965: 13.41, 3966: 9.95, 3967: 15.67, 3970: 13.49, 3968: 37.41, 3974: 9.96, 3973: 43.3}",True
3957,36751,36762,,top,,,,,{},False
3959,36788,36803,36815,top,160.0,144.0,180.0,72.0,"{3953: 13.46, 3959: 0.0, 3958: 38.08, 3965: 41.87}",True
3958,36809,,,top,,,,,{},False
3965,36813,36824,36835,top,196.36,196.36,196.36,,"{3959: 41.59, 3953: 12.61, 3965: 0.0, 3966: 9.97, 3967: 44.04}",True
3966,36825,36840,36856,bottom,139.35,144.0,135.0,-13.5,"{3966: 0.0, 3953: 9.83, 3965: 9.62, 3967: 16.39, 3970: 36.82}",True
3967,36833,36849,36862,top,148.97,135.0,166.15,57.51,"{3965: 44.3, 3966: 18.08, 3953: 14.09, 3967: 0.0, 3970: 9.69}",True
3970,36850,36866,36882,bottom,135.0,135.0,135.0,,"{3970: 0.0, 3953: 13.62, 3966: 36.64, 3967: 10.4, 3968: 22.39, 3972: 42.38}",True
3968,36864,,,bottom,,,,,{},False
3972,36879,,,bottom,,,,,{},False
3974,36888,36900,36912,top,180.0,180.0,180.0,,"{3953: 20.85, 3974: 0.0, 3973: 43.37}",True
3973,36890,,,bottom,,,,,{},False
3975,36935,,,bottom,,,,,{},False
3976,36974,,,top,,,,,{},False
3977,36978,,,bottom,,,,,{},False
3978,36994,,,bottom,,,,,{},False
3981,36998,37014,37030,bottom,135.0,135.0,135.0,,"{3981: 0.0, 3984: 40.43, 3982: 42.76}",True
3979,37016,,,bottom,,,,,{},False
3984,37022,37112,37185,bottom,26.5,24.0,29.59,1.84,"{3984: 0.0, 3981: 41.97, 3988: 17.89, 3983: 42.02, 3985: 6.69, 3987: 35.21, 3986: 35.07, 3990: 14.76, 3991: 14.36, 3993: 13.96, 3994: 14.7, 3989: 25.36, 4000: 32.68, 4005: 10.71, 4003: 7.27, 4002: 3.56}",True
3980,37023,,,top,,,,,{},False
3982,37028,,,bottom,,,,,{},False
3988,37046,37065,37081,top,123.43,113.68,135.0,31.97,"{3988: 0.0, 3983: 2.34, 3984: 17.23, 3986: 28.54, 3987: 28.2, 3990: 36.85, 3991: 2.97}",True
3983,37046,,,top,,,,,{},False
3985,37049,,,bottom,,,,,{},False
3987,37066,,,top,,,,,{},False
3986,37067,,,top,,,,,{},False
3990,37075,37087,37097,top,196.36,180.0,216.0,86.4,"{3988: 36.67, 3990: 0.0, 3984: 13.64, 3991: 20.94, 3993: 10.65, 3994: 27.19}",True
3991,37076,37159,37224,bottom,29.19,26.02,33.23,2.66,"{3988: 2.69, 3991: 0.0, 3990: 20.21, 3984: 14.36, 3993: 21.07, 3994: 19.49, 3989: 39.88, 4000: 18.56, 4005: 14.14, 4002: 14.74, 4007: 16.16, 4008: 12.34, 4011: 18.96, 4009: 41.49, 4013: 6.51, 4010: 4.76, 4015: 4.78}",True
3993,37081,37092,37101,top,216.0,196.36,240.0,116.36,"{3993: 0.0, 3990: 10.63, 3984: 12.72, 3991: 20.56, 3994: 18.8}",True
3994,37086,37104,37120,top,127.06,120.0,135.0,22.5,"{3990: 27.69, 3993: 19.37, 3984: 13.87, 3994: 0.0, 3991: 18.92, 3989: 23.31}",True
3989,37102,,,top,,,,,{},False
4000,37136,,,bottom,,,,,{},False
4005,37157,37169,37180,top,187.83,180.0,196.36,35.7,"{4005: 0.0, 3984: 10.81, 3991: 12.99, 4003: 17.12, 4002: 27.35}",True
4003,37166,,,top,,,,,{},False
4002,37166,,,top,,,,,{},False
4007,37183,,,top,,,,,{},False
4008,37190,,,top,,,,,{},False
4011,37197,37208,37219,top,196.36,196.36,196.36,,"{4011: 0.0, 3991: 18.17, 4009: 16.31, 4013: 36.22, 4010: 43.71, 4015: 43.03}",True
4009,37211,,,bottom,,,,,{},False
4013,37213,37227,37240,top,160.0,154.29,166.15,21.91,"{4011: 36.47, 3991: 17.16, 4013: 0.0, 4010: 5.05, 4015: 2.98, 4017: 9.59, 4012: 37.32, 4018: 36.06}",True
4010,37216,,,top,,,,,{},False
4015,37217,37229,,top,,,,,{},False
4017,37229,37300,37364,bottom,32.0,30.42,33.75,1.25,"{4017: 0.0, 4015: 9.47, 4013: 8.07, 3991: 46.78, 4018: 19.39, 4012: 46.34, 4022: 17.8, 4027: 15.78, 4028: 13.76, 4029: 13.01, 4030: 11.61, 4032: 12.38, 4037: 2.44}",True
4018,37233,37250,37264,top,139.35,127.06,154.29,46.67,"{4017: 19.62, 4015: 36.87, 4012: 2.49, 4013: 36.3, 3991: 2.68, 4018: 0.0, 4022: 13.56, 4027: 34.74}",True
4012,37234,,,top,,,,,{},False
4022,37243,37258,37271,top,154.29,144.0,166.15,40.9,"{4017: 17.88, 4018: 13.49, 4022: 0.0, 4027: 21.44, 4024: 5.64}",True
4027,37257,37269,37280,top,187.83,180.0,196.36,35.7,"{4018: 34.6, 4017: 15.6, 4022: 21.33, 4027: 0.0, 4024: 26.37}",True
4024,37268,,,bottom,,,,,{},False
4023,37271,,,top,,,,,{},False
4028,37285,37299,37311,top,166.15,154.29,180.0,51.43,"{4017: 12.73, 4028: 0.0, 4029: 3.92}",True
4029,37289,37301,37311,top,196.36,180.0,216.0,86.4,"{4017: 12.32, 4029: 0.0, 4028: 3.75}",True
4030,37335,,,top,,,,,{},False
4032,37343,37358,37372,top,148.97,144.0,154.29,17.63,"{4017: 19.39, 4032: 0.0, 4037: 24.99}",True
4037,37360,37372,37382,top,196.36,180.0,216.0,86.4,"{4032: 24.83, 4037: 0.0, 4017: 20.63}",True
4034,37386,,,top,,,,,{},False
4050,37394,,,bottom,,,,,{},False
4048,37394,,,top,,,,,{},False
4053,37430,37510,37598,bottom,25.71,27.0,24.55,-0.67,"{4053: 0.0, 4052: 44.63, 4055: 14.71, 4054: 29.03, 4057: 14.17, 4058: 10.76, 4060: 35.8, 4062: 13.33, 4063: 10.33, 4061: 2.28}",True
4051,37436,,,bottom,,,,,{},False
4052,37442,,,top,,,,,{},False
4055,37469,37481,37492,top,187.83,180.0,196.36,35.7,"{4053: 14.49, 4055: 0.0}",True
4054,37491,,,top,,,,,{},False
4056,37514,,,bottom,,,,,{},False
4057,37519,37531,37543,top,180.0,180.0,180.0,,"{4053: 13.37, 4057: 0.0}",True
4058,37558,,,top,,,,,{},False
4059,37558,,,top,,,,,{},False
4060,37560,37641,37728,bottom,25.71,26.67,24.83,-0.51,"{4053: 35.1, 4060: 0.0, 4062: 16.84, 4063: 16.19, 4061: 36.43, 4065: 13.45, 4069: 13.15, 4067: 25.51, 4074: 15.21, 4076: 34.54, 4077: 35.82, 4079: 19.94, 4078: 40.64, 4080: 3.21}",True
4062,37581,37593,37604,top,187.83,180.0,196.36,35.7,"{4060: 17.03, 4053: 20.07, 4062: 0.0, 4063: 7.2, 4061: 32.22}",True
4063,37585,37597,37608,top,187.83,180.0,196.36,35.7,"{4060: 16.2, 4053: 21.9, 4063: 0.0, 4062: 7.21, 4061: 24.87}",True
4061,37596,,,top,,,,,{},False
4065,37613,37624,37634,top,205.71,196.36,216.0,47.13,"{4053: 4.51, 4065: 0.0, 4060: 13.0, 4069: 30.52}",True
4069,37627,37638,37649,top,196.36,196.36,196.36,,"{4060: 12.48, 4065: 30.69, 4069: 0.0, 4067: 17.99}",True
4067,37641,,,bottom,,,,,{},False
4074,37670,,,top,,,,,{},False
4076,37673,,,bottom,,,,,{},False
4077,37687,,,bottom,,,,,{},False
4079,37697,37712,37725,top,154.29,144.0,166.15,40.9,"{4079: 0.0, 4060: 19.46, 4078: 40.49}",True
4078,37701,,,bottom,,,,,{},False
4080,37725,,,top,,,,,{},False
4081,37735,37746,37757,top,196.36,196.36,196.36,,"{4081: 0.0, 4060: 8.17, 4083: 8.76, 4082: 7.66, 4086: 0.47}",True
4082,37748,37765,37781,bottom,130.91,127.06,135.0,11.91,"{4083: 16.73, 4081: 8.38, 4082: 0.0, 4086: 10.1}",True
4083,37749,37807,37862,bottom,38.23,37.24,39.27,0.89,"{4083: 0.0, 4081: 7.01, 4082: 19.35, 4086: 1.17, 4089: 31.68, 4091: 15.31, 4093: 4.67}",True
4086,37755,,,bottom,,,,,{},False
4089,37787,,,top,,,,,{},False
4088,37789,,,top,,,,,{},False
4091,37828,,,top,,,,,{},False
4093,37853,,,top,,,,,{},False
4097,37869,,,top,,,,,{},False
4100,37882,37959,38041,bottom,27.17,28.05,26.34,-0.5,"{4100: 0.0, 4101: 19.43, 4103: 17.13, 4104: 31.83, 4106: 13.52, 4107: 20.41, 4108: 15.07, 4109: 1.83}",True
4099,37882,,,top,,,,,{},False
4101,37886,37901,37915,top,148.97,144.0,154.29,17.63,"{4100: 19.74, 4101: 0.0, 4103: 24.76}",True
4103,37901,37917,37930,top,148.97,135.0,166.15,57.51,"{4100: 17.17, 4101: 24.81, 4103: 0.0}",True
4104,37929,,,top,,,,,{},False
4105,37932,,,bottom,,,,,{},False
4106,37938,37949,37959,top,205.71,196.36,216.0,47.13,"{4100: 12.96, 4106: 0.0}",True
4107,37970,,,top,,,,,{},False
4108,37976,37990,38003,top,160.0,154.29,166.15,21.91,"{4100: 14.26, 4108: 0.0}",True
4109,38039,,,top,,,,,{},False
4110,38055,38068,38079,top,180.0,166.15,196.36,65.91,"{4110: 0.0, 4117: 4.4}",True
4117,38077,38144,38214,bottom,31.53,32.24,30.86,-0.47,"{4117: 0.0, 4110: 1.89, 4120: 15.41, 4114: 41.23, 4123: 14.5, 4124: 13.43, 4126: 13.87, 4127: 4.43}",True
4119,38080,,,bottom,,,,,{},False
4120,38090,38105,38120,bottom,144.0,144.0,144.0,,"{4117: 13.8, 4120: 0.0, 4114: 38.24, 4123: 9.42}",True
4114,38095,,,top,,,,,{},False
4123,38109,38120,38131,top,196.36,196.36,196.36,,"{4117: 14.26, 4123: 0.0, 4120: 12.49}",True
4124,38145,38154,38163,top,240.0,240.0,240.0,,"{4117: 12.46, 4124: 0.0, 4126: 23.69}",True
4126,38154,38163,38172,top,240.0,240.0,240.0,,"{4117: 12.77, 4124: 23.79, 4126: 0.0}",True
4125,38167,,,bottom,,,,,{},False
4127,38207,,,top,,,,,{},False
4128,38228,,,bottom,,,,,{},False
4129,38251,,,top,,,,,{},False
4131,38252,,,bottom,,,,,{},False
4132,38254,38272,38291,bottom,116.76,120.0,113.68,-7.98,"{4132: 0.0, 4135: 32.49}",True
4135,38279,,,bottom,,,,,{},False
4137,38300,,,bottom,,,,,{},False
4138,38319,38332,38343,top,180.0,166.15,196.36,65.91,"{4138: 0.0, 4139: 5.07}",True
4139,38338,38384,38434,bottom,45.0,46.96,43.2,-1.8,"{4139: 0.0, 4138: 3.78, 4141: 14.75, 4142: 15.45, 4145: 14.59, 4148: 17.45, 4143: 15.33}",True
4141,38360,38372,38383,top,187.83,180.0,196.36,35.7,"{4139: 14.31, 4141: 0.0, 4142: 14.43, 4145: 38.21}",True
4142,38365,38381,38395,top,144.0,135.0,154.29,33.06,"{4139: 14.96, 4142: 0.0, 4141: 14.96, 4145: 16.76}",True
4140,38367,,,top,,,,,{},False
4145,38379,38390,38400,top,205.71,196.36,216.0,47.13,"{4142: 16.49, 4139: 13.66, 4145: 0.0, 4141: 38.42, 4148: 43.16}",True
4148,38398,38411,38422,top,180.0,166.15,196.36,65.91,"{4145: 43.4, 4139: 16.4, 4148: 0.0, 4143: 7.85}",True
4143,38401,,,top,,,,,{},False
4158,38450,38461,38471,top,205.71,196.36,216.0,47.13,"{4155: 45.58, 4158: 0.0, 4159: 13.01, 4153: 16.85, 4154: 12.36}",True
4155,38451,,,bottom,,,,,{},False
4159,38454,38469,38482,top,154.29,144.0,166.15,40.9,"{4153: 23.2, 4159: 0.0, 4158: 13.65, 4154: 3.43, 4160: 24.77}",True
4154,38454,,,top,,,,,{},False
4153,38455,38468,38481,bottom,166.15,166.15,166.15,,"{4159: 21.47, 4153: 0.0, 4158: 16.37, 4160: 8.79}",True
4160,38471,38482,38492,top,205.71,196.36,216.0,47.13,"{4159: 24.35, 4153: 11.37, 4160: 0.0}",True
4166,38492,,,bottom,,,,,{},False
4163,38504,,,top,,,,,{},False
4167,38523,,,bottom,,,,,{},False
4170,38535,38550,38564,top,148.97,144.0,154.29,17.63,"{4170: 0.0, 4172: 19.53, 4174: 24.17}",True
4172,38539,38553,38568,bottom,148.97,154.29,144.0,-16.46,"{4172: 0.0, 4170: 19.59, 4174: 13.79}",True
4174,38551,38564,38575,top,180.0,166.15,196.36,65.91,"{4174: 0.0, 4172: 16.03, 4170: 23.91, 4179: 40.73}",True
4173,38571,,,bottom,,,,,{},False
4179,38572,38584,38596,top,180.0,180.0,180.0,,"{4174: 40.75, 4179: 0.0, 4180: 3.44, 4182: 34.43}",True
4180,38574,38586,38597,top,187.83,180.0,196.36,35.7,"{4174: 44.64, 4179: 3.45, 4180: 0.0, 4182: 31.27}",True
4182,38588,38604,38619,top,139.35,135.0,144.0,14.4,"{4179: 34.81, 4180: 31.62, 4182: 0.0, 4178: 18.63, 4191: 9.23, 4200: 33.36, 4183: 44.28, 4199: 44.73}",True
4178,38599,,,top,,,,,{},False
4191,38601,,38641,bottom,108.0,,,,{},True
4200,38611,38624,38635,top,180.0,166.15,196.36,65.91,"{4182: 33.3, 4200: 0.0, 4191: 19.2, 4184: 40.83, 4183: 9.49, 4199: 11.79, 4209: 20.49, 4214: 20.55, 4194: 9.76}",True
4184,38614,,,bottom,,,,,{},False
4183,38615,,,top,,,,,{},False
4199,38616,,,top,,,,,{},False
4209,38620,38703,38770,bottom,28.8,26.02,32.24,2.23,"{4200: 20.49, 4191: 21.83, 4214: 1.76, 4209: 0.0, 4206: 44.76, 4222: 10.86, 4228: 14.78, 4233: 7.8, 4238: 40.17, 4234: 41.94, 4240: 37.28, 4241: 1.5}",True
4214,38622,,,bottom,,,,,{},False
4194,38630,,,bottom,,,,,{},False
4203,38640,,,top,,,,,{},False
4206,38651,,,top,,,,,{},False
4222,38667,,,bottom,,,,,{},False
4228,38725,38739,38755,bottom,144.0,154.29,135.0,-28.93,"{4228: 0.0, 4209: 14.46, 4233: 20.69, 4238: 44.79, 4231: 43.08}",True
4224,38731,,,bottom,,,,,{},False
4233,38737,,,top,,,,,{},False
4238,38752,38824,38921,bottom,25.56,30.0,22.27,-1.91,"{4238: 0.0, 4228: 45.84, 4209: 39.9, 4240: 17.49, 4241: 17.65, 4244: 12.62, 4248: 16.73, 4245: 12.77, 4250: 39.42, 4249: 4.27, 4251: 1.66}",True
4231,38752,,,bottom,,,,,{},False
4234,38757,,,bottom,,,,,{},False
4239,38757,,,bottom,,,,,{},False
4240,38762,38775,38789,bottom,160.0,166.15,154.29,-20.35,"{4238: 16.27, 4240: 0.0, 4209: 29.84, 4241: 16.93}",True
4241,38767,38783,38796,top,148.97,135.0,166.15,57.51,"{4238: 17.74, 4240: 18.53, 4241: 0.0, 4209: 10.36}",True
4244,38817,38828,,top,,,,,{},False
4243,38826,,,top,,,,,{},False
4245,38865,,,top,,,,,{},False
4248,38865,38875,38885,top,216.0,216.0,216.0,,"{4238: 15.51, 4248: 0.0, 4245: 3.27}",True
4250,38888,38995,40353,bottom,2.95,20.19,1.59,-0.33,"{4250: 0.0, 4238: 39.0, 4249: 43.65, 4251: 16.58, 4253: 12.12, 4252: 32.24, 4255: 9.65, 4259: 22.4, 4265: 17.9, 4266: 27.94, 4264: 19.88, 4269: 17.81, 4279: 12.58, 4278: 30.74, 4284: 13.55, 4285: 15.89, 4289: 14.57, 4295: 13.28, 4286: 16.64, 4297: 16.68, 4298: 32.26, 4301: 32.48, 4302: 13.26, 4300: 15.75, 4304: 32.29, 4303: 15.92, 4306: 14.11, 4308: 12.7, 4309: 13.26, 4310: 31.34, 4313: 13.1, 4312: 31.1, 4311: 16.44, 4314: 12.86, 4315: 13.18, 4316: 30.76, 4319: 13.36, 4318: 16.26, 4326: 13.44, 4329: 12.37, 4330: 13.38, 4332: 31.99, 4333: 31.86, 4334: 15.63, 4337: 13.49, 4338: 16.63, 4341: 15.89, 4344: 13.36, 4342: 31.33, 4348: 13.0, 4353: 13.1, 4350: 31.42, 4351: 32.87, 4360: 13.68, 4361: 13.58, 4359: 33.03, 4362: 16.57, 4365: 13.52, 4368: 13.15, 4370: 12.99, 4369: 16.13, 4374: 13.12, 4375: 13.59, 4376: 13.58, 4378: 13.27, 4373: 16.07, 4380: 12.77, 4382: 13.61, 4386: 13.17, 4381: 15.57, 4387: 32.3, 4389: 12.78, 4393: 13.89, 4396: 14.73, 4398: 14.83, 4395: 13.74, 4408: 17.13}",True
4249,38906,,,top,,,,,{},False
4251,38917,38931,38943,top,166.15,154.29,180.0,51.43,"{4250: 16.66, 4238: 9.52, 4251: 0.0, 4253: 3.63}",True
4253,38939,38954,38970,bottom,139.35,144.0,135.0,-13.5,"{4250: 11.13, 4253: 0.0, 4251: 3.87, 4252: 25.88, 4255: 33.1}",True
4252,38952,,,top,,,,,{},False
4255,38956,39012,,bottom,,,,,{},False
4259,38976,39175,,bottom,,,,,{},False
4256,38989,,,top,,,,,{},False
4265,39008,40439,40528,bottom,2.84,1.51,24.27,6.14,"{4250: 18.04, 4266: 0.08, 4265: 0.0, 4255: 24.85, 4259: 5.79, 4264: 42.68, 4269: 35.8, 4278: 12.99, 4279: 15.0, 4284: 14.16, 4285: 32.0, 4289: 14.89, 4295: 14.17, 4286: 34.21, 4297: 32.99, 4298: 15.24, 4301: 15.68, 4302: 13.97, 4300: 32.46, 4304: 15.17, 4303: 33.56, 4306: 14.96, 4308: 14.26, 4309: 14.06, 4310: 13.61, 4313: 14.66, 4312: 13.98, 4311: 32.87, 4314: 14.41, 4315: 14.33, 4316: 13.62, 4319: 14.14, 4318: 32.78, 4326: 14.41, 4325: 14.66, 4320: 14.67, 4327: 32.93, 4329: 14.74, 4330: 14.07, 4328: 32.47, 4331: 32.35, 4332: 15.12, 4333: 14.95, 4334: 32.09, 4337: 14.16, 4336: 32.97, 4338: 33.05, 4341: 32.49, 4344: 14.17, 4342: 14.1, 4348: 14.34, 4343: 32.78, 4353: 14.1, 4350: 14.28, 4351: 15.72, 4357: 14.25, 4360: 14.5, 4361: 14.17, 4359: 15.84, 4362: 32.54, 4363: 13.98, 4365: 14.38, 4364: 32.29, 4368: 14.16, 4370: 14.16, 4369: 32.21, 4374: 13.96, 4375: 14.15, 4376: 13.97, 4378: 14.05, 4373: 32.25, 4380: 14.32, 4382: 14.4, 4386: 14.01, 4381: 31.94, 4387: 15.05, 4389: 14.16, 4388: 33.27, 4393: 14.25, 4390: 14.94, 4396: 13.78, 4398: 14.21, 4395: 32.99, 4408: 14.21, 4399: 33.17, 4403: 14.32, 4409: 33.1, 4411: 15.82, 4417: 13.16, 4413: 31.62, 4421: 13.66, 4424: 23.07, 4426: 23.33, 4431: 25.94, 4437: 31.95, 4281: 14.69, 4436: 33.68, 4439: 38.22, 4446: 40.61, 4447: 2.68}",True
4266,39009,,,bottom,,,,,{},False
4264,39028,,,top,,,,,{},False
4269,39055,,,top,,,,,{},False
4278,39056,40494,40572,bottom,2.85,1.5,27.69,8.06,"{4279: 24.81, 4250: 30.89, 4278: 0.0, 4265: 12.99, 4259: 8.73, 4284: 21.07, 4285: 46.08, 4289: 23.98, 4295: 22.73, 4286: 46.93, 4297: 46.87, 4298: 2.1, 4301: 2.52, 4302: 22.32, 4300: 45.54, 4304: 2.21, 4303: 46.14, 4306: 24.0, 4308: 22.03, 4309: 21.74, 4310: 1.0, 4313: 22.6, 4312: 0.88, 4311: 46.63, 4314: 23.26, 4315: 22.45, 4316: 0.6, 4319: 22.51, 4318: 46.48, 4326: 22.59, 4329: 23.99, 4330: 22.36, 4332: 1.84, 4333: 1.61, 4334: 45.93, 4337: 22.2, 4338: 46.85, 4341: 46.09, 4344: 22.6, 4342: 1.1, 4348: 22.16, 4353: 22.1, 4350: 1.14, 4351: 2.64, 4357: 1.09, 4360: 21.57, 4361: 22.2, 4359: 2.83, 4362: 45.67, 4363: 1.07, 4365: 22.0, 4368: 22.75, 4370: 22.97, 4369: 46.04, 4374: 22.41, 4375: 22.44, 4376: 21.23, 4378: 22.3, 4373: 45.57, 4380: 22.25, 4382: 21.69, 4386: 21.71, 4381: 45.68, 4387: 2.0, 4389: 22.46, 4393: 22.79, 4390: 2.2, 4396: 22.63, 4398: 22.49, 4395: 46.11, 4408: 22.75, 4399: 45.94, 4403: 1.5, 4411: 2.83, 4417: 21.06, 4421: 19.19, 4424: 10.08, 4426: 36.35, 4431: 13.78, 4437: 20.03, 4281: 27.19, 4436: 21.55, 4439: 24.57, 4446: 28.3, 4447: 15.42, 4450: 33.56}",True
4279,39057,39070,39085,bottom,154.29,166.15,144.0,-35.45,"{4279: 0.0, 4250: 11.71, 4278: 24.11, 4259: 17.41, 4265: 13.81}",True
4284,39088,39100,39111,top,187.83,180.0,196.36,35.7,"{4250: 12.67, 4284: 0.0, 4278: 21.9, 4259: 16.43, 4265: 13.29}",True
4285,39158,,,top,,,,,{},False
4289,39184,39200,39217,bottom,130.91,135.0,127.06,-11.21,"{4289: 0.0, 4278: 22.72, 4250: 13.74, 4265: 13.31, 4259: 33.34, 4295: 11.38, 4286: 21.19}",True
4295,39200,39218,39233,top,130.91,120.0,144.0,38.4,"{4295: 0.0, 4250: 12.64, 4289: 12.76, 4278: 22.67, 4265: 13.6, 4286: 3.93}",True
4286,39201,,,top,,,,,{},False
4297,39251,,,top,,,,,{},False
4298,39255,,,bottom,,,,,{},False
4301,39273,,,bottom,,,,,{},False
4302,39298,39309,39319,top,205.71,196.36,216.0,47.13,"{4250: 12.34, 4302: 0.0, 4278: 22.25, 4265: 13.07, 4300: 13.48}",True
4300,39303,,,top,,,,,{},False
4304,39320,,,bottom,,,,,{},False
4303,39337,,,top,,,,,{},False
4306,39349,39365,39382,bottom,130.91,135.0,127.06,-11.21,"{4306: 0.0, 4250: 13.98, 4278: 22.67, 4265: 13.28, 4308: 19.34, 4309: 15.22}",True
4308,39357,39368,,top,,,,,{},False
4309,39361,39375,39388,top,160.0,154.29,166.15,21.91,"{4306: 18.23, 4309: 0.0, 4278: 22.5, 4250: 12.49, 4308: 12.61, 4265: 13.36}",True
4310,39386,,,bottom,,,,,{},False
4313,39411,39429,39443,top,135.0,120.0,154.29,58.78,"{4250: 12.49, 4313: 0.0, 4278: 23.28, 4265: 14.06, 4311: 26.91}",True
4312,39426,,,bottom,,,,,{},False
4311,39429,,,top,,,,,{},False
4314,39442,39454,39468,bottom,166.15,180.0,154.29,-44.08,"{4313: 2.87, 4314: 0.0, 4250: 12.03, 4278: 23.27, 4265: 13.72}",True
4315,39473,39489,39504,top,139.35,135.0,144.0,14.4,"{4250: 12.55, 4315: 0.0, 4278: 22.38, 4265: 13.65, 4316: 13.27}",True
4316,39495,,,bottom,,,,,{},False
4319,39538,39556,39572,top,127.06,120.0,135.0,22.5,"{4250: 12.78, 4319: 0.0, 4278: 22.42, 4265: 13.57, 4318: 25.13, 4326: 37.1}",True
4318,39555,,,top,,,,,{},False
4326,39565,39580,39593,top,154.29,144.0,166.15,40.9,"{4319: 37.09, 4250: 12.07, 4326: 0.0, 4278: 23.29, 4265: 13.72}",True
4325,39566,,,bottom,,,,,{},False
4320,39566,,,bottom,,,,,{},False
4327,39593,,,top,,,,,{},False
4329,39607,39621,39636,bottom,148.97,154.29,144.0,-16.46,"{4250: 12.05, 4329: 0.0, 4278: 22.5, 4265: 12.9, 4330: 18.37}",True
4330,39612,39628,39642,top,144.0,135.0,154.29,33.06,"{4330: 0.0, 4250: 12.66, 4329: 20.06, 4278: 22.27, 4265: 13.38}",True
4328,39623,,,top,,,,,{},False
4331,39664,,,top,,,,,{},False
4332,39675,,,bottom,,,,,{},False
4333,39686,,,bottom,,,,,{},False
4334,39724,,,top,,,,,{},False
4337,39734,39749,39763,top,148.97,144.0,154.29,17.63,"{4250: 12.8, 4337: 0.0, 4278: 22.09, 4265: 13.48}",True
4336,39748,,,top,,,,,{},False
4338,39773,,,top,,,,,{},False
4341,39827,,,top,,,,,{},False
4344,39839,39854,39868,top,148.97,144.0,154.29,17.63,"{4250: 12.68, 4278: 22.52, 4265: 13.48, 4344: 0.0, 4348: 23.69}",True
4342,39854,,,bottom,,,,,{},False
4348,39854,39868,39880,top,166.15,154.29,180.0,51.43,"{4344: 23.69, 4250: 12.26, 4278: 22.99, 4348: 0.0, 4265: 13.59}",True
4343,39859,,,top,,,,,{},False
4353,39899,39915,39928,top,148.97,135.0,166.15,57.51,"{4250: 12.44, 4278: 22.85, 4353: 0.0, 4265: 13.45, 4350: 37.62, 4351: 18.34}",True
4350,39905,,,bottom,,,,,{},False
4351,39918,,,bottom,,,,,{},False
4357,39942,,,bottom,,,,,{},False
4360,39949,39963,39974,top,172.8,154.29,196.36,91.81,"{4250: 12.15, 4278: 23.21, 4360: 0.0, 4265: 13.68, 4361: 9.77, 4359: 30.9}",True
4361,39956,39967,39978,top,196.36,196.36,196.36,,"{4250: 12.68, 4361: 0.0, 4360: 9.45, 4278: 22.04, 4265: 13.24, 4359: 41.73}",True
4359,39959,,,bottom,,,,,{},False
4362,40007,,,top,,,,,{},False
4363,40011,,,bottom,,,,,{},False
4365,40013,40031,40045,top,135.0,120.0,154.29,58.78,"{4250: 12.34, 4365: 0.0, 4278: 23.32, 4265: 13.74}",True
4364,40024,,,top,,,,,{},False
4368,40089,40104,40118,top,148.97,144.0,154.29,17.63,"{4250: 12.49, 4370: 4.06, 4368: 0.0, 4278: 22.68, 4265: 13.49}",True
4370,40090,40102,40112,top,196.36,180.0,216.0,86.4,"{4250: 12.12, 4370: 0.0, 4368: 3.92, 4278: 22.95, 4265: 13.3}",True
4369,40119,,,top,,,,,{},False
4374,40121,40136,40149,top,154.29,144.0,166.15,40.9,"{4250: 12.43, 4374: 0.0, 4278: 22.37, 4265: 13.29, 4375: 18.5, 4376: 30.89, 4378: 39.24, 4373: 45.89}",True
4375,40131,40148,40162,top,139.35,127.06,154.29,46.67,"{4250: 12.29, 4374: 18.75, 4375: 0.0, 4278: 23.02, 4265: 13.49, 4376: 6.71, 4378: 17.23, 4373: 25.14}",True
4376,40141,40152,40162,top,205.71,196.36,216.0,47.13,"{4375: 6.71, 4374: 30.7, 4250: 12.63, 4278: 22.26, 4376: 0.0, 4265: 13.03, 4378: 11.58, 4373: 14.16}",True
4378,40145,40158,40170,top,172.8,166.15,180.0,27.69,"{4374: 39.32, 4250: 12.49, 4378: 0.0, 4375: 16.98, 4278: 22.21, 4376: 12.01, 4265: 13.3, 4373: 6.52, 4380: 34.56}",True
4373,40147,,,top,,,,,{},False
4380,40163,40177,40189,top,166.15,154.29,180.0,51.43,"{4250: 12.03, 4378: 34.68, 4380: 0.0, 4278: 23.1, 4265: 13.59, 4382: 29.25}",True
4382,40179,40195,40207,top,154.29,135.0,180.0,90.0,"{4250: 12.25, 4380: 29.41, 4278: 23.16, 4382: 0.0, 4265: 13.68, 4386: 22.65}",True
4386,40194,40207,40218,top,180.0,166.15,196.36,65.91,"{4382: 22.52, 4250: 12.36, 4386: 0.0, 4278: 22.58, 4265: 13.15, 4381: 24.95}",True
4381,40206,,,top,,,,,{},False
4387,40231,,,bottom,,,,,{},False
4389,40235,40250,,top,,,,,{},False
4388,40251,,,top,,,,,{},False
4393,40255,40267,40278,top,187.83,180.0,196.36,35.7,"{4250: 12.99, 4393: 0.0, 4278: 22.75, 4389: 32.27, 4265: 13.42, 4390: 38.04, 4396: 37.77, 4398: 41.56}",True
4390,40260,,,bottom,,,,,{},False
4396,40274,40286,40297,top,187.83,180.0,196.36,35.7,"{4250: 13.79, 4393: 38.03, 4396: 0.0, 4278: 22.61, 4265: 12.91, 4398: 6.15, 4395: 21.96}",True
4398,40275,40290,40303,top,154.29,144.0,166.15,40.9,"{4393: 41.82, 4250: 14.0, 4396: 6.33, 4278: 23.29, 4398: 0.0, 4265: 13.46, 4395: 14.99}",True
4395,40284,,,top,,,,,{},False
4408,40303,40318,40331,top,154.29,144.0,166.15,40.9,"{4250: 16.26, 4408: 0.0, 4278: 22.72, 4265: 13.55, 4403: 29.49}",True
4399,40308,,,top,,,,,{},False
4403,40314,,,bottom,,,,,{},False
4409,40330,,,top,,,,,{},False
4411,40368,,,bottom,,,,,{},False
4417,40381,40397,40416,bottom,123.43,135.0,113.68,-26.93,"{4417: 0.0, 4278: 19.95, 4265: 11.86, 4421: 12.26}",True
4413,40381,,,top,,,,,{},False
4421,40399,40413,40425,top,166.15,154.29,180.0,51.43,"{4417: 15.37, 4421: 0.0, 4265: 12.66, 4278: 18.69}",True
4424,40427,,,bottom,,,,,{},False
4426,40437,,,top,,,,,{},False
4431,40453,,,bottom,,,,,{},False
4437,40467,40576,40661,bottom,22.27,19.82,25.41,1.58,"{4278: 20.25, 4437: 0.0, 4265: 32.06, 4281: 45.51, 4436: 3.15, 4439: 5.91, 4446: 8.36, 4447: 36.28, 4450: 14.68, 4454: 13.41, 4452: 26.55, 4463: 18.59}",True
4281,40471,,,top,,,,,{},False
4436,40481,,,bottom,,,,,{},False
4439,40494,,,bottom,,,,,{},False
4446,40508,,,bottom,,,,,{},False
4447,40521,,,top,,,,,{},False
4450,40530,,,bottom,,,,,{},False
4454,40572,40583,,top,,,,,{},False
4453,40573,,,top,,,,,{},False
4452,40583,,,bottom,,,,,{},False
4460,40619,,,top,,,,,{},False
4463,40626,40637,40647,top,205.71,196.36,216.0,47.13,"{4463: 0.0, 4437: 17.8}",True
4466,40682,,,top,,,,,{},False
4468,40691,,,bottom,,,,,{},False
4467,40694,,,top,,,,,{},False
4470,40702,40711,,top,,,,,{},False
4469,40714,,,bottom,,,,,{},False
4471,40717,40730,40744,bottom,160.0,166.15,154.29,-20.35,"{4471: 0.0, 4470: 2.25, 4472: 44.71}",True
4472,40742,40846,40922,bottom,24.0,20.77,28.42,2.42,"{4472: 0.0, 4471: 46.97, 4474: 20.01, 4475: 15.13, 4476: 17.97, 4478: 16.3, 4479: 14.76, 4482: 13.95, 4480: 28.32, 4484: 9.26, 4487: 14.05, 4483: 25.6, 4493: 15.01, 4502: 17.71, 4503: 21.08, 4495: 9.92, 4507: 15.73}",True
4474,40752,40767,40781,top,148.97,144.0,154.29,17.63,"{4472: 20.43, 4474: 0.0, 4475: 15.84, 4476: 11.4, 4478: 41.12}",True
4475,40759,40790,40823,bottom,67.5,69.68,65.45,-3.07,"{4472: 14.25, 4475: 0.0, 4474: 14.98, 4476: 9.25, 4478: 15.92, 4479: 15.17, 4482: 1.3}",True
4476,40767,40780,40793,bottom,166.15,166.15,166.15,,"{4474: 12.51, 4475: 8.4, 4472: 16.57, 4476: 0.0, 4478: 13.44}",True
4478,40778,40790,40801,top,187.83,180.0,196.36,35.7,"{4474: 41.16, 4472: 16.44, 4475: 15.17, 4478: 0.0, 4476: 14.86, 4479: 39.07}",True
4479,40797,40814,40828,top,139.35,127.06,154.29,46.67,"{4472: 14.44, 4478: 39.9, 4479: 0.0, 4475: 18.67, 4482: 36.1, 4480: 45.73}",True
4482,40821,40837,40851,top,144.0,135.0,154.29,33.06,"{4479: 36.31, 4472: 13.53, 4475: 4.0, 4482: 0.0, 4480: 9.48, 4484: 13.41, 4487: 42.12}",True
4480,40826,,,top,,,,,{},False
4484,40831,40853,40875,bottom,98.18,98.18,98.18,,"{4482: 13.89, 4484: 0.0, 4472: 8.73, 4487: 18.44, 4493: 10.18}",True
4487,40848,40860,40871,top,187.83,180.0,196.36,35.7,"{4482: 41.99, 4484: 17.35, 4487: 0.0, 4472: 12.82, 4493: 27.54}",True
4483,40851,,,bottom,,,,,{},False
4493,40862,40874,40885,top,187.83,180.0,196.36,35.7,"{4487: 27.8, 4493: 0.0, 4484: 13.81, 4472: 13.79}",True
4494,40881,,,bottom,,,,,{},False
4502,40884,40896,40907,top,187.83,180.0,196.36,35.7,"{4493: 45.35, 4472: 16.85, 4502: 0.0, 4503: 19.25, 4495: 23.18, 4507: 41.24}",True
4503,40893,40905,40917,top,180.0,180.0,180.0,,"{4472: 19.93, 4502: 19.36, 4495: 3.07, 4503: 0.0, 4507: 21.18}",True
4495,40894,,,top,,,,,{},False
4507,40904,40916,,top,,,,,{},False
4505,40921,,,top,,,,,{},False
4514,40944,40962,40981,bottom,116.76,120.0,113.68,-7.98,"{4514: 0.0, 4511: 44.82, 4516: 33.49}",True
4511,40945,,,top,,,,,{},False
4512,40952,,,bottom,,,,,{},False
4513,40964,,,top,,,,,{},False
4516,40971,40990,41009,bottom,113.68,113.68,113.68,,"{4516: 0.0, 4514: 33.35}",True
4518,41041,41054,41066,top,172.8,166.15,180.0,27.69,"{4518: 0.0, 4517: 15.8}",True
4517,41049,,,top,,,,,{},False
4523,41078,41164,41244,bottom,26.02,25.12,27.0,0.57,"{4523: 0.0, 4524: 18.24, 4521: 40.19, 4525: 40.96, 4528: 13.83, 4531: 15.22, 4532: 3.87}",True
4524,41091,41104,41116,top,172.8,166.15,180.0,27.69,"{4523: 18.59, 4524: 0.0, 4521: 24.9, 4525: 26.82}",True
4522,41096,,,top,,,,,{},False
4521,41103,,,top,,,,,{},False
4525,41104,,,top,,,,,{},False
4528,41128,41140,,top,,,,,{},False
4526,41136,,,bottom,,,,,{},False
4531,41178,41191,41203,top,172.8,166.15,180.0,27.69,"{4523: 14.3, 4531: 0.0}",True
4530,41182,,,top,,,,,{},False
4532,41236,,,top,,,,,{},False
4533,41294,41311,41326,top,135.0,127.06,144.0,27.11,"{4533: 0.0, 4535: 12.12, 4534: 14.13}",True
4535,41306,41319,41329,top,187.83,166.15,216.0,119.63,"{4533: 11.6, 4535: 0.0, 4534: 25.92}",True
4534,41316,,,bottom,,,,,{},False
4543,41340,41421,41443,bottom,41.94,26.67,98.18,78.02,"{4543: 0.0, 4546: 17.76, 4547: 17.16, 4557: 11.53, 4556: 20.07}",True
4540,41343,,,bottom,,,,,{},False
4541,41344,,,bottom,,,,,{},False
4546,41354,41368,41381,top,160.0,154.29,166.15,21.91,"{4543: 17.94, 4546: 0.0, 4547: 10.43, 4545: 15.69}",True
4547,41358,41375,41391,top,130.91,127.06,135.0,11.91,"{4543: 17.16, 4546: 10.62, 4547: 0.0, 4545: 27.37}",True
4545,41372,,,bottom,,,,,{},False
4552,41388,,,bottom,,,,,{},False
4555,41420,,,top,,,,,{},False
4557,41425,41442,41456,top,139.35,127.06,154.29,46.67,"{4543: 12.38, 4557: 0.0, 4556: 12.62, 4558: 39.43, 4560: 2.88, 4561: 40.38}",True
4556,41432,,,top,,,,,{},False
4558,41450,,,top,,,,,{},False
4560,41453,41469,41487,bottom,127.06,135.0,120.0,-20.0,"{4557: 3.71, 4560: 0.0, 4561: 20.56}",True
4561,41453,41465,41477,top,180.0,180.0,180.0,,"{4557: 40.3, 4560: 19.91, 4561: 0.0}",True
4564,41508,,,bottom,,,,,{},False
4563,41508,,,top,,,,,{},False
4562,41511,,,top,,,,,{},False
4566,41516,41529,41543,bottom,160.0,166.15,154.29,-20.35,"{4562: 33.79, 4566: 0.0}",True
4568,41547,41661,41692,bottom,29.79,18.95,69.68,39.27,"{4568: 0.0, 4565: 1.29, 4569: 17.21, 4567: 43.05, 4570: 17.64, 4571: 13.93, 4573: 13.35, 4575: 12.79, 4572: 27.83, 4576: 24.69, 4578: 13.32, 4581: 6.78, 4582: 6.21}",True
4565,41551,,,bottom,,,,,{},False
4569,41563,41576,41590,bottom,160.0,166.15,154.29,-20.35,"{4568: 16.52, 4569: 0.0, 4567: 45.46, 4570: 21.8}",True
4567,41563,,,top,,,,,{},False
4570,41564,41578,41590,top,166.15,154.29,180.0,51.43,"{4568: 17.88, 4569: 21.8, 4570: 0.0}",True
4571,41591,41603,41615,top,180.0,180.0,180.0,,"{4568: 13.77, 4571: 0.0, 4573: 26.99}",True
4573,41605,41617,41627,top,196.36,180.0,216.0,86.4,"{4568: 13.03, 4573: 0.0, 4571: 26.97}",True
4575,41627,41640,41651,top,180.0,166.15,196.36,65.91,"{4568: 12.28, 4575: 0.0, 4572: 4.86, 4576: 5.59}",True
4572,41628,,,top,,,,,{},False
4576,41648,,,bottom,,,,,{},False
4577,41661,,,bottom,,,,,{},False
4578,41664,41674,41684,top,216.0,216.0,216.0,,"{4568: 12.13, 4578: 0.0, 4581: 41.41}",True
4581,41682,41694,41705,top,187.83,180.0,196.36,35.7,"{4578: 41.78, 4581: 0.0, 4568: 7.27, 4582: 1.8, 4584: 4.13, 4580: 46.27}",True
4582,41683,41694,41703,top,216.0,196.36,240.0,116.36,"{4578: 44.02, 4581: 1.66, 4582: 0.0, 4568: 7.02, 4584: 2.67}",True
4584,41701,41720,41741,bottom,108.0,113.68,102.86,-12.37,"{4584: 0.0, 4581: 3.49, 4582: 2.23, 4580: 43.54, 4587: 8.54, 4585: 4.88}",True
4580,41703,,,top,,,,,{},False
4587,41730,41742,41753,top,187.83,180.0,196.36,35.7,"{4584: 13.47, 4587: 0.0, 4585: 17.55}",True
4585,41737,,,top,,,,,{},False
4589,41762,,,bottom,,,,,{},False
4588,41763,,,top,,,,,{},False
4595,41784,,,bottom,,,,,{},False
4600,41790,41803,41814,top,180.0,166.15,196.36,65.91,"{4600: 0.0, 4598: 26.74, 4602: 1.26}",True
4598,41801,,,bottom,,,,,{},False
4602,41813,41829,41845,bottom,135.0,135.0,135.0,,"{4602: 0.0, 4600: 2.51, 4599: 45.88}",True
4599,41813,,,top,,,,,{},False
4604,41855,41871,41888,bottom,130.91,135.0,127.06,-11.21,"{4604: 0.0, 4605: 37.08, 4607: 2.39}",True
4605,41881,,,bottom,,,,,{},False
4607,41887,41901,41914,top,160.0,154.29,166.15,21.91,"{4607: 0.0, 4604: 2.97, 4608: 31.53}",True
4608,41906,41918,41929,top,187.83,180.0,196.36,35.7,"{4607: 31.46, 4608: 0.0, 4606: 21.23}",True
4606,41915,,,top,,,,,{},False
4610,41941,41953,41964,top,187.83,180.0,196.36,35.7,{4610: 0.0},True
4609,41969,,,top,,,,,{},False
4611,41981,,,top,,,,,{},False
4613,41984,,,bottom,,,,,{},False
4616,41986,41997,42006,top,216.0,196.36,240.0,116.36,"{4616: 0.0, 4614: 30.07}",True
4614,41998,,,top,,,,,{},False
4617,42011,42021,42031,top,216.0,216.0,216.0,,{4617: 0.0},True
4624,42033,42045,42057,top,180.0,180.0,180.0,,"{4624: 0.0, 4620: 34.68}",True
4620,42039,,,bottom,,,,,{},False
4625,42075,,,bottom,,,,,{},False
4627,42109,,,bottom,,,,,{},False
4628,42146,,,top,,,,,{},False
4630,42161,42173,,bottom,,,,,{},False
4629,42163,,,top,,,,,{},False
4656,42244,,,bottom,,,,,{},False
4657,42280,,,top,,,,,{},False
4660,42280,42293,42305,top,172.8,166.15,180.0,27.69,"{4657: 3.35, 4660: 0.0}",True
4671,42305,,,bottom,,,,,{},False
4658,42306,,,bottom,,,,,{},False
4672,42310,42322,42334,top,180.0,180.0,180.0,,"{4672: 0.0, 4663: 10.91, 4665: 35.95}",True
4663,42315,,,top,,,,,{},False
4665,42327,,,top,,,,,{},False
4675,42328,,,bottom,,,,,{},False
4677,42332,,,bottom,,,,,{},False
4683,42345,42357,42371,bottom,166.15,180.0,154.29,-44.08,"{4683: 0.0, 4682: 27.22}",True
4681,42347,,,top,,,,,{},False
4682,42359,,,bottom,,,,,{},False
4684,42370,,,top,,,,,{},False
4686,42381,,,bottom,,,,,{},False
4688,42386,42402,42417,top,139.35,135.0,144.0,14.4,"{4688: 0.0, 4687: 40.59, 4690: 35.68}",True
4687,42391,,,bottom,,,,,{},False
4690,42411,42423,42435,top,180.0,180.0,180.0,,"{4688: 35.6, 4690: 0.0, 4692: 35.32}",True
4689,42425,,,top,,,,,{},False
4692,42428,42445,42459,top,139.35,127.06,154.29,46.67,"{4690: 35.68, 4692: 0.0, 4695: 7.98, 4697: 34.8, 4694: 10.43}",True
4695,42436,42449,42461,top,172.8,166.15,180.0,27.69,"{4692: 7.81, 4695: 0.0, 4697: 29.7}",True
4691,42451,,,top,,,,,{},False
4697,42452,42466,42478,top,166.15,154.29,180.0,51.43,"{4695: 29.88, 4694: 44.85, 4692: 34.81, 4697: 0.0}",True
4694,42453,,,bottom,,,,,{},False
4699,42474,,,bottom,,,,,{},False
4586,42478,,,top,,,,,{},False
4700,42478,,,top,,,,,{},False
4709,42480,,,top,,,,,{},False
4708,42480,42496,42510,top,144.0,135.0,154.29,33.06,"{4708: 0.0, 4586: 17.44, 4707: 10.03, 4713: 36.43, 4706: 45.06}",True
4707,42504,,,bottom,,,,,{},False
4713,42504,42518,42530,top,166.15,154.29,180.0,51.43,"{4586: 16.87, 4713: 0.0, 4708: 36.53, 4706: 9.72, 4719: 31.18, 4721: 37.21}",True
4706,42508,,,top,,,,,{},False
4719,42522,42535,42547,top,172.8,166.15,180.0,27.69,"{4586: 18.84, 4713: 31.27, 4719: 0.0, 4721: 8.96}",True
4721,42524,42541,42556,top,135.0,127.06,144.0,27.11,"{4586: 19.49, 4713: 37.78, 4721: 0.0, 4719: 9.37}",True
4716,42536,,,bottom,,,,,{},False
4724,42556,,,top,,,,,{},False
4725,42570,42582,42593,top,187.83,180.0,196.36,35.7,"{4725: 0.0, 4586: 4.65}",True
4726,42619,,,bottom,,,,,{},False
4730,42623,42636,42648,top,172.8,166.15,180.0,27.69,"{4730: 0.0, 4731: 9.92, 4728: 22.17, 4729: 36.07}",True
4731,42630,42641,,top,,,,,{},False
4728,42637,,,bottom,,,,,{},False
4729,42642,,,top,,,,,{},False
4734,42654,42667,42679,top,172.8,166.15,180.0,27.69,"{4734: 0.0, 4735: 30.34}",True
4735,42669,42686,42700,top,139.35,127.06,154.29,46.67,"{4735: 0.0, 4734: 30.96, 4736: 17.1}",True
4736,42688,,,bottom,,,,,{},False
4737,42701,42711,42721,top,216.0,216.0,216.0,,"{4737: 0.0, 4583: 21.31, 4739: 32.31, 4740: 43.09}",True
4583,42704,,,top,,,,,{},False
4739,42713,42730,42744,top,139.35,127.06,154.29,46.67,"{4737: 32.91, 4583: 3.98, 4739: 0.0, 4740: 5.04, 4744: 15.42, 4738: 27.53}",True
4740,42719,42733,42746,top,160.0,154.29,166.15,21.91,"{4737: 43.68, 4740: 0.0, 4739: 4.69, 4744: 10.81, 4738: 22.79}",True
4744,42728,42738,42748,top,216.0,216.0,216.0,,"{4744: 0.0, 4740: 10.34, 4739: 14.28, 4738: 10.28}",True
4738,42732,,,top,,,,,{},False
4749,42759,42773,42785,top,166.15,154.29,180.0,51.43,{4749: 0.0},True
4750,42785,,,bottom,,,,,{},False
4754,42790,42928,43083,bottom,14.74,15.65,13.94,-0.27,"{4754: 0.0, 4755: 18.58, 4757: 12.93, 4759: 13.07, 4758: 20.86, 4760: 33.06, 4763: 19.67, 4764: 19.64, 4761: 40.6, 4762: 41.33, 4765: 40.72, 4766: 46.59, 4768: 2.67, 4769: 0.32}",True
4755,42812,42825,42837,top,172.8,166.15,180.0,27.69,"{4754: 19.0, 4755: 0.0}",True
4756,42840,,,bottom,,,,,{},False
4757,42902,42917,42929,top,160.0,144.0,180.0,72.0,"{4754: 12.49, 4757: 0.0}",True
4759,42929,42943,42956,top,160.0,154.29,166.15,21.91,"{4754: 12.44, 4759: 0.0, 4758: 37.54}",True
4758,42949,,,top,,,,,{},False
4760,42985,,,bottom,,,,,{},False
4763,43037,43048,43058,top,205.71,196.36,216.0,47.13,"{4754: 18.48, 4763: 0.0, 4764: 5.39, 4761: 28.58, 4762: 29.31, 4765: 13.48}",True
4764,43038,43051,43062,top,180.0,166.15,196.36,65.91,"{4754: 18.61, 4764: 0.0, 4763: 5.55, 4761: 33.2, 4762: 33.93, 4765: 15.6}",True
4761,43045,,,bottom,,,,,{},False
4762,43045,,,bottom,,,,,{},False
4765,43047,43174,43326,bottom,15.48,17.01,14.21,-0.44,"{4765: 0.0, 4754: 40.2, 4763: 11.3, 4764: 13.68, 4768: 16.9, 4769: 16.77, 4772: 14.12, 4777: 13.93, 4778: 13.1, 4779: 32.2, 4781: 16.72, 4786: 38.66, 4789: 20.08, 4790: 2.58}",True
4766,43075,,,bottom,,,,,{},False
4768,43079,43092,43103,top,180.0,166.15,196.36,65.91,"{4765: 17.15, 4754: 16.3, 4768: 0.0, 4769: 7.94}",True
4769,43081,43097,43110,top,148.97,135.0,166.15,57.51,"{4765: 17.03, 4754: 11.92, 4768: 8.14, 4769: 0.0}",True
4772,43117,43134,43148,top,139.35,127.06,154.29,46.67,"{4765: 13.89, 4772: 0.0, 4771: 21.96}",True
4771,43134,,,bottom,,,,,{},False
4773,43140,,,bottom,,,,,{},False
4776,43184,,,top,,,,,{},False
4777,43191,43207,43221,top,144.0,135.0,154.29,33.06,"{4765: 12.67, 4777: 0.0, 4778: 6.09, 4779: 9.92}",True
4778,43200,43211,43220,top,216.0,196.36,240.0,116.36,"{4765: 12.15, 4777: 6.33, 4778: 0.0, 4779: 11.6}",True
4779,43215,,,bottom,,,,,{},False
4780,43228,,,top,,,,,{},False
4781,43247,43263,43277,top,144.0,135.0,154.29,33.06,"{4765: 15.9, 4781: 0.0, 4786: 5.55}",True
4786,43272,43446,43829,bottom,7.76,12.41,5.64,-0.42,"{4786: 0.0, 4765: 37.66, 4781: 3.75, 4789: 20.0, 4790: 40.44, 4799: 15.13, 4797: 36.16, 4802: 13.5, 4801: 30.61, 4804: 12.48, 4806: 19.96, 4809: 12.98, 4810: 30.18, 4814: 16.97, 4812: 9.46, 4818: 4.38, 4819: 2.31, 4821: 22.26, 4822: 22.3, 4820: 45.53, 4823: 1.48, 4824: 45.83, 4825: 21.48, 4826: 31.14}",True
4789,43291,43305,43318,top,160.0,154.29,166.15,21.91,"{4786: 20.52, 4765: 19.02, 4787: 44.74, 4789: 0.0}",True
4787,43292,,,bottom,,,,,{},False
4795,43318,,,bottom,,,,,{},False
4790,43319,,,top,,,,,{},False
4799,43339,43352,43363,top,180.0,166.15,196.36,65.91,"{4765: 16.2, 4786: 15.17, 4799: 0.0, 4797: 17.72, 4798: 25.28, 4796: 21.64}",True
4797,43347,,,top,,,,,{},False
4798,43351,,,bottom,,,,,{},False
4796,43353,,,bottom,,,,,{},False
4802,43374,43387,43399,top,172.8,166.15,180.0,27.69,"{4786: 13.22, 4802: 0.0, 4800: 40.9, 4801: 21.02}",True
4800,43378,,,bottom,,,,,{},False
4801,43384,,,top,,,,,{},False
4803,43419,,,bottom,,,,,{},False
4804,43450,43460,43468,top,240.0,216.0,270.0,162.0,"{4786: 11.61, 4804: 0.0}",True
4807,43455,,,bottom,,,,,{},False
4806,43476,,,top,,,,,{},False
4805,43477,,,bottom,,,,,{},False
4808,43484,,,top,,,,,{},False
4809,43501,43512,,top,,,,,{},False
4810,43506,45408,45505,bottom,2.16,1.14,22.27,5.23,"{4810: 0.0, 4786: 29.18, 4809: 17.63, 4814: 17.57, 4812: 41.05, 4818: 34.46, 4821: 12.54, 4822: 12.47, 4820: 16.54, 4823: 31.58, 4825: 12.62, 4826: 13.54, 4827: 12.75, 4828: 13.06, 4835: 17.45, 4834: 31.55, 4836: 31.97, 4837: 31.2, 4838: 12.58, 4842: 12.67, 4843: 13.15, 4846: 12.53, 4839: 31.52, 4849: 12.81, 4850: 12.68, 4851: 31.85, 4853: 15.91, 4854: 32.25, 4856: 17.07, 4855: 31.62, 4862: 12.77, 4860: 16.88, 4858: 17.1, 4863: 31.56, 4864: 12.97, 4865: 13.16, 4869: 12.72, 4875: 16.05, 4883: 12.94, 4881: 31.65, 4887: 12.8, 4885: 16.45, 4895: 32.02, 4896: 31.59, 4898: 12.48, 4897: 16.82, 4899: 31.63, 4901: 23.26, 4902: 30.89, 4906: 17.29, 4903: 31.59, 4908: 12.49, 4907: 31.19, 4914: 31.82, 4919: 12.98, 4922: 12.8, 4925: 13.62, 4927: 17.26, 4929: 12.73, 4931: 27.27, 4934: 14.41, 4935: 13.72, 4937: 13.6, 4938: 12.9, 4940: 29.42, 4942: 12.87, 4943: 12.88, 4944: 13.09, 4947: 12.47, 4945: 32.0, 4946: 31.34, 4954: 12.88, 4955: 24.09, 4961: 12.74, 4967: 13.16, 4968: 12.57, 4971: 12.69, 4970: 14.13, 4969: 31.18, 4973: 29.6, 4975: 12.39, 4980: 13.77, 4981: 10.95}",True
4811,43550,,,top,,,,,{},False
4814,43567,43580,43592,top,172.8,166.15,180.0,27.69,"{4810: 17.9, 4786: 16.03, 4814: 0.0, 4812: 17.59, 4813: 13.67}",True
4812,43576,,,top,,,,,{},False
4813,43585,,,bottom,,,,,{},False
4818,43641,,,top,,,,,{},False
4819,43667,,,top,,,,,{},False
4821,43708,43719,43729,top,205.71,196.36,216.0,47.13,"{4810: 12.3, 4821: 0.0, 4786: 22.14, 4822: 16.17, 4820: 27.37}",True
4822,43715,43726,43737,top,196.36,196.36,196.36,,"{4810: 12.25, 4821: 16.32, 4822: 0.0, 4786: 22.2, 4820: 42.07}",True
4820,43717,,,bottom,,,,,{},False
4823,43741,,,top,,,,,{},False
4824,43756,,,bottom,,,,,{},False
4825,43787,43800,43811,top,180.0,166.15,196.36,65.91,"{4810: 12.48, 4825: 0.0, 4786: 21.36, 4826: 3.37}",True
4826,43808,43825,43843,bottom,123.43,127.06,120.0,-9.41,"{4810: 12.55, 4826: 0.0, 4825: 2.47, 4786: 21.4, 4827: 6.47, 4828: 2.24}",True
4827,43834,43846,43857,top,187.83,180.0,196.36,35.7,"{4810: 12.6, 4826: 8.82, 4786: 21.38, 4827: 0.0, 4828: 9.06}",True
4828,43839,43850,43861,top,196.36,196.36,196.36,,"{4810: 12.85, 4826: 4.87, 4828: 0.0, 4786: 21.82, 4827: 8.97}",True
4835,43872,,,bottom,,,,,{},False
4834,43886,,,top,,,,,{},False
4836,43917,,,top,,,,,{},False
4837,43948,,,top,,,,,{},False
4838,43983,43995,44005,top,196.36,180.0,216.0,86.4,"{4810: 12.43, 4838: 0.0, 4786: 20.91, 4842: 34.71, 4843: 40.66}",True
4842,44000,44011,44021,top,205.71,196.36,216.0,47.13,"{4810: 12.46, 4838: 34.86, 4842: 0.0, 4786: 21.83, 4843: 11.83, 4846: 23.44, 4839: 36.27}",True
4843,44002,44018,44033,top,139.35,135.0,144.0,14.4,"{4810: 13.03, 4838: 41.08, 4842: 12.23, 4786: 21.48, 4843: 0.0, 4846: 9.08, 4839: 19.58}",True
4846,44009,44024,44038,top,148.97,144.0,154.29,17.63,"{4810: 12.37, 4842: 23.87, 4843: 9.09, 4786: 20.12, 4846: 0.0, 4839: 10.74, 4841: 20.88}",True
4839,44015,,,top,,,,,{},False
4841,44022,,,top,,,,,{},False
4849,44047,44063,44076,top,148.97,135.0,166.15,57.51,"{4810: 12.53, 4849: 0.0, 4786: 21.1}",True
4850,44081,44093,44103,top,196.36,180.0,216.0,86.4,"{4810: 12.52, 4850: 0.0, 4786: 20.86}",True
4851,44114,,,top,,,,,{},False
4853,44121,,,bottom,,,,,{},False
4854,44129,,,top,,,,,{},False
4855,44144,,,top,,,,,{},False
4856,44145,,,bottom,,,,,{},False
4857,44169,,,top,,,,,{},False
4862,44177,44188,44199,top,196.36,196.36,196.36,,"{4810: 12.54, 4862: 0.0, 4786: 21.99, 4860: 45.01, 4858: 44.22}",True
4860,44177,,,bottom,,,,,{},False
4858,44177,,,bottom,,,,,{},False
4861,44196,,,top,,,,,{},False
4863,44247,,,top,,,,,{},False
4864,44252,44268,44281,top,148.97,135.0,166.15,57.51,"{4810: 12.84, 4864: 0.0, 4786: 21.27, 4865: 23.64}",True
4865,44268,44280,44292,top,180.0,180.0,180.0,,"{4864: 23.55, 4810: 12.97, 4786: 21.09, 4865: 0.0}",True
4868,44292,,,bottom,,,,,{},False
4869,44310,44325,44339,top,148.97,144.0,154.29,17.63,"{4810: 12.57, 4786: 21.85, 4869: 0.0}",True
4876,44339,,,bottom,,,,,{},False
4873,44347,,,top,,,,,{},False
4875,44357,,,bottom,,,,,{},False
4877,44373,,,top,,,,,{},False
4879,44429,,,top,,,,,{},False
4880,44445,,,bottom,,,,,{},False
4883,44457,44470,44482,top,172.8,166.15,180.0,27.69,"{4810: 12.75, 4883: 0.0, 4881: 3.34, 4786: 21.81}",True
4881,44457,,,top,,,,,{},False
4884,44517,,,bottom,,,,,{},False
4887,44523,44535,44545,top,196.36,180.0,216.0,86.4,"{4810: 12.65, 4786: 20.8, 4887: 0.0, 4885: 31.56, 4886: 11.88}",True
4885,44531,,,bottom,,,,,{},False
4886,44540,,,bottom,,,,,{},False
4893,44568,,,bottom,,,,,{},False
4895,44606,,,top,,,,,{},False
4896,44627,,,top,,,,,{},False
4898,44634,44645,,top,,,,,{},False
4897,44646,,,bottom,,,,,{},False
4899,44669,,,top,,,,,{},False
4900,44704,,,bottom,,,,,{},False
4901,44712,,,top,,,,,{},False
4902,44756,,,top,,,,,{},False
4906,44794,,,bottom,,,,,{},False
4903,44798,,,top,,,,,{},False
4904,44802,,,bottom,,,,,{},False
4908,44806,44818,44829,top,187.83,180.0,196.36,35.7,"{4810: 12.34, 4786: 21.58, 4908: 0.0, 4907: 41.05}",True
4907,44825,,,top,,,,,{},False
4912,44837,,,bottom,,,,,{},False
4914,44855,,,top,,,,,{},False
4918,44902,,,bottom,,,,,{},False
4919,44903,44918,44931,top,154.29,144.0,166.15,40.9,"{4810: 12.72, 4919: 0.0, 4786: 20.55, 4922: 15.14, 4925: 2.58}",True
4922,44915,44926,44937,top,196.36,196.36,196.36,,"{4810: 12.58, 4922: 0.0, 4919: 14.73, 4786: 21.85, 4925: 9.55, 4927: 2.13}",True
4925,44927,44946,44965,bottom,113.68,113.68,113.68,,"{4919: 4.19, 4925: 0.0, 4922: 8.92, 4810: 12.64, 4786: 20.66, 4927: 13.25, 4929: 12.9, 4928: 31.98}",True
4927,44935,,,bottom,,,,,{},False
4929,44948,44960,44972,top,180.0,180.0,180.0,,"{4810: 12.54, 4925: 15.25, 4929: 0.0, 4786: 21.42, 4928: 36.47}",True
4926,44950,,,top,,,,,{},False
4928,44953,,,bottom,,,,,{},False
4930,44975,,,bottom,,,,,{},False
4931,44982,,,top,,,,,{},False
4934,44996,45014,45033,bottom,116.76,120.0,113.68,-7.98,"{4934: 0.0, 4935: 20.16, 4810: 12.97, 4937: 18.79, 4938: 17.69}",True
4935,44996,45008,45020,top,180.0,180.0,180.0,,"{4934: 19.59, 4935: 0.0, 4810: 12.9, 4937: 4.09, 4938: 31.63}",True
4937,44999,45010,45021,top,196.36,196.36,196.36,,"{4934: 18.1, 4937: 0.0, 4935: 4.0, 4810: 12.69, 4938: 28.34}",True
4938,45012,45024,,top,,,,,{},False
4940,45035,,,top,,,,,{},False
4941,45049,,,bottom,,,,,{},False
4942,45056,45072,45087,top,139.35,135.0,144.0,14.4,"{4942: 0.0, 4810: 12.62, 4940: 21.22}",True
4943,45115,45127,45138,top,187.83,180.0,196.36,35.7,"{4810: 12.68, 4943: 0.0, 4944: 6.77, 4940: 21.44, 4947: 29.94}",True
4944,45115,45132,45146,top,139.35,127.06,154.29,46.67,"{4810: 12.86, 4943: 7.09, 4944: 0.0, 4940: 20.83, 4947: 16.53}",True
4947,45130,45141,,top,,,,,{},False
4945,45146,,,top,,,,,{},False
4946,45153,,,top,,,,,{},False
4951,45173,,,bottom,,,,,{},False
4953,45175,,,bottom,,,,,{},False
4955,45182,,,top,,,,,{},False
4954,45182,45197,45211,top,148.97,144.0,154.29,17.63,"{4810: 12.75, 4954: 0.0, 4940: 21.27, 4955: 0.03}",True
4961,45234,45247,45258,top,180.0,166.15,196.36,65.91,"{4810: 12.6, 4961: 0.0, 4940: 21.57, 4960: 25.56}",True
4960,45247,,,top,,,,,{},False
4966,45258,,,bottom,,,,,{},False
4967,45269,45286,45300,top,139.35,127.06,154.29,46.67,"{4810: 13.04, 4967: 0.0, 4940: 21.76}",True
4968,45311,45325,45338,top,160.0,154.29,166.15,21.91,"{4810: 12.39, 4940: 13.64, 4968: 0.0, 4971: 22.32, 4970: 9.92, 4969: 46.72}",True
4971,45323,45338,45352,top,148.97,144.0,154.29,17.63,"{4810: 12.56, 4940: 5.86, 4968: 22.47, 4971: 0.0, 4970: 21.6, 4969: 22.45}",True
4970,45328,45340,45352,bottom,180.0,180.0,180.0,,"{4810: 12.54, 4970: 0.0, 4968: 10.1, 4971: 20.78, 4969: 29.94}",True
4969,45336,,,top,,,,,{},False
4972,45359,,,bottom,,,,,{},False
4973,45369,,,top,,,,,{},False
4975,45377,45389,45400,top,187.83,180.0,196.36,35.7,"{4810: 11.92, 4975: 0.0}",True
4974,45400,,,bottom,,,,,{},False
4976,45403,,,bottom,,,,,{},False
4977,45408,,,top,,,,,{},False
4978,45424,,,bottom,,,,,{},False
4980,45424,45437,45448,top,180.0,166.15,196.36,65.91,"{4810: 13.01, 4980: 0.0, 4981: 16.66}",True
4979,45428,,,top,,,,,{},False
4981,45429,45446,45464,bottom,123.43,127.06,120.0,-9.41,"{4810: 10.99, 4981: 0.0, 4980: 16.07}",True
4985,45541,,,bottom,,,,,{},False
4984,45545,,,top,,,,,{},False
4988,45569,,,top,,,,,{},False
4990,45591,,,top,,,,,{},False
4991,45630,,,top,,,,,{},False
4994,45632,45696,45780,bottom,29.19,33.75,25.71,-2.3,"{4994: 0.0, 4995: 36.59, 4998: 11.74, 4997: 9.47, 5002: 2.06}",True
4995,45664,,,top,,,,,{},False
4996,45702,,,bottom,,,,,{},False
4998,45722,45737,45755,bottom,130.91,144.0,120.0,-32.0,"{4998: 0.0, 4994: 11.17, 4997: 18.84}",True
4997,45739,,,top,,,,,{},False
5002,45777,45788,45798,top,205.71,196.36,216.0,47.13,"{4994: 16.04, 5002: 0.0}",True
5006,45815,45829,45841,top,166.15,154.29,180.0,51.43,"{5006: 0.0, 5004: 17.53, 5013: 6.14, 5015: 37.97}",True
5004,45824,,,top,,,,,{},False
5003,45825,,,top,,,,,{},False
5013,45835,45846,45858,bottom,187.83,196.36,180.0,-32.73,"{5013: 0.0, 5006: 6.6, 5015: 21.42}",True
5015,45837,,45857,top,216.0,,,,{},True
5014,45841,,,bottom,,,,,{},False
5017,45865,45880,45893,top,154.29,144.0,166.15,40.9,{5017: 0.0},True
5016,45877,,,bottom,,,,,{},False
5020,45932,45943,45953,top,205.71,196.36,216.0,47.13,"{5020: 0.0, 5019: 18.54, 5021: 13.54}",True
5019,45940,,,top,,,,,{},False
5021,45943,46115,46317,bottom,11.55,12.56,10.69,-0.22,"{5021: 0.0, 5020: 11.1, 5022: 16.39, 5023: 16.32, 5027: 14.91, 5025: 35.52, 5024: 34.25, 5028: 13.24, 5029: 30.43, 5033: 12.55, 5035: 12.43, 5034: 19.18, 5041: 15.86, 5042: 13.13, 5046: 15.94, 5052: 7.28, 5055: 19.65, 5057: 19.21, 5056: 2.97}",True
5022,45988,45997,46005,top,254.12,240.0,270.0,90.0,"{5021: 16.81, 5022: 0.0, 5023: 13.95}",True
5023,45990,46006,46019,top,148.97,135.0,166.15,57.51,"{5021: 16.66, 5022: 14.59, 5023: 0.0, 5027: 38.68}",True
5027,46015,46029,46042,top,160.0,154.29,166.15,21.91,"{5021: 14.85, 5023: 38.99, 5027: 0.0, 5024: 16.47, 5025: 16.31, 5026: 23.39, 5028: 22.75}",True
5025,46023,,,top,,,,,{},False
5024,46024,,,top,,,,,{},False
5026,46029,,,bottom,,,,,{},False
5028,46029,46041,46053,top,180.0,180.0,180.0,,"{5021: 13.1, 5027: 22.74, 5028: 0.0}",True
5031,46038,,,bottom,,,,,{},False
5029,46058,,,top,,,,,{},False
5033,46111,46122,46131,top,216.0,196.36,240.0,116.36,"{5021: 11.8, 5033: 0.0, 5035: 24.51}",True
5035,46121,46134,46145,top,180.0,166.15,196.36,65.91,"{5021: 11.68, 5033: 24.8, 5035: 0.0, 5034: 43.53}",True
5034,46143,,,top,,,,,{},False
5040,46145,,,bottom,,,,,{},False
5041,46184,,,top,,,,,{},False
5042,46204,,,top,,,,,{},False
5046,46209,46221,46232,top,187.83,180.0,196.36,35.7,"{5021: 14.92, 5046: 0.0}",True
5051,46232,,,bottom,,,,,{},False
5048,46232,,,bottom,,,,,{},False
5052,46262,,,top,,,,,{},False
5055,46264,46276,46288,top,180.0,180.0,180.0,,"{5021: 18.6, 5055: 0.0}",True
5057,46297,46308,46318,top,205.71,196.36,216.0,47.13,"{5021: 20.41, 5057: 0.0, 5056: 36.19, 5059: 2.21}",True
5056,46313,,,top,,,,,{},False
5059,46317,46334,46352,bottom,123.43,127.06,120.0,-9.41,"{5059: 0.0, 5057: 1.52, 5021: 22.78, 5061: 23.26, 5060: 5.98}",True
5061,46337,46351,46365,bottom,154.29,154.29,154.29,,"{5061: 0.0, 5059: 22.37, 5021: 23.07, 5060: 26.69, 5063: 42.19, 5062: 38.8}",True
5060,46348,,,top,,,,,{},False
5063,46359,47394,,bottom,,,,,{},False
5062,46360,,,bottom,,,,,{},False
5066,46397,46406,46415,top,240.0,240.0,240.0,,"{5063: 21.88, 5066: 0.0, 5065: 8.01}",True
5065,46412,,,bottom,,,,,{},False
5064,46417,,,top,,,,,{},False
5073,46422,46438,46452,top,144.0,135.0,154.29,33.06,"{5063: 20.89, 5073: 0.0, 5069: 16.65, 5076: 5.81}",True
5069,46432,,,top,,,,,{},False
5076,46445,46460,46477,bottom,135.0,144.0,127.06,-23.92,"{5063: 19.3, 5073: 6.67, 5076: 0.0, 5075: 8.96, 5074: 31.74, 5077: 40.32}",True
5075,46450,,,bottom,,,,,{},False
5074,46454,,,top,,,,,{},False
5077,46473,,,bottom,,,,,{},False
5078,46477,46489,46501,top,180.0,180.0,180.0,,"{5063: 18.24, 5078: 0.0, 5076: 3.04, 5079: 10.34}",True
5079,46484,46494,46504,top,216.0,216.0,216.0,,"{5063: 18.12, 5079: 0.0, 5078: 10.18}",True
5092,46530,46543,46554,top,180.0,166.15,196.36,65.91,"{5063: 15.53, 5092: 0.0, 5086: 38.9, 5095: 4.63}",True
5086,46534,,,bottom,,,,,{},False
5095,46535,46545,46554,top,227.37,216.0,240.0,64.0,"{5063: 13.64, 5095: 0.0, 5092: 4.4}",True
5093,46557,,,top,,,,,{},False
5098,46558,46574,46591,bottom,130.91,135.0,127.06,-11.21,"{5098: 0.0, 5063: 16.88, 5100: 13.75}",True
5100,46571,46587,46600,top,148.97,135.0,166.15,57.51,"{5098: 15.51, 5063: 16.94, 5100: 0.0, 5101: 40.74}",True
5101,46598,46608,46618,top,216.0,216.0,216.0,,"{5100: 40.81, 5063: 16.01, 5101: 0.0, 5102: 11.66}",True
5102,46607,46624,46640,bottom,130.91,127.06,135.0,11.91,"{5063: 16.01, 5101: 10.7, 5102: 0.0, 5105: 6.79, 5104: 38.88}",True
5105,46630,46645,46659,top,148.97,144.0,154.29,17.63,"{5063: 16.23, 5105: 0.0, 5102: 8.85, 5104: 41.44, 5110: 40.32}",True
5104,46634,,,bottom,,,,,{},False
5103,46636,,,top,,,,,{},False
5110,46656,46666,46675,top,227.37,216.0,240.0,64.0,"{5105: 40.3, 5063: 16.18, 5110: 0.0, 5109: 30.13, 5106: 34.57}",True
5109,46667,,,top,,,,,{},False
5106,46669,,,top,,,,,{},False
5116,46699,46710,46720,top,205.71,196.36,216.0,47.13,"{5063: 16.51, 5116: 0.0, 5113: 18.46, 5117: 17.91}",True
5113,46706,,,top,,,,,{},False
5117,46706,46719,,top,,,,,{},False
5120,46727,46741,46754,top,160.0,154.29,166.15,21.91,"{5063: 17.33, 5120: 0.0, 5117: 39.83, 5115: 6.69}",True
5115,46730,,,top,,,,,{},False
5123,46764,46773,46782,top,240.0,240.0,240.0,,"{5063: 16.65, 5123: 0.0, 5124: 36.64}",True
5124,46778,46794,46808,top,144.0,135.0,154.29,33.06,"{5063: 16.54, 5124: 0.0, 5123: 37.95}",True
5125,46812,,,bottom,,,,,{},False
5126,46823,,,bottom,,,,,{},False
5128,46827,46837,46846,top,227.37,216.0,240.0,64.0,"{5063: 16.23, 5128: 0.0, 5129: 21.1, 5127: 25.61}",True
5129,46834,46847,46859,top,172.8,166.15,180.0,27.69,"{5063: 16.69, 5128: 21.51, 5129: 0.0, 5127: 6.47, 5132: 15.47}",True
5127,46837,,,top,,,,,{},False
5132,46850,,,bottom,,,,,{},False
5131,46861,,,bottom,,,,,{},False
5130,46867,,,top,,,,,{},False
5136,46901,,,top,,,,,{},False
5137,46910,,,bottom,,,,,{},False
5138,46926,,,top,,,,,{},False
5139,46935,,,bottom,,,,,{},False
5142,46942,46957,46972,bottom,144.0,144.0,144.0,,"{5063: 17.1, 5142: 0.0, 5140: 17.67, 5141: 45.44}",True
5140,46960,,,top,,,,,{},False
5141,46971,,,bottom,,,,,{},False
5149,47002,,,bottom,,,,,{},False
5145,47011,,,top,,,,,{},False
5153,47013,47028,47045,bottom,135.0,144.0,127.06,-23.92,"{5063: 17.01, 5153: 0.0, 5150: 18.58, 5147: 30.28}",True
5148,47022,,,bottom,,,,,{},False
5147,47023,,,top,,,,,{},False
5150,47024,,,bottom,,,,,{},False
5156,47060,,,bottom,,,,,{},False
5157,47064,47075,47086,top,196.36,196.36,196.36,,"{5063: 16.39, 5157: 0.0}",True
5158,47099,,,top,,,,,{},False
5159,47105,,,bottom,,,,,{},False
5160,47117,,,top,,,,,{},False
5161,47138,,,bottom,,,,,{},False
5162,47144,47155,47165,top,205.71,196.36,216.0,47.13,"{5063: 16.72, 5162: 0.0, 5163: 17.88}",True
5163,47150,47166,47180,top,144.0,135.0,154.29,33.06,"{5063: 16.6, 5163: 0.0, 5162: 18.72}",True
5164,47188,,,top,,,,,{},False
5165,47221,47239,47257,bottom,120.0,120.0,120.0,,"{5165: 0.0, 5063: 16.65}",True
5168,47275,47290,47308,bottom,130.91,144.0,120.0,-32.0,"{5168: 0.0, 5063: 14.51, 5166: 25.29}",True
5166,47293,,,bottom,,,,,{},False
5169,47312,,,top,,,,,{},False
5172,47313,47331,47350,bottom,116.76,120.0,113.68,-7.98,"{5172: 0.0, 5063: 16.17}",True
5173,47365,,,bottom,,,,,{},False
5174,47365,,,top,,,,,{},False
5179,47393,47408,47421,top,154.29,144.0,166.15,40.9,"{5179: 0.0, 5063: 12.43, 5177: 17.56, 5183: 4.85}",True
5177,47411,,,bottom,,,,,{},False
5183,47411,47537,,bottom,,,,,{},False
5184,47454,,,bottom,,,,,{},False
5181,47456,,,top,,,,,{},False
5185,47482,47497,47510,top,154.29,144.0,166.15,40.9,"{5185: 0.0, 5183: 23.87, 5188: 6.3}",True
5188,47504,47664,47886,bottom,11.31,13.5,9.73,-0.41,"{5188: 0.0, 5185: 4.53, 5183: 15.83, 5193: 17.5, 5191: 9.37, 5199: 11.34, 5204: 24.22, 5209: 12.89, 5203: 14.05, 5211: 13.1, 5207: 30.81, 5210: 19.1, 5217: 20.69, 5213: 28.44, 5225: 24.95, 5233: 12.73, 5237: 13.21, 5231: 21.46, 5232: 19.54, 5239: 28.43, 5235: 18.97, 5244: 12.35, 5246: 13.65, 5242: 17.01, 5248: 14.21, 5250: 32.05, 5249: 11.01, 5251: 16.58, 5252: 17.65, 5253: 6.4, 5254: 19.9}",True
5190,47522,,,bottom,,,,,{},False
5193,47539,47553,47567,bottom,154.29,154.29,154.29,,"{5188: 16.09, 5193: 0.0, 5191: 20.6}",True
5191,47550,,,bottom,,,,,{},False
5199,47570,,,bottom,,,,,{},False
5206,47572,,,bottom,,,,,{},False
5204,47580,,,bottom,,,,,{},False
5208,47583,,,top,,,,,{},False
5209,47586,47602,47619,bottom,130.91,135.0,127.06,-11.21,"{5209: 0.0, 5188: 11.91, 5211: 13.33, 5207: 18.12, 5210: 45.4}",True
5203,47590,,,bottom,,,,,{},False
5211,47601,47615,47627,top,166.15,154.29,180.0,51.43,"{5209: 15.38, 5188: 12.86, 5211: 0.0, 5207: 8.1, 5210: 19.61}",True
5207,47605,,,top,,,,,{},False
5210,47617,,,bottom,,,,,{},False
5223,47627,,,bottom,,,,,{},False
5217,47630,,,bottom,,,,,{},False
5213,47632,,,top,,,,,{},False
5225,47654,,,top,,,,,{},False
5233,47661,47675,47688,top,160.0,154.29,166.15,21.91,"{5188: 12.15, 5233: 0.0, 5237: 33.5, 5231: 44.71, 5232: 3.27}",True
5234,47662,,,top,,,,,{},False
5237,47681,47693,47704,top,187.83,180.0,196.36,35.7,"{5188: 12.45, 5233: 33.53, 5237: 0.0, 5231: 11.08, 5232: 16.3, 5239: 29.99, 5235: 42.16}",True
5231,47685,,,top,,,,,{},False
5232,47686,47846,,bottom,,,,,{},False
5239,47689,,,bottom,,,,,{},False
5235,47700,,,top,,,,,{},False
5244,47707,47723,47740,bottom,130.91,135.0,127.06,-11.21,"{5188: 11.73, 5244: 0.0, 5232: 16.7, 5246: 19.37, 5242: 31.0, 5248: 1.82}",True
5245,47709,,,top,,,,,{},False
5246,47714,47724,47734,top,216.0,216.0,216.0,,"{5246: 0.0, 5188: 12.58, 5244: 17.54, 5232: 17.64, 5242: 10.72}",True
5242,47717,,,top,,,,,{},False
5248,47738,,,top,,,,,{},False
5250,47753,47984,48425,bottom,6.43,9.35,4.9,-0.24,"{5250: 0.0, 5188: 30.87, 5232: 13.74, 5249: 44.86, 5251: 20.11, 5252: 18.84, 5253: 37.01, 5254: 13.87, 5255: 11.89, 5256: 12.76, 5258: 20.72, 5259: 28.67, 5260: 12.8, 5261: 32.87, 5262: 14.39, 5269: 14.28, 5270: 33.9, 5272: 20.85, 5273: 36.73, 5274: 31.11, 5275: 14.66, 5276: 36.18, 5277: 36.63, 5278: 11.05, 5287: 14.53, 5279: 36.3, 5289: 36.8, 5290: 4.67}",True
5249,47777,,,top,,,,,{},False
5251,47780,47790,47800,top,216.0,216.0,216.0,,"{5188: 15.84, 5251: 0.0, 5250: 19.65, 5252: 25.12, 5232: 19.25}",True
5252,47790,47803,47815,top,172.8,166.15,180.0,27.69,"{5188: 16.71, 5251: 25.47, 5252: 0.0, 5250: 18.34, 5232: 11.72}",True
5253,47821,,,top,,,,,{},False
5254,47851,47864,47879,bottom,154.29,166.15,144.0,-35.45,"{5254: 0.0, 5250: 12.64, 5188: 20.35, 5232: 12.2}",True
5255,47911,47929,47947,bottom,120.0,120.0,120.0,,"{5255: 0.0, 5250: 10.94, 5188: 28.65, 5232: 4.54}",True
5256,47946,47961,47974,top,154.29,144.0,166.15,40.9,"{5256: 0.0, 5255: 3.12, 5250: 11.89, 5232: 14.3}",True
5258,48011,,,top,,,,,{},False
5259,48030,,,bottom,,,,,{},False
5260,48031,48044,48055,top,180.0,166.15,196.36,65.91,"{5260: 0.0, 5250: 11.82, 5232: 28.52}",True
5261,48069,,,bottom,,,,,{},False
5262,48098,,,top,,,,,{},False
5269,48099,48111,48121,top,196.36,180.0,216.0,86.4,"{5269: 0.0, 5250: 13.31}",True
5270,48122,,,bottom,,,,,{},False
5272,48125,48137,48148,top,187.83,180.0,196.36,35.7,"{5272: 0.0, 5250: 19.75}",True
5273,48162,,,bottom,,,,,{},False
5274,48190,49471,49571,bottom,3.13,1.69,21.6,4.78,"{5274: 0.0, 5250: 30.61, 5275: 22.4, 5278: 41.3, 5287: 18.03, 5290: 18.07, 5291: 41.81, 5292: 41.98, 5293: 18.32, 5295: 17.87, 5303: 18.18, 5300: 41.55, 5306: 18.6, 5314: 42.13, 5318: 18.31, 5316: 42.09, 5319: 17.97, 5320: 18.72, 5326: 18.58, 5327: 6.59, 5329: 20.16, 5330: 18.26, 5334: 18.09, 5335: 42.48, 5336: 41.8, 5339: 19.37, 5338: 42.6, 5347: 18.45, 5349: 22.45, 5350: 20.54, 5351: 18.01, 5359: 7.01, 5360: 20.87, 5361: 17.95, 5362: 18.73, 5363: 18.28, 5369: 42.62, 5371: 6.57, 5373: 18.05, 5374: 18.03, 5375: 18.13, 5376: 16.64, 5380: 26.5, 5385: 13.77, 5383: 20.38, 5389: 13.8, 5388: 17.01, 5395: 17.16, 5397: 16.74, 5399: 19.38, 5400: 4.64, 5398: 2.97}",True
5275,48197,48209,48219,top,196.36,180.0,216.0,86.4,"{5274: 23.4, 5275: 0.0, 5250: 13.85}",True
5276,48246,,,bottom,,,,,{},False
5277,48274,,,bottom,,,,,{},False
5278,48316,,,top,,,,,{},False
5287,48356,48367,48376,top,216.0,196.36,240.0,116.36,"{5274: 18.71, 5287: 0.0, 5250: 13.68}",True
5279,48356,,,bottom,,,,,{},False
5288,48356,,,bottom,,,,,{},False
5289,48388,,,bottom,,,,,{},False
5290,48421,48431,48440,top,227.37,216.0,240.0,64.0,"{5274: 18.76, 5290: 0.0, 5250: 18.05}",True
5291,48453,,,top,,,,,{},False
5292,48474,,,top,,,,,{},False
5293,48477,48490,48501,top,180.0,166.15,196.36,65.91,"{5274: 18.86, 5293: 0.0, 5250: 13.9}",True
5295,48523,48536,48548,top,172.8,166.15,180.0,27.69,"{5274: 18.36, 5295: 0.0, 5250: 14.19}",True
5294,48544,,,bottom,,,,,{},False
5303,48549,48560,48570,top,205.71,196.36,216.0,47.13,"{5274: 18.8, 5303: 0.0, 5250: 13.87, 5299: 17.09}",True
5296,48555,,,top,,,,,{},False
5299,48563,,,bottom,,,,,{},False
5300,48577,,,top,,,,,{},False
5306,48582,48599,48613,top,139.35,127.06,154.29,46.67,"{5274: 19.03, 5306: 0.0, 5250: 13.96}",True
5308,48638,,,bottom,,,,,{},False
5307,48645,,,bottom,,,,,{},False
5314,48668,,,top,,,,,{},False
5315,48700,,,bottom,,,,,{},False
5318,48727,48740,48752,top,172.8,166.15,180.0,27.69,"{5274: 18.84, 5318: 0.0, 5250: 13.8, 5316: 18.74}",True
5316,48736,,,top,,,,,{},False
5319,48754,48765,48775,top,205.71,196.36,216.0,47.13,"{5274: 18.54, 5250: 14.25, 5319: 0.0}",True
5320,48782,48794,48804,top,196.36,180.0,216.0,86.4,"{5274: 19.31, 5320: 0.0, 5250: 13.97, 5326: 37.27}",True
5326,48799,48812,48824,top,172.8,166.15,180.0,27.69,"{5274: 19.1, 5320: 37.61, 5326: 0.0, 5250: 13.81, 5327: 7.55}",True
5327,48819,,,bottom,,,,,{},False
5329,48834,48848,48863,bottom,148.97,154.29,144.0,-16.46,"{5274: 19.4, 5329: 0.0, 5250: 13.81, 5330: 17.19}",True
5328,48835,,,bottom,,,,,{},False
5330,48844,48855,48865,top,205.71,196.36,216.0,47.13,"{5274: 18.92, 5329: 18.49, 5330: 0.0, 5250: 13.59}",True
5331,48863,,,bottom,,,,,{},False
5332,48873,,,bottom,,,,,{},False
5334,48922,48933,48943,top,205.71,196.36,216.0,47.13,"{5274: 18.73, 5334: 0.0, 5250: 13.76}",True
5335,48958,,,top,,,,,{},False
5336,48980,,,top,,,,,{},False
5337,48985,,,bottom,,,,,{},False
5339,48992,49007,49021,top,148.97,144.0,154.29,17.63,"{5274: 19.85, 5250: 13.36, 5339: 0.0, 5338: 36.87}",True
5338,49014,,,top,,,,,{},False
5347,49043,49059,49073,top,144.0,135.0,154.29,33.06,"{5274: 19.3, 5344: 1.7, 5347: 0.0, 5250: 13.71, 5346: 24.12, 5349: 3.57}",True
5344,49044,,,top,,,,,{},False
5346,49058,,,bottom,,,,,{},False
5349,49068,49121,49183,bottom,37.57,40.75,34.84,-2.29,"{5347: 3.55, 5274: 20.4, 5349: 0.0, 5250: 13.08, 5350: 22.43, 5351: 17.24, 5359: 41.68, 5355: 41.65, 5360: 44.25}",True
5350,49117,49183,49258,bottom,30.64,32.73,28.8,-1.26,"{5274: 19.64, 5350: 0.0, 5349: 22.27, 5250: 13.36, 5351: 16.11, 5359: 19.31, 5355: 19.32, 5360: 10.11, 5361: 15.11, 5362: 15.35, 5363: 15.89, 5369: 2.27}",True
5351,49135,49150,49163,top,154.29,144.0,166.15,40.9,"{5274: 18.9, 5350: 15.95, 5349: 15.52, 5250: 13.78, 5351: 0.0}",True
5359,49163,,,bottom,,,,,{},False
5355,49167,,,bottom,,,,,{},False
5360,49181,49196,49212,bottom,139.35,144.0,135.0,-13.5,"{5274: 18.79, 5360: 0.0, 5350: 9.3, 5349: 35.89, 5250: 13.85, 5361: 13.96, 5362: 7.53, 5363: 1.7}",True
5361,49194,49207,49219,top,172.8,166.15,180.0,27.69,"{5274: 18.42, 5360: 17.3, 5361: 0.0, 5350: 14.09, 5250: 14.42, 5362: 15.51, 5363: 32.04}",True
5362,49201,49216,49228,top,160.0,144.0,180.0,72.0,"{5274: 19.25, 5361: 15.65, 5362: 0.0, 5360: 10.37, 5350: 14.47, 5250: 13.84, 5363: 14.27}",True
5363,49211,49223,49234,top,187.83,180.0,196.36,35.7,"{5274: 18.87, 5361: 32.07, 5362: 14.18, 5363: 0.0, 5360: 4.46, 5350: 14.95, 5250: 13.84}",True
5369,49256,,,top,,,,,{},False
5371,49264,,,bottom,,,,,{},False
5372,49272,,,bottom,,,,,{},False
5365,49272,,,bottom,,,,,{},False
5373,49303,49312,49320,top,254.12,240.0,270.0,90.0,"{5274: 18.78, 5373: 0.0, 5250: 17.14, 5374: 41.14}",True
5374,49318,49327,49335,top,254.12,240.0,270.0,90.0,"{5274: 18.8, 5373: 41.51, 5374: 0.0, 5250: 18.83}",True
5375,49338,49351,49362,top,180.0,166.15,196.36,65.91,"{5274: 18.59, 5375: 0.0, 5250: 22.63}",True
5376,49373,49388,49403,bottom,144.0,144.0,144.0,,"{5274: 15.35, 5376: 0.0}",True
5377,49428,,,bottom,,,,,{},False
5380,49452,,,top,,,,,{},False
5385,49479,49495,49508,top,148.97,135.0,166.15,57.51,"{5274: 13.15, 5385: 0.0, 5382: 42.1, 5383: 13.66, 5389: 11.27}",True
5382,49483,,,bottom,,,,,{},False
5383,49487,,,top,,,,,{},False
5384,49490,,,bottom,,,,,{},False
5389,49490,49501,49511,top,205.71,196.36,216.0,47.13,"{5274: 12.88, 5385: 10.99, 5389: 0.0}",True
5388,49511,,,top,,,,,{},False
5395,49519,49537,49552,top,130.91,120.0,144.0,38.4,"{5274: 16.43, 5395: 0.0, 5397: 5.57, 5394: 30.87, 5399: 20.33}",True
5397,49520,49532,49544,top,180.0,180.0,180.0,,"{5274: 15.73, 5395: 5.28, 5397: 0.0, 5394: 26.58, 5399: 28.8}",True
5394,49531,,,bottom,,,,,{},False
5399,49533,49551,49566,top,130.91,120.0,144.0,38.4,"{5274: 17.77, 5395: 20.4, 5397: 29.15, 5399: 0.0, 5400: 40.89, 5398: 45.47}",True
5396,49542,,,top,,,,,{},False
5400,49561,,,top,,,,,{},False
5398,49564,,,top,,,,,{},False
5403,49576,49662,49762,bottom,23.23,25.12,21.6,-0.84,"{5403: 0.0, 5274: 47.0, 5405: 19.28, 5402: 3.75, 5404: 37.29, 5408: 31.96, 5412: 14.42, 5411: 19.98, 5416: 29.28, 5415: 17.26, 5424: 15.14, 5420: 32.23, 5421: 34.29, 5425: 17.73, 5423: 10.88, 5431: 18.73, 5434: 44.22}",True
5401,49578,,,bottom,,,,,{},False
5405,49585,49600,49614,top,148.97,144.0,154.29,17.63,"{5403: 19.58, 5274: 4.2, 5405: 0.0, 5402: 43.45, 5404: 43.05}",True
5402,49587,,,bottom,,,,,{},False
5404,49611,,,top,,,,,{},False
5408,49630,,,top,,,,,{},False
5412,49646,49662,49676,top,144.0,135.0,154.29,33.06,"{5411: 45.7, 5412: 0.0, 5403: 13.47}",True
5410,49646,,,top,,,,,{},False
5411,49647,,,bottom,,,,,{},False
5413,49670,,,top,,,,,{},False
5416,49683,,,bottom,,,,,{},False
5415,49683,,,top,,,,,{},False
5424,49691,49703,49713,top,196.36,180.0,216.0,86.4,"{5403: 14.12, 5424: 0.0, 5420: 32.13, 5421: 17.61, 5425: 35.55}",True
5420,49698,,,bottom,,,,,{},False
5421,49705,,,bottom,,,,,{},False
5425,49707,49724,49738,top,139.35,127.06,154.29,46.67,"{5424: 36.02, 5425: 0.0, 5403: 16.92, 5423: 7.53, 5431: 7.68}",True
5426,49707,,,top,,,,,{},False
5423,49712,,,top,,,,,{},False
5431,49718,49728,49738,top,216.0,216.0,216.0,,"{5425: 7.68, 5431: 0.0, 5403: 17.5}",True
5434,49753,,,bottom,,,,,{},False
5437,49768,49783,49796,top,154.29,144.0,166.15,40.9,"{5437: 0.0, 5403: 10.85, 5435: 20.4, 5440: 28.86, 5436: 33.36, 5441: 3.75}",True
5435,49779,,,top,,,,,{},False
5440,49786,49799,49810,top,180.0,166.15,196.36,65.91,"{5440: 0.0, 5437: 28.8, 5436: 6.2, 5441: 17.48, 5439: 32.86}",True
5436,49788,,,top,,,,,{},False
5441,49792,49804,49817,bottom,172.8,180.0,166.15,-25.56,"{5441: 0.0, 5440: 17.42, 5437: 4.34, 5439: 25.71}",True
5439,49802,,,top,,,,,{},False
5442,49830,,,bottom,,,,,{},False
5444,49847,49862,49875,top,154.29,144.0,166.15,40.9,"{5444: 0.0, 5446: 16.65, 5445: 29.69}",True
5446,49856,49972,50112,bottom,16.88,18.62,15.43,-0.55,"{5446: 0.0, 5444: 15.03, 5445: 0.12, 5447: 33.53, 5448: 19.41, 5452: 15.65, 5455: 16.99, 5459: 17.82, 5453: 9.46, 5461: 17.92, 5463: 18.86, 5462: 5.6, 5460: 5.44, 5468: 8.44, 5469: 5.13}",True
5445,49857,,,bottom,,,,,{},False
5443,49857,,,top,,,,,{},False
5447,49925,,,top,,,,,{},False
5448,49940,,,bottom,,,,,{},False
5450,49968,,,top,,,,,{},False
5452,50024,50039,50052,top,154.29,144.0,166.15,40.9,"{5446: 14.76, 5452: 0.0, 5455: 15.41, 5459: 39.82}",True
5455,50033,50049,50063,top,144.0,135.0,154.29,33.06,"{5446: 16.2, 5455: 0.0, 5452: 15.62, 5459: 19.65, 5453: 31.45, 5461: 40.52}",True
5459,50048,50059,50070,top,196.36,196.36,196.36,,"{5446: 16.69, 5455: 19.38, 5459: 0.0, 5452: 39.66, 5453: 9.08, 5461: 25.76}",True
5453,50052,,,top,,,,,{},False
5456,50057,,,bottom,,,,,{},False
5461,50060,50071,,top,,,,,{},False
5463,50073,50085,50095,top,196.36,180.0,216.0,86.4,"{5446: 17.6, 5461: 28.51, 5463: 0.0, 5462: 30.25, 5460: 35.14}",True
5462,50087,,,top,,,,,{},False
5460,50089,,,top,,,,,{},False
5468,50102,50113,50124,top,196.36,196.36,196.36,,"{5446: 21.94, 5468: 0.0, 5469: 8.37, 5465: 21.13, 5470: 28.54}",True
5469,50104,50118,50131,top,160.0,154.29,166.15,21.91,"{5468: 8.63, 5446: 22.34, 5469: 0.0, 5465: 29.74, 5470: 19.0, 5467: 39.27}",True
5465,50114,,,bottom,,,,,{},False
5471,50114,,,top,,,,,{},False
5470,50114,50131,50143,top,148.97,127.06,180.0,105.88,"{5468: 28.97, 5446: 17.91, 5469: 19.22, 5470: 0.0, 5467: 18.61, 5472: 10.08}",True
5467,50126,,,top,,,,,{},False
5472,50138,,,bottom,,,,,{},False
5482,50149,50160,50170,top,205.71,196.36,216.0,47.13,"{5482: 0.0, 5476: 17.54, 5481: 3.41}",True
5476,50157,,,top,,,,,{},False
5481,50169,,,bottom,,,,,{},False
5483,50181,,,top,,,,,{},False
5484,50181,50195,50207,top,166.15,154.29,180.0,51.43,"{5484: 0.0, 5483: 3.51, 5485: 19.73, 5488: 42.09}",True
5485,50192,50207,50219,top,160.0,144.0,180.0,72.0,"{5484: 19.86, 5485: 0.0, 5488: 20.39, 5486: 10.19}",True
5488,50205,50218,50230,top,172.8,166.15,180.0,27.69,"{5484: 42.0, 5488: 0.0, 5485: 20.41, 5486: 30.78, 5490: 28.36}",True
5486,50214,,,bottom,,,,,{},False
5490,50221,50233,50243,top,196.36,180.0,216.0,86.4,"{5490: 0.0, 5488: 28.37, 5489: 27.6}",True
5489,50234,,,top,,,,,{},False
5495,50242,50254,50265,top,187.83,180.0,196.36,35.7,"{5495: 0.0, 5490: 44.05, 5497: 26.79, 5498: 38.66}",True
5497,50254,50269,50283,top,148.97,144.0,154.29,17.63,"{5495: 27.14, 5497: 0.0, 5498: 5.74}",True
5498,50261,50273,50283,top,196.36,180.0,216.0,86.4,"{5495: 38.84, 5497: 5.74, 5498: 0.0}",True
5499,50283,50296,50308,top,172.8,166.15,180.0,27.69,{5499: 0.0},True
5502,50315,50326,50335,top,216.0,196.36,240.0,116.36,"{5502: 0.0, 5500: 8.72, 5503: 29.53}",True
5500,50318,,,top,,,,,{},False
5503,50327,50341,50353,top,166.15,154.29,180.0,51.43,"{5502: 29.95, 5503: 0.0}",True
5501,50335,,,top,,,,,{},False
5507,50365,50375,50385,top,216.0,216.0,216.0,,{5507: 0.0},True
5525,50398,50413,50426,top,154.29,144.0,166.15,40.9,"{5525: 0.0, 5514: 13.35, 5523: 20.49, 5528: 1.88, 5529: 2.36}",True
5514,50405,,,top,,,,,{},False
5523,50409,,,top,,,,,{},False
5528,50423,50437,50451,bottom,154.29,154.29,154.29,,"{5528: 0.0, 5525: 3.45, 5529: 23.61}",True
5529,50425,50563,50704,bottom,15.48,15.65,15.32,-0.06,"{5529: 0.0, 5528: 25.74, 5525: 0.19, 5530: 37.66, 5545: 14.02, 5540: 16.65, 5549: 13.7, 5554: 18.04, 5553: 5.96, 5556: 43.2, 5557: 3.75, 5562: 0.91}",True
5530,50484,,,top,,,,,{},False
5532,50512,,,bottom,,,,,{},False
5537,50580,,,top,,,,,{},False
5545,50593,50603,50613,top,216.0,216.0,216.0,,"{5529: 12.85, 5545: 0.0, 5540: 22.38}",True
5540,50601,,,top,,,,,{},False
5549,50623,50637,50651,bottom,154.29,154.29,154.29,,"{5549: 0.0, 5529: 13.3, 5554: 2.18}",True
5554,50649,50662,50674,top,172.8,166.15,180.0,27.69,"{5554: 0.0, 5549: 3.17, 5529: 17.38}",True
5553,50676,,,top,,,,,{},False
5556,50680,,,bottom,,,,,{},False
5557,50686,,,top,,,,,{},False
5562,50701,,,top,,,,,{},False
5576,50721,50734,50748,bottom,160.0,166.15,154.29,-20.35,"{5576: 0.0, 5577: 13.38, 5578: 9.58}",True
5577,50731,50745,50757,top,166.15,154.29,180.0,51.43,"{5576: 15.39, 5577: 0.0, 5578: 7.86}",True
5578,50737,50749,50759,top,196.36,180.0,216.0,86.4,"{5577: 7.75, 5578: 0.0, 5576: 11.36, 5579: 44.55}",True
5579,50758,50775,50789,top,139.35,127.06,154.29,46.67,"{5578: 45.55, 5579: 0.0}",True
5581,50811,50903,50985,bottom,24.83,23.48,26.34,0.84,"{5581: 0.0, 5582: 16.26, 5585: 26.93, 5593: 16.72, 5595: 15.5, 5598: 16.98, 5605: 16.55, 5611: 2.43, 5612: 43.61}",True
5582,50872,,,bottom,,,,,{},False
5585,50913,,,bottom,,,,,{},False
5593,50929,50946,50961,top,135.0,127.06,144.0,27.11,"{5593: 0.0, 5581: 15.95, 5595: 3.29, 5598: 16.65}",True
5595,50934,50948,50960,top,166.15,154.29,180.0,51.43,"{5593: 3.38, 5595: 0.0, 5581: 14.48, 5598: 15.49}",True
5598,50944,50956,50966,top,196.36,180.0,216.0,86.4,"{5593: 16.4, 5581: 15.87, 5598: 0.0, 5595: 15.35}",True
5605,50965,50977,50987,top,196.36,180.0,216.0,86.4,"{5598: 44.23, 5605: 0.0, 5581: 19.48, 5611: 32.94, 5612: 4.44, 5604: 42.55}",True
5611,50980,50996,51010,top,144.0,135.0,154.29,33.06,"{5605: 33.37, 5611: 0.0, 5581: 10.98, 5612: 21.13, 5604: 8.31, 5614: 23.27, 5610: 14.7, 5617: 36.59}",True
5612,50983,50997,51012,bottom,148.97,154.29,144.0,-16.46,"{5612: 0.0, 5605: 4.11, 5581: 36.06, 5611: 22.13, 5604: 43.24, 5614: 12.12, 5610: 31.2, 5617: 5.25, 5613: 2.55}",True
5604,50984,,,top,,,,,{},False
5614,50996,51010,51023,top,160.0,154.29,166.15,21.91,"{5612: 13.06, 5611: 23.18, 5614: 0.0, 5610: 37.83, 5617: 15.04, 5613: 26.83, 5619: 36.46}",True
5610,51001,,,bottom,,,,,{},False
5617,51004,51019,51033,top,148.97,144.0,154.29,17.63,"{5614: 15.15, 5611: 36.78, 5617: 0.0, 5612: 6.18, 5613: 11.97, 5619: 18.32, 5621: 7.76, 5616: 12.5}",True
5613,51010,,,top,,,,,{},False
5619,51018,51029,51039,top,205.71,196.36,216.0,47.13,"{5614: 36.36, 5617: 18.1, 5619: 0.0, 5621: 17.36, 5616: 30.77}",True
5621,51024,51100,51173,bottom,28.99,28.42,29.59,0.38,"{5621: 0.0, 5617: 6.36, 5619: 15.16, 5626: 17.54, 5630: 14.5, 5627: 30.74, 5634: 18.59, 5646: 22.25, 5637: 24.9, 5666: 36.36, 5670: 9.61, 5678: 2.68}",True
5616,51025,,,bottom,,,,,{},False
5618,51039,,,top,,,,,{},False
5626,51041,51055,51067,top,166.15,154.29,180.0,51.43,"{5621: 17.68, 5626: 0.0, 5630: 42.24}",True
5630,51065,51079,51091,top,166.15,154.29,180.0,51.43,"{5621: 13.86, 5626: 42.48, 5630: 0.0, 5627: 16.38, 5634: 9.51}",True
5627,51074,,,top,,,,,{},False
5634,51084,,,bottom,,,,,{},False
5646,51092,,,top,,,,,{},False
5637,51097,,,bottom,,,,,{},False
5664,51115,,,bottom,,,,,{},False
5666,51135,,,bottom,,,,,{},False
5668,51142,,,bottom,,,,,{},False
5670,51144,,,top,,,,,{},False
5682,51148,,,bottom,,,,,{},False
5678,51168,,,top,,,,,{},False
5691,51188,,,top,,,,,{},False
5692,51196,,,bottom,,,,,{},False
5694,51218,51230,51240,top,196.36,180.0,216.0,86.4,"{5694: 0.0, 5695: 9.97, 5696: 14.1}",True
5695,51223,51234,51245,top,196.36,196.36,196.36,,"{5695: 0.0, 5694: 10.05, 5696: 18.26}",True
5696,51228,51297,51373,bottom,29.79,31.3,28.42,-0.91,"{5696: 0.0, 5695: 16.37, 5694: 12.0, 5693: 41.95, 5698: 34.94, 5700: 13.92, 5702: 14.51, 5707: 17.56, 5705: 10.66, 5708: 39.28, 5706: 5.87}",True
5693,51246,,,top,,,,,{},False
5698,51268,,,top,,,,,{},False
5699,51276,,,bottom,,,,,{},False
5700,51280,51293,51306,top,166.15,166.15,166.15,,"{5696: 13.4, 5700: 0.0, 5702: 38.34}",True
5702,51301,51313,51325,top,180.0,180.0,180.0,,"{5696: 13.67, 5700: 38.39, 5702: 0.0, 5701: 35.78}",True
5701,51307,,,bottom,,,,,{},False
5703,51326,,,bottom,,,,,{},False
5707,51335,51345,51355,top,216.0,216.0,216.0,,"{5696: 16.3, 5707: 0.0, 5705: 21.54, 5708: 7.53}",True
5705,51343,,,top,,,,,{},False
5708,51350,51434,51515,bottom,26.18,25.71,26.67,0.28,"{5708: 0.0, 5707: 5.08, 5696: 38.76, 5706: 45.34, 5710: 32.76, 5712: 18.76, 5711: 30.02, 5715: 10.67, 5714: 26.58, 5716: 31.91, 5718: 13.06, 5717: 10.74, 5719: 3.32, 5721: 43.43}",True
5706,51356,,,top,,,,,{},False
5710,51398,,,top,,,,,{},False
5711,51405,,,top,,,,,{},False
5712,51406,,,bottom,,,,,{},False
5713,51418,,,top,,,,,{},False
5715,51425,51436,51448,bottom,187.83,196.36,180.0,-32.73,"{5708: 9.76, 5715: 0.0, 5714: 29.05}",True
5714,51438,,,bottom,,,,,{},False
5716,51463,,,bottom,,,,,{},False
5718,51474,,,top,,,,,{},False
5717,51477,,,top,,,,,{},False
5719,51504,,,top,,,,,{},False
5721,51512,51527,51545,bottom,130.91,144.0,120.0,-32.0,"{5721: 0.0, 5708: 34.68, 5720: 13.72, 5726: 19.7, 5722: 34.76, 5729: 37.12, 5725: 3.73}",True
5720,51520,,,bottom,,,,,{},False
5726,51523,51534,51544,top,205.71,196.36,216.0,47.13,"{5708: 5.62, 5726: 0.0, 5721: 17.97, 5729: 3.99}",True
5722,51536,,,bottom,,,,,{},False
5729,51539,51554,51571,bottom,135.0,144.0,127.06,-23.92,"{5726: 4.95, 5729: 0.0, 5721: 36.89, 5730: 12.84, 5731: 42.07}",True
5725,51543,,,top,,,,,{},False
5730,51556,51567,51577,top,205.71,196.36,216.0,47.13,"{5730: 0.0, 5729: 15.53, 5731: 14.55}",True
5731,51565,51640,51709,bottom,30.0,28.8,31.3,0.87,"{5731: 0.0, 5730: 12.38, 5729: 43.66, 5733: 16.69, 5732: 36.99, 5734: 13.59, 5735: 14.35, 5736: 19.36, 5739: 18.71, 5742: 17.97, 5741: 7.64, 5744: 7.11}",True
5733,51584,51595,51606,top,196.36,196.36,196.36,,"{5731: 16.87, 5733: 0.0, 5732: 34.61}",True
5732,51599,,,top,,,,,{},False
5734,51608,51617,51626,top,240.0,240.0,240.0,,"{5731: 13.26, 5734: 0.0, 5735: 17.88}",True
5735,51613,51628,51641,top,154.29,144.0,166.15,40.9,"{5731: 13.57, 5735: 0.0, 5734: 18.95}",True
5737,51646,,,bottom,,,,,{},False
5736,51652,,,top,,,,,{},False
5739,51656,,,top,,,,,{},False
5742,51674,51685,51696,top,196.36,196.36,196.36,,"{5731: 16.81, 5742: 0.0, 5741: 25.77}",True
5741,51686,,,top,,,,,{},False
5744,51696,51712,51726,top,144.0,135.0,154.29,33.06,"{5731: 16.03, 5744: 0.0, 5743: 21.88}",True
5743,51709,,,top,,,,,{},False
5747,51744,51758,51770,top,166.15,154.29,180.0,51.43,"{5747: 0.0, 5749: 19.87, 5745: 29.42, 5753: 33.16}",True
5749,51746,51812,51878,bottom,32.73,32.73,32.73,,"{5747: 18.98, 5749: 0.0, 5745: 41.76, 5753: 18.12, 5757: 15.99, 5760: 14.74}",True
5745,51760,,,top,,,,,{},False
5753,51764,51774,,top,,,,,{},False
5757,51782,51796,51809,top,160.0,154.29,166.15,21.91,"{5753: 43.79, 5757: 0.0, 5749: 15.0, 5760: 14.13}",True
5760,51792,51804,51814,top,196.36,180.0,216.0,86.4,"{5749: 13.44, 5760: 0.0, 5757: 13.98}",True
5774,51892,51907,51920,top,154.29,144.0,166.15,40.9,"{5774: 0.0, 5768: 9.51, 5777: 43.93}",True
5768,51897,,,top,,,,,{},False
5777,51918,51934,51947,top,148.97,135.0,166.15,57.51,"{5774: 44.07, 5777: 0.0, 5781: 14.78}",True
5781,51929,52000,52065,bottom,31.76,30.42,33.23,1.04,"{5781: 0.0, 5777: 13.36, 5783: 14.21, 5785: 9.5, 5786: 46.22}",True
5783,51988,52003,52016,top,154.29,144.0,166.15,40.9,"{5781: 13.61, 5783: 0.0}",True
5784,52033,,,bottom,,,,,{},False
5785,52042,,,top,,,,,{},False
5786,52064,52137,52221,bottom,27.52,29.59,25.71,-1.11,"{5786: 0.0, 5781: 45.4, 5788: 13.45, 5790: 10.35, 5789: 8.99, 5793: 11.07, 5794: 9.39, 5795: 12.06}",True
5787,52123,,,bottom,,,,,{},False
5788,52137,52149,52160,top,187.83,180.0,196.36,35.7,"{5786: 12.72, 5788: 0.0}",True
5790,52186,,,top,,,,,{},False
5789,52187,,,top,,,,,{},False
5793,52204,52218,52231,top,160.0,154.29,166.15,21.91,"{5786: 20.66, 5793: 0.0, 5794: 4.15, 5795: 3.55, 5791: 8.34, 5792: 23.42}",True
5794,52208,52220,52231,top,187.83,180.0,196.36,35.7,"{5786: 20.41, 5795: 3.66, 5791: 1.71, 5794: 0.0, 5793: 4.03, 5792: 28.1}",True
5795,52209,52219,52228,top,227.37,216.0,240.0,64.0,"{5795: 0.0, 5786: 21.39, 5793: 3.19, 5794: 3.57, 5792: 24.62}",True
5791,52209,,,top,,,,,{},False
5792,52218,,,bottom,,,,,{},False
5801,52278,,,top,,,,,{},False
5802,52279,,,bottom,,,,,{},False
5804,52318,52392,52500,bottom,23.74,29.19,20.0,-2.04,"{5804: 0.0, 5806: 15.05, 5807: 14.43, 5808: 14.63, 5809: 35.41, 5813: 17.86, 5819: 37.82, 5821: 44.42}",True
5806,52351,52366,52379,top,154.29,144.0,166.15,40.9,"{5804: 14.87, 5806: 0.0, 5807: 7.71}",True
5807,52358,52370,52380,top,196.36,180.0,216.0,86.4,"{5804: 14.19, 5806: 7.33, 5807: 0.0, 5805: 42.14}",True
5805,52360,,,bottom,,,,,{},False
5808,52411,52420,52428,top,254.12,240.0,270.0,90.0,"{5804: 13.44, 5808: 0.0}",True
5809,52432,,,bottom,,,,,{},False
5813,52440,52450,52460,top,216.0,216.0,216.0,,"{5804: 16.6, 5813: 0.0, 5812: 8.81, 5819: 2.2}",True
5812,52456,,,bottom,,,,,{},False
5819,52459,52574,52814,bottom,12.17,18.78,9.0,-0.98,"{5819: 0.0, 5804: 37.18, 5813: 0.7, 5821: 6.55, 5823: 12.72, 5824: 21.51, 5826: 14.95, 5830: 14.8, 5828: 13.91, 5832: 14.01, 5833: 14.85, 5835: 16.76, 5838: 40.68, 5840: 18.72, 5836: 8.09}",True
5821,52478,,,bottom,,,,,{},False
5823,52566,52580,52592,top,166.15,154.29,180.0,51.43,"{5819: 11.6, 5823: 0.0}",True
5824,52591,,,top,,,,,{},False
5826,52629,52641,52652,top,187.83,180.0,196.36,35.7,"{5819: 14.1, 5826: 0.0}",True
5830,52667,52678,52688,top,205.71,196.36,216.0,47.13,"{5819: 13.77, 5830: 0.0, 5828: 16.37, 5832: 38.23}",True
5828,52673,,,top,,,,,{},False
5832,52684,52697,52708,top,180.0,166.15,196.36,65.91,"{5819: 13.15, 5830: 38.57, 5832: 0.0, 5829: 33.27, 5833: 27.32}",True
5829,52692,,,bottom,,,,,{},False
5831,52695,,,top,,,,,{},False
5833,52698,52712,52724,top,166.15,154.29,180.0,51.43,"{5819: 14.01, 5832: 27.47, 5833: 0.0}",True
5835,52723,52736,52747,top,180.0,166.15,196.36,65.91,"{5819: 14.88, 5833: 44.26, 5835: 0.0}",True
5834,52724,,,top,,,,,{},False
5838,52748,53020,53197,bottom,9.62,7.94,12.2,0.58,"{5838: 0.0, 5819: 41.35, 5840: 22.12, 5836: 47.93, 5843: 19.69, 5842: 44.22, 5845: 42.12, 5846: 37.9, 5848: 13.65, 5851: 13.32, 5850: 29.37, 5849: 28.51, 5855: 12.42, 5857: 19.56, 5858: 17.34, 5859: 11.9, 5861: 18.06, 5864: 17.73, 5865: 43.24, 5866: 10.46, 5863: 4.66}",True
5837,52754,,,bottom,,,,,{},False
5836,52762,,,top,,,,,{},False
5840,52762,52772,52781,top,227.37,216.0,240.0,64.0,"{5838: 23.24, 5819: 17.37, 5840: 0.0, 5836: 3.66, 5839: 17.22}",True
5839,52774,,,bottom,,,,,{},False
5841,52806,,,bottom,,,,,{},False
5843,52814,52827,52838,top,180.0,166.15,196.36,65.91,"{5838: 20.31, 5819: 22.55, 5843: 0.0, 5842: 32.34}",True
5842,52829,,,top,,,,,{},False
5844,52843,,,top,,,,,{},False
5845,52847,,,top,,,,,{},False
5846,52892,,,top,,,,,{},False
5848,52917,52927,52935,top,240.0,216.0,270.0,162.0,"{5838: 13.61, 5848: 0.0}",True
5847,52925,,,top,,,,,{},False
5851,52954,52970,52984,top,144.0,135.0,154.29,33.06,"{5838: 13.05, 5851: 0.0, 5850: 20.36, 5849: 31.39}",True
5850,52966,,,top,,,,,{},False
5849,52973,,,top,,,,,{},False
5853,52990,,,top,,,,,{},False
5855,53007,53021,53033,top,166.15,154.29,180.0,51.43,"{5838: 11.87, 5855: 0.0}",True
5857,53049,,,top,,,,,{},False
5858,53072,,,top,,,,,{},False
5859,53125,,,top,,,,,{},False
5860,53125,,,top,,,,,{},False
5861,53137,53152,53166,top,148.97,144.0,154.29,17.63,"{5838: 17.21, 5861: 0.0}",True
5864,53165,53179,53195,bottom,144.0,154.29,135.0,-28.93,"{5838: 18.26, 5861: 3.3, 5864: 0.0, 5865: 31.55, 5866: 11.09, 5863: 18.32}",True
5865,53175,53333,53431,bottom,16.88,13.67,22.04,2.05,"{5865: 0.0, 5838: 43.3, 5864: 32.9, 5866: 22.13, 5863: 47.9, 5874: 13.6, 5877: 13.37, 5879: 12.76, 5878: 26.58, 5881: 13.38, 5882: 13.64, 5883: 13.63, 5880: 19.77, 5884: 11.31, 5891: 18.01, 5893: 17.7, 5896: 41.04, 5895: 14.42, 5890: 7.2}",True
5866,53180,53196,53209,top,148.97,135.0,166.15,57.51,"{5865: 22.81, 5838: 20.78, 5866: 0.0, 5864: 11.21, 5863: 5.82}",True
5863,53182,,,top,,,,,{},False
5874,53254,53266,53280,top,166.15,180.0,154.29,-44.08,"{5865: 13.48, 5874: 0.0, 5877: 17.39}",True
5869,53257,,,bottom,,,,,{},False
5877,53259,53273,53287,bottom,154.29,154.29,154.29,,"{5865: 12.11, 5874: 17.52, 5877: 0.0, 5871: 15.68}",True
5871,53268,,,bottom,,,,,{},False
5879,53300,53313,53325,top,172.8,166.15,180.0,27.69,"{5865: 12.35, 5879: 0.0, 5878: 22.15}",True
5878,53311,,,top,,,,,{},False
5881,53329,53345,53358,top,148.97,135.0,166.15,57.51,"{5865: 12.84, 5881: 0.0, 5882: 28.02, 5883: 30.31, 5880: 33.83}",True
5882,53348,53360,53371,top,187.83,180.0,196.36,35.7,"{5865: 12.76, 5882: 0.0, 5881: 27.82, 5883: 4.61, 5880: 5.53, 5884: 7.99}",True
5880,53349,,,top,,,,,{},False
5883,53349,53363,53375,top,166.15,154.29,180.0,51.43,"{5865: 12.86, 5881: 30.37, 5882: 4.77, 5883: 0.0, 5880: 3.6, 5884: 10.07}",True
5884,53363,53376,53391,bottom,154.29,166.15,144.0,-35.45,"{5865: 11.33, 5883: 11.08, 5884: 0.0, 5882: 7.91, 5891: 0.68}",True
5891,53389,53403,53415,top,166.15,154.29,180.0,51.43,"{5865: 16.14, 5891: 0.0, 5884: 3.27, 5886: 43.3, 5893: 8.4, 5889: 24.21, 5896: 6.17, 5895: 37.15, 5890: 39.77}",True
5886,53392,,,bottom,,,,,{},False
5893,53395,53407,,top,,,,,{},False
5889,53403,,,bottom,,,,,{},False
5890,53410,,,top,,,,,{},False
5895,53410,53424,53436,top,166.15,154.29,180.0,51.43,"{5896: 22.54, 5865: 19.52, 5891: 37.38, 5893: 30.74, 5895: 0.0, 5890: 3.31}",True
5896,53411,53509,53592,bottom,23.87,22.04,26.02,1.15,"{5896: 0.0, 5865: 41.01, 5893: 7.44, 5891: 3.49, 5895: 20.92, 5897: 40.93, 5901: 13.23, 5906: 9.81, 5908: 14.17, 5903: 21.59, 5912: 11.23, 5915: 41.18, 5917: 5.16, 5918: 2.19}",True
5897,53440,,,top,,,,,{},False
5898,53443,,,bottom,,,,,{},False
5899,53456,,,top,,,,,{},False
5900,53462,,,bottom,,,,,{},False
5901,53470,53482,53493,top,187.83,180.0,196.36,35.7,"{5896: 12.85, 5901: 0.0}",True
5906,53507,53521,53535,bottom,154.29,154.29,154.29,,"{5896: 9.35, 5906: 0.0, 5908: 21.51, 5903: 33.64, 5912: 37.01}",True
5908,53511,53523,53534,top,187.83,180.0,196.36,35.7,"{5896: 13.35, 5906: 20.39, 5908: 0.0, 5903: 6.68, 5912: 4.72}",True
5903,53513,,,top,,,,,{},False
5912,53529,53546,53565,bottom,120.0,127.06,113.68,-16.89,"{5896: 11.53, 5906: 37.22, 5912: 0.0, 5908: 4.73}",True
5914,53566,,,bottom,,,,,{},False
5915,53571,53653,53730,bottom,27.17,26.34,28.05,0.53,"{5915: 0.0, 5896: 40.89, 5917: 18.64, 5918: 18.12, 5919: 17.22, 5916: 40.5, 5922: 14.26, 5923: 14.51, 5921: 31.25, 5920: 30.38, 5926: 13.37, 5930: 12.43, 5927: 16.0, 5931: 27.3}",True
5917,53583,53599,53612,top,148.97,135.0,166.15,57.51,"{5915: 18.89, 5896: 13.18, 5917: 0.0, 5918: 7.43, 5919: 8.15, 5916: 25.41}",True
5918,53587,53603,53617,top,144.0,135.0,154.29,33.06,"{5915: 18.28, 5896: 9.66, 5918: 0.0, 5917: 7.51, 5919: 2.74, 5916: 18.29}",True
5919,53591,53603,53614,top,187.83,180.0,196.36,35.7,"{5915: 17.45, 5918: 2.61, 5896: 9.97, 5917: 7.94, 5919: 0.0, 5916: 14.59}",True
5916,53598,,,top,,,,,{},False
5922,53619,53632,,top,,,,,{},False
5923,53622,53638,53651,top,148.97,135.0,166.15,57.51,"{5915: 14.18, 5922: 10.03, 5923: 0.0, 5921: 13.95, 5920: 17.64, 5926: 39.24}",True
5921,53629,,,top,,,,,{},False
5920,53632,,,top,,,,,{},False
5926,53647,53660,53673,top,166.15,166.15,166.15,,"{5915: 12.74, 5923: 39.26, 5926: 0.0, 5925: 25.74}",True
5925,53661,,,top,,,,,{},False
5930,53676,53694,53712,bottom,120.0,120.0,120.0,,"{5915: 12.97, 5930: 0.0, 5927: 38.5, 5931: 42.54}",True
5927,53682,,,top,,,,,{},False
5931,53710,53726,53742,bottom,135.0,135.0,135.0,,"{5915: 22.12, 5931: 0.0, 5930: 42.05, 5933: 9.57, 5934: 1.27}",True
5933,53730,53741,,top,,,,,{},False
5934,53741,53756,53770,top,148.97,144.0,154.29,17.63,"{5934: 0.0, 5931: 3.86, 5933: 26.64, 5932: 27.22, 5938: 4.79, 5939: 4.32}",True
5932,53757,,,top,,,,,{},False
5938,53763,53778,53795,bottom,135.0,144.0,127.06,-23.92,"{5934: 5.79, 5938: 0.0, 5939: 23.04, 5935: 13.3, 5944: 10.93, 5948: 1.07}",True
5939,53767,53836,53898,bottom,32.98,31.3,34.84,1.37,"{5939: 0.0, 5934: 2.35, 5938: 24.6, 5944: 17.57, 5948: 15.58, 5937: 12.25, 5950: 13.87, 5951: 13.72, 5949: 22.95, 5952: 16.62, 5954: 12.17, 5953: 7.42, 5956: 44.22}",True
5935,53771,,,bottom,,,,,{},False
5944,53782,53793,53803,top,205.71,196.36,216.0,47.13,"{5939: 17.84, 5938: 13.65, 5944: 0.0, 5948: 26.57, 5937: 5.46}",True
5948,53794,53805,53815,top,205.71,196.36,216.0,47.13,"{5939: 15.48, 5944: 26.71, 5948: 0.0, 5938: 4.39, 5937: 33.5, 5950: 35.94, 5947: 5.96}",True
5937,53800,,,bottom,,,,,{},False
5950,53810,53821,53831,top,205.71,196.36,216.0,47.13,"{5939: 13.42, 5948: 36.15, 5950: 0.0, 5947: 41.6}",True
5947,53812,,,bottom,,,,,{},False
5951,53831,53842,53852,top,205.71,196.36,216.0,47.13,"{5939: 12.91, 5951: 0.0, 5949: 16.74}",True
5949,53837,,,top,,,,,{},False
5952,53851,53866,53880,top,148.97,144.0,154.29,17.63,"{5951: 45.58, 5939: 15.77, 5952: 0.0, 5954: 19.29}",True
5954,53857,53870,53884,bottom,160.0,166.15,154.29,-20.35,"{5952: 19.45, 5954: 0.0, 5939: 12.65, 5955: 40.68, 5953: 4.37}",True
5955,53880,,,bottom,,,,,{},False
5953,53881,,,top,,,,,{},False
5956,53892,,,bottom,,,,,{},False
5957,53904,,,bottom,,,,,{},False
5958,53910,53963,54012,bottom,42.35,40.75,44.08,1.63,"{5958: 0.0, 5963: 16.83, 5960: 31.83, 5976: 17.19, 5977: 12.38}",True
5963,53925,53937,53948,top,187.83,180.0,196.36,35.7,"{5958: 16.78, 5963: 0.0, 5959: 28.59, 5960: 41.28}",True
5959,53934,,,bottom,,,,,{},False
5960,53944,,,top,,,,,{},False
5976,53976,53988,53999,top,187.83,180.0,196.36,35.7,"{5958: 16.14, 5977: 20.81, 5976: 0.0}",True
5977,53977,53990,54005,bottom,154.29,166.15,144.0,-35.45,"{5958: 12.65, 5977: 0.0, 5976: 20.57}",True
5975,53984,,,top,,,,,{},False
5979,54015,54027,54038,top,187.83,180.0,196.36,35.7,"{5958: 7.56, 5979: 0.0, 5978: 7.86}",True
5978,54018,,,top,,,,,{},False
5980,54041,54055,54068,top,160.0,154.29,166.15,21.91,"{5980: 0.0, 5981: 16.96, 5982: 31.57}",True
5981,54047,54103,54156,bottom,39.63,38.57,40.75,0.99,"{5981: 0.0, 5980: 15.59, 5982: 17.01, 5983: 14.86, 5990: 13.95, 5994: 17.06, 5988: 3.29}",True
5982,54060,54072,54083,top,187.83,180.0,196.36,35.7,"{5981: 17.07, 5980: 31.5, 5982: 0.0}",True
5983,54095,54110,54123,top,154.29,144.0,166.15,40.9,"{5981: 14.17, 5983: 0.0}",True
5990,54124,54146,54164,top,108.0,98.18,120.0,29.09,"{5981: 18.75, 5990: 0.0, 5994: 3.51, 5991: 41.97, 5988: 32.22, 5995: 1.9}",True
5994,54130,54145,54158,top,154.29,144.0,166.15,40.9,"{5981: 19.0, 5994: 0.0, 5990: 3.29, 5988: 39.36}",True
5991,54130,,,bottom,,,,,{},False
5988,54152,,,top,,,,,{},False
5995,54163,,,bottom,,,,,{},False
5999,54164,54186,54203,top,110.77,98.18,127.06,40.77,"{5999: 0.0, 5990: 45.56, 5996: 40.92, 6001: 25.66, 6002: 6.18, 6000: 1.74}",True
5996,54169,,,bottom,,,,,{},False
6001,54186,54206,54224,top,113.68,108.0,120.0,16.0,"{5999: 25.75, 6001: 0.0, 6002: 21.24, 6000: 28.82, 6004: 10.96}",True
6002,54195,54208,54223,bottom,154.29,166.15,144.0,-35.45,"{6002: 0.0, 5999: 6.76, 6001: 19.81, 6000: 10.65, 6004: 36.25}",True
6000,54201,,,bottom,,,,,{},False
6004,54216,,,bottom,,,,,{},False
6007,54233,,,bottom,,,,,{},False
6008,54234,,,bottom,,,,,{},False
6014,54240,54253,54265,top,172.8,166.15,180.0,27.69,"{6014: 0.0, 6006: 2.75, 6012: 43.56}",True
6006,54240,,,top,,,,,{},False
6012,54242,,,bottom,,,,,{},False
6016,54273,54329,54383,bottom,39.27,38.57,40.0,0.63,"{6016: 0.0, 6017: 31.05, 6018: 28.95, 6019: 16.31, 6027: 41.77, 6034: 3.27, 6030: 2.07}",True
6015,54278,,,top,,,,,{},False
6017,54310,,,top,,,,,{},False
6018,54312,,,top,,,,,{},False
6019,54346,,,top,,,,,{},False
6027,54372,,,bottom,,,,,{},False
6034,54379,54389,54397,top,240.0,216.0,270.0,162.0,"{6034: 0.0, 6016: 7.7, 6030: 7.82, 6037: 7.51}",True
6030,54382,,,top,,,,,{},False
6037,54393,54433,54474,bottom,53.33,54.0,52.68,-0.77,"{6037: 0.0, 6034: 4.69, 6038: 8.69, 6043: 15.51, 6044: 38.98}",True
6038,54406,54422,54439,bottom,130.91,135.0,127.06,-11.21,"{6037: 8.03, 6038: 0.0, 6043: 9.49}",True
6043,54428,54439,54449,top,205.71,196.36,216.0,47.13,"{6038: 11.64, 6043: 0.0, 6037: 14.09}",True
6042,54449,,,top,,,,,{},False
6044,54461,,,bottom,,,,,{},False
6047,54484,,,bottom,,,,,{},False
6046,54484,,,bottom,,,,,{},False
6045,54488,,,top,,,,,{},False
6048,54489,,,bottom,,,,,{},False
6049,54499,,,bottom,,,,,{},False
6052,54517,54528,54537,top,216.0,196.36,240.0,116.36,"{6051: 2.55, 6052: 0.0, 6050: 43.01}",True
6051,54517,54529,54539,top,196.36,180.0,216.0,86.4,"{6051: 0.0, 6052: 2.67, 6050: 38.22}",True
6050,54534,,,top,,,,,{},False
6054,54563,54606,54647,bottom,51.43,50.23,52.68,1.43,"{6054: 0.0, 6056: 8.63}",True
6053,54580,,,top,,,,,{},False
6056,54632,,,top,,,,,{},False
6058,54655,,,bottom,,,,,{},False
6059,54687,54705,54724,bottom,116.76,120.0,113.68,-7.98,"{6059: 0.0, 6060: 18.57, 6063: 7.92}",True
6060,54698,54709,54719,top,205.71,196.36,216.0,47.13,"{6059: 17.46, 6060: 0.0, 6063: 33.73}",True
6063,54712,54728,54742,top,144.0,135.0,154.29,33.06,"{6060: 34.21, 6063: 0.0, 6059: 9.91}",True
6061,54736,,,top,,,,,{},False
6064,54749,54799,54848,bottom,43.64,43.2,44.08,0.43,"{6064: 0.0, 6065: 12.21, 6066: 16.22, 6071: 14.65, 6072: 14.61, 6073: 14.33, 6070: 21.31, 6078: 12.0, 6076: 32.87, 6083: 24.04, 6087: 0.45}",True
6065,54759,54775,54792,bottom,130.91,135.0,127.06,-11.21,"{6064: 11.38, 6065: 0.0, 6066: 20.12, 6071: 26.31, 6072: 26.27, 6073: 13.21}",True
6066,54766,54779,54790,top,180.0,166.15,196.36,65.91,"{6064: 16.08, 6065: 19.11, 6066: 0.0, 6071: 30.54, 6072: 30.5, 6073: 18.65}",True
6071,54775,,,bottom,,,,,{},False
6072,54775,,,bottom,,,,,{},False
6073,54777,54788,,top,,,,,{},False
6070,54803,,,top,,,,,{},False
6078,54806,54822,54838,bottom,135.0,135.0,135.0,,"{6078: 0.0, 6064: 12.25, 6076: 13.48, 6083: 24.81}",True
6076,54813,,,bottom,,,,,{},False
6083,54823,54840,54856,bottom,130.91,127.06,135.0,11.91,"{6078: 24.68, 6064: 20.09, 6083: 0.0, 6087: 6.23}",True
6087,54847,54863,54877,top,144.0,135.0,154.29,33.06,"{6087: 0.0, 6064: 6.93, 6083: 8.12}",True
6089,54879,,,top,,,,,{},False
6095,54883,54899,54913,top,144.0,135.0,154.29,33.06,"{6095: 0.0, 6096: 12.16}",True
6096,54897,54940,54987,bottom,48.0,50.23,45.96,-2.18,"{6096: 0.0, 6095: 10.88, 6097: 28.66, 6106: 17.22}",True
6104,54924,,,bottom,,,,,{},False
6102,54926,,,bottom,,,,,{},False
6097,54931,,,top,,,,,{},False
6106,54969,54979,54989,top,216.0,216.0,216.0,,"{6096: 19.96, 6106: 0.0}",True
6107,54995,,,bottom,,,,,{},False
6109,54999,55041,55082,bottom,52.05,51.43,52.68,0.73,"{6109: 0.0, 6110: 25.22, 6113: 17.42, 6112: 8.02}",True
6108,55007,,,bottom,,,,,{},False
6110,55036,,,top,,,,,{},False
6113,55056,55066,,top,,,,,{},False
6112,55070,,,top,,,,,{},False
6114,55106,,,bottom,,,,,{},False
6115,55106,55116,55124,top,240.0,216.0,270.0,162.0,"{6115: 0.0, 6116: 5.55, 6118: 2.95}",True
6116,55120,55136,55153,bottom,130.91,135.0,127.06,-11.21,"{6116: 0.0, 6115: 4.14, 6118: 7.89, 6123: 37.33}",True
6118,55123,55143,55164,bottom,105.37,108.0,102.86,-5.88,"{6118: 0.0, 6115: 1.08, 6116: 8.25, 6123: 24.25, 6124: 44.08}",True
6117,55141,,,bottom,,,,,{},False
6123,55147,55163,55180,bottom,130.91,135.0,127.06,-11.21,"{6123: 0.0, 6116: 37.01, 6118: 23.21, 6124: 28.4}",True
6124,55161,55204,55250,bottom,48.54,50.23,46.96,-1.71,"{6124: 0.0, 6118: 44.58, 6123: 29.51, 6125: 13.29, 6136: 19.09, 6133: 1.54}",True
6125,55224,,,top,,,,,{},False
6136,55227,55237,55246,top,227.37,216.0,240.0,64.0,"{6124: 17.72, 6136: 0.0}",True
6133,55248,,,top,,,,,{},False
6137,55252,55269,55286,bottom,127.06,127.06,127.06,,"{6137: 0.0, 6124: 44.45, 6138: 14.67, 6141: 36.65}",True
6138,55268,55280,55290,top,196.36,180.0,216.0,86.4,"{6137: 18.4, 6138: 0.0, 6141: 14.69}",True
6141,55276,55320,55374,bottom,44.08,49.09,40.0,-4.04,"{6141: 0.0, 6137: 38.05, 6138: 12.95, 6143: 27.71, 6149: 24.19, 6151: 16.95, 6156: 20.0, 6148: 6.9, 6158: 44.55}",True
6146,55286,,,top,,,,,{},False
6143,55311,,,top,,,,,{},False
6149,55333,55366,55403,bottom,61.71,65.45,58.38,-4.59,"{6141: 23.24, 6151: 19.92, 6149: 0.0, 6156: 17.31, 6148: 29.13, 6158: 23.02, 6159: 12.64}",True
6150,55333,,,bottom,,,,,{},False
6151,55334,55345,55355,top,205.71,196.36,216.0,47.13,"{6141: 15.79, 6151: 0.0, 6149: 18.81, 6156: 28.11}",True
6156,55346,55359,55371,top,172.8,166.15,180.0,27.69,"{6141: 18.9, 6156: 0.0, 6151: 28.72, 6149: 16.01, 6148: 22.47, 6158: 10.17}",True
6148,55357,,,top,,,,,{},False
6158,55365,,,bottom,,,,,{},False
6159,55384,,,top,,,,,{},False
6162,55406,,,top,,,,,{},False
6173,55412,55423,55433,top,205.71,196.36,216.0,47.13,"{6173: 0.0, 6164: 10.51}",True
6164,55416,,,top,,,,,{},False
6174,55436,,,bottom,,,,,{},False
6175,55462,,,bottom,,,,,{},False
6180,55486,,,top,,,,,{},False
6179,55489,,,bottom,,,,,{},False
6178,55494,,,top,,,,,{},False
6181,55496,55511,55528,bottom,135.0,144.0,127.06,-23.92,{6181: 0.0},True
6183,55528,55543,55559,bottom,139.35,144.0,135.0,-13.5,"{6183: 0.0, 6181: 45.7, 6184: 19.42, 6182: 18.19, 6185: 28.14}",True
6184,55532,55543,55553,top,205.71,196.36,216.0,47.13,"{6184: 0.0, 6183: 18.49, 6182: 32.32, 6185: 13.1}",True
6182,55539,,,bottom,,,,,{},False
6185,55541,55583,55627,bottom,50.23,51.43,49.09,-1.28,"{6185: 0.0, 6184: 11.3, 6183: 29.33, 6187: 13.96, 6189: 18.34, 6186: 10.98}",True
6187,55578,55589,,top,,,,,{},False
6189,55604,55616,55627,top,187.83,180.0,196.36,35.7,"{6185: 18.34, 6189: 0.0, 6186: 6.77}",True
6186,55606,,,top,,,,,{},False
6191,55644,,,bottom,,,,,{},False
6190,55654,,,top,,,,,{},False
6192,55662,,,bottom,,,,,{},False
6193,55678,,,bottom,,,,,{},False
6194,55708,,,bottom,,,,,{},False
6196,55715,55731,55744,top,148.97,135.0,166.15,57.51,"{6196: 0.0, 6197: 14.93, 6195: 23.87}",True
6197,55724,55767,55809,bottom,50.82,50.23,51.43,0.68,"{6197: 0.0, 6196: 13.74, 6195: 44.79, 6199: 14.81, 6200: 14.06, 6198: 21.71}",True
6195,55729,,,top,,,,,{},False
6199,55749,55761,55771,top,196.36,180.0,216.0,86.4,"{6197: 14.28, 6199: 0.0, 6200: 3.1, 6198: 42.62}",True
6200,55752,55762,,top,,,,,{},False
6198,55769,,,top,,,,,{},False
6202,55795,,,bottom,,,,,{},False
6204,55809,,,bottom,,,,,{},False
6203,55814,,,top,,,,,{},False
6205,55822,,,bottom,,,,,{},False
6207,55824,55842,55859,bottom,123.43,120.0,127.06,9.97,"{6207: 0.0, 6208: 31.13}",True
6206,55835,,,bottom,,,,,{},False
6208,55847,,,bottom,,,,,{},False
6212,55874,,,bottom,,,,,{},False
6215,55881,55890,55898,top,254.12,240.0,270.0,90.0,"{6215: 0.0, 6213: 39.78}",True
6213,55895,,,top,,,,,{},False
6223,55925,55941,,bottom,,,,,{},False
6216,55930,,,top,,,,,{},False
6218,55931,,,top,,,,,{},False
6232,55939,55948,55957,top,240.0,240.0,240.0,,"{6232: 0.0, 6223: 9.88, 6233: 17.97, 6234: 13.5, 6222: 25.65}",True
6233,55941,55966,55991,bottom,86.4,86.4,86.4,,"{6233: 0.0, 6232: 16.47, 6223: 25.34, 6234: 12.27, 6236: 4.43}",True
6234,55946,55985,,bottom,,,,,{},False
6222,55947,,,bottom,,,,,{},False
6236,55986,,,top,,,,,{},False
6240,56005,56029,56054,bottom,88.16,90.0,86.4,-3.46,"{6240: 0.0, 6239: 21.7, 6241: 39.27, 6242: 10.25}",True
6239,56026,,,bottom,,,,,{},False
6241,56041,,,bottom,,,,,{},False
6242,56042,,,top,,,,,{},False
6244,56043,,,bottom,,,,,{},False
6246,56060,56085,56109,bottom,88.16,86.4,90.0,3.6,"{6246: 0.0, 6247: 12.92, 6248: 4.14}",True
6247,56065,56106,56145,bottom,54.0,52.68,55.38,1.66,"{6247: 0.0, 6246: 13.65, 6248: 16.99, 6249: 20.05, 6250: 22.37, 6251: 15.94}",True
6248,56102,56117,56130,top,154.29,144.0,166.15,40.9,"{6247: 15.45, 6246: 7.34, 6248: 0.0, 6250: 15.44, 6249: 12.2, 6251: 10.18}",True
6249,56108,56125,56145,top,116.76,127.06,108.0,-22.87,"{6247: 20.05, 6250: 19.54, 6246: 2.99, 6249: 0.0, 6248: 12.38, 6251: 4.58}",True
6250,56109,56142,56174,bottom,66.46,65.45,67.5,1.53,"{6250: 0.0, 6248: 14.61, 6246: 47.01, 6247: 21.73, 6249: 19.01, 6251: 18.79, 6254: 42.58}",True
6251,56111,56122,56132,top,205.71,196.36,216.0,47.13,"{6247: 14.87, 6248: 9.64, 6250: 18.89, 6249: 4.28, 6251: 0.0}",True
6254,56170,56193,56216,bottom,93.91,93.91,93.91,,"{6254: 0.0, 6250: 41.82, 6259: 24.2, 6260: 24.99, 6253: 13.48}",True
6259,56192,56213,56237,bottom,96.0,102.86,90.0,-12.86,"{6259: 0.0, 6254: 23.83, 6260: 1.95, 6253: 38.79, 6261: 24.5, 6264: 9.72, 6273: 43.4}",True
6260,56198,56215,56233,bottom,123.43,127.06,120.0,-9.41,"{6259: 1.72, 6260: 0.0, 6254: 24.46, 6253: 39.8, 6261: 27.3, 6264: 7.82}",True
6253,56202,,,top,,,,,{},False
6261,56219,56235,,bottom,,,,,{},False
6264,56224,56235,56245,top,205.71,196.36,216.0,47.13,"{6264: 0.0, 6260: 11.51, 6259: 11.24, 6261: 11.35, 6273: 8.73}",True
6273,56235,56254,,bottom,,,,,{},False
6267,56246,,,bottom,,,,,{},False
6269,56248,56274,56301,bottom,81.51,83.08,80.0,-2.74,"{6273: 20.3, 6269: 0.0, 6259: 22.12, 6265: 40.74, 6263: 39.53, 6279: 19.36, 6280: 17.48, 6283: 36.58, 6278: 5.95}",True
6265,56254,,,top,,,,,{},False
6263,56256,,,top,,,,,{},False
6279,56264,56305,,bottom,,,,,{},False
6280,56266,,,bottom,,,,,{},False
6283,56286,56334,56407,bottom,35.7,45.0,29.59,-5.07,"{6269: 36.89, 6259: 46.54, 6279: 14.12, 6283: 0.0, 6278: 43.28, 6287: 15.71, 6293: 33.9, 6298: 26.29}",True
6278,56293,,,top,,,,,{},False
6287,56342,56353,56362,top,216.0,196.36,240.0,116.36,"{6287: 0.0, 6283: 14.58}",True
6293,56362,,,bottom,,,,,{},False
6298,56383,56400,56419,bottom,120.0,127.06,113.68,-16.89,"{6298: 0.0, 6283: 19.61, 6299: 42.16}",True
6299,56413,56469,56599,bottom,23.23,38.57,16.62,-4.05,"{6299: 0.0, 6283: 46.69, 6298: 43.35, 6301: 9.17, 6300: 30.02, 6303: 17.09, 6302: 19.48, 6304: 40.16, 6306: 14.36, 6308: 35.78, 6305: 11.2, 6307: 11.06, 6310: 17.66, 6311: 18.6, 6309: 7.39, 6312: 19.68}",True
6301,56449,56466,56484,bottom,123.43,127.06,120.0,-9.41,"{6301: 0.0, 6299: 8.64, 6300: 44.94, 6303: 12.74, 6302: 2.22}",True
6300,56450,,,top,,,,,{},False
6303,56464,56481,56496,top,135.0,127.06,144.0,27.11,"{6299: 15.59, 6301: 14.33, 6303: 0.0, 6302: 27.53, 6304: 7.76}",True
6302,56482,,,top,,,,,{},False
6304,56492,,,bottom,,,,,{},False
6306,56501,56519,56533,top,135.0,120.0,154.29,58.78,"{6306: 0.0, 6299: 13.22, 6305: 45.62}",True
6308,56527,,,bottom,,,,,{},False
6305,56531,,,top,,,,,{},False
6307,56533,,,top,,,,,{},False
6310,56540,56550,56559,top,227.37,216.0,240.0,64.0,"{6299: 16.4, 6311: 9.85, 6310: 0.0, 6309: 44.73}",True
6311,56541,56556,56570,top,148.97,144.0,154.29,17.63,"{6299: 17.72, 6310: 10.7, 6311: 0.0, 6309: 27.44, 6312: 25.33}",True
6309,56557,,,top,,,,,{},False
6312,56559,56569,56579,top,216.0,216.0,216.0,,"{6299: 18.47, 6311: 25.09, 6312: 0.0}",True
6313,56599,56612,56626,bottom,160.0,166.15,154.29,-20.35,"{6313: 0.0, 6299: 22.55}",True
6314,56651,,,bottom,,,,,{},False
6315,56660,,,top,,,,,{},False
6317,56663,56676,56687,top,180.0,166.15,196.36,65.91,"{6317: 0.0, 6318: 4.17, 6324: 30.47, 6316: 9.3}",True
6318,56667,56678,,top,,,,,{},False
6324,56679,56691,56702,top,187.83,180.0,196.36,35.7,"{6316: 22.92, 6318: 28.64, 6324: 0.0, 6317: 30.61}",True
6316,56680,56796,56903,bottom,19.37,18.62,20.19,0.35,"{6316: 0.0, 6318: 8.84, 6324: 21.03, 6317: 7.07, 6323: 41.91, 6321: 40.82, 6332: 15.15, 6333: 14.3, 6337: 11.0, 6339: 13.0, 6338: 18.86, 6341: 13.12, 6342: 33.75, 6345: 10.64, 6347: 39.55, 6351: 43.15, 6349: 3.12}",True
6323,56706,,,top,,,,,{},False
6321,56714,,,top,,,,,{},False
6330,56728,,,bottom,,,,,{},False
6332,56730,56742,56754,top,180.0,180.0,180.0,,"{6316: 15.11, 6332: 0.0, 6333: 5.47}",True
6333,56734,56745,56755,top,205.71,196.36,216.0,47.13,"{6316: 14.26, 6333: 0.0, 6332: 5.34}",True
6331,56752,,,top,,,,,{},False
6337,56754,56771,56789,bottom,123.43,127.06,120.0,-9.41,"{6316: 10.22, 6333: 1.08, 6337: 0.0, 6339: 19.51, 6338: 28.75, 6334: 14.26}",True
6339,56761,56773,56784,top,187.83,180.0,196.36,35.7,"{6316: 12.56, 6337: 18.5, 6339: 0.0, 6338: 17.92, 6334: 35.33}",True
6338,56775,,,bottom,,,,,{},False
6334,56778,,,top,,,,,{},False
6341,56807,56817,56827,top,216.0,216.0,216.0,,"{6316: 12.22, 6341: 0.0}",True
6342,56836,,,bottom,,,,,{},False
6345,56857,,,top,,,,,{},False
6347,56858,,,bottom,,,,,{},False
6348,56866,,,bottom,,,,,{},False
6351,56888,,,bottom,,,,,{},False
6349,56892,,,top,,,,,{},False
6354,56913,,,bottom,,,,,{},False
6355,56928,56943,56956,top,154.29,144.0,166.15,40.9,"{6355: 0.0, 6356: 18.23}",True
6356,56933,57011,57031,bottom,44.08,27.69,108.0,96.37,"{6356: 0.0, 6355: 16.53, 6359: 9.93}",True
6357,56961,,,bottom,,,,,{},False
6358,56984,,,bottom,,,,,{},False
6359,56988,57002,57018,bottom,144.0,154.29,135.0,-28.93,"{6356: 9.17, 6359: 0.0}",True
6361,57034,57050,57070,bottom,120.0,135.0,108.0,-32.4,"{6361: 0.0, 6356: 10.36, 6362: 20.32}",True
6362,57040,57056,57070,top,144.0,135.0,154.29,33.06,"{6361: 20.32, 6362: 0.0, 6356: 15.64}",True
6365,57086,57099,57110,top,180.0,166.15,196.36,65.91,"{6356: 21.05, 6365: 0.0}",True
6368,57116,57210,57219,bottom,41.94,22.98,240.0,578.72,"{6368: 0.0, 6356: 48.62, 6369: 20.33, 6370: 13.73, 6371: 6.59}",True
6366,57117,,,bottom,,,,,{},False
6369,57120,57133,57144,top,180.0,166.15,196.36,65.91,"{6368: 20.9, 6369: 0.0}",True
6370,57171,,,bottom,,,,,{},False
6371,57217,,,top,,,,,{},False
6373,57232,57250,57269,bottom,116.76,120.0,113.68,-7.98,"{6373: 0.0, 6374: 21.57, 6378: 9.91, 6380: 45.88}",True
6374,57235,57251,57266,top,139.35,135.0,144.0,14.4,"{6373: 20.81, 6374: 0.0, 6378: 18.4}",True
6378,57241,57257,57274,bottom,130.91,135.0,127.06,-11.21,"{6373: 9.71, 6374: 18.33, 6378: 0.0, 6380: 40.36}",True
6380,57268,,,bottom,,,,,{},False
6384,57284,57300,57317,bottom,130.91,135.0,127.06,-11.21,"{6384: 0.0, 6385: 3.52, 6386: 24.33, 6376: 10.83, 6380: 32.81, 6388: 40.87}",True
6385,57285,57303,57322,bottom,116.76,120.0,113.68,-7.98,"{6385: 0.0, 6384: 3.65, 6386: 22.98, 6376: 15.43, 6380: 28.52, 6388: 35.23}",True
6386,57288,57390,57474,bottom,23.23,21.18,25.71,1.3,"{6386: 0.0, 6385: 24.47, 6384: 26.04, 6380: 4.32, 6376: 42.68, 6388: 15.57, 6387: 8.16, 6389: 16.12, 6390: 11.77, 6391: 18.58, 6396: 13.32, 6397: 13.29, 6398: 10.0, 6393: 19.18, 6401: 15.44, 6400: 32.61, 6402: 16.1, 6405: 36.88, 6407: 20.35, 6408: 8.76}",True
6376,57305,,,top,,,,,{},False
6388,57313,57331,57350,bottom,116.76,120.0,113.68,-7.98,"{6386: 14.62, 6388: 0.0, 6385: 34.99, 6384: 40.85, 6387: 14.13, 6389: 14.35, 6390: 32.07}",True
6387,57323,,,bottom,,,,,{},False
6389,57329,57345,57359,top,144.0,135.0,154.29,33.06,"{6386: 16.07, 6389: 0.0, 6388: 15.51, 6390: 15.22}",True
6390,57339,57357,57375,bottom,120.0,120.0,120.0,,"{6386: 10.94, 6390: 0.0, 6388: 31.79, 6389: 15.01, 6391: 32.64}",True
6391,57361,,,bottom,,,,,{},False
6396,57376,57390,57402,top,166.15,154.29,180.0,51.43,"{6386: 12.73, 6396: 0.0, 6392: 30.97, 6397: 15.44, 6398: 8.8}",True
6392,57385,,,bottom,,,,,{},False
6397,57386,57398,57408,top,196.36,180.0,216.0,86.4,"{6386: 12.53, 6396: 15.34, 6397: 0.0, 6398: 15.44, 6393: 38.69}",True
6398,57392,57408,57425,bottom,130.91,135.0,127.06,-11.21,"{6386: 9.65, 6398: 0.0, 6396: 8.58, 6397: 14.83, 6393: 29.38, 6401: 10.69}",True
6393,57403,,,top,,,,,{},False
6401,57411,57423,57435,top,180.0,180.0,180.0,,"{6386: 14.52, 6401: 0.0, 6398: 14.2, 6400: 19.04, 6402: 29.25}",True
6400,57425,,,bottom,,,,,{},False
6402,57425,57438,57450,top,172.8,166.15,180.0,27.69,"{6386: 15.17, 6401: 29.4, 6398: 2.96, 6402: 0.0, 6405: 11.82, 6407: 3.95}",True
6405,57439,57530,57621,bottom,23.74,23.74,23.74,,"{6405: 0.0, 6386: 36.6, 6402: 9.9, 6407: 19.33, 6408: 17.53, 6411: 12.1, 6412: 13.87, 6418: 13.39, 6421: 13.57, 6424: 29.19, 6420: 17.49, 6430: 15.52, 6426: 13.49, 6437: 34.45, 6438: 19.64, 6435: 5.52, 6442: 7.94}",True
6407,57446,57461,57477,bottom,139.35,144.0,135.0,-13.5,"{6405: 18.19, 6386: 18.56, 6407: 0.0, 6402: 3.45, 6403: 9.4, 6408: 12.45}",True
6403,57452,,,bottom,,,,,{},False
6408,57459,57475,57489,top,144.0,135.0,154.29,33.06,"{6405: 17.66, 6386: 19.88, 6407: 14.03, 6408: 0.0, 6411: 4.1}",True
6411,57483,57498,57513,bottom,144.0,144.0,144.0,,"{6408: 5.16, 6405: 11.08, 6411: 0.0, 6386: 44.31, 6409: 13.64, 6412: 19.57, 6410: 30.86, 6418: 4.27}",True
6409,57491,,,bottom,,,,,{},False
6412,57491,57502,57513,top,196.36,196.36,196.36,,"{6405: 13.54, 6411: 19.57, 6412: 0.0, 6410: 24.26, 6418: 36.96}",True
6415,57499,,,bottom,,,,,{},False
6410,57502,,,bottom,,,,,{},False
6418,57508,57520,57530,top,196.36,180.0,216.0,86.4,"{6405: 12.85, 6418: 0.0, 6411: 5.93, 6412: 37.34, 6413: 25.79, 6421: 42.55}",True
6419,57513,,,bottom,,,,,{},False
6413,57519,,,bottom,,,,,{},False
6421,57528,57541,57553,top,172.8,166.15,180.0,27.69,"{6405: 12.87, 6418: 43.14, 6421: 0.0, 6424: 23.08, 6420: 45.1}",True
6424,57541,,,bottom,,,,,{},False
6420,57551,,,top,,,,,{},False
6430,57556,57569,57581,top,172.8,166.15,180.0,27.69,"{6405: 14.6, 6430: 0.0, 6426: 24.54, 6437: 9.4}",True
6434,57566,,,bottom,,,,,{},False
6427,57566,,,bottom,,,,,{},False
6426,57568,,,top,,,,,{},False
6437,57572,57668,,bottom,,,,,{},False
6438,57587,57601,57613,top,166.15,154.29,180.0,51.43,"{6437: 18.51, 6405: 18.64, 6438: 0.0, 6436: 37.32, 6435: 34.76, 6442: 42.09}",True
6436,57593,,,bottom,,,,,{},False
6435,57605,,,top,,,,,{},False
6442,57610,57623,57636,top,166.15,166.15,166.15,,"{6437: 15.32, 6405: 22.46, 6438: 42.35, 6442: 0.0, 6440: 20.11, 6441: 22.05, 6446: 34.42, 6439: 37.27, 6444: 3.95}",True
6440,57620,,,top,,,,,{},False
6441,57624,,,bottom,,,,,{},False
6446,57628,57645,57660,top,135.0,127.06,144.0,27.11,"{6437: 13.78, 6442: 34.74, 6405: 10.95, 6446: 0.0, 6439: 4.46, 6444: 39.6, 6449: 19.5, 6450: 10.57}",True
6439,57629,,,top,,,,,{},False
6444,57633,,,bottom,,,,,{},False
6449,57644,57657,57668,top,180.0,166.15,196.36,65.91,"{6446: 19.35, 6437: 12.34, 6450: 22.29, 6449: 0.0, 6448: 30.91}",True
6450,57645,,,bottom,,,,,{},False
6448,57659,,,top,,,,,{},False
6451,57682,57700,57719,bottom,116.76,120.0,113.68,-7.98,"{6451: 0.0, 6450: 13.78, 6437: 10.59, 6452: 17.96, 6455: 12.5, 6458: 31.58}",True
6455,57699,57716,57730,top,139.35,127.06,154.29,46.67,"{6450: 18.55, 6451: 14.13, 6452: 11.57, 6455: 0.0, 6437: 12.2, 6458: 15.58}",True
6452,57699,57708,,top,,,,,{},False
6458,57709,57723,57739,bottom,144.0,154.29,135.0,-28.93,"{6450: 4.28, 6452: 7.9, 6451: 31.08, 6458: 0.0, 6437: 10.41, 6455: 17.35}",True
6464,57744,57764,57784,bottom,108.0,108.0,108.0,,"{6464: 0.0, 6466: 17.6, 6468: 19.02, 6469: 3.49, 6470: 1.25}",True
6466,57753,57764,57774,top,205.71,196.36,216.0,47.13,"{6464: 16.71, 6466: 0.0, 6468: 6.87}",True
6468,57755,57768,57779,top,180.0,166.15,196.36,65.91,"{6464: 18.06, 6468: 0.0, 6466: 7.18}",True
6469,57780,,,top,,,,,{},False
6470,57781,57798,57814,top,130.91,127.06,135.0,11.91,"{6464: 3.62, 6470: 0.0}",True
6471,57820,,,bottom,,,,,{},False
6473,57821,57837,57851,top,144.0,135.0,154.29,33.06,{6473: 0.0},True
6472,57835,,,top,,,,,{},False
6474,57867,,,top,,,,,{},False
6477,57953,,,top,,,,,{},False
6478,57961,,,bottom,,,,,{},False
6480,57976,57988,57999,top,187.83,180.0,196.36,35.7,{6480: 0.0},True
6481,58024,,,bottom,,,,,{},False
6483,58031,58042,58053,top,196.36,196.36,196.36,,"{6483: 0.0, 6486: 42.47}",True
6486,58050,58068,58082,top,135.0,120.0,154.29,58.78,"{6486: 0.0, 6483: 43.44, 6489: 27.69}",True
6489,58070,58085,58097,top,160.0,144.0,180.0,72.0,"{6486: 27.59, 6489: 0.0, 6493: 10.1, 6488: 15.64}",True
6493,58085,58102,58121,bottom,120.0,127.06,113.68,-16.89,"{6493: 0.0, 6489: 10.39, 6488: 6.13, 6495: 19.56, 6497: 13.27, 6494: 9.07}",True
6488,58089,,,bottom,,,,,{},False
6495,58097,,,bottom,,,,,{},False
6497,58102,58116,58129,top,160.0,154.29,166.15,21.91,"{6493: 15.27, 6497: 0.0, 6494: 20.3, 6496: 10.99, 6498: 33.02}",True
6494,58113,,,top,,,,,{},False
6498,58122,58134,58144,top,196.36,180.0,216.0,86.4,"{6496: 44.2, 6497: 32.96, 6498: 0.0}",True
6496,58123,,,bottom,,,,,{},False
6501,58159,58173,58185,top,166.15,154.29,180.0,51.43,"{6501: 0.0, 6499: 8.84, 6500: 28.35}",True
6499,58163,,,top,,,,,{},False
6500,58170,,,bottom,,,,,{},False
6502,58186,58200,58213,top,160.0,154.29,166.15,21.91,{6502: 0.0},True
6503,58223,,,top,,,,,{},False
6505,58238,58252,58264,top,166.15,154.29,180.0,51.43,"{6505: 0.0, 6506: 14.27, 6507: 40.24}",True
6506,58248,58262,58277,bottom,148.97,154.29,144.0,-16.46,"{6506: 0.0, 6505: 14.08, 6507: 14.31}",True
6507,58261,58273,58283,top,196.36,180.0,216.0,86.4,"{6507: 0.0, 6505: 40.17, 6506: 16.07}",True
6508,58304,,,bottom,,,,,{},False
6467,58317,,,top,,,,,{},False
6518,58323,,,bottom,,,,,{},False
6514,58337,,,bottom,,,,,{},False
6517,58344,,,bottom,,,,,{},False
6530,58349,58362,58374,top,172.8,166.15,180.0,27.69,"{6467: 11.7, 6530: 0.0, 6525: 31.78}",True
6525,58366,,,top,,,,,{},False
6520,58367,,,top,,,,,{},False
6532,58379,,,bottom,,,,,{},False
6533,58392,,,bottom,,,,,{},False
6534,58394,,,bottom,,,,,{},False
6535,58406,58426,58448,bottom,102.86,108.0,98.18,-10.71,"{6467: 11.52, 6535: 0.0, 6537: 30.7, 6538: 11.44, 6536: 14.29}",True
6537,58434,58456,58478,bottom,98.18,98.18,98.18,,"{6537: 0.0, 6467: 11.54, 6535: 30.61, 6538: 18.2, 6541: 12.43, 6542: 29.08, 6540: 10.6, 6543: 0.52}",True
6538,58435,58445,58455,top,216.0,216.0,216.0,,"{6537: 17.9, 6467: 11.44, 6538: 0.0, 6535: 15.65}",True
6536,58435,,,top,,,,,{},False
6541,58462,58474,58485,top,187.83,180.0,196.36,35.7,"{6467: 11.72, 6537: 14.92, 6541: 0.0, 6542: 18.59, 6540: 11.11, 6543: 31.81}",True
6542,58465,58479,58495,bottom,144.0,154.29,135.0,-28.93,"{6467: 11.54, 6542: 0.0, 6537: 28.16, 6541: 18.25, 6540: 41.91, 6543: 13.45, 6544: 34.1}",True
6540,58467,,,top,,,,,{},False
6543,58476,58492,58506,top,144.0,135.0,154.29,33.06,"{6541: 32.12, 6542: 15.09, 6467: 11.82, 6537: 2.24, 6543: 0.0, 6544: 14.01, 6545: 6.78}",True
6544,58485,58510,58535,bottom,86.4,86.4,86.4,,"{6544: 0.0, 6543: 14.34, 6542: 34.74, 6467: 11.62, 6545: 5.18, 6552: 7.8, 6558: 2.39}",True
6545,58498,58512,58528,bottom,144.0,154.29,135.0,-28.93,"{6545: 0.0, 6544: 4.79, 6467: 11.47, 6543: 6.98, 6552: 4.23}",True
6552,58522,58537,58551,top,148.97,144.0,154.29,17.63,"{6467: 11.94, 6552: 0.0, 6544: 10.35, 6545: 5.51, 6558: 10.09}",True
6549,58525,,,bottom,,,,,{},False
6551,58530,,,bottom,,,,,{},False
6558,58531,58543,58553,top,196.36,180.0,216.0,86.4,"{6467: 11.24, 6544: 6.24, 6552: 9.9, 6558: 0.0}",True
6559,58559,,,bottom,,,,,{},False
6560,58559,58574,58590,bottom,139.35,144.0,135.0,-13.5,"{6559: 4.59, 6560: 0.0, 6467: 11.5, 6561: 20.15, 6562: 42.06}",True
6561,58561,58573,,top,,,,,{},False
6562,58587,58602,58618,bottom,139.35,144.0,135.0,-13.5,"{6562: 0.0, 6467: 11.57, 6560: 41.72, 6563: 4.16}",True
6563,58612,58624,58635,top,187.83,180.0,196.36,35.7,"{6467: 11.4, 6563: 0.0, 6562: 6.6, 6565: 4.92}",True
6565,58630,58650,58672,bottom,102.86,108.0,98.18,-10.71,"{6565: 0.0, 6467: 11.52, 6563: 4.14, 6564: 8.5}",True
6564,58663,,,top,,,,,{},False
6569,58675,58687,58697,top,196.36,180.0,216.0,86.4,"{6467: 11.47, 6569: 0.0, 6570: 2.19, 6568: 45.79}",True
6570,58676,58688,58698,top,196.36,180.0,216.0,86.4,"{6570: 0.0, 6467: 11.57, 6569: 2.19, 6568: 43.83}",True
6568,58695,,,top,,,,,{},False
6574,58714,58726,58737,top,187.83,180.0,196.36,35.7,"{6467: 11.25, 6574: 0.0, 6572: 25.66}",True
6572,58726,,,top,,,,,{},False
6578,58747,,,bottom,,,,,{},False
6580,58761,58774,58786,top,172.8,166.15,180.0,27.69,"{6467: 12.44, 6580: 0.0, 6581: 11.81}",True
6581,58772,58793,58816,bottom,98.18,102.86,93.91,-9.33,"{6581: 0.0, 6580: 11.13, 6467: 11.91, 6582: 29.85, 6585: 40.26}",True
6582,58803,58820,58837,bottom,127.06,127.06,127.06,,"{6467: 11.35, 6582: 0.0, 6581: 29.2, 6585: 14.99}",True
6585,58810,58834,58857,bottom,91.91,90.0,93.91,4.08,"{6582: 15.31, 6467: 11.71, 6585: 0.0, 6581: 40.01, 6588: 4.06}",True
6588,58851,58862,58873,top,196.36,196.36,196.36,,"{6467: 11.62, 6585: 8.03, 6588: 0.0}",True
6591,58891,,,bottom,,,,,{},False
6589,58892,,,top,,,,,{},False
6590,58899,,,bottom,,,,,{},False
6592,58911,,,top,,,,,{},False
6593,58913,58923,58932,top,227.37,216.0,240.0,64.0,"{6467: 11.48, 6593: 0.0, 6594: 34.05}",True
6594,58926,58939,58950,top,180.0,166.15,196.36,65.91,"{6467: 12.08, 6593: 34.48, 6594: 0.0}",True
6596,58955,58973,58992,bottom,116.76,120.0,113.68,-7.98,"{6467: 11.44, 6596: 0.0, 6597: 39.93}",True
6595,58969,,,top,,,,,{},False
6597,58987,,,bottom,,,,,{},False
6605,59008,59029,59052,bottom,98.18,102.86,93.91,-9.33,"{6467: 17.56, 6605: 0.0, 6601: 39.9, 6603: 19.88, 6606: 8.56}",True
6601,59013,,,top,,,,,{},False
6603,59024,,,bottom,,,,,{},False
6606,59044,,,top,,,,,{},False
6607,59074,59092,59107,top,130.91,120.0,144.0,38.4,"{6607: 0.0, 6608: 22.0, 6599: 25.9, 6609: 23.72}",True
6608,59077,59092,59108,bottom,139.35,144.0,135.0,-13.5,"{6608: 0.0, 6607: 22.09, 6599: 23.02, 6609: 11.71}",True
6599,59090,,,top,,,,,{},False
6609,59094,59106,59117,top,187.83,180.0,196.36,35.7,"{6609: 0.0, 6607: 23.31, 6608: 13.62}",True
6610,59147,,,top,,,,,{},False
6611,59166,,,top,,,,,{},False
6613,59167,59182,59196,top,148.97,144.0,154.29,17.63,"{6613: 0.0, 6612: 29.62}",True
6612,59184,,,top,,,,,{},False
6617,59210,59228,59247,bottom,116.76,120.0,113.68,-7.98,"{6617: 0.0, 6616: 32.53, 6619: 14.34}",True
6616,59220,,,top,,,,,{},False
6619,59225,59241,59255,top,144.0,135.0,154.29,33.06,"{6617: 17.04, 6619: 0.0, 6620: 3.65}",True
6620,59252,59417,59541,bottom,14.95,13.09,17.42,0.84,"{6619: 1.84, 6620: 0.0, 6624: 16.99, 6621: 41.01, 6622: 39.98, 6626: 16.37, 6629: 8.66, 6628: 23.05, 6632: 11.85, 6634: 13.1, 6636: 12.37, 6630: 23.56, 6641: 13.33, 6638: 19.97, 6640: 18.68, 6645: 13.91, 6644: 16.55, 6647: 14.28, 6649: 15.97, 6651: 35.81, 6654: 10.3, 6657: 6.26, 6658: 34.65}",True
6624,59296,59310,59322,top,166.15,154.29,180.0,51.43,"{6620: 17.26, 6624: 0.0, 6621: 6.47, 6622: 22.05}",True
6621,59298,,,top,,,,,{},False
6622,59307,,,top,,,,,{},False
6626,59347,,,bottom,,,,,{},False
6629,59362,59375,59389,bottom,160.0,166.15,154.29,-20.35,"{6620: 8.36, 6629: 0.0, 6628: 33.48}",True
6628,59381,,,bottom,,,,,{},False
6632,59389,59407,59425,bottom,120.0,120.0,120.0,,"{6629: 46.15, 6632: 0.0, 6620: 10.5, 6634: 20.27, 6636: 19.59, 6630: 16.5}",True
6634,59393,59412,59428,top,123.43,113.68,135.0,31.97,"{6634: 0.0, 6632: 21.8, 6620: 12.4, 6636: 4.89, 6630: 24.61}",True
6636,59403,59414,59424,top,205.71,196.36,216.0,47.13,"{6634: 4.83, 6620: 11.7, 6632: 18.13, 6636: 0.0, 6630: 19.66}",True
6630,59411,,,top,,,,,{},False
6641,59447,59466,59481,top,127.06,113.68,144.0,48.51,"{6620: 12.27, 6641: 0.0, 6639: 43.34, 6638: 9.78, 6640: 30.92}",True
6639,59450,,,bottom,,,,,{},False
6638,59454,,,top,,,,,{},False
6642,59468,,,bottom,,,,,{},False
6640,59468,,,top,,,,,{},False
6645,59485,59501,59514,top,148.97,135.0,166.15,57.51,"{6620: 13.22, 6645: 0.0, 6644: 1.71, 6647: 31.2}",True
6644,59485,,,top,,,,,{},False
6647,59506,59517,59527,top,205.71,196.36,216.0,47.13,"{6620: 13.26, 6645: 31.0, 6647: 0.0, 6649: 17.63, 6651: 13.29, 6654: 43.87}",True
6649,59513,59526,59538,top,172.8,166.15,180.0,27.69,"{6620: 14.88, 6645: 45.25, 6649: 0.0, 6647: 18.11, 6651: 31.83, 6654: 22.79, 6657: 33.54, 6658: 3.5}",True
6651,59521,,,bottom,,,,,{},False
6654,59526,59537,59548,top,196.36,196.36,196.36,,"{6620: 15.02, 6649: 22.78, 6654: 0.0, 6647: 44.14, 6646: 7.27, 6657: 13.5, 6658: 10.34}",True
6646,59529,,,top,,,,,{},False
6657,59530,59545,59558,top,154.29,144.0,166.15,40.9,"{6620: 13.44, 6649: 33.79, 6654: 13.79, 6657: 0.0, 6658: 15.86, 6652: 31.67}",True
6658,59533,59561,59579,bottom,93.91,77.14,120.0,57.14,"{6620: 14.48, 6649: 3.5, 6654: 9.99, 6657: 16.06, 6658: 0.0, 6652: 39.95}",True
6652,59548,,,top,,,,,{},False
6661,59583,,,bottom,,,,,{},False
6663,59584,59596,59606,top,196.36,180.0,216.0,86.4,"{6620: 16.71, 6664: 7.74, 6663: 0.0, 6662: 25.28, 6666: 36.56}",True
6664,59585,59601,59614,top,148.97,135.0,166.15,57.51,"{6664: 0.0, 6620: 16.56, 6663: 8.32, 6662: 17.42, 6666: 23.21}",True
6662,59595,,,top,,,,,{},False
6666,59601,59614,59626,top,172.8,166.15,180.0,27.69,"{6664: 23.12, 6663: 36.79, 6620: 17.63, 6666: 0.0, 6665: 23.28}",True
6665,59613,,,top,,,,,{},False
6668,59626,,,bottom,,,,,{},False
6672,59646,,,top,,,,,{},False
6669,59646,,,top,,,,,{},False
6675,59659,59671,59683,top,180.0,180.0,180.0,,"{6620: 18.42, 6674: 4.42, 6675: 0.0, 6673: 24.16, 6676: 33.75, 6678: 0.88}",True
6674,59659,59669,59678,top,227.37,216.0,240.0,64.0,"{6620: 17.57, 6674: 0.0, 6675: 4.14, 6673: 29.6, 6676: 40.93}",True
6673,59670,,,top,,,,,{},False
6676,59675,59691,59704,top,148.97,135.0,166.15,57.51,"{6620: 18.64, 6675: 34.08, 6674: 41.35, 6676: 0.0, 6678: 18.1, 6679: 16.93, 6680: 26.53}",True
6678,59681,,59713,bottom,135.0,,,,{},True
6679,59686,60101,,bottom,,,,,{},False
6680,59689,,,bottom,,,,,{},False
6689,59740,59752,59765,bottom,172.8,180.0,166.15,-25.56,"{6679: 18.6, 6620: 17.57, 6689: 0.0, 6687: 7.65, 6690: 7.81, 6688: 43.96}",True
6687,59743,,,bottom,,,,,{},False
6690,59757,59767,,top,,,,,{},False
6688,59763,,,bottom,,,,,{},False
6691,59795,,,bottom,,,,,{},False
6692,59795,,,top,,,,,{},False
6695,59800,59813,59828,bottom,154.29,166.15,144.0,-35.45,"{6679: 16.58, 6695: 0.0, 6620: 17.73, 6696: 19.82, 6694: 25.72, 6693: 21.78, 6698: 4.64}",True
6696,59800,59810,59819,top,227.37,216.0,240.0,64.0,"{6679: 16.18, 6695: 19.11, 6620: 17.93, 6696: 0.0, 6694: 10.13, 6693: 37.37}",True
6693,59814,,,top,,,,,{},False
6694,59815,,,bottom,,,,,{},False
6698,59821,59836,59850,top,148.97,144.0,154.29,17.63,"{6679: 16.42, 6620: 18.2, 6695: 6.42, 6698: 0.0, 6701: 15.39, 6703: 26.67}",True
6701,59831,59846,59861,bottom,144.0,144.0,144.0,,"{6679: 16.06, 6701: 0.0, 6698: 15.38, 6620: 18.19, 6703: 18.15, 6704: 39.56, 6702: 44.05}",True
6703,59838,59852,59864,top,166.15,154.29,180.0,51.43,"{6698: 26.69, 6679: 16.45, 6620: 18.11, 6701: 20.16, 6703: 0.0, 6704: 6.27, 6702: 10.45}",True
6704,59857,59872,59888,bottom,139.35,144.0,135.0,-13.5,"{6679: 16.33, 6620: 18.2, 6704: 0.0, 6703: 6.19, 6701: 39.38, 6702: 4.74, 6708: 22.19, 6709: 10.95, 6705: 41.25, 6706: 42.06}",True
6702,59859,,,bottom,,,,,{},False
6708,59872,59888,59904,bottom,135.0,135.0,135.0,,"{6679: 16.78, 6620: 17.92, 6708: 0.0, 6704: 22.02, 6709: 20.07, 6705: 19.44, 6706: 20.24, 6713: 1.3, 6712: 0.79}",True
6709,59874,59886,59897,top,187.83,180.0,196.36,35.7,"{6679: 16.66, 6620: 17.78, 6708: 19.31, 6704: 14.47, 6709: 0.0, 6705: 28.35, 6706: 29.16}",True
6705,59884,,,bottom,,,,,{},False
6706,59884,,,bottom,,,,,{},False
6712,59902,59915,59928,top,166.15,166.15,166.15,,"{6679: 16.34, 6620: 18.6, 6713: 5.35, 6712: 0.0, 6708: 3.73, 6710: 38.58}",True
6713,59903,59919,59933,top,144.0,135.0,154.29,33.06,"{6679: 16.87, 6620: 18.34, 6712: 5.6, 6713: 0.0, 6708: 2.37, 6710: 41.97, 6711: 17.18, 6727: 41.03, 6728: 41.83}",True
6710,59907,,,bottom,,,,,{},False
6711,59923,,,bottom,,,,,{},False
6727,59930,59941,,top,,,,,{},False
6728,59930,59943,59955,top,172.8,166.15,180.0,27.69,"{6679: 16.55, 6620: 18.73, 6727: 3.34, 6713: 42.07, 6728: 0.0}",True
6716,59933,,,bottom,,,,,{},False
6729,59943,,,bottom,,,,,{},False
6723,59947,,,top,,,,,{},False
6721,59951,,,top,,,,,{},False
6734,59973,59989,60001,top,154.29,135.0,180.0,90.0,"{6679: 16.92, 6620: 17.26, 6734: 0.0, 6735: 3.24, 6733: 26.1, 6739: 17.97, 6731: 18.0}",True
6735,59975,59987,59998,top,187.83,180.0,196.36,35.7,"{6679: 16.43, 6620: 17.95, 6735: 0.0, 6734: 3.04, 6733: 23.38, 6739: 14.27, 6731: 14.22}",True
6733,59987,,,bottom,,,,,{},False
6739,59991,,,bottom,,,,,{},False
6731,59991,,,bottom,,,,,{},False
6743,60013,60025,60035,top,196.36,180.0,216.0,86.4,"{6679: 16.28, 6620: 18.25, 6743: 0.0, 6740: 32.58}",True
6740,60020,,,bottom,,,,,{},False
6744,60037,,,bottom,,,,,{},False
6751,60066,60077,60087,top,205.71,196.36,216.0,47.13,"{6679: 16.25, 6620: 18.28, 6751: 0.0, 6752: 10.5}",True
6752,60071,60082,60092,top,205.71,196.36,216.0,47.13,"{6679: 16.1, 6620: 18.8, 6751: 10.52, 6752: 0.0}",True
6754,60113,60135,60156,bottom,100.47,98.18,102.86,5.34,"{6754: 0.0, 6620: 13.03, 6758: 19.33, 6757: 10.15}",True
6758,60125,60140,60153,top,154.29,144.0,166.15,40.9,"{6754: 18.47, 6758: 0.0, 6620: 25.53, 6756: 29.86, 6757: 36.98}",True
6756,60136,,,bottom,,,,,{},False
6757,60146,,,top,,,,,{},False
6766,60163,60184,60205,bottom,102.86,102.86,102.86,,"{6620: 22.22, 6766: 0.0}",True
6767,60206,,,top,,,,,{},False
6769,60210,60226,60240,top,144.0,135.0,154.29,33.06,"{6769: 0.0, 6770: 27.35, 6771: 24.57, 6768: 44.11}",True
6770,60223,,,bottom,,,,,{},False
6771,60228,60239,60249,top,205.71,196.36,216.0,47.13,"{6771: 0.0, 6769: 24.25, 6768: 20.99}",True
6768,60237,,,top,,,,,{},False
6772,60252,,,bottom,,,,,{},False
6775,60254,60270,60284,top,144.0,135.0,154.29,33.06,"{6775: 0.0, 6773: 30.92, 6776: 16.51}",True
6773,60265,,,bottom,,,,,{},False
6776,60275,,,bottom,,,,,{},False
6777,60285,60296,,top,,,,,{},False
6778,60310,60320,60330,top,216.0,216.0,216.0,,{6778: 0.0},True
6780,60332,60352,60375,bottom,100.47,108.0,93.91,-14.7,"{6780: 0.0, 6779: 9.09, 6781: 16.38, 6782: 17.57}",True
6779,60339,,,bottom,,,,,{},False
6781,60345,,,bottom,,,,,{},False
6782,60350,60361,60371,top,205.71,196.36,216.0,47.13,"{6782: 0.0, 6780: 16.29}",True
6784,60377,60399,60420,bottom,100.47,98.18,102.86,5.34,"{6784: 0.0, 6780: 46.74, 6785: 16.52, 6787: 39.41, 6792: 4.17}",True
6785,60404,,,top,,,,,{},False
6787,60413,,,bottom,,,,,{},False
6792,60413,60426,60439,top,166.15,166.15,166.15,,"{6784: 7.41, 6792: 0.0, 6789: 34.04, 6794: 1.93}",True
6789,60431,,,top,,,,,{},False
6794,60438,,,bottom,,,,,{},False
6800,60442,60455,60466,top,180.0,166.15,196.36,65.91,"{6800: 0.0, 6801: 25.72}",True
6801,60454,,,bottom,,,,,{},False
6803,60486,60599,60681,bottom,22.15,19.12,26.34,2.12,"{6803: 0.0, 6755: 36.99, 6805: 17.81, 6806: 17.1, 6809: 16.99, 6807: 36.73, 6811: 13.54, 6812: 13.46, 6813: 12.02, 6814: 15.81, 6815: 18.66, 6816: 18.69, 6818: 41.02, 6821: 42.7}",True
6755,60489,,,top,,,,,{},False
6805,60505,60516,60526,top,205.71,196.36,216.0,47.13,"{6805: 0.0, 6803: 17.86, 6804: 21.9, 6806: 5.23}",True
6804,60517,,,bottom,,,,,{},False
6806,60521,60540,60561,bottom,108.0,113.68,102.86,-12.37,"{6806: 0.0, 6803: 15.55, 6805: 4.52, 6809: 17.99, 6807: 10.65}",True
6809,60526,60537,60547,top,205.71,196.36,216.0,47.13,"{6803: 17.27, 6809: 0.0, 6806: 17.21}",True
6808,60526,,,bottom,,,,,{},False
6807,60550,,,top,,,,,{},False
6810,60562,,,bottom,,,,,{},False
6811,60595,60608,60621,top,166.15,166.15,166.15,,"{6803: 12.85, 6811: 0.0, 6812: 2.57}",True
6812,60595,60607,60618,top,187.83,180.0,196.36,35.7,"{6803: 12.72, 6811: 2.42, 6812: 0.0}",True
6813,60624,60645,60667,bottom,100.47,102.86,98.18,-5.1,"{6803: 12.52, 6813: 0.0, 6814: 17.52, 6815: 13.79, 6816: 9.26, 6818: 42.69}",True
6814,60630,60641,60651,top,205.71,196.36,216.0,47.13,"{6803: 14.72, 6813: 16.88, 6814: 0.0, 6815: 38.51}",True
6815,60647,60661,60673,top,166.15,154.29,180.0,51.43,"{6803: 17.67, 6814: 39.0, 6813: 17.02, 6815: 0.0, 6816: 10.13, 6818: 11.7}",True
6816,60651,60667,60681,top,144.0,135.0,154.29,33.06,"{6803: 18.69, 6815: 10.31, 6813: 11.95, 6816: 0.0, 6818: 16.15, 6821: 1.64}",True
6818,60661,60732,60787,bottom,34.29,30.42,39.27,3.86,"{6818: 0.0, 6803: 41.04, 6815: 9.99, 6816: 14.32, 6813: 44.16, 6821: 16.18, 6822: 16.49, 6826: 8.46, 6827: 15.37, 6828: 17.71, 6830: 18.07, 6831: 13.47}",True
6821,60678,60693,60708,bottom,144.0,144.0,144.0,,"{6818: 15.08, 6816: 4.15, 6821: 0.0, 6803: 40.12, 6822: 13.99}",True
6822,60688,60703,60717,top,148.97,144.0,154.29,17.63,"{6818: 16.31, 6821: 15.81, 6822: 0.0}",True
6826,60728,60743,60758,bottom,144.0,144.0,144.0,,"{6818: 8.48, 6826: 0.0, 6827: 21.26, 6828: 12.97}",True
6827,60731,60745,60758,top,160.0,154.29,166.15,21.91,"{6818: 14.47, 6826: 21.26, 6827: 0.0, 6828: 17.05}",True
6828,60742,60754,60765,top,187.83,180.0,196.36,35.7,"{6818: 16.74, 6828: 0.0, 6827: 16.96, 6826: 15.39, 6830: 32.16, 6831: 43.99}",True
6830,60758,60769,60779,top,205.71,196.36,216.0,47.13,"{6828: 32.25, 6830: 0.0, 6818: 16.87, 6826: 3.27, 6831: 16.49}",True
6831,60763,60779,60793,top,144.0,135.0,154.29,33.06,"{6828: 44.43, 6831: 0.0, 6830: 16.89, 6818: 19.5, 6829: 44.88}",True
6829,60790,,,top,,,,,{},False
6834,60817,60834,60848,top,139.35,127.06,154.29,46.67,"{6833: 4.59, 6834: 0.0, 6837: 32.94}",True
6833,60817,60831,60843,top,166.15,154.29,180.0,51.43,"{6833: 0.0, 6834: 4.45, 6832: 14.3, 6837: 39.89}",True
6832,60836,,,bottom,,,,,{},False
6837,60839,60855,60868,top,148.97,135.0,166.15,57.51,"{6834: 32.99, 6833: 40.45, 6837: 0.0, 6838: 14.82, 6839: 11.25}",True
6838,60849,60866,60884,bottom,123.43,127.06,120.0,-9.41,"{6837: 14.6, 6838: 0.0, 6839: 20.92, 6840: 1.53}",True
6839,60854,60906,60947,bottom,46.45,41.54,52.68,6.52,"{6839: 0.0, 6837: 9.92, 6838: 22.14, 6840: 15.34, 6841: 16.39, 6846: 17.06, 6848: 4.7, 6847: 45.69}",True
6840,60882,60897,60909,top,160.0,144.0,180.0,72.0,"{6839: 14.96, 6840: 0.0, 6838: 3.05}",True
6841,60919,,,top,,,,,{},False
6846,60922,60936,60948,top,166.15,154.29,180.0,51.43,"{6839: 18.1, 6846: 0.0, 6848: 30.08}",True
6848,60939,60953,60965,top,166.15,154.29,180.0,51.43,"{6839: 10.85, 6846: 30.23, 6848: 0.0, 6847: 35.69, 6851: 15.47}",True
6847,60946,,,bottom,,,,,{},False
6851,60957,,,bottom,,,,,{},False
6854,60965,,,bottom,,,,,{},False
6855,60979,60989,60999,top,216.0,216.0,216.0,,"{6855: 0.0, 6856: 15.65}",True
6856,60984,60999,61015,bottom,139.35,144.0,135.0,-13.5,"{6856: 0.0, 6855: 14.97}",True
6857,61051,,,top,,,,,{},False
6858,61102,61115,61127,top,172.8,166.15,180.0,27.69,"{6858: 0.0, 6863: 14.39, 6859: 7.31}",True
6863,61112,61163,61209,bottom,44.54,42.35,46.96,2.4,"{6863: 0.0, 6858: 12.75, 6869: 14.46, 6867: 27.71, 6870: 14.01, 6871: 5.43}",True
6859,61124,,,bottom,,,,,{},False
6866,61127,,,bottom,,,,,{},False
6869,61154,61166,61177,top,187.83,180.0,196.36,35.7,"{6863: 13.67, 6869: 0.0, 6867: 4.35, 6870: 2.74}",True
6867,61154,,,top,,,,,{},False
6870,61156,61167,61177,top,205.71,196.36,216.0,47.13,"{6863: 13.16, 6870: 0.0, 6869: 2.68}",True
6871,61202,,,top,,,,,{},False
6872,61216,,,bottom,,,,,{},False
6873,61259,,,top,,,,,{},False
6875,61262,61275,61286,top,180.0,166.15,196.36,65.91,{6875: 0.0},True
6876,61289,61305,61319,top,144.0,135.0,154.29,33.06,{6876: 0.0},True
6880,61325,,,bottom,,,,,{},False
6877,61334,,,top,,,,,{},False
6881,61343,61360,61377,bottom,127.06,127.06,127.06,,"{6881: 0.0, 6882: 23.23, 6883: 37.39}",True
6882,61343,61360,61375,top,135.0,127.06,144.0,27.11,"{6881: 21.86, 6882: 0.0}",True
6883,61370,,,bottom,,,,,{},False
6888,61387,61404,61419,top,135.0,127.06,144.0,27.11,"{6888: 0.0, 6887: 19.5, 6890: 3.81}",True
6887,61407,,,bottom,,,,,{},False
6890,61416,61475,61527,bottom,38.92,36.61,41.54,2.27,"{6890: 0.0, 6888: 1.97, 6891: 15.94, 6892: 14.93, 6894: 14.39, 6893: 22.97, 6895: 14.76, 6897: 10.03}",True
6891,61437,61452,61466,top,148.97,144.0,154.29,17.63,"{6890: 15.73, 6891: 0.0, 6892: 9.48, 6894: 43.54}",True
6892,61445,61457,61469,top,180.0,180.0,180.0,,"{6891: 9.33, 6890: 14.56, 6892: 0.0, 6894: 37.5}",True
6894,61464,61476,61487,top,187.83,180.0,196.36,35.7,"{6891: 43.57, 6890: 12.99, 6892: 37.65, 6894: 0.0, 6893: 26.55, 6895: 28.52}",True
6893,61476,,,top,,,,,{},False
6895,61479,61489,61499,top,216.0,216.0,216.0,,"{6890: 13.66, 6894: 28.38, 6895: 0.0}",True
6897,61517,61526,61535,top,240.0,240.0,240.0,,"{6897: 0.0, 6890: 18.6, 6896: 8.53}",True
6896,61532,,,bottom,,,,,{},False
6903,61557,61573,61586,top,148.97,135.0,166.15,57.51,"{6903: 0.0, 6900: 12.06, 6906: 19.16}",True
6901,61562,,,bottom,,,,,{},False
6900,61564,,,top,,,,,{},False
6906,61572,61583,61593,top,205.71,196.36,216.0,47.13,"{6903: 18.66, 6906: 0.0}",True
6907,61607,,,top,,,,,{},False
6912,61609,61653,61696,bottom,49.66,49.09,50.23,0.64,"{6912: 0.0, 6914: 18.24, 6908: 41.33, 6917: 17.76}",True
6914,61615,61632,61645,top,144.0,127.06,166.15,72.18,"{6912: 18.09, 6914: 0.0, 6908: 5.73}",True
6908,61618,,,top,,,,,{},False
6913,61632,,,bottom,,,,,{},False
6917,61667,61681,61693,top,166.15,154.29,180.0,51.43,"{6912: 16.75, 6917: 0.0}",True
6927,61699,61715,61728,top,148.97,135.0,166.15,57.51,"{6912: 3.37, 6927: 0.0, 6923: 11.55}",True
6923,61707,,,top,,,,,{},False
6926,61720,,,top,,,,,{},False
6929,61722,,,bottom,,,,,{},False
6931,61733,,,top,,,,,{},False
6933,61740,61752,61762,top,196.36,180.0,216.0,86.4,{6933: 0.0},True
6936,61790,61801,,top,,,,,{},False
6935,61801,,,bottom,,,,,{},False
6938,61826,61840,61854,bottom,154.29,154.29,154.29,,{6938: 0.0},True
6937,61833,,,bottom,,,,,{},False
6939,61857,,,bottom,,,,,{},False
6940,61858,61903,61950,bottom,46.96,48.0,45.96,-1.04,"{6940: 0.0, 6942: 24.97}",True
6941,61881,,,bottom,,,,,{},False
6942,61900,,,top,,,,,{},False
6943,61907,,,bottom,,,,,{},False
6944,61959,61972,61987,bottom,154.29,166.15,144.0,-35.45,"{6944: 0.0, 6945: 41.83}",True
6945,61984,61998,62013,bottom,148.97,154.29,144.0,-16.46,"{6945: 0.0, 6944: 41.33}",True
6946,62021,,,top,,,,,{},False
6950,62033,62046,62060,bottom,160.0,166.15,154.29,-20.35,"{6950: 0.0, 6948: 5.57, 6947: 18.09, 6949: 34.26}",True
6948,62034,,,bottom,,,,,{},False
6947,62043,,,bottom,,,,,{},False
6949,62052,,,bottom,,,,,{},False
6955,62078,62089,62098,top,216.0,196.36,240.0,116.36,"{6955: 0.0, 6952: 9.22, 6956: 17.31}",True
6952,62082,,,top,,,,,{},False
6956,62085,62097,62108,top,187.83,180.0,196.36,35.7,"{6956: 0.0, 6955: 17.76}",True
6957,62116,,,bottom,,,,,{},False
6962,62133,62146,62157,top,180.0,166.15,196.36,65.91,"{6962: 0.0, 6963: 18.68, 6958: 8.0, 6966: 21.62, 6968: 32.08, 6960: 12.0}",True
6963,62133,62179,62222,bottom,48.54,46.96,50.23,1.83,"{6962: 18.21, 6963: 0.0, 6966: 14.09, 6968: 14.35, 6960: 8.48, 6973: 15.63, 6975: 13.1, 6978: 15.21}",True
6958,62136,,,top,,,,,{},False
6966,62145,62156,,top,,,,,{},False
6959,62145,,,bottom,,,,,{},False
6968,62149,62164,62177,top,154.29,144.0,166.15,40.9,"{6962: 32.31, 6966: 13.6, 6963: 14.02, 6968: 0.0, 6960: 43.15, 6973: 7.32, 6975: 12.59, 6978: 22.36}",True
6960,62151,,,bottom,,,,,{},False
6973,62157,62168,62178,top,205.71,196.36,216.0,47.13,"{6973: 0.0, 6966: 25.75, 6968: 7.05, 6963: 14.34, 6975: 18.02, 6978: 16.88}",True
6975,62160,62203,,bottom,,,,,{},False
6978,62164,62176,62188,top,180.0,180.0,180.0,,"{6968: 22.25, 6966: 41.18, 6973: 17.11, 6978: 0.0, 6975: 18.98, 6963: 13.88}",True
6991,62236,,,top,,,,,{},False
6990,62244,,,top,,,,,{},False
6992,62256,,,bottom,,,,,{},False
6994,62285,62295,62304,top,227.37,216.0,240.0,64.0,"{6995: 10.17, 6994: 0.0, 6997: 2.15, 6998: 3.18}",True
6995,62286,62301,62315,top,148.97,144.0,154.29,17.63,"{6995: 0.0, 6994: 10.98, 6997: 11.03, 6998: 8.2}",True
6997,62301,62315,62330,bottom,148.97,154.29,144.0,-16.46,"{6995: 11.99, 6997: 0.0, 6994: 3.41, 6998: 17.48, 6996: 21.15}",True
6998,62303,62341,62381,bottom,55.38,56.84,54.0,-1.71,"{6998: 0.0, 6995: 8.11, 6994: 0.3, 6997: 19.21, 7004: 8.73}",True
6996,62313,,,bottom,,,,,{},False
7004,62366,62381,62393,top,160.0,144.0,180.0,72.0,"{6998: 15.73, 7004: 0.0, 7003: 35.19}",True
7003,62373,,,bottom,,,,,{},False
7005,62398,62411,62429,bottom,139.35,166.15,120.0,-61.54,"{7005: 0.0, 7006: 21.17, 7012: 15.77}",True
7006,62400,62412,62422,top,196.36,180.0,216.0,86.4,"{7006: 0.0, 7005: 19.32, 7012: 18.11}",True
7012,62408,62421,62433,top,172.8,166.15,180.0,27.69,"{7012: 0.0, 7006: 18.54, 7005: 19.84, 7017: 42.37}",True
7017,62431,62444,62456,top,172.8,166.15,180.0,27.69,"{7012: 42.77, 7017: 0.0, 7005: 2.77, 7016: 18.53}",True
7016,62447,,,bottom,,,,,{},False
7015,62455,62464,,top,,,,,{},False
7019,62459,62480,62504,bottom,96.0,102.86,90.0,-12.86,"{7020: 20.43, 7019: 0.0, 7015: 10.42, 7018: 30.02}",True
7020,62460,62473,62485,top,172.8,166.15,180.0,27.69,"{7019: 19.03, 7020: 0.0, 7015: 15.39, 7018: 29.13}",True
7018,62474,,,top,,,,,{},False
7022,62526,,,bottom,,,,,{},False
7024,62527,,,bottom,,,,,{},False
7023,62545,,,top,,,,,{},False
7025,62621,,,top,,,,,{},False
7029,62631,62670,62709,bottom,55.38,55.38,55.38,,"{7029: 0.0, 7031: 18.61, 7026: 14.7, 7030: 30.68, 7038: 33.08, 7040: 4.56}",True
7031,62635,62652,62667,top,135.0,127.06,144.0,27.11,"{7029: 18.45, 7031: 0.0, 7026: 23.21, 7030: 33.94}",True
7026,62651,,,bottom,,,,,{},False
7030,62657,,,top,,,,,{},False
7038,62697,62711,62727,bottom,144.0,154.29,135.0,-28.93,"{7038: 0.0, 7029: 29.84, 7040: 19.57, 7044: 10.95, 7039: 5.0}",True
7040,62701,62717,62730,top,148.97,135.0,166.15,57.51,"{7038: 21.36, 7029: 9.27, 7040: 0.0, 7044: 15.14, 7039: 37.69}",True
7044,62713,62724,62735,top,196.36,196.36,196.36,,"{7038: 13.87, 7040: 14.92, 7044: 0.0, 7039: 21.59}",True
7039,62723,,,top,,,,,{},False
7051,62751,,,bottom,,,,,{},False
7054,62756,62769,62780,top,180.0,166.15,196.36,65.91,"{7055: 19.79, 7054: 0.0}",True
7055,62757,62798,62843,bottom,50.23,52.68,48.0,-2.5,"{7055: 0.0, 7054: 18.43, 7057: 18.05, 7056: 11.85, 7059: 4.16}",True
7057,62812,62825,62837,top,172.8,166.15,180.0,27.69,"{7055: 16.99, 7057: 0.0, 7056: 17.79}",True
7056,62820,,,top,,,,,{},False
7059,62837,62850,62861,top,180.0,166.15,196.36,65.91,"{7059: 0.0, 7055: 10.8, 7061: 14.66, 7058: 29.55, 7063: 26.4}",True
7061,62843,62859,62872,top,148.97,135.0,166.15,57.51,"{7061: 0.0, 7059: 15.11, 7055: 5.12, 7058: 41.93, 7063: 7.11}",True
7058,62847,,,bottom,,,,,{},False
7063,62851,62862,62873,top,196.36,196.36,196.36,,"{7059: 26.39, 7063: 0.0, 7061: 6.84}",True
7066,62873,62886,62897,top,180.0,166.15,196.36,65.91,"{7067: 20.29, 7066: 0.0, 7062: 11.16}",True
7067,62874,62914,62956,bottom,52.68,54.0,51.43,-1.47,"{7067: 0.0, 7066: 18.94, 7062: 45.6, 7069: 16.06, 7071: 6.46}",True
7062,62877,,,top,,,,,{},False
7068,62900,,,bottom,,,,,{},False
7069,62906,62921,62934,top,154.29,144.0,166.15,40.9,"{7067: 14.73, 7069: 0.0}",True
7071,62947,62958,62968,top,205.71,196.36,216.0,47.13,"{7067: 15.25, 7071: 0.0}",True
7075,62981,62997,63011,top,144.0,135.0,154.29,33.06,"{7075: 0.0, 7073: 27.83, 7079: 14.03, 7072: 20.24}",True
7077,62983,,,bottom,,,,,{},False
7073,62993,,,bottom,,,,,{},False
7079,62993,63009,63025,bottom,135.0,135.0,135.0,,"{7079: 0.0, 7072: 44.95, 7075: 14.07, 7081: 38.2, 7082: 5.95}",True
7072,62993,,,top,,,,,{},False
7081,63017,63058,63099,bottom,52.68,52.68,52.68,,"{7081: 0.0, 7079: 38.87, 7082: 18.97, 7080: 37.73, 7084: 7.93, 7086: 16.01}",True
7082,63017,63028,63039,top,196.36,196.36,196.36,,"{7081: 19.19, 7079: 8.56, 7082: 0.0, 7080: 33.02, 7084: 3.99}",True
7080,63032,,,top,,,,,{},False
7084,63035,63051,63069,bottom,127.06,135.0,120.0,-20.0,"{7084: 0.0, 7082: 3.73, 7081: 7.36, 7086: 21.25}",True
7086,63042,63055,63067,top,172.8,166.15,180.0,27.69,"{7086: 0.0, 7084: 19.64, 7081: 14.8}",True
7088,63096,,,top,,,,,{},False
7090,63105,63144,63187,bottom,52.68,55.38,50.23,-2.88,"{7090: 0.0, 7092: 16.67, 7093: 8.21, 7095: 15.04, 7098: 16.5, 7097: 29.28, 7100: 5.57}",True
7092,63117,63129,63140,top,187.83,180.0,196.36,35.7,"{7090: 16.43, 7092: 0.0, 7093: 19.25, 7091: 23.37, 7095: 42.83}",True
7093,63119,63135,63152,bottom,130.91,135.0,127.06,-11.21,"{7090: 7.29, 7093: 0.0, 7092: 18.7, 7095: 11.28, 7098: 1.86, 7097: 44.01}",True
7091,63129,,,bottom,,,,,{},False
7095,63138,63149,63160,top,196.36,196.36,196.36,,"{7090: 14.19, 7092: 42.89, 7095: 0.0, 7093: 15.05, 7098: 22.58, 7097: 19.87, 7094: 10.66}",True
7098,63148,63161,63172,top,180.0,166.15,196.36,65.91,"{7090: 15.51, 7093: 5.51, 7098: 0.0, 7095: 22.78, 7097: 42.0, 7094: 33.54}",True
7097,63150,,,bottom,,,,,{},False
7094,63155,,,bottom,,,,,{},False
7100,63180,63191,,top,,,,,{},False
7099,63189,,,bottom,,,,,{},False
7101,63194,63206,63217,top,187.83,180.0,196.36,35.7,"{7100: 30.84, 7101: 0.0}",True
7104,63245,63257,63269,bottom,180.0,180.0,180.0,,"{7104: 0.0, 7103: 31.89}",True
7103,63261,,,bottom,,,,,{},False
7106,63308,63322,63335,top,160.0,154.29,166.15,21.91,"{7105: 45.36, 7106: 0.0, 7107: 2.01, 7109: 1.65}",True
7105,63309,,,bottom,,,,,{},False
7107,63311,63323,,top,,,,,{},False
7109,63333,63352,63375,bottom,102.86,113.68,93.91,-20.63,"{7109: 0.0, 7106: 1.48, 7107: 0.69, 7114: 3.17, 7112: 5.05}",True
7108,63339,,,bottom,,,,,{},False
7114,63370,63381,63391,top,205.71,196.36,216.0,47.13,"{7109: 7.16, 7114: 0.0, 7112: 5.52, 7115: 13.09, 7116: 33.99}",True
7112,63371,,,top,,,,,{},False
7115,63379,63422,63474,bottom,45.47,50.23,41.54,-4.01,"{7115: 0.0, 7114: 11.3, 7116: 17.94, 7127: 15.34, 7145: 34.39, 7150: 13.33, 7158: 43.22, 7159: 1.07}",True
7116,63385,63398,63409,top,180.0,166.15,196.36,65.91,"{7115: 17.99, 7114: 34.28, 7116: 0.0}",True
7127,63408,63422,63435,top,160.0,154.29,166.15,21.91,"{7115: 14.76, 7116: 45.0, 7127: 0.0, 7130: 8.24}",True
7130,63430,,,bottom,,,,,{},False
7148,63440,,,bottom,,,,,{},False
7145,63441,,,bottom,,,,,{},False
7150,63456,63469,63481,top,172.8,166.15,180.0,27.69,"{7115: 18.85, 7150: 0.0, 7158: 12.38, 7159: 29.93, 7155: 11.85, 7162: 4.83, 7149: 45.65}",True
7158,63467,63517,63587,bottom,36.0,43.2,30.86,-4.23,"{7158: 0.0, 7115: 42.83, 7150: 10.95, 7159: 18.36, 7155: 4.87, 7162: 14.13, 7149: 42.26, 7164: 7.53, 7167: 14.05, 7169: 15.08, 7166: 25.53, 7168: 15.11, 7175: 34.03, 7173: 9.26, 7181: 7.36, 7174: 2.11, 7179: 1.97}",True
7159,63472,63485,63496,top,180.0,166.15,196.36,65.91,"{7158: 18.56, 7115: 6.61, 7150: 30.07, 7159: 0.0, 7155: 41.48, 7162: 18.29, 7149: 16.35, 7164: 9.75}",True
7155,63474,,,bottom,,,,,{},False
7162,63476,63490,63504,bottom,154.29,154.29,154.29,,"{7158: 13.12, 7162: 0.0, 7115: 44.16, 7159: 18.03, 7150: 5.09, 7149: 40.8, 7164: 20.24}",True
7149,63479,,,top,,,,,{},False
7163,63481,,,bottom,,,,,{},False
7164,63485,63507,63529,bottom,98.18,98.18,98.18,,"{7158: 7.05, 7164: 0.0, 7162: 20.94, 7159: 8.86, 7167: 16.37, 7169: 31.18, 7166: 36.73}",True
7167,63508,63520,63531,top,187.83,180.0,196.36,35.7,"{7158: 13.38, 7164: 18.79, 7167: 0.0, 7169: 14.1, 7166: 25.35}",True
7169,63514,63537,,bottom,,,,,{},False
7166,63519,,,bottom,,,,,{},False
7168,63539,,,top,,,,,{},False
7175,63541,,,bottom,,,,,{},False
7178,63554,,,bottom,,,,,{},False
7172,63554,,,bottom,,,,,{},False
7173,63559,,,top,,,,,{},False
7181,63579,63589,63599,top,216.0,216.0,216.0,,"{7158: 22.37, 7181: 0.0, 7174: 9.07, 7179: 18.06}",True
7174,63582,,,top,,,,,{},False
7179,63585,,,top,,,,,{},False
7182,63608,,,bottom,,,,,{},False
7188,63622,63638,63651,top,148.97,135.0,166.15,57.51,"{7188: 0.0, 7190: 17.98, 7183: 16.63, 7192: 11.08, 7186: 22.08}",True
7190,63627,63699,63814,bottom,23.1,30.0,18.78,-2.34,"{7190: 0.0, 7188: 16.73, 7183: 45.13, 7192: 18.64, 7197: 10.24, 7194: 29.33, 7198: 12.81, 7199: 30.32, 7200: 13.83, 7202: 11.95, 7203: 17.79}",True
7183,63631,,,top,,,,,{},False
7192,63632,63644,63654,top,196.36,180.0,216.0,86.4,"{7190: 19.04, 7188: 10.88, 7192: 0.0, 7183: 3.36, 7186: 34.62}",True
7186,63638,,,bottom,,,,,{},False
7197,63660,63679,63699,bottom,110.77,113.68,108.0,-6.82,"{7190: 9.28, 7197: 0.0, 7194: 29.6, 7198: 9.51}",True
7194,63673,,,top,,,,,{},False
7196,63676,,,bottom,,,,,{},False
7198,63687,63699,63709,top,196.36,180.0,216.0,86.4,"{7190: 12.21, 7198: 0.0, 7197: 12.81}",True
7199,63739,,,bottom,,,,,{},False
7200,63754,63766,63776,top,196.36,180.0,216.0,86.4,"{7190: 12.91, 7200: 0.0}",True
7202,63779,63794,63811,bottom,135.0,144.0,127.06,-23.92,"{7202: 0.0, 7190: 11.85, 7203: 21.52}",True
7203,63782,63797,63811,top,148.97,144.0,154.29,17.63,"{7202: 21.52, 7203: 0.0, 7190: 16.82}",True
7209,63817,63844,63871,bottom,80.0,80.0,80.0,,"{7209: 0.0, 7190: 15.64, 7211: 17.55}",True
7211,63844,63856,63866,top,196.36,180.0,216.0,86.4,"{7209: 16.39, 7190: 13.43, 7211: 0.0}",True
7213,63879,63890,63900,top,205.71,196.36,216.0,47.13,"{7190: 14.15, 7213: 0.0, 7212: 41.26}",True
7212,63896,,,top,,,,,{},False
7215,63923,,,bottom,,,,,{},False
7216,63927,63940,63952,top,172.8,166.15,180.0,27.69,"{7190: 14.15, 7216: 0.0, 7217: 11.02, 7214: 17.45, 7218: 6.3}",True
7217,63935,63945,63955,top,216.0,216.0,216.0,,"{7190: 14.18, 7217: 0.0, 7216: 10.64, 7214: 3.92, 7218: 11.4}",True
7214,63935,,,top,,,,,{},False
7218,63947,64133,64200,bottom,17.08,11.61,32.24,7.39,"{7218: 0.0, 7190: 37.89, 7217: 8.92, 7216: 4.2, 7226: 24.0, 7228: 24.5, 7219: 47.3, 7230: 18.74, 7232: 9.28, 7233: 14.53, 7231: 24.24}",True
7226,63973,63987,63998,top,172.8,154.29,196.36,91.81,"{7190: 14.31, 7226: 0.0, 7218: 24.04, 7228: 14.35, 7219: 19.25}",True
7228,63980,64003,64027,bottom,91.91,93.91,90.0,-3.91,"{7218: 22.71, 7226: 14.56, 7228: 0.0, 7190: 12.51, 7219: 44.75}",True
7219,63982,,,top,,,,,{},False
7230,64057,64070,64085,bottom,154.29,166.15,144.0,-35.45,"{7218: 17.42, 7190: 29.86, 7230: 0.0}",True
7232,64125,64142,64160,bottom,123.43,127.06,120.0,-9.41,"{7218: 8.84, 7232: 0.0, 7233: 21.07, 7231: 38.06}",True
7233,64130,64146,64160,top,144.0,135.0,154.29,33.06,"{7218: 13.87, 7232: 21.07, 7231: 3.11, 7233: 0.0}",True
7231,64131,,,top,,,,,{},False
7234,64210,,,bottom,,,,,{},False
7237,64212,64225,64236,top,180.0,166.15,196.36,65.91,"{7237: 0.0, 7238: 6.7, 7235: 16.33, 7243: 35.11}",True
7238,64213,64229,64243,top,144.0,135.0,154.29,33.06,"{7237: 6.9, 7238: 0.0, 7235: 12.91, 7243: 25.51}",True
7235,64219,,,top,,,,,{},False
7243,64234,64240,64257,top,187.83,360.0,127.06,-328.86,"{7237: 37.64, 7238: 23.79, 7243: 0.0, 7236: 30.81, 7250: 31.13, 7251: 4.98}",True
7236,64243,,,top,,,,,{},False
7240,64245,,,bottom,,,,,{},False
7250,64247,64258,64268,top,205.71,196.36,216.0,47.13,"{7250: 0.0, 7243: 29.83, 7251: 17.93, 7247: 7.71}",True
7251,64250,64264,64281,bottom,139.35,154.29,127.06,-38.44,"{7251: 0.0, 7250: 17.41, 7243: 6.19, 7247: 25.73, 7246: 11.36}",True
7247,64265,,,bottom,,,,,{},False
7246,64272,,,top,,,,,{},False
7256,64297,64370,64431,bottom,32.24,29.59,35.41,2.29,"{7256: 0.0, 7258: 18.97, 7259: 10.49, 7260: 14.5, 7262: 13.93, 7265: 16.66, 7268: 18.11, 7272: 14.4, 7273: 5.03, 7274: 1.04}",True
7258,64307,64324,64339,top,135.0,127.06,144.0,27.11,"{7256: 19.13, 7258: 0.0, 7259: 14.05}",True
7255,64322,,,top,,,,,{},False
7257,64324,,,bottom,,,,,{},False
7259,64329,,,bottom,,,,,{},False
7260,64346,64362,64377,top,139.35,135.0,144.0,14.4,"{7256: 14.12, 7260: 0.0, 7262: 25.56, 7261: 14.76}",True
7262,64364,64378,64391,top,160.0,154.29,166.15,21.91,"{7256: 13.26, 7262: 0.0, 7260: 25.53, 7261: 40.12, 7265: 37.83}",True
7261,64368,,,bottom,,,,,{},False
7265,64385,64402,64417,top,135.0,127.06,144.0,27.11,"{7256: 15.86, 7262: 38.03, 7265: 0.0, 7268: 8.5, 7263: 26.01, 7272: 39.43}",True
7268,64393,64408,64420,top,160.0,144.0,180.0,72.0,"{7256: 16.31, 7265: 8.39, 7268: 0.0, 7263: 35.43, 7272: 32.84}",True
7263,64401,,,bottom,,,,,{},False
7272,64413,64425,64435,top,196.36,180.0,216.0,86.4,"{7256: 19.17, 7265: 39.29, 7268: 32.79, 7272: 0.0, 7273: 20.98, 7274: 33.14, 7275: 35.73}",True
7273,64422,64437,64451,top,148.97,144.0,154.29,17.63,"{7256: 12.03, 7273: 0.0, 7272: 21.7, 7274: 5.99, 7275: 10.89, 7270: 25.5}",True
7274,64429,64441,64452,top,187.83,180.0,196.36,35.7,"{7256: 9.59, 7272: 33.34, 7273: 5.75, 7274: 0.0, 7275: 5.29, 7270: 18.38}",True
7275,64430,64444,64457,top,160.0,154.29,166.15,21.91,"{7272: 36.0, 7273: 10.8, 7256: 7.73, 7275: 0.0, 7274: 5.49, 7270: 14.18}",True
7270,64437,,,top,,,,,{},False
7276,64464,,,top,,,,,{},False
7279,64480,64493,64505,top,172.8,166.15,180.0,27.69,"{7279: 0.0, 7281: 10.89}",True
7281,64487,64499,64509,top,196.36,180.0,216.0,86.4,"{7279: 10.81, 7281: 0.0}",True
7280,64512,,,top,,,,,{},False
7284,64521,64539,,bottom,,,,,{},False
7286,64526,64542,64555,top,148.97,135.0,166.15,57.51,"{7284: 20.03, 7286: 0.0, 7283: 22.05, 7287: 22.07}",True
7283,64539,,,top,,,,,{},False
7287,64541,64554,64567,top,166.15,166.15,166.15,,"{7286: 22.03, 7284: 12.13, 7287: 0.0, 7285: 27.21, 7288: 33.6}",True
7285,64555,,,top,,,,,{},False
7288,64558,,,top,,,,,{},False
7290,64571,64630,64687,bottom,37.24,36.61,37.89,0.54,"{7290: 0.0, 7293: 14.65, 7291: 15.04}",True
7289,64586,,,bottom,,,,,{},False
7293,64631,64645,64657,top,166.15,154.29,180.0,51.43,"{7290: 13.89, 7293: 0.0, 7292: 13.63, 7291: 36.63}",True
7292,64650,,,bottom,,,,,{},False
7291,64650,,,top,,,,,{},False
7294,64718,,,bottom,,,,,{},False
7295,64730,,,top,,,,,{},False
7296,64736,,,bottom,,,,,{},False
7297,64742,,,bottom,,,,,{},False
7298,64782,,,bottom,,,,,{},False
7299,64799,,,top,,,,,{},False
7301,64822,64881,64945,bottom,35.12,36.61,33.75,-1.07,"{7301: 0.0, 7302: 15.97, 7304: 20.05, 7305: 14.22, 7303: 23.97, 7307: 12.51, 7308: 17.89, 7313: 1.3, 7312: 8.44}",True
7300,64831,,,bottom,,,,,{},False
7302,64841,64852,64863,top,196.36,196.36,196.36,,"{7301: 15.9, 7302: 0.0}",True
7304,64866,,,bottom,,,,,{},False
7305,64876,64888,64900,top,180.0,180.0,180.0,,"{7301: 13.43, 7305: 0.0, 7303: 6.59}",True
7303,64879,,,top,,,,,{},False
7307,64902,64916,64932,bottom,144.0,154.29,135.0,-28.93,"{7301: 13.05, 7307: 0.0, 7308: 20.07}",True
7308,64909,64920,64930,top,205.71,196.36,216.0,47.13,"{7301: 16.72, 7307: 18.86, 7308: 0.0}",True
7313,64935,,,top,,,,,{},False
7312,64935,64947,64958,top,187.83,180.0,196.36,35.7,"{7301: 15.13, 7313: 0.12, 7312: 0.0, 7309: 36.51, 7315: 36.5, 7316: 39.19}",True
7309,64952,,,top,,,,,{},False
7315,64953,64964,64974,top,205.71,196.36,216.0,47.13,"{7312: 36.51, 7309: 3.28, 7315: 0.0, 7316: 1.51}",True
7316,64955,64965,,top,,,,,{},False
7319,64992,65002,,top,,,,,{},False
7318,65008,,,bottom,,,,,{},False
7317,65010,,,top,,,,,{},False
7320,65058,,,bottom,,,,,{},False
7322,65067,65090,65114,bottom,91.91,93.91,90.0,-3.91,"{7322: 0.0, 7323: 19.96}",True
7323,65074,65137,65206,bottom,32.73,34.29,31.3,-1.04,"{7323: 0.0, 7322: 21.34, 7324: 29.33, 7333: 11.69, 7326: 14.94, 7336: 46.12}",True
7321,65088,,,bottom,,,,,{},False
7325,65106,,,bottom,,,,,{},False
7324,65119,,,top,,,,,{},False
7329,65137,,,bottom,,,,,{},False
7327,65151,,,bottom,,,,,{},False
7333,65154,65170,65188,bottom,127.06,135.0,120.0,-20.0,"{7323: 12.01, 7333: 0.0, 7326: 33.49}",True
7328,65154,,,bottom,,,,,{},False
7326,65162,,,top,,,,,{},False
7336,65205,65269,65344,bottom,31.08,33.75,28.8,-1.58,"{7336: 0.0, 7323: 45.67, 7337: 16.41, 7335: 45.41, 7339: 8.88, 7341: 15.83, 7340: 19.14, 7346: 37.4, 7347: 18.91, 7350: 17.2, 7344: 6.23}",True
7337,65207,65227,65248,bottom,105.37,108.0,102.86,-5.88,"{7336: 15.51, 7323: 43.05, 7337: 0.0, 7335: 41.42}",True
7335,65211,,,top,,,,,{},False
7339,65253,65272,65291,bottom,113.68,113.68,113.68,,"{7336: 8.2, 7339: 0.0, 7338: 15.2, 7341: 10.86, 7340: 9.94}",True
7338,65265,,,bottom,,,,,{},False
7341,65274,65290,65304,top,144.0,135.0,154.29,33.06,"{7336: 14.38, 7341: 0.0, 7339: 13.82, 7340: 15.91}",True
7340,65283,,,top,,,,,{},False
7346,65315,65382,,bottom,,,,,{},False
7347,65315,65331,65345,top,144.0,135.0,154.29,33.06,"{7336: 19.82, 7346: 20.12, 7347: 0.0, 7350: 6.97, 7344: 12.52}",True
7350,65322,65335,65346,top,180.0,166.15,196.36,65.91,"{7336: 19.93, 7350: 0.0, 7344: 3.78, 7346: 19.03, 7347: 6.64}",True
7344,65322,,,top,,,,,{},False
7356,65356,65443,65492,bottom,31.76,24.83,44.08,9.43,"{7346: 14.22, 7355: 0.19, 7356: 0.0, 7357: 19.19, 7361: 14.86, 7362: 14.83, 7358: 31.19, 7359: 16.89, 7360: 19.82, 7363: 10.59, 7365: 15.79}",True
7355,65356,,,bottom,,,,,{},False
7354,65362,,,bottom,,,,,{},False
7357,65368,65382,65394,top,166.15,154.29,180.0,51.43,"{7357: 0.0, 7346: 18.96, 7356: 18.47, 7355: 20.76}",True
7361,65405,65422,65436,top,139.35,127.06,154.29,46.67,"{7361: 0.0, 7356: 13.71, 7355: 16.48, 7346: 7.0, 7362: 4.78, 7358: 10.03, 7359: 35.26}",True
7362,65408,65419,65429,top,205.71,196.36,216.0,47.13,"{7361: 4.42, 7362: 0.0, 7355: 14.36, 7356: 13.59, 7346: 8.05, 7358: 7.43, 7359: 36.36, 7360: 24.77}",True
7358,65410,,,top,,,,,{},False
7359,65413,,,bottom,,,,,{},False
7360,65419,,,bottom,,,,,{},False
7363,65451,65465,65480,bottom,148.97,154.29,144.0,-16.46,"{7363: 0.0, 7356: 9.7, 7355: 15.62, 7346: 28.15, 7365: 9.45}",True
7365,65469,65480,65489,top,216.0,196.36,240.0,116.36,"{7356: 14.13, 7365: 0.0, 7363: 12.19, 7355: 19.48}",True
7367,65503,65524,65549,bottom,93.91,102.86,86.4,-15.8,"{7367: 0.0, 7368: 25.68, 7356: 8.49, 7369: 20.14, 7370: 17.76, 7366: 26.58}",True
7368,65512,65652,65601,bottom,48.54,30.0,127.06,137.02,"{7367: 26.77, 7368: 0.0, 7356: 32.31, 7369: 20.01, 7370: 19.84, 7366: 46.44, 7375: 17.45, 7376: 44.2}",True
7369,65519,65534,65548,top,148.97,144.0,154.29,17.63,"{7368: 20.44, 7367: 19.24, 7369: 0.0, 7356: 17.18, 7366: 6.51, 7370: 4.11}",True
7370,65521,65532,65542,top,205.71,196.36,216.0,47.13,"{7368: 20.54, 7367: 16.58, 7366: 4.55, 7369: 3.83, 7356: 16.63, 7370: 0.0}",True
7366,65522,,,top,,,,,{},False
7374,65542,,,bottom,,,,,{},False
7375,65561,65578,65592,top,139.35,127.06,154.29,46.67,"{7368: 17.45, 7356: 20.93, 7375: 0.0}",True
7376,65598,,,bottom,,,,,{},False
7379,65610,65635,65662,bottom,83.08,86.4,80.0,-5.69,"{7379: 0.0, 7368: 9.66, 7380: 9.4, 7382: 10.82}",True
7380,65649,,,top,,,,,{},False
7382,65650,65660,65670,top,216.0,216.0,216.0,,"{7368: 11.54, 7382: 0.0, 7379: 14.93, 7380: 4.19}",True
7385,65704,,,bottom,,,,,{},False
7390,65710,65719,65728,top,240.0,240.0,240.0,,"{7390: 0.0, 7391: 10.74, 7392: 4.11}",True
7391,65712,65725,65738,top,166.15,166.15,166.15,,"{7391: 0.0, 7390: 11.17, 7392: 9.78}",True
7392,65726,65751,65778,bottom,83.08,86.4,80.0,-5.69,"{7392: 0.0, 7390: 1.82, 7391: 9.0, 7396: 17.92, 7393: 17.13, 7398: 44.35, 7399: 3.92}",True
7396,65745,65758,65770,top,172.8,166.15,180.0,27.69,"{7392: 16.96, 7396: 0.0, 7393: 23.51}",True
7393,65757,,,top,,,,,{},False
7398,65770,66098,66240,bottom,9.19,6.59,15.21,1.46,"{7398: 0.0, 7392: 45.49, 7399: 23.43, 7400: 23.45, 7401: 22.74, 7404: 21.23, 7406: 18.19, 7408: 33.97, 7409: 14.96, 7414: 13.44, 7419: 13.22, 7395: 30.82, 7420: 29.79, 7424: 9.79, 7425: 20.1, 7427: 20.95, 7422: 26.86, 7429: 19.9, 7434: 12.9, 7436: 22.69, 7443: 28.13, 7445: 31.0, 7438: 33.52, 7454: 18.92}",True
7399,65772,65786,65798,top,166.15,154.29,180.0,51.43,"{7398: 24.34, 7399: 0.0, 7392: 6.1, 7400: 6.71, 7397: 35.22, 7401: 30.48}",True
7400,65777,65789,65800,top,187.83,180.0,196.36,35.7,"{7398: 24.52, 7399: 6.63, 7392: 3.46, 7400: 0.0, 7397: 43.33, 7401: 24.65}",True
7397,65779,,,bottom,,,,,{},False
7401,65790,65801,,top,,,,,{},False
7404,65848,65860,,top,,,,,{},False
7406,65877,65891,65903,top,166.15,154.29,180.0,51.43,"{7398: 18.57, 7406: 0.0, 7405: 22.35}",True
7405,65891,,,bottom,,,,,{},False
7407,65949,,,bottom,,,,,{},False
7408,65960,,,top,,,,,{},False
7409,65968,,,bottom,,,,,{},False
7411,65988,,,bottom,,,,,{},False
7412,65993,,,bottom,,,,,{},False
7414,65994,66006,66018,top,180.0,180.0,180.0,,"{7398: 13.36, 7414: 0.0, 7413: 14.85}",True
7413,66011,,,bottom,,,,,{},False
7418,66018,,,bottom,,,,,{},False
7419,66022,66031,66040,top,240.0,240.0,240.0,,"{7398: 13.01, 7419: 0.0, 7395: 40.22}",True
7395,66035,,,top,,,,,{},False
7421,66053,,,bottom,,,,,{},False
7420,66061,,,top,,,,,{},False
7424,66074,66147,,bottom,,,,,{},False
7425,66076,,,bottom,,,,,{},False
7427,66078,,,bottom,,,,,{},False
7422,66080,,,top,,,,,{},False
7429,66085,,,bottom,,,,,{},False
7434,66105,66116,,top,,,,,{},False
7436,66109,66221,66324,bottom,20.09,19.29,20.97,0.39,"{7398: 21.84, 7434: 22.88, 7436: 0.0, 7424: 16.87, 7443: 0.21, 7445: 9.98, 7438: 4.94, 7454: 13.91, 7465: 32.18, 7466: 16.07, 7472: 15.24, 7484: 45.29}",True
7443,66138,,,bottom,,,,,{},False
7445,66140,66272,66371,bottom,18.7,16.36,21.82,1.32,"{7398: 30.29, 7445: 0.0, 7443: 5.01, 7424: 25.88, 7438: 0.55, 7436: 10.05, 7454: 15.6, 7465: 21.63, 7466: 25.67, 7472: 24.5, 7484: 35.75, 7496: 3.59, 7497: 43.58}",True
7438,66142,,,bottom,,,,,{},False
7454,66196,66207,66217,top,205.71,196.36,216.0,47.13,"{7398: 17.76, 7445: 15.71, 7454: 0.0, 7436: 12.69, 7424: 15.74}",True
7465,66243,,,bottom,,,,,{},False
7466,66247,,,top,,,,,{},False
7472,66259,,,top,,,,,{},False
7484,66320,,,bottom,,,,,{},False
7496,66364,66379,66392,top,154.29,144.0,166.15,40.9,"{7496: 0.0, 7445: 14.8, 7497: 19.94, 7499: 19.75, 7506: 7.41, 7509: 36.27}",True
7497,66365,66468,,bottom,,,,,{},False
7499,66370,66463,66538,bottom,25.71,23.23,28.8,1.78,"{7496: 18.89, 7445: 47.93, 7499: 0.0, 7497: 4.29, 7506: 0.1, 7509: 28.72, 7511: 12.79, 7519: 14.52, 7525: 23.25, 7515: 28.11, 7528: 23.19, 7526: 24.96, 7522: 20.95, 7530: 10.65, 7531: 23.17, 7533: 12.73, 7535: 38.55, 7474: 6.4, 7538: 43.2}",True
7506,66384,,,bottom,,,,,{},False
7509,66386,66398,66409,top,187.83,180.0,196.36,35.7,"{7496: 36.2, 7509: 0.0, 7506: 41.48, 7499: 27.38, 7497: 17.04}",True
7511,66422,66503,66588,bottom,26.02,26.67,25.41,-0.35,"{7511: 0.0, 7499: 12.76, 7497: 14.47, 7519: 21.46, 7525: 10.66, 7515: 40.88, 7528: 11.67, 7526: 12.47, 7522: 34.02, 7530: 14.29, 7531: 13.96, 7533: 14.2, 7535: 25.78, 7474: 19.05, 7534: 19.09, 7538: 33.24, 7542: 12.02, 7546: 21.95, 7549: 3.45}",True
7519,66426,66442,66455,top,148.97,135.0,166.15,57.51,"{7511: 20.99, 7519: 0.0, 7499: 14.16, 7497: 13.57, 7525: 18.95, 7515: 35.86, 7528: 5.6}",True
7525,66443,66546,66630,bottom,23.1,20.97,25.71,1.36,"{7519: 18.95, 7511: 10.69, 7525: 0.0, 7497: 23.86, 7499: 23.31, 7528: 1.61, 7526: 2.49, 7530: 19.74, 7531: 17.76, 7533: 14.7, 7535: 14.83, 7474: 30.01, 7534: 29.98, 7538: 16.06, 7542: 13.27, 7546: 14.46, 7549: 13.47, 7566: 31.24}",True
7515,66447,,,top,,,,,{},False
7528,66449,,,bottom,,,,,{},False
7526,66462,,,bottom,,,,,{},False
7522,66466,,,top,,,,,{},False
7530,66470,66479,66487,top,254.12,240.0,270.0,90.0,"{7525: 19.06, 7530: 0.0, 7511: 12.95, 7499: 10.65, 7528: 17.19, 7497: 11.54, 7531: 26.51}",True
7531,66479,66491,66502,top,187.83,180.0,196.36,35.7,"{7530: 27.02, 7525: 16.97, 7531: 0.0, 7511: 12.86, 7497: 13.42, 7528: 19.84, 7499: 20.46, 7533: 38.24}",True
7533,66498,66510,66521,top,187.83,180.0,196.36,35.7,"{7525: 14.5, 7531: 38.31, 7533: 0.0, 7511: 13.02, 7497: 17.38, 7528: 21.2, 7499: 12.73, 7535: 26.76, 7474: 34.36}",True
7535,66502,,,bottom,,,,,{},False
7474,66509,,,top,,,,,{},False
7508,66509,,,top,,,,,{},False
7534,66521,,,top,,,,,{},False
7538,66523,66593,66617,bottom,45.96,30.86,90.0,59.14,"{7538: 0.0, 7511: 32.7, 7497: 43.26, 7525: 16.64, 7535: 4.77, 7528: 17.06, 7499: 43.98, 7542: 35.63, 7546: 7.13, 7549: 34.96, 7566: 40.8}",True
7536,66538,,,top,,,,,{},False
7542,66540,66551,66561,top,205.71,196.36,216.0,47.13,"{7542: 0.0, 7525: 11.98, 7511: 12.01, 7499: 8.58, 7538: 33.94, 7528: 21.65, 7497: 6.22, 7546: 27.83}",True
7546,66552,66566,66579,top,160.0,154.29,166.15,21.91,"{7542: 28.15, 7546: 0.0, 7525: 13.38, 7511: 21.39, 7538: 6.89}",True
7549,66583,,,top,,,,,{},False
7566,66613,66629,66645,bottom,135.0,135.0,135.0,,"{7566: 0.0, 7525: 22.56, 7538: 39.22}",True
7573,66657,66669,66680,top,187.83,180.0,196.36,35.7,"{7573: 0.0, 7574: 34.11, 7525: 19.14, 7569: 18.32}",True
7574,66663,,,bottom,,,,,{},False
7569,66663,,,top,,,,,{},False
7576,66702,,,top,,,,,{},False
7579,66710,,,bottom,,,,,{},False
7580,66711,,,bottom,,,,,{},False
7582,66716,66816,66900,bottom,23.48,21.6,25.71,1.18,"{7582: 0.0, 7544: 40.48, 7584: 39.89, 7583: 37.86, 7599: 15.32, 7592: 18.77, 7595: 31.29, 7607: 38.42, 7611: 39.48, 7613: 11.36, 7610: 44.4}",True
7544,66735,,,top,,,,,{},False
7584,66752,,,top,,,,,{},False
7586,66756,,,top,,,,,{},False
7583,66757,,,top,,,,,{},False
7587,66798,,,bottom,,,,,{},False
7599,66828,66844,66857,top,148.97,135.0,166.15,57.51,"{7582: 13.68, 7599: 0.0, 7592: 10.99}",True
7592,66835,,,top,,,,,{},False
7595,66842,,,bottom,,,,,{},False
7607,66866,,,bottom,,,,,{},False
7611,66874,66957,67016,bottom,30.42,26.02,36.61,4.31,"{7611: 0.0, 7582: 39.08, 7613: 18.35, 7615: 15.79, 7618: 36.28, 7619: 40.36}",True
7613,66886,66898,66910,top,180.0,180.0,180.0,,"{7611: 18.69, 7582: 22.14, 7613: 0.0, 7610: 33.45, 7612: 20.17, 7615: 30.69}",True
7610,66893,,,bottom,,,,,{},False
7612,66900,,,bottom,,,,,{},False
7615,66902,66914,66925,top,187.83,180.0,196.36,35.7,"{7611: 15.8, 7613: 30.76, 7615: 0.0, 7582: 9.94, 7614: 9.51}",True
7614,66920,,,bottom,,,,,{},False
7618,66992,,,bottom,,,,,{},False
7616,67001,,,bottom,,,,,{},False
7619,67005,67071,67155,bottom,28.8,32.73,25.71,-2.0,"{7619: 0.0, 7611: 40.77, 7617: 38.06, 7620: 33.68, 7626: 9.45, 7623: 26.48, 7622: 21.12, 7629: 19.72, 7628: 2.78}",True
7617,67020,,,top,,,,,{},False
7620,67037,,,top,,,,,{},False
7626,67062,67079,67096,bottom,127.06,127.06,127.06,,"{7626: 0.0, 7619: 8.75, 7623: 46.14, 7622: 24.91}",True
7623,67062,,,top,,,,,{},False
7624,67064,,,bottom,,,,,{},False
7622,67076,,,top,,,,,{},False
7629,67123,67134,67144,top,205.71,196.36,216.0,47.13,"{7619: 18.48, 7629: 0.0}",True
7628,67147,,,top,,,,,{},False
7632,67161,67177,67190,top,148.97,135.0,166.15,57.51,"{7632: 0.0, 7619: 5.73, 7631: 28.65, 7633: 17.94}",True
7631,67172,,,bottom,,,,,{},False
7633,67173,67187,67199,top,166.15,154.29,180.0,51.43,"{7632: 17.81, 7631: 46.74, 7633: 0.0}",True
7636,67203,,,bottom,,,,,{},False
7634,67204,,,top,,,,,{},False
7639,67214,67289,67421,bottom,20.87,28.8,16.36,-2.26,"{7639: 0.0, 7641: 11.16, 7642: 14.81, 7640: 26.06, 7645: 14.61, 7650: 16.43, 7653: 17.57}",True
7641,67252,67348,,bottom,,,,,{},False
7642,67256,67271,67284,top,154.29,144.0,166.15,40.9,"{7639: 14.18, 7641: 20.06, 7642: 0.0, 7640: 34.94}",True
7640,67276,,,top,,,,,{},False
7643,67289,,,bottom,,,,,{},False
7644,67304,,,top,,,,,{},False
7645,67309,67320,67330,top,205.71,196.36,216.0,47.13,"{7639: 13.6, 7641: 12.96, 7645: 0.0}",True
7650,67331,67344,67356,top,172.8,166.15,180.0,27.69,"{7639: 15.5, 7641: 12.28, 7650: 0.0}",True
7653,67357,67367,67377,top,216.0,216.0,216.0,,"{7639: 16.36, 7653: 0.0, 7641: 12.19, 7652: 35.35}",True
7652,67362,,,bottom,,,,,{},False
7654,67395,,,top,,,,,{},False
7655,67397,,,bottom,,,,,{},False
7656,67410,,,bottom,,,,,{},False
7658,67432,67444,,top,,,,,{},False
7657,67445,,,top,,,,,{},False
7661,67469,,,bottom,,,,,{},False
7663,67472,,,top,,,,,{},False
7666,67484,,,bottom,,,,,{},False
7665,67484,,,bottom,,,,,{},False
7674,67500,67512,67524,top,180.0,180.0,180.0,,"{7639: 17.48, 7674: 0.0}",True
7675,67537,68006,68124,bottom,7.36,4.61,18.31,2.79,"{7675: 0.0, 7639: 33.83, 7678: 20.18, 7676: 34.43, 7680: 5.09, 7684: 42.24, 7688: 41.59, 7690: 17.35, 7691: 38.75, 7692: 39.23, 7694: 15.89, 7695: 9.66, 7697: 16.42, 7696: 39.21, 7699: 16.07, 7698: 39.63, 7700: 15.7, 7701: 13.92, 7704: 8.4, 7707: 24.27, 7708: 16.46, 7715: 16.86, 7709: 8.57}",True
7678,67540,67551,67561,top,205.71,196.36,216.0,47.13,"{7675: 20.18, 7639: 16.46, 7678: 0.0}",True
7676,67558,,,top,,,,,{},False
7681,67568,,,bottom,,,,,{},False
7680,67580,,,bottom,,,,,{},False
7683,67587,,,top,,,,,{},False
7685,67593,,,bottom,,,,,{},False
7684,67598,,,top,,,,,{},False
7686,67599,,,bottom,,,,,{},False
7688,67606,,,top,,,,,{},False
7690,67607,67618,67627,top,216.0,196.36,240.0,116.36,"{7675: 17.87, 7639: 16.86, 7690: 0.0}",True
7689,67623,,,bottom,,,,,{},False
7691,67660,,,top,,,,,{},False
7692,67677,,,top,,,,,{},False
7694,67687,67697,67706,top,227.37,216.0,240.0,64.0,"{7675: 16.31, 7639: 17.69, 7694: 0.0, 7693: 8.16}",True
7693,67703,,,bottom,,,,,{},False
7695,67750,,,bottom,,,,,{},False
7697,67769,67784,67798,top,148.97,144.0,154.29,17.63,"{7675: 16.69, 7639: 18.1, 7697: 0.0, 7696: 30.84}",True
7696,67787,,,top,,,,,{},False
7699,67797,67808,67819,top,196.36,196.36,196.36,,"{7675: 16.39, 7697: 44.75, 7639: 18.66, 7699: 0.0, 7698: 22.03}",True
7698,67806,,,top,,,,,{},False
7700,67884,67897,67908,top,180.0,166.15,196.36,65.91,"{7675: 15.83, 7700: 0.0, 7639: 6.35}",True
7701,67930,67946,67960,top,144.0,135.0,154.29,33.06,"{7675: 13.76, 7701: 0.0, 7704: 3.86}",True
7704,67955,68051,68122,bottom,25.87,22.5,30.42,2.68,"{7675: 8.49, 7701: 3.37, 7704: 0.0, 7706: 9.71, 7705: 8.99, 7707: 35.62, 7708: 14.83, 7715: 15.22, 7711: 13.18, 7712: 34.49, 7709: 11.7, 7716: 2.77}",True
7706,67988,,,bottom,,,,,{},False
7705,67988,,,bottom,,,,,{},False
7707,67998,,,top,,,,,{},False
7708,68061,68077,68091,top,144.0,135.0,154.29,33.06,"{7675: 15.66, 7704: 14.12, 7708: 0.0, 7715: 12.31}",True
7715,68071,68084,68095,top,180.0,166.15,196.36,65.91,"{7675: 15.83, 7708: 12.12, 7704: 14.3, 7715: 0.0, 7711: 30.09, 7712: 15.35, 7709: 41.56}",True
7711,68087,,,top,,,,,{},False
7712,68088,,,bottom,,,,,{},False
7709,68091,,,top,,,,,{},False
7716,68118,,,top,,,,,{},False
7717,68128,,,top,,,,,{},False
7718,68136,68223,68297,bottom,26.83,24.83,29.19,1.41,"{7718: 0.0, 7719: 38.76, 7721: 15.32, 7722: 14.81, 7728: 13.69, 7732: 14.54, 7733: 17.12, 7735: 29.41}",True
7719,68172,,,top,,,,,{},False
7721,68180,68196,68210,top,144.0,135.0,154.29,33.06,"{7718: 15.15, 7721: 0.0, 7722: 2.63, 7725: 5.87, 7728: 37.99}",True
7722,68181,68194,68206,top,172.8,166.15,180.0,27.69,"{7718: 14.64, 7721: 2.49, 7722: 0.0, 7728: 44.58}",True
7728,68205,68217,68228,top,187.83,180.0,196.36,35.7,"{7718: 13.12, 7725: 44.2, 7721: 37.92, 7728: 0.0, 7722: 44.35, 7729: 14.64}",True
7725,68206,,,bottom,,,,,{},False
7730,68206,,,bottom,,,,,{},False
7724,68211,,,top,,,,,{},False
7729,68221,,,bottom,,,,,{},False
7732,68235,68247,68258,top,187.83,180.0,196.36,35.7,"{7718: 13.61, 7732: 0.0, 7731: 18.1, 7733: 32.98}",True
7731,68244,,,top,,,,,{},False
7733,68250,68265,68279,top,148.97,144.0,154.29,17.63,"{7718: 16.27, 7732: 33.35, 7733: 0.0, 7735: 2.17}",True
7735,68275,68296,68318,bottom,100.47,102.86,98.18,-5.1,"{7733: 3.0, 7718: 25.25, 7735: 0.0, 7737: 10.37}",True
7737,68302,68317,68331,top,148.97,144.0,154.29,17.63,"{7718: 6.01, 7737: 0.0, 7735: 11.99}",True
7736,68318,,,bottom,,,,,{},False
7739,68384,,,top,,,,,{},False
7740,68434,68446,68457,top,187.83,180.0,196.36,35.7,{7740: 0.0},True
7741,68459,68471,68483,top,180.0,180.0,180.0,,{7741: 0.0},True
7743,68504,,,bottom,,,,,{},False
7742,68508,,,top,,,,,{},False
7744,68532,,,top,,,,,{},False
7745,68541,,,bottom,,,,,{},False
7749,68571,,,bottom,,,,,{},False
7750,68587,,,top,,,,,{},False
7751,68603,68616,68628,top,172.8,166.15,180.0,27.69,{7751: 0.0},True
7752,68635,,,top,,,,,{},False
7753,68637,,,top,,,,,{},False
7754,68653,,,bottom,,,,,{},False
7755,68658,,,bottom,,,,,{},False
7756,68673,,,top,,,,,{},False
7757,68684,,,bottom,,,,,{},False
7758,68708,,,bottom,,,,,{},False
7759,68714,68728,68740,top,166.15,154.29,180.0,51.43,"{7759: 0.0, 7763: 29.13}",True
7763,68730,68744,68756,top,166.15,154.29,180.0,51.43,"{7759: 29.2, 7763: 0.0, 7760: 22.29, 7784: 41.92}",True
7773,68743,,,bottom,,,,,{},False
7760,68744,,,bottom,,,,,{},False
7784,68753,68767,68779,top,166.15,154.29,180.0,51.43,"{7763: 41.93, 7784: 0.0, 7776: 26.72}",True
7776,68768,,,top,,,,,{},False
7787,68793,,,bottom,,,,,{},False
7790,68802,68812,68822,top,216.0,216.0,216.0,,"{7790: 0.0, 7789: 10.49}",True
7789,68806,,,top,,,,,{},False
7791,68843,,,top,,,,,{},False
7793,68843,68857,68870,top,160.0,154.29,166.15,21.91,"{7793: 0.0, 7791: 2.21, 7794: 8.36, 7796: 37.71}",True
7794,68848,68862,68875,top,160.0,154.29,166.15,21.91,"{7794: 0.0, 7793: 8.46, 7796: 29.24, 7792: 38.72, 7795: 44.53}",True
7796,68865,68878,68891,top,166.15,166.15,166.15,,"{7793: 37.84, 7794: 29.33, 7796: 0.0, 7792: 8.14, 7795: 14.73}",True
7792,68869,,,top,,,,,{},False
7795,68873,,,top,,,,,{},False
7797,68906,,,top,,,,,{},False
7799,68922,68945,68969,bottom,91.91,93.91,90.0,-3.91,"{7799: 0.0, 7800: 17.14}",True
7800,68927,68937,68947,top,216.0,216.0,216.0,,"{7799: 16.69, 7800: 0.0}",True
7798,68930,,,top,,,,,{},False
7802,68970,,,top,,,,,{},False
7801,68976,,,top,,,,,{},False
7803,68998,,,top,,,,,{},False
7805,69011,,,bottom,,,,,{},False
7804,69022,,,top,,,,,{},False
7806,69033,,,bottom,,,,,{},False
7808,69048,69063,69076,top,154.29,144.0,166.15,40.9,"{7808: 0.0, 7807: 19.38, 7812: 41.83}",True
7807,69059,,,top,,,,,{},False
7812,69074,69085,69095,top,205.71,196.36,216.0,47.13,"{7808: 41.52, 7812: 0.0}",True
7813,69100,,,top,,,,,{},False
7814,69116,69131,69144,top,154.29,144.0,166.15,40.9,{7814: 0.0},True
7815,69139,,,top,,,,,{},False
7816,69169,,,bottom,,,,,{},False
7819,69169,69185,69199,top,144.0,135.0,154.29,33.06,"{7819: 0.0, 7817: 6.51, 7818: 30.48}",True
7817,69174,,,top,,,,,{},False
7818,69180,,,bottom,,,,,{},False
7823,69205,,,top,,,,,{},False
7825,69213,,,top,,,,,{},False
7824,69215,,,top,,,,,{},False
7827,69283,,,bottom,,,,,{},False
7826,69286,,,bottom,,,,,{},False
7830,69294,,,bottom,,,,,{},False
7833,69295,69309,69322,top,160.0,154.29,166.15,21.91,"{7833: 0.0, 7832: 16.89, 7834: 33.03}",True
7832,69305,,,top,,,,,{},False
7834,69314,69328,69340,top,166.15,154.29,180.0,51.43,"{7834: 0.0, 7833: 33.15}",True
7835,69345,,,bottom,,,,,{},False
7840,69350,69367,69381,top,139.35,127.06,154.29,46.67,"{7840: 0.0, 7841: 2.04, 7837: 5.67, 7836: 38.25}",True
7841,69352,69366,69379,top,160.0,154.29,166.15,21.91,"{7841: 0.0, 7840: 1.89, 7836: 39.63}",True
7837,69353,,,top,,,,,{},False
7836,69357,,,bottom,,,,,{},False
7838,69371,,,bottom,,,,,{},False
7843,69396,69413,69428,top,135.0,127.06,144.0,27.11,"{7843: 0.0, 7844: 21.66}",True
7844,69399,69414,69430,bottom,139.35,144.0,135.0,-13.5,"{7844: 0.0, 7843: 21.73}",True
7845,69471,,,bottom,,,,,{},False
7846,69478,69494,69509,top,139.35,135.0,144.0,14.4,{7846: 0.0},True
7848,69527,,,bottom,,,,,{},False
7847,69529,,,bottom,,,,,{},False
7849,69531,69547,69562,top,139.35,135.0,144.0,14.4,{7849: 0.0},True
7852,69574,,,top,,,,,{},False
7853,69590,,,top,,,,,{},False
7855,69597,69614,69629,top,135.0,127.06,144.0,27.11,"{7855: 0.0, 7854: 35.05, 7858: 10.84, 7856: 18.86, 7859: 33.29, 7857: 36.95}",True
7854,69606,,,bottom,,,,,{},False
7858,69609,69620,69631,top,196.36,196.36,196.36,,"{7855: 10.28, 7858: 0.0, 7856: 30.49, 7859: 26.21, 7857: 26.09}",True
7856,69617,,,bottom,,,,,{},False
7859,69619,69636,69649,top,144.0,127.06,166.15,72.18,"{7855: 33.36, 7858: 26.63, 7859: 0.0, 7857: 2.39, 7860: 18.24}",True
7857,69621,,,top,,,,,{},False
7860,69636,69645,69654,top,240.0,240.0,240.0,,"{7859: 17.4, 7860: 0.0}",True
7863,69686,69703,69717,top,139.35,127.06,154.29,46.67,"{7863: 0.0, 7864: 5.34, 7862: 30.08, 7861: 26.02}",True
7864,69695,69706,69716,top,205.71,196.36,216.0,47.13,"{7863: 5.42, 7864: 0.0, 7862: 40.78, 7861: 17.27}",True
7862,69698,,,bottom,,,,,{},False
7861,69702,,,top,,,,,{},False
7868,69716,69732,69749,bottom,130.91,135.0,127.06,-11.21,"{7863: 2.72, 7868: 0.0, 7865: 35.75, 7871: 12.46}",True
7865,69723,,,top,,,,,{},False
7871,69731,69746,69760,top,148.97,144.0,154.29,17.63,"{7868: 14.27, 7871: 0.0, 7876: 8.04}",True
7876,69754,,,bottom,,,,,{},False
7874,69756,,,bottom,,,,,{},False
7881,69764,69778,69790,top,166.15,154.29,180.0,51.43,"{7881: 0.0, 7880: 35.59, 7882: 14.72}",True
7880,69771,,,bottom,,,,,{},False
7882,69774,69786,69796,top,196.36,180.0,216.0,86.4,"{7882: 0.0, 7881: 14.64}",True
7883,69803,69819,69832,top,148.97,135.0,166.15,57.51,"{7883: 0.0, 7885: 31.22}",True
7885,69824,69835,,top,,,,,{},False
7884,69842,,,bottom,,,,,{},False
7888,69855,69869,69881,top,166.15,154.29,180.0,51.43,"{7888: 0.0, 7887: 29.73}",True
7887,69865,,,bottom,,,,,{},False
7890,69874,,,bottom,,,,,{},False
7889,69890,,,bottom,,,,,{},False
7892,69898,69910,69920,top,196.36,180.0,216.0,86.4,"{7892: 0.0, 7893: 16.66, 7894: 29.57, 7895: 37.94}",True
7893,69904,69920,69934,top,144.0,135.0,154.29,33.06,"{7893: 0.0, 7892: 17.31, 7894: 9.22, 7891: 32.77, 7895: 14.15}",True
7894,69911,69926,69938,top,160.0,144.0,180.0,72.0,"{7892: 29.89, 7893: 9.07, 7894: 0.0, 7891: 43.51, 7895: 4.73, 7896: 42.97}",True
7891,69914,,,bottom,,,,,{},False
7895,69916,69928,69939,top,187.83,180.0,196.36,35.7,"{7892: 38.18, 7893: 13.72, 7894: 4.59, 7895: 0.0, 7896: 41.21}",True
7896,69936,69952,69967,top,139.35,135.0,144.0,14.4,"{7894: 43.33, 7895: 41.98, 7896: 0.0, 7897: 17.93, 7898: 29.12}",True
7897,69951,69962,69973,top,196.36,196.36,196.36,,"{7897: 0.0, 7896: 17.67, 7898: 13.97}",True
7898,69956,69970,69983,top,160.0,154.29,166.15,21.91,"{7898: 0.0, 7897: 14.25, 7896: 29.12, 7900: 30.39}",True
7900,69973,69988,70001,top,154.29,144.0,166.15,40.9,"{7898: 30.49, 7900: 0.0, 7899: 17.96}",True
7899,69991,,,bottom,,,,,{},False
7901,70013,,,bottom,,,,,{},False
7905,70025,70038,70049,top,180.0,166.15,196.36,65.91,{7905: 0.0},True
7904,70037,,,top,,,,,{},False
7906,70060,70076,70089,top,148.97,135.0,166.15,57.51,{7906: 0.0},True
7907,70089,70102,70114,top,172.8,166.15,180.0,27.69,"{7907: 0.0, 7908: 42.41}",True
7908,70111,70127,70141,top,144.0,135.0,154.29,33.06,"{7908: 0.0, 7907: 42.74, 7909: 3.08}",True
7909,70116,70129,70140,top,180.0,166.15,196.36,65.91,"{7908: 3.17, 7909: 0.0}",True
7910,70153,,,top,,,,,{},False
7911,70161,,,bottom,,,,,{},False
7922,70200,,,top,,,,,{},False
7925,70215,,,bottom,,,,,{},False
7926,70280,70296,70310,top,144.0,135.0,154.29,33.06,{7926: 0.0},True
7928,70313,70326,70337,top,180.0,166.15,196.36,65.91,{7928: 0.0},True
7931,70343,,,bottom,,,,,{},False
7932,70344,,,bottom,,,,,{},False
7930,70349,,,top,,,,,{},False
7929,70357,,,top,,,,,{},False
7933,70363,70374,70385,top,196.36,196.36,196.36,,"{7933: 0.0, 7937: 20.57, 7939: 28.1}",True
7937,70372,70385,70396,top,180.0,166.15,196.36,65.91,"{7937: 0.0, 7933: 20.98, 7939: 9.07}",True
7939,70375,70391,70405,top,144.0,135.0,154.29,33.06,"{7939: 0.0, 7937: 9.44, 7933: 28.79}",True
7943,70462,,,top,,,,,{},False
7946,70476,70488,,top,,,,,{},False
7952,70502,,,bottom,,,,,{},False
7950,70502,,,bottom,,,,,{},False
7945,70509,,,top,,,,,{},False
7949,70520,,,top,,,,,{},False
7953,70552,,,top,,,,,{},False
7955,70553,70564,70574,top,205.71,196.36,216.0,47.13,{7955: 0.0},True
7954,70580,,,top,,,,,{},False
7956,70580,,,top,,,,,{},False
7957,70610,,,top,,,,,{},False
7958,70620,,,top,,,,,{},False
7960,70652,,,top,,,,,{},False
7959,70664,,,top,,,,,{},False
7961,70722,,,top,,,,,{},False
7962,70725,,,top,,,,,{},False
7965,70730,70746,70760,top,144.0,135.0,154.29,33.06,"{7965: 0.0, 7963: 16.89}",True
7963,70739,,,top,,,,,{},False
7964,70761,,,top,,,,,{},False
7967,70772,,,top,,,,,{},False
7971,70780,,,bottom,,,,,{},False
7969,70781,,,bottom,,,,,{},False
7977,70781,,,bottom,,,,,{},False
7975,70786,,,bottom,,,,,{},False
7978,70801,70817,70831,top,144.0,135.0,154.29,33.06,"{7978: 0.0, 7981: 7.53}",True
7981,70803,70812,70821,top,240.0,240.0,240.0,,"{7981: 0.0, 7978: 6.98}",True
7997,70839,70854,70867,top,154.29,144.0,166.15,40.9,"{7997: 0.0, 7993: 5.24, 7996: 20.37}",True
7993,70840,,,top,,,,,{},False
7996,70851,,,top,,,,,{},False
8002,70868,70882,70895,top,160.0,154.29,166.15,21.91,"{8002: 0.0, 8001: 20.09}",True
7998,70874,,,top,,,,,{},False
8001,70878,,,top,,,,,{},False
8004,70949,,,bottom,,,,,{},False
8006,70973,,,top,,,,,{},False
8008,70983,,,top,,,,,{},False
8009,70998,,,bottom,,,,,{},False
8012,71014,,,bottom,,,,,{},False
8014,71056,,,top,,,,,{},False
8016,71062,,,top,,,,,{},False
8018,71072,71088,71108,bottom,120.0,135.0,108.0,-32.4,{8018: 0.0},True
8019,71108,,,top,,,,,{},False
8024,71134,,,top,,,,,{},False
8022,71134,,,top,,,,,{},False
8043,71135,71148,71159,top,180.0,166.15,196.36,65.91,"{8043: 0.0, 8028: 36.78, 8044: 12.91}",True
8028,71153,,,top,,,,,{},False
8044,71153,,,bottom,,,,,{},False
8045,71160,,,top,,,,,{},False
8046,71167,,,top,,,,,{},False
8048,71177,,,top,,,,,{},False
8047,71183,,,top,,,,,{},False
8051,71227,,,top,,,,,{},False
8066,71281,,,top,,,,,{},False
8070,71293,71308,71321,top,154.29,144.0,166.15,40.9,"{8070: 0.0, 8067: 32.58}",True
8067,71302,,,bottom,,,,,{},False
8068,71308,,,top,,,,,{},False
8069,71309,,,top,,,,,{},False
8071,71335,,,bottom,,,,,{},False
8073,71348,,,bottom,,,,,{},False
8072,71357,,,top,,,,,{},False
8075,71385,,,top,,,,,{},False
8077,71438,,,top,,,,,{},False
8078,71443,,,top,,,,,{},False
8080,71487,,,top,,,,,{},False
8085,71534,,,top,,,,,{},False
8084,71534,,,top,,,,,{},False
8088,71570,,,bottom,,,,,{},False
8090,71570,71581,71591,top,205.71,196.36,216.0,47.13,{8090: 0.0},True
8093,71618,71633,71651,bottom,130.91,144.0,120.0,-32.0,"{8093: 0.0, 8094: 20.02, 8091: 28.1, 8095: 0.84}",True
8094,71625,71637,71648,top,187.83,180.0,196.36,35.7,"{8093: 18.97, 8092: 44.97, 8094: 0.0, 8091: 13.35}",True
8092,71626,,,bottom,,,,,{},False
8091,71630,,,top,,,,,{},False
8095,71649,71661,71671,top,196.36,180.0,216.0,86.4,"{8093: 2.52, 8095: 0.0}",True
8096,71671,71687,71705,bottom,127.06,135.0,120.0,-20.0,"{8096: 0.0, 8098: 15.58}",True
8098,71684,71698,71710,top,166.15,154.29,180.0,51.43,"{8096: 16.61, 8098: 0.0}",True
8100,71723,71737,71749,top,166.15,154.29,180.0,51.43,"{8100: 0.0, 8099: 19.96}",True
8099,71738,,,bottom,,,,,{},False
8101,71779,,,top,,,,,{},False
8105,71824,71834,71844,top,216.0,216.0,216.0,,"{8105: 0.0, 8102: 6.65, 8104: 17.58, 8103: 32.6}",True
8102,71826,,,top,,,,,{},False
8104,71837,,,bottom,,,,,{},False
8103,71838,,,top,,,,,{},False
8106,71850,,,top,,,,,{},False
8107,71868,,,top,,,,,{},False
8108,71872,,,top,,,,,{},False
8112,71875,71888,71899,top,180.0,166.15,196.36,65.91,{8112: 0.0},True
8109,71883,,,top,,,,,{},False
8113,71900,,,top,,,,,{},False
8111,71901,,,top,,,,,{},False
8118,71918,71929,,top,,,,,{},False
8114,71925,,,top,,,,,{},False
8123,71940,71955,71973,bottom,130.91,144.0,120.0,-32.0,"{8123: 0.0, 8125: 39.17}",True
8121,71944,,,top,,,,,{},False
8119,71946,,,top,,,,,{},False
8122,71951,,,top,,,,,{},False
8125,71967,,,bottom,,,,,{},False
8124,71967,,,bottom,,,,,{},False
8126,71970,,,top,,,,,{},False
8131,71976,71986,71995,top,227.37,216.0,240.0,64.0,"{8131: 0.0, 8129: 13.52}",True
8129,71990,,,bottom,,,,,{},False
8130,71990,,,top,,,,,{},False
8142,72009,72021,72032,top,187.83,180.0,196.36,35.7,"{8142: 0.0, 8139: 29.28, 8140: 24.13}",True
8139,72018,,,bottom,,,,,{},False
8140,72021,,,top,,,,,{},False
8145,72032,,,bottom,,,,,{},False
8144,72044,,,top,,,,,{},False
8151,72059,72070,72080,top,205.71,196.36,216.0,47.13,"{8151: 0.0, 8146: 7.38}",True
8146,72061,,,top,,,,,{},False
8148,72074,,,top,,,,,{},False
8154,72088,72101,72113,top,172.8,166.15,180.0,27.69,"{8154: 0.0, 8153: 31.69}",True
8150,72090,,,top,,,,,{},False
8153,72105,,,top,,,,,{},False
8152,72105,,,top,,,,,{},False
8156,72131,,,top,,,,,{},False
8155,72137,,,top,,,,,{},False
8159,72142,,,top,,,,,{},False
8157,72147,,,top,,,,,{},False
8162,72169,,,bottom,,,,,{},False
8164,72170,72186,72201,top,139.35,135.0,144.0,14.4,"{8164: 0.0, 8167: 27.94, 8163: 29.05}",True
8167,72183,,,bottom,,,,,{},False
8163,72188,,,top,,,,,{},False
8172,72207,72223,72240,bottom,130.91,135.0,127.06,-11.21,"{8172: 0.0, 8170: 6.15}",True
8170,72210,,,bottom,,,,,{},False
8175,72278,,,top,,,,,{},False
8176,72282,72293,72303,top,205.71,196.36,216.0,47.13,{8176: 0.0},True
8177,72325,,,top,,,,,{},False
8179,72363,72375,,top,,,,,{},False
8180,72469,,,bottom,,,,,{},False
8181,72474,72489,72507,bottom,130.91,144.0,120.0,-32.0,"{8181: 0.0, 8182: 10.89}",True
8182,72494,72505,72515,top,205.71,196.36,216.0,47.13,"{8181: 13.56, 8182: 0.0}",True
8183,72522,,,top,,,,,{},False
8185,72571,,,top,,,,,{},False
8188,72599,,,bottom,,,,,{},False
8187,72599,,,top,,,,,{},False
8189,72616,,,top,,,,,{},False
8191,72617,72627,72637,top,216.0,216.0,216.0,,"{8191: 0.0, 8190: 44.16}",True
8190,72636,,,top,,,,,{},False
8192,72639,,,top,,,,,{},False
8195,72641,72654,,top,,,,,{},False
8193,72658,,,top,,,,,{},False
8198,72664,72674,72684,top,216.0,216.0,216.0,,"{8198: 0.0, 8195: 42.77, 8196: 42.86, 8199: 9.32}",True
8196,72666,,,bottom,,,,,{},False
8199,72676,72690,72705,bottom,148.97,154.29,144.0,-16.46,"{8199: 0.0, 8198: 8.45, 8203: 15.59, 8200: 11.19, 8207: 2.17}",True
8203,72686,72698,72710,top,180.0,180.0,180.0,,"{8199: 18.96, 8203: 0.0, 8200: 26.06, 8207: 29.06}",True
8200,72698,,,top,,,,,{},False
8207,72701,72713,72724,top,187.83,180.0,196.36,35.7,"{8203: 29.1, 8199: 6.15, 8207: 0.0, 8205: 26.32, 8201: 35.42}",True
8205,72712,,,bottom,,,,,{},False
8201,72717,,,top,,,,,{},False
8213,72729,72740,72750,top,205.71,196.36,216.0,47.13,"{8213: 0.0, 8208: 12.19, 8211: 27.08, 8214: 23.2}",True
8208,72733,,,top,,,,,{},False
8211,72738,,,bottom,,,,,{},False
8214,72739,72751,72761,top,196.36,180.0,216.0,86.4,"{8213: 23.38, 8214: 0.0}",True
8215,72775,,,top,,,,,{},False
8218,72779,72791,72802,top,187.83,180.0,196.36,35.7,"{8218: 0.0, 8216: 7.31, 8219: 23.73, 8217: 27.87}",True
8216,72782,,,top,,,,,{},False
8219,72790,72805,72818,top,154.29,144.0,166.15,40.9,"{8218: 24.01, 8219: 0.0, 8217: 5.76, 8220: 34.75}",True
8217,72792,,,top,,,,,{},False
8220,72810,,,top,,,,,{},False
8223,72837,72850,72862,top,172.8,166.15,180.0,27.69,"{8223: 0.0, 8222: 26.51, 8221: 25.4}",True
8222,72849,,,bottom,,,,,{},False
8221,72850,,,top,,,,,{},False
8229,72862,72875,72887,top,172.8,166.15,180.0,27.69,"{8229: 0.0, 8230: 29.45, 8232: 31.76}",True
8227,72862,,,bottom,,,,,{},False
8230,72878,72891,72902,top,180.0,166.15,196.36,65.91,"{8229: 29.57, 8230: 0.0, 8232: 2.26, 8228: 3.5, 8226: 19.46}",True
8232,72880,72890,72900,top,216.0,216.0,216.0,,"{8229: 31.55, 8232: 0.0, 8230: 2.06, 8226: 21.01}",True
8228,72880,,,top,,,,,{},False
8226,72888,,,top,,,,,{},False
8241,72908,72923,72937,top,148.97,144.0,154.29,17.63,"{8241: 0.0, 8237: 29.08}",True
8237,72919,,,bottom,,,,,{},False
8239,72926,,,top,,,,,{},False
8246,72947,72958,,top,,,,,{},False
8244,72958,,,bottom,,,,,{},False
8245,72964,,,top,,,,,{},False
8247,72979,,,top,,,,,{},False
8248,72986,,,top,,,,,{},False
8250,72993,73004,73013,top,216.0,196.36,240.0,116.36,{8250: 0.0},True
8249,73014,,,bottom,,,,,{},False
8251,73025,,,top,,,,,{},False
8252,73043,,,top,,,,,{},False
8253,73078,,,bottom,,,,,{},False
8257,73091,73102,73112,top,205.71,196.36,216.0,47.13,{8257: 0.0},True
8259,73111,,,bottom,,,,,{},False
8256,73113,,,bottom,,,,,{},False
8260,73113,73124,73134,top,205.71,196.36,216.0,47.13,"{8260: 0.0, 8258: 24.91}",True
8258,73124,,,top,,,,,{},False
8261,73134,73150,73163,top,148.97,135.0,166.15,57.51,{8261: 0.0},True
8262,73187,,,bottom,,,,,{},False
8263,73190,,,bottom,,,,,{},False
8268,73198,73212,73224,top,166.15,154.29,180.0,51.43,{8268: 0.0},True
8269,73223,,,top,,,,,{},False
8276,73235,73245,73254,top,227.37,216.0,240.0,64.0,"{8276: 0.0, 8272: 37.4, 8273: 27.25}",True
8272,73239,,,bottom,,,,,{},False
8271,73239,,,bottom,,,,,{},False
8273,73245,,,top,,,,,{},False
8278,73257,73271,73283,top,166.15,154.29,180.0,51.43,"{8278: 0.0, 8277: 13.93, 8282: 42.83, 8279: 45.82}",True
8275,73259,,,bottom,,,,,{},False
8277,73276,,,bottom,,,,,{},False
8282,73281,73295,73308,top,160.0,154.29,166.15,21.91,"{8278: 43.1, 8282: 0.0, 8279: 2.99, 8283: 12.28, 8281: 27.38, 8280: 35.43}",True
8279,73281,,,top,,,,,{},False
8283,73289,73302,73314,top,172.8,166.15,180.0,27.69,"{8282: 12.26, 8283: 0.0, 8281: 39.88, 8280: 23.14}",True
8281,73293,,,bottom,,,,,{},False
8280,73300,,,top,,,,,{},False
8285,73325,,,top,,,,,{},False
8286,73329,,,top,,,,,{},False
8290,73332,73347,,bottom,,,,,{},False
8289,73337,,,bottom,,,,,{},False
8291,73340,73356,73372,bottom,135.0,135.0,135.0,,"{8291: 0.0, 8290: 11.96, 8293: 14.13, 8295: 31.78, 8292: 14.68}",True
8293,73355,,73377,top,196.36,,,,{},True
8292,73362,,,top,,,,,{},False
8295,73363,73376,73391,bottom,154.29,166.15,144.0,-35.45,"{8295: 0.0, 8293: 13.58, 8291: 31.19, 8296: 35.82}",True
8294,73376,,,top,,,,,{},False
8296,73383,,,bottom,,,,,{},False
8297,73404,,,top,,,,,{},False
8304,73421,,,bottom,,,,,{},False
8298,73421,,,bottom,,,,,{},False
8306,73423,73433,73442,top,227.37,216.0,240.0,64.0,"{8306: 0.0, 8300: 29.45}",True
8300,73434,,,top,,,,,{},False
8307,73446,,,top,,,,,{},False
8305,73450,,,top,,,,,{},False
8308,73469,,,top,,,,,{},False
8310,73471,,,top,,,,,{},False
8309,73474,,,top,,,,,{},False
8312,73503,,,top,,,,,{},False
8311,73505,,,top,,,,,{},False
8316,73520,73529,73538,top,240.0,240.0,240.0,,"{8316: 0.0, 8315: 26.98, 8314: 11.23}",True
8315,73530,,,top,,,,,{},False
8314,73533,,,bottom,,,,,{},False
8317,73547,,,bottom,,,,,{},False
8320,73552,73566,73578,top,166.15,154.29,180.0,51.43,"{8318: 44.7, 8320: 0.0, 8323: 16.64, 8321: 12.8}",True
8318,73553,,,bottom,,,,,{},False
8323,73564,73574,73583,top,227.37,216.0,240.0,64.0,"{8323: 0.0, 8320: 16.11, 8321: 28.36}",True
8319,73564,,,top,,,,,{},False
8321,73572,,,bottom,,,,,{},False
8322,73589,,,top,,,,,{},False
8327,73599,,,bottom,,,,,{},False
8332,73622,73636,73649,top,160.0,154.29,166.15,21.91,"{8332: 0.0, 8329: 3.58, 8330: 41.18, 8333: 3.76, 8331: 18.78}",True
8329,73624,,,top,,,,,{},False
8330,73626,,,bottom,,,,,{},False
8333,73628,73638,73647,top,227.37,216.0,240.0,64.0,"{8332: 3.82, 8333: 0.0, 8331: 12.48}",True
8331,73633,,,top,,,,,{},False
8341,73664,73676,73687,top,187.83,180.0,196.36,35.7,"{8341: 0.0, 8340: 40.2}",True
8340,73668,,,bottom,,,,,{},False
8344,73703,73715,73725,top,196.36,180.0,216.0,86.4,"{8344: 0.0, 8342: 7.16, 8346: 14.39, 8343: 30.82, 8348: 29.59}",True
8342,73706,,,top,,,,,{},False
8346,73711,73724,73738,bottom,160.0,166.15,154.29,-20.35,"{8346: 0.0, 8344: 14.0, 8343: 34.01, 8348: 20.15}",True
8343,73717,,,top,,,,,{},False
8348,73718,73728,73737,top,227.37,216.0,240.0,64.0,"{8344: 29.61, 8346: 18.77, 8348: 0.0}",True
8345,73733,,,top,,,,,{},False
8347,73738,,,bottom,,,,,{},False
8349,73756,,,bottom,,,,,{},False
8350,73757,73767,73776,top,227.37,216.0,240.0,64.0,"{8350: 0.0, 8351: 10.32}",True
8351,73771,,,bottom,,,,,{},False
8352,73829,73840,73850,top,205.71,196.36,216.0,47.13,"{8352: 0.0, 8353: 25.08}",True
8353,73839,73855,73869,top,144.0,135.0,154.29,33.06,"{8353: 0.0, 8352: 26.0}",True
8355,73877,,,top,,,,,{},False
8354,73882,,,top,,,,,{},False
8356,73906,,,bottom,,,,,{},False
8357,73910,,,top,,,,,{},False
8358,73916,,,top,,,,,{},False
8360,73934,73948,73960,top,166.15,154.29,180.0,51.43,{8360: 0.0},True
8359,73948,,,top,,,,,{},False
8361,73965,,,bottom,,,,,{},False
8362,73983,,,top,,,,,{},False
8364,73998,,,bottom,,,,,{},False
8365,73999,74010,74020,top,205.71,196.36,216.0,47.13,"{8363: 3.92, 8365: 0.0}",True
8363,74000,,,top,,,,,{},False
8370,74020,,,bottom,,,,,{},False
8372,74033,74049,74067,bottom,127.06,135.0,120.0,-20.0,"{8372: 0.0, 8371: 34.32, 8374: 10.08}",True
8371,74040,,,top,,,,,{},False
8374,74053,74066,74078,top,172.8,166.15,180.0,27.69,"{8372: 12.31, 8374: 0.0}",True
8373,74067,,,top,,,,,{},False
8376,74083,74100,74119,bottom,120.0,127.06,113.68,-16.89,"{8376: 0.0, 8377: 15.72}",True
8375,74095,,,top,,,,,{},False
8377,74095,74111,74125,top,144.0,135.0,154.29,33.06,"{8376: 18.48, 8377: 0.0}",True
8379,74150,,,top,,,,,{},False
8386,74160,,,bottom,,,,,{},False
8388,74174,,,top,,,,,{},False
8390,74184,74196,74206,top,196.36,180.0,216.0,86.4,{8390: 0.0},True
8391,74211,,,top,,,,,{},False
8389,74229,,,bottom,,,,,{},False
8393,74265,,,top,,,,,{},False
8394,74276,,,top,,,,,{},False
8395,74329,,,bottom,,,,,{},False
8396,74405,,,top,,,,,{},False
8402,74437,74452,74465,top,154.29,144.0,166.15,40.9,"{8402: 0.0, 8397: 5.16}",True
8397,74438,,,top,,,,,{},False
8403,74459,,,top,,,,,{},False
8407,74504,,,bottom,,,,,{},False
8408,74521,,,top,,,,,{},False
8413,74550,,,top,,,,,{},False
8417,74570,74586,74599,top,148.97,135.0,166.15,57.51,"{8417: 0.0, 8416: 37.16, 8418: 8.1, 8415: 24.04, 8419: 7.15}",True
8416,74577,,,bottom,,,,,{},False
8418,74577,74590,74601,top,180.0,166.15,196.36,65.91,"{8418: 0.0, 8417: 7.79, 8415: 14.98, 8419: 11.15}",True
8415,74584,,,top,,,,,{},False
8419,74589,74606,74623,bottom,127.06,127.06,127.06,,"{8417: 7.91, 8419: 0.0, 8418: 10.6}",True
8420,74642,,,top,,,,,{},False
8421,74646,,,bottom,,,,,{},False
8422,74659,,,top,,,,,{},False
8428,74669,,,bottom,,,,,{},False
8425,74669,,,bottom,,,,,{},False
8429,74680,74696,74710,top,144.0,135.0,154.29,33.06,"{8429: 0.0, 8426: 15.39, 8432: 43.31}",True
8426,74688,,,top,,,,,{},False
8430,74707,,,top,,,,,{},False
8432,74708,74719,74730,top,196.36,196.36,196.36,,"{8429: 43.24, 8432: 0.0, 8431: 19.88}",True
8431,74717,,,top,,,,,{},False
8435,74756,74772,74785,top,148.97,135.0,166.15,57.51,"{8435: 0.0, 8436: 28.14}",True
8436,74774,74789,74801,top,160.0,144.0,180.0,72.0,"{8436: 0.0, 8435: 28.25}",True
8439,74822,74835,74848,top,166.15,166.15,166.15,,"{8439: 0.0, 8437: 26.6, 8440: 35.96}",True
8437,74835,,,top,,,,,{},False
8440,74841,74857,74871,top,144.0,135.0,154.29,33.06,"{8439: 36.17, 8440: 0.0, 8438: 13.08, 8443: 16.4, 8444: 14.8}",True
8438,74848,,,top,,,,,{},False
8443,74851,74876,,top,,,,,{},False
8444,74852,74866,74878,top,166.15,154.29,180.0,51.43,"{8444: 0.0, 8440: 14.72, 8443: 4.94}",True
8452,74885,74898,74910,top,172.8,166.15,180.0,27.69,"{8452: 0.0, 8443: 32.14, 8453: 17.81, 8451: 29.78}",True
8453,74894,74909,74923,top,148.97,144.0,154.29,17.63,"{8451: 45.16, 8453: 0.0, 8452: 18.14, 8458: 31.73}",True
8451,74895,,,bottom,,,,,{},False
8458,74914,74927,74939,top,172.8,166.15,180.0,27.69,"{8453: 31.73, 8458: 0.0, 8455: 37.39, 8456: 28.52, 8457: 6.1}",True
8455,74919,,,bottom,,,,,{},False
8456,74928,,,top,,,,,{},False
8457,74936,,,bottom,,,,,{},False
8460,74946,,,bottom,,,,,{},False
8459,74954,,,top,,,,,{},False
8462,74957,74972,74985,top,154.29,144.0,166.15,40.9,"{8462: 0.0, 8461: 29.67, 8465: 28.14}",True
8461,74968,,,bottom,,,,,{},False
8465,74973,74990,75004,top,139.35,127.06,154.29,46.67,"{8462: 28.28, 8465: 0.0, 8463: 20.65, 8464: 22.43}",True
8463,74986,,,top,,,,,{},False
8464,74990,,,bottom,,,,,{},False
8469,75021,,,top,,,,,{},False
8471,75032,,,bottom,,,,,{},False
8470,75036,,,top,,,,,{},False
8472,75039,,,bottom,,,,,{},False
8473,75067,,,top,,,,,{},False
8476,75084,75095,75106,top,196.36,196.36,196.36,,"{8476: 0.0, 8477: 4.79, 8478: 14.2, 8479: 23.42, 8475: 41.72}",True
8477,75085,75098,75109,top,180.0,166.15,196.36,65.91,"{8476: 4.89, 8477: 0.0, 8478: 16.1, 8479: 17.69, 8475: 35.55}",True
8478,75091,75107,75126,bottom,123.43,135.0,113.68,-26.93,"{8478: 0.0, 8477: 15.57, 8476: 13.6, 8479: 19.15, 8475: 30.34, 8480: 6.86, 8481: 7.01}",True
8479,75095,75106,75117,top,196.36,196.36,196.36,,"{8478: 18.31, 8476: 23.49, 8477: 17.67, 8479: 0.0, 8475: 16.15, 8480: 42.68}",True
8475,75102,,,top,,,,,{},False
8480,75115,75130,75143,top,154.29,144.0,166.15,40.9,"{8478: 8.85, 8479: 43.05, 8481: 2.56, 8480: 0.0}",True
8481,75116,75128,75140,top,180.0,180.0,180.0,,"{8478: 9.4, 8479: 45.14, 8481: 0.0, 8480: 2.44}",True
8486,75143,75155,75166,top,187.83,180.0,196.36,35.7,"{8483: 44.44, 8486: 0.0}",True
8483,75144,,,bottom,,,,,{},False
8487,75182,,,top,,,,,{},False
8495,75194,75206,75217,top,187.83,180.0,196.36,35.7,{8495: 0.0},True
8497,75207,,,bottom,,,,,{},False
8491,75207,,,bottom,,,,,{},False
8498,75248,,,top,,,,,{},False
8499,75274,75287,75298,top,180.0,166.15,196.36,65.91,"{8499: 0.0, 8500: 18.64, 8502: 23.3}",True
8500,75282,75297,75310,top,154.29,144.0,166.15,40.9,"{8499: 18.82, 8500: 0.0, 8502: 2.96}",True
8502,75286,75299,75310,top,180.0,166.15,196.36,65.91,"{8499: 23.42, 8502: 0.0, 8500: 2.87}",True
8507,75337,75350,75361,top,180.0,166.15,196.36,65.91,"{8507: 0.0, 8508: 37.79, 8506: 45.34}",True
8505,75348,,,bottom,,,,,{},False
8508,75357,75369,75381,top,180.0,180.0,180.0,,"{8507: 38.22, 8508: 0.0, 8506: 7.36, 8513: 42.57}",True
8506,75359,,,top,,,,,{},False
8513,75378,75395,75408,top,144.0,127.06,166.15,72.18,"{8508: 42.83, 8513: 0.0, 8510: 15.38, 8514: 34.98}",True
8510,75387,,,top,,,,,{},False
8514,75399,,,top,,,,,{},False
8512,75399,,,top,,,,,{},False
8511,75400,,,bottom,,,,,{},False
8509,75411,,,bottom,,,,,{},False
8520,75420,,,bottom,,,,,{},False
8515,75420,,,top,,,,,{},False
8526,75421,,,top,,,,,{},False
8527,75445,,,bottom,,,,,{},False
8530,75451,75469,75483,top,135.0,120.0,154.29,58.78,"{8530: 0.0, 8528: 43.49, 8531: 22.65}",True
8528,75454,,,bottom,,,,,{},False
8531,75469,75482,75494,top,172.8,166.15,180.0,27.69,"{8530: 22.39, 8531: 0.0, 8529: 38.52}",True
8529,75474,,,bottom,,,,,{},False
8532,75494,,,top,,,,,{},False
8533,75495,75509,75526,bottom,139.35,154.29,127.06,-38.44,"{8533: 0.0, 8538: 2.21, 8534: 43.84}",True
8538,75522,75536,75548,top,166.15,154.29,180.0,51.43,"{8533: 4.28, 8538: 0.0, 8534: 43.52, 8535: 17.89, 8539: 27.56}",True
8534,75524,,,bottom,,,,,{},False
8539,75537,75551,75564,top,160.0,154.29,166.15,21.91,"{8535: 44.07, 8538: 27.78, 8539: 0.0, 8544: 32.05, 8540: 35.65}",True
8535,75538,,,bottom,,,,,{},False
8544,75555,75571,75585,top,144.0,135.0,154.29,33.06,"{8544: 0.0, 8539: 32.54, 8547: 18.02, 8542: 31.08}",True
8540,75557,,,top,,,,,{},False
8546,75564,,,bottom,,,,,{},False
8547,75567,75583,75596,top,148.97,135.0,166.15,57.51,"{8544: 18.07, 8547: 0.0, 8542: 13.1}",True
8542,75574,,,top,,,,,{},False
8549,75605,,,bottom,,,,,{},False
8550,75605,75620,75637,bottom,135.0,144.0,127.06,-23.92,"{8550: 0.0, 8552: 19.98, 8554: 14.33, 8551: 14.48}",True
8552,75609,75625,75640,top,139.35,135.0,144.0,14.4,"{8550: 21.58, 8552: 0.0, 8554: 11.18}",True
8554,75619,75632,75644,top,172.8,166.15,180.0,27.69,"{8552: 11.05, 8554: 0.0, 8550: 15.9, 8551: 15.1}",True
8551,75627,,,top,,,,,{},False
8556,75653,75668,75686,bottom,130.91,144.0,120.0,-32.0,"{8556: 0.0, 8560: 11.81, 8561: 11.67, 8562: 2.74}",True
8560,75668,75684,75698,top,144.0,135.0,154.29,33.06,"{8556: 13.47, 8560: 0.0, 8561: 2.06, 8562: 20.51, 8559: 17.45}",True
8561,75670,75684,75695,top,172.8,154.29,196.36,91.81,"{8556: 13.75, 8560: 1.96, 8561: 0.0, 8557: 14.12, 8562: 22.48, 8559: 14.89}",True
8558,75677,,,top,,,,,{},False
8557,75678,,,top,,,,,{},False
8562,75681,75698,75714,top,130.91,127.06,135.0,11.91,"{8560: 20.78, 8556: 4.43, 8561: 22.78, 8562: 0.0, 8559: 37.21}",True
8559,75688,,,bottom,,,,,{},False
8565,75714,75731,75746,top,135.0,127.06,144.0,27.11,"{8565: 0.0, 8566: 6.89, 8564: 35.6, 8567: 35.26}",True
8563,75718,,,top,,,,,{},False
8566,75720,75736,75749,top,148.97,135.0,166.15,57.51,"{8566: 0.0, 8565: 6.8, 8564: 42.8, 8567: 29.45}",True
8564,75723,,,bottom,,,,,{},False
8567,75739,75754,75767,top,154.29,144.0,166.15,40.9,"{8565: 35.29, 8567: 0.0, 8566: 29.5, 8569: 29.33}",True
8569,75756,75772,75786,top,144.0,135.0,154.29,33.06,"{8567: 29.51, 8569: 0.0, 8568: 20.49}",True
8568,75773,,,bottom,,,,,{},False
8570,75786,,,top,,,,,{},False
8573,75795,,,top,,,,,{},False
8574,75797,,,top,,,,,{},False
8575,75800,,,bottom,,,,,{},False
8576,75800,75813,75825,top,172.8,166.15,180.0,27.69,"{8576: 0.0, 8577: 27.77, 8578: 29.83}",True
8577,75814,75830,75845,top,139.35,135.0,144.0,14.4,"{8576: 28.06, 8577: 0.0, 8578: 1.62, 8579: 29.64, 8581: 31.87}",True
8578,75816,75830,75843,top,160.0,154.29,166.15,21.91,"{8577: 1.53, 8576: 30.01, 8578: 0.0, 8579: 31.87, 8581: 34.69}",True
8579,75833,75851,75865,top,135.0,120.0,154.29,58.78,"{8577: 29.74, 8578: 32.1, 8579: 0.0, 8581: 1.8, 8582: 40.49}",True
8581,75836,75850,75863,top,160.0,154.29,166.15,21.91,"{8578: 34.87, 8577: 31.9, 8581: 0.0, 8579: 1.66, 8582: 42.17}",True
8582,75839,,,bottom,,,,,{},False
8586,75871,75885,75898,top,160.0,154.29,166.15,21.91,{8586: 0.0},True
8585,75890,,,top,,,,,{},False
8588,75911,75926,75938,top,160.0,144.0,180.0,72.0,"{8588: 0.0, 8589: 1.42, 8587: 24.3, 8591: 26.26}",True
8589,75913,75926,75937,top,180.0,166.15,196.36,65.91,"{8589: 0.0, 8588: 1.38, 8587: 23.66, 8591: 27.0}",True
8587,75924,,,top,,,,,{},False
8591,75927,75940,75952,top,172.8,166.15,180.0,27.69,"{8588: 26.31, 8589: 27.19, 8591: 0.0, 8590: 10.19}",True
8590,75933,,,top,,,,,{},False
8592,75954,75967,75979,top,172.8,166.15,180.0,27.69,"{8592: 0.0, 8598: 39.06, 8596: 8.97, 8594: 40.64}",True
8596,75957,75972,75986,top,148.97,144.0,154.29,17.63,"{8598: 44.8, 8592: 9.14, 8596: 0.0, 8594: 29.12}",True
8598,75958,,,bottom,,,,,{},False
8594,75974,,,top,,,,,{},False
8595,75986,,,top,,,,,{},False
8609,75987,76003,76019,bottom,135.0,135.0,135.0,,"{8609: 0.0, 8610: 21.33, 8595: 46.49, 8612: 13.51, 8613: 11.86}",True
8610,75987,76000,76012,top,172.8,166.15,180.0,27.69,"{8609: 20.63, 8610: 0.0, 8595: 3.19, 8612: 27.52, 8613: 31.7}",True
8608,76000,,,top,,,,,{},False
8612,76001,76015,76027,top,166.15,154.29,180.0,51.43,"{8609: 15.54, 8610: 27.7, 8612: 0.0, 8613: 2.76}",True
8613,76004,76016,76028,top,180.0,180.0,180.0,,"{8609: 14.17, 8610: 31.8, 8612: 2.7, 8613: 0.0}",True
8617,76050,76066,76079,top,148.97,135.0,166.15,57.51,"{8617: 0.0, 8616: 37.18, 8619: 11.28}",True
8616,76057,,,bottom,,,,,{},False
8619,76065,76081,76097,bottom,135.0,135.0,135.0,,"{8619: 0.0, 8617: 11.17}",True
8620,76095,,,top,,,,,{},False
8623,76105,76118,76130,top,172.8,166.15,180.0,27.69,"{8623: 0.0, 8622: 22.17, 8625: 30.28}",True
8621,76114,,,top,,,,,{},False
8622,76116,,,top,,,,,{},False
8625,76120,76133,76145,top,172.8,166.15,180.0,27.69,"{8623: 30.1, 8625: 0.0, 8629: 35.43}",True
8629,76139,76153,76165,top,166.15,154.29,180.0,51.43,"{8625: 35.65, 8629: 0.0}",True
8628,76152,,,top,,,,,{},False
8631,76178,76190,76200,top,196.36,180.0,216.0,86.4,"{8631: 0.0, 8630: 15.88}",True
8630,76184,,,top,,,,,{},False
8632,76199,,,top,,,,,{},False
8633,76220,,,top,,,,,{},False
8635,76236,76246,76255,top,227.37,216.0,240.0,64.0,"{8635: 0.0, 8636: 11.19, 8634: 27.6}",True
8636,76245,76260,76278,bottom,130.91,144.0,120.0,-32.0,"{8636: 0.0, 8635: 10.52, 8634: 44.29, 8637: 33.49, 8639: 4.04}",True
8634,76246,,,top,,,,,{},False
8637,76267,,,bottom,,,,,{},False
8639,76272,76286,76299,top,160.0,154.29,166.15,21.91,"{8639: 0.0, 8636: 6.19}",True
8638,76288,,,top,,,,,{},False
8640,76297,,,bottom,,,,,{},False
8641,76304,,,top,,,,,{},False
8644,76309,76321,76332,top,187.83,180.0,196.36,35.7,"{8644: 0.0, 8647: 10.77, 8642: 26.06}",True
8647,76313,76328,76341,top,154.29,144.0,166.15,40.9,"{8647: 0.0, 8644: 11.22, 8642: 35.92, 8643: 37.37, 8646: 39.19}",True
8642,76320,,,bottom,,,,,{},False
8643,76334,,,top,,,,,{},False
8646,76335,,,top,,,,,{},False
8655,76367,76394,76412,bottom,96.0,80.0,120.0,53.33,"{8655: 0.0, 8660: 19.08}",True
8660,76381,,76399,top,240.0,,,,{},True
8661,76439,,,bottom,,,,,{},False
8664,76471,76482,76493,top,196.36,196.36,196.36,,"{8664: 0.0, 8663: 21.67}",True
8663,76480,,,top,,,,,{},False
8665,76498,,,bottom,,,,,{},False
8667,76535,76549,76565,bottom,144.0,154.29,135.0,-28.93,"{8667: 0.0, 8666: 14.37, 8668: 9.99, 8669: 2.93}",True
8666,76543,,,bottom,,,,,{},False
8668,76558,,,top,,,,,{},False
8669,76563,,,top,,,,,{},False
8670,76573,,,bottom,,,,,{},False
8672,76589,76606,76623,bottom,127.06,127.06,127.06,,"{8672: 0.0, 8671: 38.06, 8673: 29.82}",True
8671,76594,,,top,,,,,{},False
8673,76609,,,bottom,,,,,{},False
8674,76624,,,top,,,,,{},False
8678,76625,76635,76644,top,227.37,216.0,240.0,64.0,{8678: 0.0},True
8675,76635,,,top,,,,,{},False
8681,76652,76661,76670,top,240.0,240.0,240.0,,{8681: 0.0},True
8682,76761,,,bottom,,,,,{},False
8683,76789,,,bottom,,,,,{},False
8684,76830,,,top,,,,,{},False
8685,76881,,,bottom,,,,,{},False
8686,76887,,,bottom,,,,,{},False
8689,76889,76902,76913,top,180.0,166.15,196.36,65.91,"{8689: 0.0, 8687: 3.38, 8688: 25.08}",True
8687,76889,,,top,,,,,{},False
8688,76901,,,bottom,,,,,{},False
8692,76915,76926,76935,top,216.0,196.36,240.0,116.36,"{8692: 0.0, 8690: 19.12}",True
8690,76923,,,top,,,,,{},False
8691,76926,,,top,,,,,{},False
8693,76958,,,bottom,,,,,{},False
8694,76959,,,bottom,,,,,{},False
8695,76980,,,top,,,,,{},False
8696,76992,,,top,,,,,{},False
8697,77035,,,bottom,,,,,{},False
8698,77064,,,top,,,,,{},False
8700,77071,77083,77093,top,196.36,180.0,216.0,86.4,"{8700: 0.0, 8699: 37.14}",True
8699,77076,,,bottom,,,,,{},False
8705,77093,,,bottom,,,,,{},False
8709,77137,77154,77168,top,139.35,127.06,154.29,46.67,"{8709: 0.0, 8706: 28.1}",True
8707,77149,,,bottom,,,,,{},False
8706,77155,,,top,,,,,{},False
8711,77176,,,bottom,,,,,{},False
8712,77176,,,top,,,,,{},False
8714,77180,77195,77208,top,154.29,144.0,166.15,40.9,"{8714: 0.0, 8715: 19.18, 8713: 25.4}",True
8715,77193,77205,77216,top,187.83,180.0,196.36,35.7,"{8715: 0.0, 8714: 19.04, 8713: 6.5}",True
8713,77195,,,top,,,,,{},False
8716,77216,,,bottom,,,,,{},False
8717,77241,,,top,,,,,{},False
8718,77249,,,bottom,,,,,{},False
8719,77278,,,bottom,,,,,{},False
8720,77285,,,top,,,,,{},False
8721,77307,,,top,,,,,{},False
8722,77323,,,top,,,,,{},False
8726,77323,77337,77350,top,160.0,154.29,166.15,21.91,{8726: 0.0},True
8725,77347,,,top,,,,,{},False
8729,77360,77372,77383,top,187.83,180.0,196.36,35.7,"{8729: 0.0, 8727: 5.74, 8728: 38.12}",True
8727,77363,,,top,,,,,{},False
8728,77365,,,bottom,,,,,{},False
8730,77399,,,top,,,,,{},False
8731,77451,,,bottom,,,,,{},False
8733,77468,77480,77490,top,196.36,180.0,216.0,86.4,{8733: 0.0},True
8734,77502,77513,77522,top,216.0,196.36,240.0,116.36,{8734: 0.0},True
8736,77538,77551,77562,top,180.0,166.15,196.36,65.91,{8736: 0.0},True
8735,77555,,,top,,,,,{},False
8737,77570,,,top,,,,,{},False
8741,77616,77629,77642,top,166.15,166.15,166.15,,{8741: 0.0},True
8740,77632,,,top,,,,,{},False
8743,77665,,,bottom,,,,,{},False
8742,77675,,,top,,,,,{},False
8749,77687,,,bottom,,,,,{},False
8752,77700,77717,77736,bottom,120.0,127.06,113.68,-16.89,"{8752: 0.0, 8747: 40.43, 8754: 29.35, 8755: 1.75}",True
8747,77704,,,top,,,,,{},False
8750,77707,,,bottom,,,,,{},False
8751,77707,,,top,,,,,{},False
8748,77708,,,bottom,,,,,{},False
8754,77723,77740,77759,bottom,120.0,127.06,113.68,-16.89,"{8754: 0.0, 8752: 29.0, 8755: 19.86, 8753: 23.46}",True
8755,77733,77745,77757,top,180.0,180.0,180.0,,"{8752: 4.92, 8754: 18.75, 8755: 0.0, 8753: 36.0}",True
8753,77739,,,bottom,,,,,{},False
8757,77759,77775,77789,top,144.0,135.0,154.29,33.06,"{8754: 2.34, 8757: 0.0, 8756: 29.99}",True
8756,77779,,,top,,,,,{},False
8761,77788,77800,77810,top,196.36,180.0,216.0,86.4,"{8761: 0.0, 8757: 43.46, 8759: 34.48, 8764: 21.79, 8765: 32.83}",True
8759,77794,,,bottom,,,,,{},False
8764,77800,,,bottom,,,,,{},False
8765,77804,77815,77825,top,205.71,196.36,216.0,47.13,"{8761: 33.04, 8765: 0.0, 8767: 15.83}",True
8767,77809,77825,77838,top,148.97,135.0,166.15,57.51,"{8761: 45.2, 8767: 0.0, 8765: 16.57, 8766: 27.44}",True
8766,77825,,,top,,,,,{},False
8769,77845,,,top,,,,,{},False
8773,77848,77860,77872,top,180.0,180.0,180.0,,"{8773: 0.0, 8770: 9.17, 8771: 29.6, 8772: 23.58}",True
8770,77851,,,top,,,,,{},False
8771,77857,,,bottom,,,,,{},False
8772,77859,,,top,,,,,{},False
8774,77878,,,bottom,,,,,{},False
8775,77894,,,bottom,,,,,{},False
8777,77901,77913,77924,top,187.83,180.0,196.36,35.7,"{8776: 45.34, 8777: 0.0}",True
8776,77902,,,bottom,,,,,{},False
8779,77930,77943,77954,top,180.0,166.15,196.36,65.91,"{8779: 0.0, 8778: 42.27, 8783: 15.05}",True
8778,77932,,,bottom,,,,,{},False
8783,77939,77950,77960,top,205.71,196.36,216.0,47.13,"{8783: 0.0, 8779: 14.88, 8789: 38.47}",True
8789,77956,77968,77980,top,180.0,180.0,180.0,,"{8783: 38.77, 8789: 0.0, 8781: 37.08}",True
8781,77961,,,bottom,,,,,{},False
8804,77980,,,bottom,,,,,{},False
8788,77983,,,top,,,,,{},False
8798,77993,,,top,,,,,{},False
8807,78016,,,top,,,,,{},False
8809,78017,,,top,,,,,{},False
8811,78017,78032,78045,top,154.29,144.0,166.15,40.9,"{8809: 3.23, 8811: 0.0, 8808: 42.72}",True
8808,78019,,,bottom,,,,,{},False
8817,78084,,,top,,,,,{},False
8816,78088,,,top,,,,,{},False
8818,78123,,,top,,,,,{},False
8819,78141,,,top,,,,,{},False
8820,78147,,,bottom,,,,,{},False
8821,78169,78181,78192,top,187.83,180.0,196.36,35.7,{8821: 0.0},True
8824,78207,,,bottom,,,,,{},False
8822,78217,,,bottom,,,,,{},False
8823,78221,,,top,,,,,{},False
8826,78224,78236,78247,top,187.83,180.0,196.36,35.7,"{8826: 0.0, 8827: 18.87, 8828: 36.44}",True
8827,78224,78512,,bottom,,,,,{},False
8825,78229,,,top,,,,,{},False
8828,78241,78256,78269,top,154.29,144.0,166.15,40.9,"{8826: 36.79, 8828: 0.0, 8827: 22.05}",True
8830,78278,78289,78299,top,205.71,196.36,216.0,47.13,"{8830: 0.0, 8827: 33.22, 8831: 11.29, 8829: 34.09}",True
8831,78283,78294,78304,top,205.71,196.36,216.0,47.13,"{8830: 11.35, 8831: 0.0, 8827: 38.28, 8829: 20.72}",True
8829,78292,,,top,,,,,{},False
8832,78344,,,top,,,,,{},False
8833,78350,,,top,,,,,{},False
8834,78357,78372,78385,top,154.29,144.0,166.15,40.9,"{8834: 0.0, 8827: 15.03}",True
8836,78388,78402,78415,top,160.0,154.29,166.15,21.91,"{8836: 0.0, 8827: 13.03, 8835: 5.2}",True
8835,78390,,,top,,,,,{},False
8838,78459,78475,78489,top,144.0,135.0,154.29,33.06,"{8838: 0.0, 8827: 11.37, 8840: 2.66, 8841: 41.88}",True
8840,78464,78476,78487,top,187.83,180.0,196.36,35.7,"{8840: 0.0, 8838: 2.62, 8827: 11.09, 8841: 45.45}",True
8841,78485,,,top,,,,,{},False
8842,78489,,,top,,,,,{},False
8844,78503,78515,,top,,,,,{},False
8846,78522,78538,78552,top,144.0,135.0,154.29,33.06,"{8844: 39.47, 8846: 0.0, 8845: 37.91}",True
8845,78528,,,bottom,,,,,{},False
8847,78567,,,top,,,,,{},False
8849,78568,,,top,,,,,{},False
8850,78635,,,top,,,,,{},False
8851,78662,,,top,,,,,{},False
8881,78668,78679,78691,bottom,187.83,196.36,180.0,-32.73,"{8881: 0.0, 8883: 5.08}",True
8883,78684,78700,78714,top,144.0,135.0,154.29,33.06,"{8881: 5.94, 8883: 0.0}",True
8887,78718,,,top,,,,,{},False
8848,78735,,,top,,,,,{},False
8889,78751,,,top,,,,,{},False
8891,78775,78788,78800,top,172.8,166.15,180.0,27.69,"{8891: 0.0, 8890: 22.86}",True
8890,78786,,,top,,,,,{},False
8892,78824,,,top,,,,,{},False
8893,78831,,,bottom,,,,,{},False
8894,78836,78847,78857,top,205.71,196.36,216.0,47.13,{8894: 0.0},True
8898,78860,,,bottom,,,,,{},False
8895,78860,,,top,,,,,{},False
8900,78890,,,top,,,,,{},False
8902,78901,78911,78920,top,227.37,216.0,240.0,64.0,"{8903: 2.09, 8902: 0.0}",True
8903,78901,78912,78922,top,205.71,196.36,216.0,47.13,"{8903: 0.0, 8902: 2.16}",True
8901,78917,,,top,,,,,{},False
8904,78948,,,bottom,,,,,{},False
8905,78955,,,top,,,,,{},False
8906,78967,,,bottom,,,,,{},False
8909,78979,78990,,top,,,,,{},False
8907,78981,,,bottom,,,,,{},False
8908,78995,,,top,,,,,{},False
8910,79017,,,top,,,,,{},False
8912,79037,,,bottom,,,,,{},False
8913,79052,,,bottom,,,,,{},False
8914,79071,,,top,,,,,{},False
8918,79078,79089,,top,,,,,{},False
8915,79086,,,bottom,,,,,{},False
8916,79086,,,top,,,,,{},False
8919,79096,79107,79118,top,196.36,196.36,196.36,,"{8918: 41.91, 8917: 3.38, 8919: 0.0, 8929: 4.11}",True
8917,79097,,,top,,,,,{},False
8929,79114,79130,79149,bottom,123.43,135.0,113.68,-26.93,"{8929: 0.0, 8919: 4.01, 8934: 18.23, 8923: 27.08, 8936: 14.32, 8932: 32.47}",True
8934,79125,79138,79151,top,166.15,166.15,166.15,,"{8929: 20.39, 8934: 0.0, 8923: 5.84, 8936: 10.35, 8932: 25.25}",True
8923,79127,,,top,,,,,{},False
8936,79132,79143,79154,top,196.36,196.36,196.36,,"{8929: 16.91, 8936: 0.0, 8934: 10.04, 8932: 36.77}",True
8932,79137,,,bottom,,,,,{},False
8948,79155,79165,79175,top,216.0,216.0,216.0,,"{8948: 0.0, 8938: 4.79, 8950: 41.6}",True
8938,79155,,,top,,,,,{},False
8950,79172,79186,79198,top,166.15,154.29,180.0,51.43,"{8948: 42.16, 8950: 0.0}",True
8949,79184,,,bottom,,,,,{},False
8953,79232,79247,79263,bottom,139.35,144.0,135.0,-13.5,"{8953: 0.0, 8952: 24.69}",True
8952,79246,,,top,,,,,{},False
8955,79311,79322,79332,top,205.71,196.36,216.0,47.13,"{8955: 0.0, 8956: 35.28}",True
8956,79326,79338,79349,top,187.83,180.0,196.36,35.7,"{8955: 35.57, 8956: 0.0}",True
8957,79350,,,bottom,,,,,{},False
8958,79356,,,top,,,,,{},False
8959,79367,79383,79400,bottom,130.91,135.0,127.06,-11.21,"{8959: 0.0, 8961: 43.48}",True
8961,79398,,,bottom,,,,,{},False
8963,79400,79415,79434,bottom,127.06,144.0,113.68,-38.29,"{8963: 0.0, 8959: 44.63, 8964: 17.32, 8962: 8.43, 8966: 0.88}",True
8964,79414,79425,79436,top,196.36,196.36,196.36,,"{8963: 18.6, 8964: 0.0, 8962: 25.89, 8966: 40.57}",True
8962,79426,,,top,,,,,{},False
8966,79433,79444,,top,,,,,{},False
8968,79455,79470,79484,top,148.97,144.0,154.29,17.63,"{8968: 0.0, 8970: 7.93, 8969: 41.61}",True
8970,79462,79475,79486,top,180.0,166.15,196.36,65.91,"{8968: 7.8, 8970: 0.0, 8969: 35.62}",True
8969,79479,,,top,,,,,{},False
8972,79490,79507,79521,top,139.35,127.06,154.29,46.67,"{8972: 0.0, 8976: 5.13, 8971: 26.92, 8979: 24.27}",True
8976,79498,79509,79519,top,205.71,196.36,216.0,47.13,"{8972: 5.24, 8976: 0.0, 8971: 19.85, 8979: 23.65, 8973: 17.79}",True
8971,79507,,,top,,,,,{},False
8979,79509,79520,79530,top,205.71,196.36,216.0,47.13,"{8972: 24.0, 8979: 0.0, 8976: 23.8, 8973: 40.66}",True
8973,79512,,,bottom,,,,,{},False
8980,79537,,,top,,,,,{},False
8981,79574,,,top,,,,,{},False
8982,79580,,,top,,,,,{},False
8984,79610,,,bottom,,,,,{},False
8986,79621,79638,79652,top,139.35,127.06,154.29,46.67,"{8986: 0.0, 8992: 25.78}",True
8992,79640,79652,79663,top,187.83,180.0,196.36,35.7,"{8986: 25.65, 8992: 0.0, 8990: 20.32}",True
8995,79652,,,bottom,,,,,{},False
8990,79654,,,bottom,,,,,{},False
8991,79661,,,top,,,,,{},False
8997,79661,,,top,,,,,{},False
8998,79671,79688,79702,top,139.35,127.06,154.29,46.67,{8998: 0.0},True
9001,79719,79732,79744,top,172.8,166.15,180.0,27.69,"{9001: 0.0, 9002: 25.45}",True
9002,79733,79746,79758,top,172.8,166.15,180.0,27.69,"{9001: 25.55, 9002: 0.0, 9003: 26.02}",True
9003,79745,,,bottom,,,,,{},False
9004,79782,79800,79815,top,130.91,120.0,144.0,38.4,{9004: 0.0},True
9006,79815,79834,79850,top,123.43,113.68,135.0,31.97,"{9006: 0.0, 9005: 28.47, 9010: 33.89}",True
9007,79819,,,bottom,,,,,{},False
9005,79829,,,bottom,,,,,{},False
9010,79843,79853,79863,top,216.0,216.0,216.0,,"{9006: 33.49, 9010: 0.0, 9011: 36.35}",True
9009,79846,,,top,,,,,{},False
9011,79858,79871,79883,top,172.8,166.15,180.0,27.69,"{9010: 36.75, 9011: 0.0}",True
9013,79917,79930,79942,top,172.8,166.15,180.0,27.69,"{9013: 0.0, 9015: 41.23}",True
9012,79918,,,top,,,,,{},False
9015,79920,,,bottom,,,,,{},False
9014,79941,,,top,,,,,{},False
9016,79943,,,bottom,,,,,{},False
9020,79944,79957,79968,top,180.0,166.15,196.36,65.91,"{9020: 0.0, 9018: 11.16, 9017: 19.83}",True
9018,79950,,,top,,,,,{},False
9017,79958,,,bottom,,,,,{},False
9021,79980,,,top,,,,,{},False
9025,79983,79999,80012,top,148.97,135.0,166.15,57.51,"{9026: 46.33, 9025: 0.0, 9022: 8.88}",True
9026,79984,,,bottom,,,,,{},False
9022,79989,,,top,,,,,{},False
9027,80011,80024,80035,top,180.0,166.15,196.36,65.91,"{9025: 44.21, 9027: 0.0}",True
9030,80053,80066,80077,top,180.0,166.15,196.36,65.91,"{9030: 0.0, 9032: 7.52}",True
9028,80056,,,top,,,,,{},False
9032,80069,80087,80106,bottom,116.76,120.0,113.68,-7.98,"{9032: 0.0, 9030: 7.08, 9034: 18.4, 9037: 27.02}",True
9029,80070,,,top,,,,,{},False
9034,80083,80095,80107,top,180.0,180.0,180.0,,"{9032: 19.56, 9034: 0.0, 9037: 36.1}",True
9037,80088,,,bottom,,,,,{},False
9038,80108,,,top,,,,,{},False
9033,80108,,,top,,,,,{},False
9043,80120,80136,80152,bottom,135.0,135.0,135.0,,"{9043: 0.0, 9045: 19.03, 9058: 4.09}",True
9045,80128,80141,80153,top,172.8,166.15,180.0,27.69,"{9043: 20.11, 9045: 0.0, 9058: 38.95, 9049: 45.25}",True
9058,80149,80166,80181,top,135.0,127.06,144.0,27.11,"{9058: 0.0, 9043: 7.17, 9045: 39.23, 9063: 9.51, 9064: 2.34}",True
9049,80152,,,top,,,,,{},False
9059,80153,,,bottom,,,,,{},False
9063,80169,,80197,bottom,154.29,,,,{},True
9064,80170,,,bottom,,,,,{},False
9060,80175,,,top,,,,,{},False
9066,80192,,,top,,,,,{},False
9068,80206,,,top,,,,,{},False
9073,80209,,,top,,,,,{},False
9081,80221,,,top,,,,,{},False
9086,80226,80244,80260,top,127.06,120.0,135.0,22.5,"{9082: 1.51, 9086: 0.0, 9083: 42.27, 9087: 32.32}",True
9082,80227,,,top,,,,,{},False
9083,80230,,,bottom,,,,,{},False
9085,80247,,,top,,,,,{},False
9087,80248,,,top,,,,,{},False
9090,80288,,,top,,,,,{},False
9092,80290,80304,80316,top,166.15,154.29,180.0,51.43,"{9092: 0.0, 9091: 33.37}",True
9091,80307,,,top,,,,,{},False
9093,80331,,,bottom,,,,,{},False
9094,80356,80372,80391,bottom,123.43,135.0,113.68,-26.93,"{9094: 0.0, 9095: 20.31, 9097: 3.14}",True
9095,80364,80377,80389,top,172.8,166.15,180.0,27.69,"{9094: 19.3, 9095: 0.0, 9097: 40.87}",True
9097,80385,80402,80416,top,139.35,127.06,154.29,46.67,"{9095: 41.23, 9094: 5.69, 9097: 0.0, 9096: 11.93}",True
9096,80393,,,top,,,,,{},False
9100,80423,80438,80452,top,148.97,144.0,154.29,17.63,"{9100: 0.0, 9102: 41.16}",True
9102,80449,80464,80478,top,148.97,144.0,154.29,17.63,"{9100: 41.55, 9102: 0.0, 9101: 26.37, 9107: 30.31}",True
9101,80462,,,bottom,,,,,{},False
9107,80468,80483,80497,top,148.97,144.0,154.29,17.63,"{9107: 0.0, 9102: 30.37, 9104: 21.56, 9113: 27.05, 9110: 10.85}",True
9104,80480,,,top,,,,,{},False
9113,80484,80501,80515,top,139.35,127.06,154.29,46.67,"{9107: 27.32, 9113: 0.0, 9110: 38.07, 9115: 14.84, 9116: 35.17}",True
9109,80489,,,top,,,,,{},False
9110,80491,,,bottom,,,,,{},False
9115,80498,80509,80519,top,205.71,196.36,216.0,47.13,"{9113: 14.54, 9115: 0.0, 9116: 24.59, 9114: 41.42}",True
9108,80503,,,top,,,,,{},False
9116,80508,80522,80535,top,160.0,154.29,166.15,21.91,"{9113: 35.2, 9116: 0.0, 9115: 24.99, 9114: 16.45}",True
9114,80516,,,top,,,,,{},False
9119,80537,,,top,,,,,{},False
9121,80548,,,bottom,,,,,{},False
9123,80551,80566,80582,bottom,139.35,144.0,135.0,-13.5,"{9123: 0.0, 9122: 30.5, 9124: 3.65}",True
9122,80560,,,top,,,,,{},False
9124,80580,,,top,,,,,{},False
9127,80581,,,top,,,,,{},False
9125,80589,,,bottom,,,,,{},False
9129,80595,80611,80624,top,148.97,135.0,166.15,57.51,"{9129: 0.0, 9130: 2.96, 9126: 7.86, 9131: 42.37, 9128: 46.2}",True
9130,80597,80613,80626,top,148.97,135.0,166.15,57.51,"{9129: 3.1, 9130: 0.0, 9126: 5.86, 9131: 38.24, 9128: 42.44}",True
9126,80599,,,top,,,,,{},False
9131,80622,80634,80644,top,196.36,180.0,216.0,86.4,"{9129: 42.29, 9130: 38.18, 9131: 0.0, 9128: 3.83}",True
9128,80622,,,top,,,,,{},False
9136,80663,80675,80685,top,196.36,180.0,216.0,86.4,"{9132: 44.45, 9136: 0.0}",True
9132,80664,,,bottom,,,,,{},False
9133,80664,,,top,,,,,{},False
9135,80686,,,top,,,,,{},False
9137,80686,,,top,,,,,{},False
9134,80689,,,top,,,,,{},False
9144,80699,80712,80723,top,180.0,166.15,196.36,65.91,"{9144: 0.0, 9146: 17.14, 9139: 24.98, 9147: 41.43, 9140: 44.89}",True
9146,80704,80720,80736,bottom,135.0,135.0,135.0,,"{9146: 0.0, 9144: 16.72, 9147: 10.85, 9140: 19.43, 9149: 6.19}",True
9139,80712,,,top,,,,,{},False
9147,80720,80736,80749,top,148.97,135.0,166.15,57.51,"{9146: 12.54, 9144: 42.03, 9147: 0.0, 9140: 4.29, 9149: 5.32, 9150: 28.62}",True
9140,80722,,,top,,,,,{},False
9149,80728,80739,80749,top,205.71,196.36,216.0,47.13,"{9147: 5.32, 9149: 0.0, 9146: 8.96, 9150: 27.09}",True
9150,80740,80751,80761,top,205.71,196.36,216.0,47.13,"{9147: 28.27, 9149: 27.31, 9150: 0.0}",True
9151,80764,80777,80789,top,172.8,166.15,180.0,27.69,"{9151: 0.0, 9152: 30.41}",True
9152,80780,80793,80805,top,172.8,166.15,180.0,27.69,"{9151: 30.52, 9152: 0.0}",True
9159,80813,80823,80832,top,227.37,216.0,240.0,64.0,"{9159: 0.0, 9158: 4.78, 9153: 14.8, 9154: 32.29, 9156: 25.35}",True
9158,80813,80825,80836,top,187.83,180.0,196.36,35.7,"{9159: 5.06, 9158: 0.0, 9153: 11.87, 9154: 35.4, 9156: 29.84}",True
9153,80818,,,top,,,,,{},False
9154,80819,,,bottom,,,,,{},False
9156,80822,,,bottom,,,,,{},False
9162,80849,80862,80874,top,172.8,166.15,180.0,27.69,"{9162: 0.0, 9160: 13.18}",True
9160,80855,,,top,,,,,{},False
9161,80875,,,top,,,,,{},False
9163,80889,,,top,,,,,{},False
9164,80892,80908,80926,bottom,127.06,135.0,120.0,-20.0,{9164: 0.0},True
9167,80981,80993,81004,top,187.83,180.0,196.36,35.7,"{9167: 0.0, 9165: 3.67}",True
9165,80981,,,top,,,,,{},False
9166,80982,,,top,,,,,{},False
9168,81013,,,bottom,,,,,{},False
9170,81026,,,bottom,,,,,{},False
9169,81026,,,top,,,,,{},False
9171,81037,81051,81063,top,166.15,154.29,180.0,51.43,"{9171: 0.0, 9173: 34.58}",True
9173,81057,81068,81078,top,205.71,196.36,216.0,47.13,"{9171: 34.58, 9173: 0.0}",True
9172,81079,,,top,,,,,{},False
9192,81090,,,top,,,,,{},False
9196,81123,81136,81148,top,172.8,166.15,180.0,27.69,"{9196: 0.0, 9201: 24.65, 9194: 9.33}",True
9193,81134,,,bottom,,,,,{},False
9200,81134,,,bottom,,,,,{},False
9201,81137,81148,81159,top,196.36,196.36,196.36,,"{9196: 24.62, 9201: 0.0, 9194: 34.28}",True
9194,81143,,,bottom,,,,,{},False
9204,81193,,,top,,,,,{},False
9205,81205,,,top,,,,,{},False
9206,81221,,,top,,,,,{},False
9207,81234,,,top,,,,,{},False
9212,81243,,,top,,,,,{},False
9213,81247,,,bottom,,,,,{},False
9214,81251,81267,81281,top,144.0,135.0,154.29,33.06,"{9214: 0.0, 9215: 29.49, 9216: 8.74}",True
9215,81270,,,top,,,,,{},False
9216,81275,,,bottom,,,,,{},False
9219,81278,,,bottom,,,,,{},False
9229,81285,81299,81311,top,166.15,154.29,180.0,51.43,{9229: 0.0},True
9225,81296,,,top,,,,,{},False
9228,81305,,,top,,,,,{},False
9230,81343,,,top,,,,,{},False
9231,81353,,,bottom,,,,,{},False
9237,81363,81376,81387,top,180.0,166.15,196.36,65.91,"{9237: 0.0, 9232: 16.18, 9233: 45.88}",True
9232,81371,,,top,,,,,{},False
9233,81385,,,top,,,,,{},False
9242,81395,,81427,bottom,135.0,,,,{},True
9239,81398,,,bottom,,,,,{},False
9241,81412,,,top,,,,,{},False
9244,81426,,,bottom,,,,,{},False
9245,81431,,,top,,,,,{},False
9246,81444,,,bottom,,,,,{},False
9247,81446,,,bottom,,,,,{},False
9248,81455,,,bottom,,,,,{},False
9249,81473,,,top,,,,,{},False
9250,81491,,,bottom,,,,,{},False
9251,81515,,,top,,,,,{},False
9253,81538,81548,,top,,,,,{},False
9252,81551,,,bottom,,,,,{},False
9254,81571,,,top,,,,,{},False
9256,81580,,,top,,,,,{},False
9257,81585,,,bottom,,,,,{},False
9260,81588,81600,81610,top,196.36,180.0,216.0,86.4,"{9260: 0.0, 9259: 28.54, 9267: 4.12}",True
9259,81596,,,bottom,,,,,{},False
9267,81608,81638,81655,bottom,91.91,72.0,127.06,77.73,"{9260: 4.71, 9266: 4.7, 9267: 0.0, 9270: 19.71, 9271: 18.35, 9272: 44.48}",True
9266,81610,,,bottom,,,,,{},False
9263,81617,,,top,,,,,{},False
9270,81628,81643,81657,top,148.97,144.0,154.29,17.63,"{9267: 21.55, 9270: 0.0, 9268: 5.43, 9271: 4.0, 9272: 7.07, 9277: 46.9}",True
9268,81631,,,top,,,,,{},False
9271,81633,81645,81656,top,187.83,180.0,196.36,35.7,"{9271: 0.0, 9267: 19.52, 9270: 3.96, 9272: 7.35}",True
9272,81653,,,bottom,,,,,{},False
9277,81655,,,top,,,,,{},False
9273,81662,,,bottom,,,,,{},False
9279,81701,81713,,top,,,,,{},False
9278,81703,,,bottom,,,,,{},False
9282,81737,81750,81762,top,172.8,166.15,180.0,27.69,"{9282: 0.0, 9283: 11.64, 9281: 20.14}",True
9283,81749,81765,81782,bottom,130.91,135.0,127.06,-11.21,"{9283: 0.0, 9282: 11.29, 9284: 15.52, 9285: 5.2}",True
9281,81752,,,bottom,,,,,{},False
9284,81764,81775,81786,top,196.36,196.36,196.36,,"{9283: 18.11, 9284: 0.0, 9285: 23.41}",True
9285,81776,81785,81794,top,240.0,240.0,240.0,,"{9283: 8.56, 9284: 23.37, 9285: 0.0, 9286: 30.69}",True
9286,81787,81802,81814,top,160.0,144.0,180.0,72.0,"{9286: 0.0, 9285: 31.74, 9287: 3.73}",True
9287,81793,81803,81812,top,227.37,216.0,240.0,64.0,"{9285: 43.12, 9286: 3.65, 9287: 0.0}",True
9288,81818,,,bottom,,,,,{},False
9289,81848,,,top,,,,,{},False
9290,81859,,,top,,,,,{},False
9292,81879,,,top,,,,,{},False
9291,81888,,,top,,,,,{},False
9294,81939,81953,81966,top,160.0,154.29,166.15,21.91,"{9294: 0.0, 9295: 21.69}",True
9293,81946,,,top,,,,,{},False
9295,81953,81965,81976,top,187.83,180.0,196.36,35.7,"{9295: 0.0, 9294: 21.59}",True
9296,81990,,,top,,,,,{},False
9297,82005,,,top,,,,,{},False
9298,82011,,,bottom,,,,,{},False
9299,82016,,,bottom,,,,,{},False
9301,82042,82055,82067,top,172.8,166.15,180.0,27.69,"{9301: 0.0, 9300: 10.09}",True
9300,82046,,,top,,,,,{},False
9302,82076,,,bottom,,,,,{},False
9305,82082,,,top,,,,,{},False
9304,82084,,,top,,,,,{},False
9303,82094,,,top,,,,,{},False
9307,82105,82116,82127,bottom,196.36,196.36,196.36,,{9307: 0.0},True
9309,82135,,,top,,,,,{},False
9308,82139,,,top,,,,,{},False
9322,82141,82151,82160,top,227.37,216.0,240.0,64.0,"{9322: 0.0, 9318: 27.3}",True
9318,82151,,,top,,,,,{},False
9323,82174,,,bottom,,,,,{},False
9325,82184,82198,82211,top,160.0,154.29,166.15,21.91,"{9325: 0.0, 9324: 43.72}",True
9324,82186,,,bottom,,,,,{},False
9327,82210,,,bottom,,,,,{},False
9326,82222,,,top,,,,,{},False
9328,82258,82273,82285,top,160.0,144.0,180.0,72.0,"{9328: 0.0, 9330: 21.93}",True
9330,82271,82286,82299,top,154.29,144.0,166.15,40.9,"{9328: 22.06, 9330: 0.0, 9329: 20.57}",True
9329,82287,,,bottom,,,,,{},False
9331,82302,82315,82326,top,180.0,166.15,196.36,65.91,{9331: 0.0},True
9335,82328,82341,82352,top,180.0,166.15,196.36,65.91,"{9335: 0.0, 9333: 20.84, 9334: 31.58}",True
9333,82342,,,bottom,,,,,{},False
9334,82343,,,top,,,,,{},False
9332,82344,,,top,,,,,{},False
9339,82403,82414,82424,top,205.71,196.36,216.0,47.13,{9339: 0.0},True
9336,82415,,,top,,,,,{},False
9341,82465,82476,82486,top,205.71,196.36,216.0,47.13,{9341: 0.0},True
9340,82487,,,bottom,,,,,{},False
9343,82493,82507,82519,top,166.15,154.29,180.0,51.43,"{9343: 0.0, 9342: 15.28}",True
9342,82511,,,bottom,,,,,{},False
9344,82520,82535,82551,bottom,139.35,144.0,135.0,-13.5,"{9344: 0.0, 9347: 3.08}",True
9345,82545,,,bottom,,,,,{},False
9347,82547,82556,82565,top,240.0,240.0,240.0,,"{9344: 6.17, 9347: 0.0, 9346: 15.21}",True
9346,82553,,,top,,,,,{},False
9348,82574,,,top,,,,,{},False
9349,82579,,,bottom,,,,,{},False
9352,82588,82599,82609,top,205.71,196.36,216.0,47.13,"{9352: 0.0, 9350: 19.07, 9356: 20.9, 9351: 29.0}",True
9350,82596,,,top,,,,,{},False
9356,82600,,,bottom,,,,,{},False
9351,82601,,,top,,,,,{},False
9359,82609,,,bottom,,,,,{},False
9360,82640,,,top,,,,,{},False
9362,82687,,,top,,,,,{},False
9363,82688,82705,82719,top,139.35,127.06,154.29,46.67,{9363: 0.0},True
9366,82714,,,bottom,,,,,{},False
9367,82720,,,bottom,,,,,{},False
9369,82733,,,top,,,,,{},False
9368,82738,,,top,,,,,{},False
9374,82750,82765,82778,top,154.29,144.0,166.15,40.9,"{9374: 0.0, 9375: 4.48}",True
9375,82756,82768,82778,top,196.36,180.0,216.0,86.4,"{9375: 0.0, 9374: 4.28}",True
9373,82778,,,top,,,,,{},False
9376,82792,82803,82813,top,205.71,196.36,216.0,47.13,{9376: 0.0},True
9378,82814,82829,82842,top,154.29,144.0,166.15,40.9,"{9378: 0.0, 9381: 14.28, 9377: 27.77, 9379: 43.93}",True
9381,82824,82837,82849,top,172.8,166.15,180.0,27.69,"{9378: 14.09, 9381: 0.0, 9377: 43.13, 9380: 17.63, 9379: 31.18, 9383: 39.11}",True
9377,82827,,,bottom,,,,,{},False
9379,82839,,,top,,,,,{},False
9380,82840,,,bottom,,,,,{},False
9383,82845,82855,82865,top,216.0,216.0,216.0,,"{9381: 39.03, 9383: 0.0, 9382: 44.13}",True
9382,82863,,,top,,,,,{},False
9387,82865,,,bottom,,,,,{},False
9389,82885,82902,82916,top,139.35,127.06,154.29,46.67,{9389: 0.0},True
9388,82901,,,bottom,,,,,{},False
9392,82918,82930,82942,top,180.0,180.0,180.0,,{9392: 0.0},True
9393,82944,,,top,,,,,{},False
9400,82967,82980,82995,bottom,154.29,166.15,144.0,-35.45,"{9400: 0.0, 9397: 30.46, 9398: 10.52, 9405: 4.38, 9404: 6.1, 9401: 40.9}",True
9397,82976,,,top,,,,,{},False
9398,82988,,,top,,,,,{},False
9405,82990,83007,83022,top,135.0,127.06,144.0,27.11,"{9401: 45.28, 9404: 0.21, 9400: 5.39, 9405: 0.0}",True
9404,82990,,,top,,,,,{},False
9401,82991,,,bottom,,,,,{},False
9403,83010,,,top,,,,,{},False
9409,83032,,,top,,,,,{},False
9411,83050,,,top,,,,,{},False
9413,83065,,,top,,,,,{},False
9415,83065,,,top,,,,,{},False
9416,83073,,,bottom,,,,,{},False
9418,83094,,,top,,,,,{},False
9420,83107,,,top,,,,,{},False
9421,83116,,,top,,,,,{},False
9423,83131,,,top,,,,,{},False
9424,83134,,,top,,,,,{},False
9427,83145,,,top,,,,,{},False
9426,83147,,,top,,,,,{},False
9431,83165,,,top,,,,,{},False
9433,83178,,,top,,,,,{},False
9434,83187,,,top,,,,,{},False
9436,83194,83205,83216,top,196.36,196.36,196.36,,"{9436: 0.0, 9435: 26.81, 9438: 9.55}",True
9435,83205,,,top,,,,,{},False
9438,83207,83219,83232,bottom,172.8,180.0,166.15,-25.56,"{9438: 0.0, 9436: 9.57, 9437: 6.81, 9439: 2.48, 9440: 2.4}",True
9439,83228,83244,83257,top,148.97,135.0,166.15,57.51,"{9438: 3.3, 9437: 2.65, 9439: 0.0, 9440: 0.07}",True
9437,83228,,,top,,,,,{},False
9440,83228,,,top,,,,,{},False
9441,83256,,,top,,,,,{},False
9444,83271,83281,83290,top,227.37,216.0,240.0,64.0,"{9444: 0.0, 9443: 14.11, 9442: 12.48, 9447: 31.11}",True
9443,83276,,,top,,,,,{},False
9442,83276,,,top,,,,,{},False
9447,83284,83294,83303,top,227.37,216.0,240.0,64.0,"{9444: 31.29, 9447: 0.0, 9445: 27.49, 9448: 22.71}",True
9448,83291,83306,83319,top,154.29,144.0,166.15,40.9,"{9445: 44.91, 9447: 23.21, 9448: 0.0, 9450: 19.03, 9446: 31.97}",True
9445,83292,,,bottom,,,,,{},False
9450,83305,83316,83326,top,205.71,196.36,216.0,47.13,"{9448: 18.85, 9450: 0.0, 9446: 11.11}",True
9446,83309,,,top,,,,,{},False
9451,83332,,,top,,,,,{},False
9452,83334,,,bottom,,,,,{},False
9455,83345,83356,83366,top,205.71,196.36,216.0,47.13,"{9455: 0.0, 9456: 14.83, 9457: 29.0}",True
9456,83352,83362,83372,top,216.0,216.0,216.0,,"{9455: 14.9, 9456: 0.0, 9457: 16.38}",True
9457,83356,83372,83385,top,148.97,135.0,166.15,57.51,"{9455: 29.42, 9456: 16.83, 9457: 0.0}",True
9459,83389,,,top,,,,,{},False
9458,83391,,,top,,,,,{},False
9461,83394,83409,83422,top,154.29,144.0,166.15,40.9,"{9461: 0.0, 9463: 3.49, 9462: 3.73, 9464: 4.82}",True
9462,83397,83407,83417,top,216.0,216.0,216.0,,"{9461: 3.44, 9463: 0.08, 9462: 0.0, 9464: 7.83}",True
9463,83397,,,top,,,,,{},False
9464,83399,83411,83423,top,180.0,180.0,180.0,,"{9464: 0.0, 9461: 4.54, 9462: 8.27}",True
9472,83422,83440,83459,bottom,116.76,120.0,113.68,-7.98,"{9464: 3.17, 9472: 0.0, 9474: 19.54}",True
9474,83427,83440,83451,top,180.0,166.15,196.36,65.91,"{9472: 18.71, 9474: 0.0}",True
9466,83431,,,top,,,,,{},False
9476,83458,,,top,,,,,{},False
9479,83459,83471,,top,,,,,{},False
9477,83462,,,top,,,,,{},False
9478,83471,,,top,,,,,{},False
9481,83483,,,bottom,,,,,{},False
9480,83496,,,top,,,,,{},False
9482,83509,,,top,,,,,{},False
9486,83528,83539,83549,top,205.71,196.36,216.0,47.13,"{9486: 0.0, 9483: 11.23, 9484: 16.49}",True
9483,83533,,,top,,,,,{},False
9484,83542,,,bottom,,,,,{},False
9485,83556,,,top,,,,,{},False
9489,83574,,,top,,,,,{},False
9493,83584,,,bottom,,,,,{},False
9496,83588,83604,83622,bottom,127.06,135.0,120.0,-20.0,"{9496: 0.0, 9492: 32.89, 9495: 17.37, 9498: 15.79}",True
9494,83591,,,top,,,,,{},False
9492,83596,,,top,,,,,{},False
9495,83600,,,bottom,,,,,{},False
9498,83605,83615,83625,top,216.0,216.0,216.0,,"{9498: 0.0, 9496: 18.31}",True
9501,83638,83651,83662,top,180.0,166.15,196.36,65.91,"{9502: 4.35, 9501: 0.0, 9499: 17.8, 9500: 24.94}",True
9502,83638,83648,83658,top,216.0,216.0,216.0,,"{9502: 0.0, 9501: 4.08, 9499: 23.57, 9500: 30.49}",True
9499,83647,,,top,,,,,{},False
9500,83650,,,top,,,,,{},False
9503,83664,,,top,,,,,{},False
9507,83670,83686,83701,top,139.35,135.0,144.0,14.4,"{9507: 0.0, 9504: 38.79, 9505: 19.01, 9511: 18.87}",True
9506,83670,,,top,,,,,{},False
9504,83676,,,bottom,,,,,{},False
9505,83683,,,top,,,,,{},False
9511,83686,83697,83707,top,205.71,196.36,216.0,47.13,"{9511: 0.0, 9507: 18.32}",True
9525,83711,83725,83738,top,160.0,154.29,166.15,21.91,"{9525: 0.0, 9520: 29.27, 9535: 12.92, 9522: 45.97}",True
9517,83717,,,top,,,,,{},False
9533,83720,,,bottom,,,,,{},False
9520,83721,,,bottom,,,,,{},False
9535,83722,83738,,bottom,,,,,{},False
9523,83726,,,bottom,,,,,{},False
9522,83736,,,top,,,,,{},False
9529,83738,,,top,,,,,{},False
9530,83739,,,bottom,,,,,{},False
9537,83746,,,bottom,,,,,{},False
9547,83750,83763,83775,top,172.8,166.15,180.0,27.69,"{9547: 0.0, 9542: 27.61, 9538: 33.6, 9544: 35.1}",True
9542,83761,,,bottom,,,,,{},False
9541,83762,,,top,,,,,{},False
9538,83767,,,top,,,,,{},False
9544,83767,,,top,,,,,{},False
9548,83792,,,top,,,,,{},False
9554,83799,83810,83821,top,196.36,196.36,196.36,,"{9554: 0.0, 9550: 34.52, 9553: 5.57}",True
9550,83805,,,bottom,,,,,{},False
9553,83818,,,bottom,,,,,{},False
9552,83822,,,top,,,,,{},False
9551,83823,,,top,,,,,{},False
9559,83836,,,top,,,,,{},False
9567,83847,83858,83868,top,205.71,196.36,216.0,47.13,"{9567: 0.0, 9572: 33.15, 9563: 34.66}",True
9566,83847,,,top,,,,,{},False
9572,83859,83875,83888,top,148.97,135.0,166.15,57.51,"{9572: 0.0, 9567: 34.6, 9563: 0.45, 9565: 20.09}",True
9563,83862,,,top,,,,,{},False
9574,83868,,,bottom,,,,,{},False
9565,83871,,,top,,,,,{},False
9576,83899,,,top,,,,,{},False
9577,83921,,,top,,,,,{},False
9578,83931,,,bottom,,,,,{},False
9581,83941,83951,83961,top,216.0,216.0,216.0,,{9581: 0.0},True
9583,83963,83979,83992,top,148.97,135.0,166.15,57.51,"{9583: 0.0, 9582: 29.47}",True
9582,83980,,,top,,,,,{},False
9585,83998,,,top,,,,,{},False
9584,84002,,,top,,,,,{},False
9586,84003,,,bottom,,,,,{},False
9592,84012,84023,84034,top,196.36,196.36,196.36,,"{9592: 0.0, 9587: 2.96, 9591: 44.94}",True
9587,84012,,,top,,,,,{},False
9589,84021,,,bottom,,,,,{},False
9591,84032,,,top,,,,,{},False
9595,84039,84055,84073,bottom,127.06,135.0,120.0,-20.0,"{9595: 0.0, 9593: 36.23}",True
9593,84045,,,top,,,,,{},False
9594,84047,,,top,,,,,{},False
9598,84047,,,top,,,,,{},False
9601,84085,84102,84116,top,139.35,127.06,154.29,46.67,"{9601: 0.0, 9602: 15.89}",True
9602,84098,84111,84122,top,180.0,166.15,196.36,65.91,"{9601: 15.71, 9602: 0.0}",True
9603,84142,84153,84163,top,205.71,196.36,216.0,47.13,{9603: 0.0},True
9604,84185,,,top,,,,,{},False
9605,84188,,,top,,,,,{},False
9607,84193,84205,84216,top,187.83,180.0,196.36,35.7,"{9607: 0.0, 9606: 29.05, 9610: 28.52}",True
9606,84202,,,bottom,,,,,{},False
9610,84206,84223,84237,top,139.35,127.06,154.29,46.67,"{9610: 0.0, 9607: 29.27, 9609: 33.42, 9615: 36.44, 9614: 36.44}",True
9609,84227,,,top,,,,,{},False
9614,84231,,,top,,,,,{},False
9615,84231,84245,84257,top,166.15,154.29,180.0,51.43,"{9610: 36.34, 9615: 0.0, 9614: 0.01, 9613: 19.95}",True
9613,84247,,,bottom,,,,,{},False
9620,84257,84270,84282,top,172.8,166.15,180.0,27.69,"{9620: 0.0, 9622: 36.5}",True
9621,84257,,,bottom,,,,,{},False
9622,84277,,,top,,,,,{},False
9623,84312,,,bottom,,,,,{},False
9624,84347,,,top,,,,,{},False
9627,84356,,,bottom,,,,,{},False
9625,84366,,,top,,,,,{},False
9628,84395,,,bottom,,,,,{},False
9630,84397,84414,84431,bottom,127.06,127.06,127.06,,"{9630: 0.0, 9629: 26.07, 9634: 28.21, 9635: 5.53}",True
9629,84411,,,top,,,,,{},False
9634,84415,,,bottom,,,,,{},False
9635,84422,84436,84449,top,160.0,154.29,166.15,21.91,"{9635: 0.0, 9630: 8.45, 9637: 12.57}",True
9637,84432,84443,84453,top,205.71,196.36,216.0,47.13,"{9637: 0.0, 9635: 12.37, 9630: 3.18}",True
9638,84466,,,top,,,,,{},False
9640,84487,,,bottom,,,,,{},False
9643,84494,84504,84514,top,216.0,216.0,216.0,,"{9643: 0.0, 9639: 15.66}",True
9639,84500,,,top,,,,,{},False
9644,84533,,,top,,,,,{},False
9645,84550,,,bottom,,,,,{},False
9646,84572,,,top,,,,,{},False
9647,84585,,,bottom,,,,,{},False
9652,84610,84621,,top,,,,,{},False
9654,84635,84647,84658,top,187.83,180.0,196.36,35.7,"{9654: 0.0, 9653: 12.67, 9657: 33.47}",True
9653,84640,,,top,,,,,{},False
9657,84652,84663,84674,top,196.36,196.36,196.36,,"{9654: 33.6, 9657: 0.0, 9655: 23.98}",True
9655,84662,,,top,,,,,{},False
9656,84668,,,top,,,,,{},False
9660,84701,,,top,,,,,{},False
9661,84717,,,bottom,,,,,{},False
9663,84731,,,top,,,,,{},False
9667,84743,84756,84770,bottom,160.0,166.15,154.29,-20.35,"{9667: 0.0, 9664: 27.27, 9671: 27.13}",True
9664,84753,,,top,,,,,{},False
9671,84758,84774,84791,bottom,130.91,135.0,127.06,-11.21,"{9671: 0.0, 9667: 27.37, 9672: 18.46}",True
9672,84777,,,top,,,,,{},False
9674,84790,84802,84813,top,187.83,180.0,196.36,35.7,"{9671: 2.91, 9674: 0.0, 9673: 10.27, 9675: 3.78}",True
9673,84795,,,top,,,,,{},False
9675,84812,,,bottom,,,,,{},False
9676,84816,,,top,,,,,{},False
9681,84819,84836,84851,top,135.0,127.06,144.0,27.11,{9681: 0.0},True
9690,84848,,,bottom,,,,,{},False
9696,84896,,,top,,,,,{},False
9697,84898,,,top,,,,,{},False
9699,84911,84924,,top,,,,,{},False
9700,84912,84927,84941,top,148.97,144.0,154.29,17.63,"{9699: 5.44, 9700: 0.0, 9698: 13.41, 9704: 9.99}",True
9698,84920,,,top,,,,,{},False
9704,84935,,,bottom,,,,,{},False
9708,84970,,,bottom,,,,,{},False
9707,84975,,,bottom,,,,,{},False
9709,84993,,,top,,,,,{},False
9710,84999,,,top,,,,,{},False
9712,85014,85030,85044,top,144.0,135.0,154.29,33.06,{9712: 0.0},True
9713,85055,,,bottom,,,,,{},False
9716,85060,85070,85079,top,227.37,216.0,240.0,64.0,"{9716: 0.0, 9714: 33.8}",True
9714,85073,,,top,,,,,{},False
9715,85081,,,bottom,,,,,{},False
9718,85098,,,bottom,,,,,{},False
9721,85103,85116,,top,,,,,{},False
9719,85120,,,bottom,,,,,{},False
9722,85128,,,top,,,,,{},False
9725,85163,,,top,,,,,{},False
9728,85164,85177,85188,top,180.0,166.15,196.36,65.91,"{9728: 0.0, 9727: 26.81}",True
9726,85171,,,top,,,,,{},False
9727,85177,,,top,,,,,{},False
9731,85200,85216,85230,top,144.0,135.0,154.29,33.06,"{9731: 0.0, 9729: 26.13}",True
9729,85213,,,bottom,,,,,{},False
9732,85222,,,bottom,,,,,{},False
9734,85225,,,top,,,,,{},False
9733,85229,,,top,,,,,{},False
9760,85241,85254,85266,top,172.8,166.15,180.0,27.69,"{9760: 0.0, 9776: 37.35}",True
9776,85261,85274,85286,top,172.8,166.15,180.0,27.69,"{9760: 37.52, 9776: 0.0, 9775: 18.35, 9777: 5.88}",True
9775,85276,,,bottom,,,,,{},False
9777,85280,85295,85313,bottom,130.91,144.0,120.0,-32.0,"{9777: 0.0, 9776: 5.55, 9778: 6.07}",True
9778,85308,,,top,,,,,{},False
9779,85319,85330,85340,top,205.71,196.36,216.0,47.13,"{9780: 20.42, 9779: 0.0, 9781: 12.53, 9782: 19.89}",True
9780,85320,85333,85347,bottom,160.0,166.15,154.29,-20.35,"{9780: 0.0, 9779: 20.08, 9781: 21.42, 9782: 16.49}",True
9781,85324,85336,85346,top,196.36,180.0,216.0,86.4,"{9780: 20.25, 9781: 0.0, 9779: 12.76, 9782: 8.77}",True
9782,85326,85341,85354,top,154.29,144.0,166.15,40.9,"{9780: 18.25, 9782: 0.0, 9781: 9.09, 9779: 20.29}",True
9784,85372,85388,85405,bottom,130.91,135.0,127.06,-11.21,{9784: 0.0},True
9792,85424,85433,85442,top,240.0,240.0,240.0,,"{9792: 0.0, 9788: 24.25}",True
9788,85432,,,top,,,,,{},False
9791,85445,,,top,,,,,{},False
9794,85452,85469,85487,bottom,123.43,127.06,120.0,-9.41,"{9794: 0.0, 9795: 14.76}",True
9795,85475,,,top,,,,,{},False
9797,85521,85539,85558,bottom,116.76,120.0,113.68,-7.98,"{9797: 0.0, 9799: 2.03}",True
9799,85555,85568,85580,top,172.8,166.15,180.0,27.69,"{9799: 0.0, 9797: 5.35, 9798: 20.54, 9800: 15.19}",True
9798,85564,,,top,,,,,{},False
9800,85571,,,bottom,,,,,{},False
9802,85579,85592,85604,top,172.8,166.15,180.0,27.69,"{9799: 45.2, 9802: 0.0, 9801: 19.31}",True
9801,85588,,,top,,,,,{},False
9804,85607,85619,85630,top,187.83,180.0,196.36,35.7,"{9804: 0.0, 9805: 7.22, 9806: 13.21}",True
9805,85612,85622,85632,top,216.0,216.0,216.0,,"{9804: 7.1, 9805: 0.0, 9806: 16.69}",True
9806,85616,85633,85651,bottom,123.43,127.06,120.0,-9.41,"{9806: 0.0, 9804: 12.54, 9805: 15.8}",True
9807,85690,,,top,,,,,{},False
9809,85695,,,bottom,,,,,{},False
9812,85700,,,bottom,,,,,{},False
9813,85711,85722,,top,,,,,{},False
9816,85724,85738,85755,bottom,139.35,154.29,127.06,-38.44,"{9816: 0.0, 9813: 7.23, 9815: 27.21, 9817: 15.38, 9814: 19.88}",True
9815,85736,,,top,,,,,{},False
9817,85737,85749,85760,top,187.83,180.0,196.36,35.7,"{9817: 0.0, 9816: 18.43, 9814: 11.12, 9818: 5.54}",True
9814,85741,,,top,,,,,{},False
9818,85757,,,bottom,,,,,{},False
9824,85786,,,bottom,,,,,{},False
9825,85804,,,bottom,,,,,{},False
9827,85847,,,bottom,,,,,{},False
9826,85852,,,top,,,,,{},False
9828,85863,,,top,,,,,{},False
9833,85909,,,top,,,,,{},False
9832,85909,85926,85940,top,139.35,127.06,154.29,46.67,"{9832: 0.0, 9830: 39.42, 9829: 13.83, 9831: 34.35}",True
9830,85915,,,bottom,,,,,{},False
9829,85917,,,top,,,,,{},False
9831,85930,,,top,,,,,{},False
9835,85935,,,top,,,,,{},False
9838,85949,,,top,,,,,{},False
9840,85993,86010,86025,top,135.0,127.06,144.0,27.11,"{9840: 0.0, 9839: 34.83}",True
9839,86002,,,bottom,,,,,{},False
9842,86113,,,bottom,,,,,{},False
9841,86114,,,bottom,,,,,{},False
9843,86116,,,top,,,,,{},False
9846,86177,,,top,,,,,{},False
9845,86186,,,top,,,,,{},False
9848,86214,,,top,,,,,{},False
9849,86236,,,top,,,,,{},False
9851,86237,86250,86262,top,172.8,166.15,180.0,27.69,"{9851: 0.0, 9852: 1.09}",True
9852,86239,86251,86261,top,196.36,180.0,216.0,86.4,"{9851: 1.11, 9852: 0.0}",True
9850,86265,,,top,,,,,{},False
9854,86283,86295,86306,top,187.83,180.0,196.36,35.7,"{9854: 0.0, 9853: 38.23}",True
9853,86288,,,bottom,,,,,{},False
9855,86316,,,bottom,,,,,{},False
9856,86317,,,bottom,,,,,{},False
9858,86326,86336,86346,top,216.0,216.0,216.0,,"{9858: 0.0, 9860: 20.09, 9857: 41.9}",True
9860,86334,86345,86355,top,205.71,196.36,216.0,47.13,"{9858: 20.29, 9860: 0.0, 9857: 18.6}",True
9857,86342,,,top,,,,,{},False
9859,86354,,,top,,,,,{},False
9864,86377,,,bottom,,,,,{},False
9865,86379,,,top,,,,,{},False
9866,86382,86394,86405,top,187.83,180.0,196.36,35.7,{9866: 0.0},True
9874,86405,,,bottom,,,,,{},False
9877,86408,86420,86431,top,187.83,180.0,196.36,35.7,"{9877: 0.0, 9868: 24.58}",True
9869,86419,,,top,,,,,{},False
9868,86419,,,top,,,,,{},False
9881,86429,,,bottom,,,,,{},False
9884,86449,,,top,,,,,{},False
9891,86458,86469,86479,top,205.71,196.36,216.0,47.13,{9891: 0.0},True
9888,86480,,,top,,,,,{},False
9892,86514,,,top,,,,,{},False
9894,86526,86542,86555,top,148.97,135.0,166.15,57.51,"{9894: 0.0, 9895: 6.92}",True
9895,86535,86546,86555,top,216.0,196.36,240.0,116.36,"{9895: 0.0, 9894: 6.62}",True
9897,86565,,,top,,,,,{},False
9898,86572,86585,86596,top,180.0,166.15,196.36,65.91,{9898: 0.0},True
9899,86684,,,top,,,,,{},False
9900,86725,,,bottom,,,,,{},False
9901,86732,,,top,,,,,{},False
9904,86766,,,top,,,,,{},False
9902,86767,,,top,,,,,{},False
